appid,name,target,log_ccu,initial_price,tag_Multiplayer,price_per_hour_playtime,tag_2D,price,tag_Massively_Multiplayer,genre_Indie,genre_Massively_Multiplayer,tag_PvP,is_free,log_owners,tag_Puzzle,tag_Indie,tag_Co_op,genre_count,tag_Open_World,tag_count,tag_Pixel_Graphics,tag_Great_Soundtrack,tag_Funny,tag_Early_Access,tag_Story_Rich,tag_FPS,tag_Difficult,tag_Classic,tag_Comedy,tag_MMORPG,tag_RPG,is_top_publisher,tag_Survival,genre_Free_To_Play,genre_RPG,genre_Action,tag_Free_to_Play,tag_Character_Customization,discount_percentage,tag_Crafting,tag_Online_Co_Op,tag_Sandbox,genre_Early_Access,tag_Military,tag_War,tag_Platformer,tag_Shooter,genre_Casual,tag_Realistic,tag_Atmospheric,tag_Action,tag_Adventure,tag_Choices_Matter,tag_Historical,tag_Psychological_Horror,tag_Point_&_Click,tag_Family_Friendly,tag_Moddable,genre_Adventure,tag_Colorful,tag_Violent,tag_Horror
730,Counter-Strike: Global Offensive,1,13.829351331025592,0.0,1,0.0,0,0.0,0,0,0,1,1,18.826145858727198,0,0,1,2,0,20,0,0,0,0,0,1,1,0,0,0,0,1,0,1,0,1,0,0,0.0,0,1,0,0,1,1,0,1,0,1,0,1,0,0,0,0,0,0,1,0,0,0,0
1172470,Apex Legends,0,11.730155566252371,0.0,1,0.0,0,0.0,0,0,0,1,1,18.826145858727198,0,0,1,3,0,20,0,0,1,0,0,1,0,0,0,0,0,1,1,1,0,1,1,1,0.0,0,0,0,0,0,0,0,1,0,0,0,1,0,0,0,0,0,0,0,1,0,0,0
578080,PUBG: BATTLEGROUNDS,0,12.65932106189208,0.0,1,0.0,0,0.0,0,0,1,1,1,18.826145858727198,0,0,1,4,0,20,0,0,0,1,0,1,1,0,0,0,0,0,1,1,0,1,0,0,0.0,0,1,0,0,0,0,0,1,0,0,0,1,0,0,0,0,0,0,0,1,0,0,0
1623730,Palworld,1,9.7997368515422,29.99,1,29.99,0,29.99,0,1,0,0,0,18.132998684833918,0,0,1,4,1,20,0,0,0,1,0,0,0,0,0,0,1,0,1,0,1,1,0,0,0.0,1,1,1,0,0,0,0,0,0,0,0,1,1,0,0,0,0,0,0,1,0,0,0
440,Team Fortress 2,1,10.687845613149458,0.0,1,0.0,0,0.0,0,0,0,0,1,18.132998684833918,0,0,1,2,0,20,0,0,1,0,0,1,0,0,1,0,0,1,0,1,0,1,1,0,0.0,1,1,0,0,0,0,0,1,0,0,0,1,0,0,0,0,0,0,0,0,0,0,0
1938090,Call of Duty: Modern Warfare II,0,11.118696988788052,69.99,1,38.49,0,38.49,0,0,0,0,0,18.132998684833918,0,0,1,1,0,20,0,0,0,0,1,1,0,0,0,0,0,1,0,0,0,1,0,0,0.45006429489927124,0,1,0,0,1,1,0,1,0,1,1,1,0,0,0,0,0,0,0,0,0,1,0
1063730,New World: Aeternum,0,8.627660644442209,59.99,1,59.99,0,59.99,1,0,1,1,0,18.132998684833918,0,0,1,4,1,20,0,0,0,0,0,0,0,0,0,1,1,0,0,0,1,1,0,1,0.0,1,0,1,0,0,0,0,0,0,0,0,1,1,0,0,0,0,0,0,1,0,1,0
2358720,Black Myth: Wukong,1,9.616138757874468,59.99,0,59.99,0,59.99,0,0,0,0,0,18.132998684833918,0,0,0,3,0,20,0,0,0,0,1,0,1,0,0,0,1,0,0,0,1,1,0,0,0.0,0,0,0,0,0,0,0,0,0,0,1,1,1,0,0,0,0,0,0,1,0,1,0
271590,Grand Theft Auto V Legacy,1,11.125084141615613,0.0,1,0.0,0,0.0,0,0,0,0,1,18.132998684833918,0,0,1,2,1,20,0,1,1,0,0,0,0,0,1,0,0,1,0,0,0,1,0,0,0.0,0,0,1,0,0,0,0,1,0,0,1,1,1,0,0,0,0,0,1,1,0,0,0
550,Left 4 Dead 2,1,10.13153904020292,9.99,1,9.99,0,9.99,0,0,0,0,0,18.132998684833918,0,0,1,1,0,20,0,0,0,0,0,1,0,0,0,0,0,1,1,0,0,1,0,0,0.0,0,1,0,0,0,0,0,1,0,0,0,1,1,0,0,0,0,0,1,0,0,0,1
304930,Unturned,1,9.250426095515468,0.0,1,0.0,0,0.0,1,1,0,0,1,18.132998684833918,0,1,1,5,1,20,0,0,0,0,0,1,0,0,0,0,0,0,1,1,0,1,1,0,0.0,1,0,1,0,0,0,0,1,1,0,1,1,1,0,0,0,0,0,0,1,0,0,0
1599340,Lost Ark,1,9.761693546918242,0.0,1,0.0,0,0.0,1,0,1,1,1,18.132998684833918,0,0,0,5,0,20,0,0,0,0,0,0,0,0,0,1,1,0,0,1,1,1,1,1,0.0,0,1,0,0,0,0,0,0,0,0,0,1,1,0,0,0,0,0,0,1,0,1,0
236390,War Thunder,0,10.829312687193204,0.0,1,0.0,0,0.0,1,0,1,0,1,17.370858648025116,0,0,0,4,0,20,0,0,0,0,0,0,0,0,0,0,0,0,0,1,0,1,1,0,0.0,0,0,0,0,1,1,0,1,0,1,0,1,0,0,0,0,0,0,0,0,0,0,0
2246340,Monster Hunter Wilds,0,9.433083843269053,39.99,1,29.99,0,29.99,0,0,0,0,0,17.370858648025116,0,0,1,3,1,20,0,1,0,0,0,0,0,0,0,0,1,1,0,0,1,1,0,1,0.2500625156289073,0,1,0,0,0,0,0,0,0,0,1,1,1,0,0,0,0,0,0,1,0,0,0
553850,HELLDIVERS 2,1,10.885566024948286,39.99,1,39.99,0,39.99,0,0,0,0,0,17.370858648025116,0,0,1,1,1,20,0,1,0,0,0,0,1,0,1,0,0,1,0,0,0,1,0,0,0.0,0,1,0,0,0,0,0,1,0,0,0,1,0,0,0,1,0,0,0,0,0,1,0
230410,Warframe,1,10.496703894471024,0.0,0,0.0,0,0.0,1,0,0,0,1,17.370858648025116,0,0,1,3,0,20,0,0,0,0,0,0,0,0,0,0,1,0,0,1,1,1,1,1,0.0,0,1,0,0,0,0,0,1,0,0,0,1,0,0,0,0,0,0,0,0,0,0,0
1245620,ELDEN RING,1,10.293161974737968,59.99,1,59.99,0,59.99,0,0,0,1,0,17.370858648025116,0,0,1,2,1,20,0,1,0,0,0,0,1,0,0,0,1,0,0,0,1,1,0,1,0.0,0,1,0,0,0,0,0,0,0,0,1,1,0,0,0,0,0,1,0,0,0,1,0
105600,Terraria,1,10.109729065774982,9.99,1,9.99,1,9.99,0,1,0,0,0,17.370858648025116,0,1,1,4,1,20,1,0,0,0,0,0,0,0,0,0,1,0,1,0,1,1,0,0,0.0,1,1,1,0,0,0,1,0,0,0,1,1,1,0,0,0,0,0,0,1,0,0,0
2694490,Path of Exile 2,1,9.72483924110847,29.99,1,29.99,0,29.99,0,0,1,0,0,17.370858648025116,0,0,0,5,0,20,0,0,0,1,0,0,0,0,0,1,1,0,0,0,1,1,1,1,0.0,1,1,0,1,0,0,0,0,0,0,0,1,1,0,0,0,0,0,0,1,0,0,1
431960,Wallpaper Engine,1,11.420645688850932,4.99,0,4.99,0,4.99,0,1,0,0,0,17.370858648025116,0,1,0,6,0,20,0,0,1,1,0,0,0,0,0,0,0,0,0,0,0,0,0,0,0.0,0,0,1,0,0,0,0,0,1,0,0,1,0,0,0,0,0,0,0,0,0,0,1
1086940,Baldur's Gate 3,1,10.910934393452123,59.99,1,44.99,0,44.99,0,0,0,0,0,17.370858648025116,0,0,0,3,0,20,0,0,0,0,1,0,0,0,0,0,1,0,0,0,1,0,0,1,0.2500416736122687,0,1,0,0,0,0,0,0,0,0,0,0,1,1,0,0,0,0,0,1,0,0,0
291550,Brawlhalla,1,9.558882332684727,0.0,1,0.0,0,0.0,0,1,0,0,1,17.370858648025116,0,1,1,3,0,20,0,0,0,0,0,0,0,0,0,0,0,1,0,1,0,1,1,0,0.0,0,1,0,0,0,0,1,0,0,0,0,1,0,0,0,0,0,1,0,0,0,0,0
4000,Garry's Mod,1,9.820160289946374,9.99,1,4.99,0,4.99,0,1,0,1,0,17.370858648025116,0,1,1,3,0,20,0,0,1,0,0,1,0,0,1,0,0,1,0,0,0,0,0,0,0.5005005005005005,0,1,1,0,0,0,0,1,1,1,0,1,0,0,0,0,0,0,1,0,0,0,0
1085660,Destiny 2,1,10.111314399738445,0.0,1,0.0,0,0.0,1,0,0,1,1,17.370858648025116,0,0,1,3,1,20,0,0,0,0,0,1,0,0,0,1,0,0,0,1,0,1,1,0,0.0,0,0,0,0,0,0,0,1,0,0,1,1,1,0,0,0,0,0,0,1,0,0,0
359550,Tom Clancy's Rainbow Six Siege,1,10.856071640107553,19.99,1,19.99,0,19.99,0,0,0,1,0,17.370858648025116,0,0,1,1,0,20,0,0,0,0,0,1,1,0,0,0,0,1,0,0,0,1,0,0,0.0,0,1,0,0,1,1,0,1,0,1,0,1,0,0,0,0,0,0,0,0,0,0,0
252490,Rust,1,11.876672343726321,39.99,1,39.99,0,39.99,0,1,1,1,0,17.370858648025116,0,1,1,5,1,20,0,0,0,1,0,1,0,0,0,0,0,0,1,0,1,1,0,0,0.0,1,1,1,0,0,0,0,1,0,0,0,1,1,0,0,0,0,0,0,1,0,0,0
552990,World of Warships,1,9.05005424204284,0.0,1,0.0,0,0.0,1,0,1,1,1,17.370858648025116,0,0,1,5,0,20,0,0,0,0,0,0,0,0,0,0,0,0,0,1,0,1,1,0,0.0,0,1,0,0,1,1,0,1,0,1,0,1,0,0,1,0,0,0,0,0,0,0,0
346110,ARK: Survival Evolved,1,10.00654040759221,14.99,1,14.99,0,14.99,1,1,1,0,0,17.370858648025116,0,1,1,5,1,20,0,0,0,1,0,0,0,0,0,0,1,0,1,0,1,1,0,0,0.0,1,0,1,0,0,0,0,0,0,0,0,1,1,0,0,0,0,0,0,1,0,0,0
413150,Stardew Valley,1,10.83295114012053,14.99,1,14.99,1,14.99,0,1,0,0,0,17.370858648025116,0,1,0,3,1,20,1,1,0,0,0,0,0,0,0,0,1,0,0,0,1,0,0,0,0.0,1,0,1,0,0,0,0,0,0,0,0,0,0,0,0,0,0,0,0,0,0,0,0
242760,The Forest,1,7.970049304976135,19.99,0,19.99,0,19.99,0,1,0,0,0,17.370858648025116,0,1,0,4,1,20,0,0,0,1,0,0,0,0,0,0,0,0,1,0,0,1,0,0,0.0,1,0,1,0,0,0,0,0,0,1,1,1,1,0,0,0,0,0,0,1,0,0,1
238960,Path of Exile,1,8.454253391642363,0.0,1,0.0,0,0.0,1,1,1,1,1,17.370858648025116,0,0,0,6,0,20,0,0,0,0,0,0,0,0,0,1,1,0,0,1,1,1,1,1,0.0,0,1,0,0,0,0,0,0,0,0,0,1,1,0,0,0,0,0,0,1,0,0,1
218620,PAYDAY 2,1,10.21299226949838,9.99,1,4.99,0,4.99,0,0,0,0,0,17.370858648025116,0,0,1,2,0,20,0,1,1,0,0,1,0,0,0,0,0,0,0,0,1,1,0,0,0.5005005005005005,0,1,0,0,0,0,0,1,0,0,0,1,0,0,0,0,0,0,0,0,0,0,0
291480,Warface: Clutch,0,5.602118820879701,0.0,1,0.0,0,0.0,1,0,1,1,1,17.370858648025116,0,0,1,3,0,20,0,0,0,0,0,1,0,0,0,0,0,0,0,1,0,1,1,1,0.0,0,1,0,0,1,1,0,1,0,1,0,1,0,0,0,0,0,0,0,0,0,0,0
901583,Grand Theft Auto IV: Complete Edition,1,0.0,0.0,1,0.0,0,0.0,0,0,0,0,1,17.370858648025116,0,0,1,2,1,20,0,0,1,0,0,0,0,1,0,0,0,1,0,0,0,1,0,0,0.0,0,0,1,0,0,0,0,1,0,0,1,1,1,0,0,0,0,0,1,1,0,0,0
899770,Last Epoch,1,8.671115273688494,34.99,1,34.99,0,34.99,0,1,0,0,0,17.370858648025116,0,1,1,4,0,20,0,0,0,0,0,0,0,0,0,1,1,0,0,0,1,1,0,1,0.0,0,0,0,0,0,0,0,0,0,0,0,1,1,0,0,0,0,0,0,1,0,1,0
340,Half-Life 2: Lost Coast,1,1.0986122886681098,19.99,1,19.99,0,19.99,0,0,0,0,0,17.370858648025116,0,0,0,1,0,20,0,1,0,0,1,1,0,1,0,0,0,1,0,0,0,1,1,0,0.0,0,0,0,0,0,0,0,1,0,0,1,1,1,0,0,0,0,0,0,0,0,0,0
1091500,Cyberpunk 2077,1,10.010816130288653,59.99,0,59.99,0,59.99,0,0,0,0,0,17.370858648025116,0,0,0,1,1,20,0,1,0,0,1,1,0,0,0,0,1,0,0,0,1,0,0,1,0.0,0,0,0,0,0,0,0,0,0,0,1,1,1,0,0,0,0,0,0,0,0,1,0
381210,Dead by Daylight,1,10.711903499513792,19.99,1,19.99,0,19.99,0,0,0,0,0,17.370858648025116,0,0,1,1,0,20,0,0,0,0,0,0,1,0,1,0,0,0,1,0,0,1,0,0,0.0,0,1,0,0,0,0,0,0,0,0,1,1,0,0,0,1,0,0,0,0,0,1,1
990080,Hogwarts Legacy,1,8.651199471263972,59.99,0,59.99,0,59.99,0,0,0,0,0,17.370858648025116,1,0,0,3,1,20,0,1,0,0,1,0,0,0,0,0,1,0,0,0,1,1,0,1,0.0,0,0,0,0,0,0,0,0,0,0,1,1,1,1,0,0,0,1,0,1,0,0,0
438100,VRChat,1,10.45449496593495,0.0,1,0.0,0,0.0,1,0,1,0,1,17.370858648025116,0,0,0,7,1,20,0,0,1,1,0,0,0,0,1,1,0,0,0,1,0,0,1,0,0.0,0,0,1,1,0,0,0,0,1,0,1,1,1,0,0,0,0,0,0,1,0,0,0
292030,The Witcher 3: Wild Hunt - Complete Edition,1,9.673696958500125,49.99,0,49.99,0,49.99,0,0,0,0,0,17.370858648025116,0,0,0,1,1,20,0,1,0,0,1,0,0,0,0,0,1,0,0,0,1,0,0,0,0.0,0,0,1,0,0,0,0,0,0,0,1,1,1,1,0,0,0,0,0,0,0,0,0
945360,Among Us,1,8.251403065380556,4.99,1,4.99,1,4.99,0,0,0,1,0,17.370858648025116,0,0,1,1,0,20,0,0,1,0,0,0,0,0,0,0,0,0,1,0,0,0,0,0,0.0,0,1,0,0,0,0,0,0,1,0,0,1,0,0,0,0,0,0,0,0,1,0,0
1097150,Fall Guys: Ultimate Knockout,1,6.499787040655854,0.0,1,0.0,0,0.0,1,1,1,1,1,17.370858648025116,0,1,1,5,0,20,0,0,1,0,0,0,1,0,1,0,0,0,0,0,0,1,0,0,0.0,0,1,0,0,0,0,1,0,1,0,0,1,0,0,0,0,0,1,0,0,1,0,0
49520,Borderlands 2,1,9.053920452704881,19.99,1,4.99,0,4.99,0,0,0,0,0,16.52356082573315,0,0,1,2,1,20,0,0,1,0,0,1,0,0,1,0,1,0,0,0,1,1,0,0,0.7503751875937968,0,1,0,0,0,0,0,1,0,0,0,1,1,0,0,0,0,0,0,0,0,0,0
227300,Euro Truck Simulator 2,1,9.757420776401345,19.99,1,19.99,0,19.99,0,1,0,0,0,16.52356082573315,0,1,0,2,1,20,0,0,0,0,0,0,0,0,0,0,0,0,0,0,0,0,0,0,0.0,0,0,0,0,0,0,0,0,0,1,1,0,1,0,0,0,0,1,1,0,0,0,0
892970,Valheim,1,9.577757412446818,29.99,1,29.99,0,29.99,0,1,0,0,0,16.52356082573315,0,1,1,4,1,20,0,0,0,1,0,0,1,0,0,0,0,1,1,0,1,1,0,0,0.0,1,1,1,0,0,0,0,0,0,0,0,1,1,0,0,0,0,0,0,1,0,0,0
739630,Phasmophobia,1,9.208238163884312,19.99,1,13.99,0,13.99,0,1,0,0,0,16.52356082573315,0,1,1,3,0,20,0,0,0,1,0,0,0,0,0,0,0,0,0,0,0,1,0,0,0.30015007503751867,0,1,0,1,0,0,0,0,0,0,0,1,0,0,0,1,0,0,0,0,0,0,1
444090,Paladins,1,6.9363427358340495,0.0,1,0.0,0,0.0,1,0,1,1,1,16.52356082573315,0,0,1,5,0,20,0,0,1,0,0,1,0,0,0,0,0,0,0,1,0,1,1,1,0.0,0,1,0,0,0,0,0,1,0,0,0,1,1,0,0,0,0,0,0,1,1,0,0
1203220,NARAKA: BLADEPOINT,0,11.111776030929667,0.0,1,0.0,0,0.0,1,0,1,1,1,16.52356082573315,0,0,0,3,0,20,0,0,0,0,0,0,0,0,0,0,0,0,1,0,0,1,1,1,0.0,0,0,0,0,0,0,0,0,0,0,0,1,1,0,0,0,0,0,0,1,0,1,0
320,Half-Life 2: Deathmatch,1,5.075173815233827,19.99,1,19.99,0,19.99,0,0,0,1,0,16.52356082573315,0,0,1,1,0,20,0,1,1,0,0,1,0,0,0,0,0,1,0,0,0,1,0,0,0.0,0,0,0,0,0,0,0,1,0,0,1,1,1,0,0,0,0,0,1,0,0,1,0
70,Half-Life,1,6.453624998892692,9.99,1,9.99,0,9.99,0,0,0,1,0,16.52356082573315,0,0,0,1,0,20,0,0,0,0,1,1,1,1,0,0,0,1,0,0,0,1,0,0,0.0,0,0,0,0,0,0,0,1,0,0,1,1,1,0,0,0,0,0,1,0,0,0,0
582010,Monster Hunter: World,1,9.386308454797962,29.99,1,7.79,0,7.79,0,0,0,0,0,16.52356082573315,0,0,1,1,1,20,0,1,0,0,0,0,1,0,0,1,1,1,0,0,0,1,0,1,0.7402467489163055,0,0,0,0,0,0,0,0,0,0,1,1,1,0,0,0,0,0,0,0,0,0,0
227940,Heroes & Generals,0,0.0,0.0,1,0.0,0,0.0,1,1,1,0,1,16.52356082573315,0,1,1,5,1,20,0,0,0,1,0,1,0,0,0,0,0,0,0,1,0,1,1,0,0.0,0,0,0,0,0,1,0,1,0,0,1,1,1,0,1,0,0,0,0,0,0,0,0
252950,Rocket League,1,9.957360018000617,0.0,1,0.0,0,0.0,0,1,0,0,1,16.52356082573315,0,1,1,4,0,20,0,1,1,0,0,0,0,0,0,0,0,0,0,0,0,1,0,0,0.0,0,1,0,0,0,0,0,0,0,0,0,1,0,0,0,0,0,0,0,0,0,0,0
108600,Project Zomboid,1,10.037362636092155,24.99,1,24.99,1,24.99,0,1,0,0,0,16.52356082573315,0,1,1,4,1,20,0,0,0,1,0,0,0,0,0,0,1,0,1,0,1,0,0,0,0.0,1,0,1,1,0,0,0,0,0,1,0,0,1,0,0,0,0,0,0,0,0,0,0
1966720,Lethal Company,1,8.732304571033183,9.99,0,9.99,0,9.99,0,1,0,0,0,16.52356082573315,0,0,1,4,0,20,0,0,1,1,0,0,0,0,0,0,0,0,0,0,0,1,0,0,0.0,0,1,0,1,0,0,0,0,0,0,1,1,1,0,0,1,0,0,0,1,0,0,1
1174180,Red Dead Redemption 2,1,10.305145422301338,59.99,1,59.99,0,59.99,0,0,0,0,0,16.52356082573315,0,0,0,2,1,20,0,1,0,0,1,1,0,0,0,0,0,1,0,0,0,1,0,0,0.0,0,0,1,0,0,0,0,1,0,1,1,1,1,0,0,0,0,0,0,1,0,0,0
1517290,Battlefield 2042,0,7.928406026180535,59.99,1,59.99,0,59.99,0,0,0,1,0,16.52356082573315,0,0,0,3,0,20,0,0,0,0,0,1,0,0,0,0,0,1,0,0,0,1,0,0,0.0,0,0,0,0,1,1,0,1,1,0,0,1,1,0,0,0,0,0,0,1,0,0,0
1240440,Halo Infinite,0,7.730174795246222,0.0,1,0.0,0,0.0,0,0,0,1,1,16.52356082573315,0,0,1,2,1,20,0,0,0,0,1,1,0,0,0,0,0,1,0,1,0,1,1,0,0.0,0,0,0,0,0,0,0,1,0,0,1,1,1,0,0,0,0,0,0,0,0,0,0
648800,Raft,1,8.455743229100015,19.99,1,19.99,0,19.99,1,1,0,0,0,16.52356082573315,0,1,1,3,1,20,0,0,0,1,0,0,0,0,0,0,0,0,1,0,0,0,0,0,0.0,1,1,1,0,0,0,0,0,0,0,0,1,1,0,0,0,0,0,0,1,0,0,0
386360,SMITE,1,7.5251007461258,0.0,1,0.0,0,0.0,1,0,1,1,1,16.52356082573315,0,0,1,7,0,20,0,0,0,0,0,0,0,0,0,1,1,0,0,1,1,1,1,0,0.0,0,0,0,0,0,0,0,0,1,0,0,1,1,0,0,0,0,0,0,1,0,0,0
444200,World of Tanks Blitz,1,8.649623978596727,0.0,1,0.0,0,0.0,1,0,1,1,1,16.52356082573315,0,0,0,5,0,20,0,0,0,0,0,1,0,0,0,0,0,0,0,1,0,1,1,0,0.0,0,1,0,0,1,1,0,1,0,1,0,1,0,0,0,0,0,0,0,0,0,0,0
10,Counter-Strike,1,8.898911905794401,9.99,1,9.99,0,9.99,0,0,0,1,0,16.52356082573315,0,0,0,1,0,20,0,0,0,0,0,1,0,1,0,0,0,1,1,0,0,1,0,0,0.0,0,0,0,0,1,0,0,1,0,0,0,1,0,0,0,0,0,0,0,0,0,0,0
240,Counter-Strike: Source,1,8.730367211692958,9.99,1,9.99,0,9.99,0,0,0,1,0,16.52356082573315,0,0,0,1,0,20,0,0,0,0,0,1,1,0,0,0,0,1,1,0,0,1,0,0,0.0,0,0,1,0,1,1,0,1,0,0,1,1,0,0,0,0,0,0,1,0,0,0,0
3164500,Schedule I,1,10.032672010916954,19.99,1,19.99,0,19.99,0,1,0,0,0,16.52356082573315,0,0,1,5,1,20,0,0,0,1,0,1,0,0,0,0,0,0,0,0,0,1,0,1,0.0,1,0,0,1,0,0,0,1,0,0,0,1,0,0,0,0,0,0,0,0,0,0,0
755790,Ring of Elysium,1,0.0,0.0,1,0.0,0,0.0,1,0,1,1,1,16.52356082573315,0,0,1,3,1,20,0,0,0,1,0,1,0,0,0,0,0,0,1,1,0,1,1,0,0.0,0,0,0,0,0,0,0,1,0,0,0,1,0,0,0,0,0,0,0,0,0,1,0
400,Portal,1,6.459904454377535,9.99,0,9.99,0,9.99,0,0,0,0,0,16.52356082573315,1,0,0,1,0,20,0,0,1,0,1,1,0,1,1,0,0,1,0,0,0,1,0,0,0.0,0,0,0,0,0,0,1,0,0,0,1,1,1,0,0,0,0,0,0,0,0,0,0
1222670,The Sims 4,1,10.13765017033277,0.0,0,0.0,0,0.0,0,0,0,0,1,16.52356082573315,0,0,0,4,0,20,0,0,1,0,0,0,0,0,0,0,0,1,0,1,0,0,1,1,0.0,0,0,1,0,0,0,0,0,1,1,0,0,1,0,0,0,0,1,0,1,0,0,0
550650,Black Squad,1,5.3612921657094255,0.0,1,0.0,0,0.0,1,0,0,1,1,16.52356082573315,0,0,1,2,1,20,0,0,0,1,0,1,0,0,0,0,0,0,0,1,0,1,1,0,0.0,0,0,0,0,1,1,0,1,0,0,0,1,1,0,0,0,0,0,0,0,0,1,0
322330,Don't Starve Together,1,10.326890805775305,14.99,1,14.99,1,14.99,0,1,0,0,0,16.52356082573315,0,1,1,6,1,20,0,0,1,0,0,0,1,0,0,0,0,0,1,0,1,1,0,0,0.0,1,1,1,0,0,0,0,0,0,0,1,1,1,0,0,0,0,0,0,1,0,0,1
239140,Dying Light,1,8.507950610049305,24.99,1,24.99,0,24.99,0,0,0,1,0,16.52356082573315,0,0,0,3,1,20,0,0,0,0,1,1,0,0,0,0,0,0,1,0,1,1,0,0,0.0,0,1,0,0,0,0,0,0,0,0,0,1,0,0,0,0,0,0,0,1,0,0,1
477160,Human Fall Flat,1,6.85751406254539,19.99,1,19.99,0,19.99,0,1,0,0,0,16.52356082573315,1,1,1,4,1,20,0,0,1,0,0,0,0,0,1,0,0,0,0,0,0,0,0,0,0.0,0,0,1,0,0,0,0,0,1,0,0,1,1,0,0,0,0,0,0,1,0,0,0
251570,7 Days to Die,1,9.743670851082243,44.99,1,44.99,0,44.99,0,1,0,0,0,16.52356082573315,0,0,0,6,1,20,0,0,0,0,0,1,0,0,0,0,0,0,1,0,1,1,0,1,0.0,0,1,1,0,0,0,0,0,0,0,0,1,0,0,0,0,0,0,0,1,0,0,1
100,Counter-Strike: Condition Zero,1,4.430816798843313,9.99,1,9.99,0,9.99,0,0,0,0,0,16.52356082573315,0,0,0,1,1,20,0,0,0,0,0,1,0,1,0,0,0,1,1,0,0,1,0,0,0.0,0,1,0,0,1,0,0,1,0,0,1,1,1,0,0,0,0,0,0,0,0,0,0
1665460,eFootball,0,9.50338305067006,0.0,1,0.0,0,0.0,0,0,0,1,1,16.52356082573315,0,0,1,3,0,20,0,0,1,0,0,0,0,0,1,0,0,1,0,1,0,0,1,0,0.0,0,1,0,0,0,0,0,0,0,1,0,0,0,0,0,0,0,0,0,0,0,1,0
433850,Z1 Battle Royale,0,6.918695219020472,0.0,1,0.0,0,0.0,1,0,1,1,1,16.52356082573315,0,0,1,4,1,20,0,0,0,1,0,1,0,0,0,0,0,0,1,1,0,1,1,0,0.0,0,1,0,0,0,0,0,1,0,0,0,1,1,0,0,0,0,0,0,1,0,1,0
594650,Hunt: Showdown 1896,1,8.748463629942055,29.99,1,11.99,0,11.99,0,0,0,1,0,16.52356082573315,0,0,1,1,1,20,0,0,0,0,0,1,1,0,0,0,0,0,0,0,0,1,0,0,0.6002000666888964,0,1,0,0,0,0,0,1,0,0,1,1,0,0,0,0,0,0,0,0,0,0,1
814380,Sekiro: Shadows Die Twice - GOTY Edition,1,8.81996090128606,59.99,0,59.99,0,59.99,0,0,0,0,0,16.52356082573315,0,0,0,2,1,20,0,1,0,0,1,0,1,0,0,0,1,0,0,0,0,1,0,0,0.0,0,0,0,0,0,0,0,0,0,0,1,1,1,0,0,0,0,0,0,1,0,1,0
220,Half-Life 2,1,7.349873704738337,9.99,1,9.99,0,9.99,0,0,0,0,0,16.52356082573315,1,0,0,1,0,20,0,1,0,0,1,1,0,1,0,0,0,1,0,0,0,1,0,0,0.0,0,0,0,0,0,0,0,1,0,0,1,1,1,0,0,0,0,0,1,0,0,0,1
107410,Arma 3,1,8.879333174786028,29.99,1,7.49,0,7.49,0,0,0,0,0,16.52356082573315,0,0,1,3,1,20,0,0,0,0,0,1,0,0,0,0,0,0,0,0,0,1,0,0,0.7502500833611204,0,1,1,0,1,1,0,1,0,1,0,1,0,0,0,0,0,0,1,0,0,0,0
1326470,Sons Of The Forest,1,8.400884069015854,29.99,1,29.99,0,29.99,0,1,0,0,0,16.52356082573315,0,0,1,4,1,20,0,0,0,1,0,0,0,0,0,0,0,0,1,0,0,1,0,0,0.0,1,0,1,0,0,0,0,0,0,0,1,1,1,0,0,0,0,0,0,1,0,0,1
219990,Grim Dawn,1,7.773594467360194,24.99,1,3.74,0,3.74,0,1,0,0,0,16.52356082573315,0,0,1,4,0,20,0,0,0,0,0,0,0,0,0,0,1,0,0,0,1,1,0,1,0.8503401360544218,1,0,0,0,0,0,0,0,0,0,1,1,1,1,0,0,0,0,1,1,0,0,0
255710,Cities: Skylines,1,9.087381464575735,29.99,0,29.99,0,29.99,0,0,0,0,0,16.52356082573315,0,0,0,2,0,20,0,1,1,0,0,0,0,0,0,0,0,1,0,0,0,0,0,0,0.0,0,0,1,0,0,0,0,0,0,1,0,1,0,0,0,0,0,1,1,0,0,0,0
261550,Mount & Blade II: Bannerlord,1,9.580385534853086,49.99,1,49.99,0,49.99,0,1,0,0,0,16.52356082573315,0,0,0,5,1,20,0,1,0,1,0,0,0,0,0,0,1,0,0,0,1,1,0,1,0.0,0,0,1,0,0,1,0,0,0,1,0,1,1,0,1,0,0,0,1,0,0,0,0
8930,Sid Meier's Civilization V,1,9.4097648366698,29.99,1,7.49,0,7.49,0,0,0,0,0,16.52356082573315,0,0,1,1,0,20,0,1,0,0,0,0,0,1,0,0,0,0,0,0,0,0,0,0,0.7502500833611204,0,0,0,0,0,0,0,0,0,0,0,0,0,0,1,0,0,0,1,0,0,0,0
304050,Trove,1,6.63200177739563,0.0,1,0.0,0,0.0,1,0,1,0,1,16.52356082573315,0,0,0,6,1,20,1,0,0,0,0,0,0,0,0,1,1,0,0,1,1,1,1,0,0.0,1,0,1,0,0,0,0,0,1,0,0,1,1,0,0,0,0,1,0,1,1,0,0
289070,Sid Meier’s Civilization VI,1,10.143330883072752,59.99,1,5.99,0,5.99,0,0,0,0,0,16.52356082573315,0,0,1,1,0,20,0,1,0,0,0,0,0,0,0,0,0,0,0,0,0,0,0,0,0.9001500250041673,0,1,0,0,0,1,0,0,0,0,1,0,0,0,1,0,0,0,1,0,0,0,0
377160,Fallout 4,1,9.32188174670909,19.99,0,19.99,0,19.99,0,0,0,0,0,16.52356082573315,0,0,0,1,1,20,0,1,0,0,1,1,0,0,0,0,1,1,1,0,1,0,0,1,0.0,0,0,1,0,0,0,0,1,0,0,1,1,1,0,0,0,0,0,0,0,0,0,0
532210,Life is Strange 2,1,5.0369526024136295,31.96,0,31.96,0,31.96,0,0,0,0,0,16.52356082573315,1,0,0,1,0,20,0,1,1,0,1,0,0,1,1,0,0,0,0,0,0,0,0,0,0.0,0,0,0,0,0,0,0,0,0,0,1,0,1,1,0,0,1,0,0,1,0,0,0
2186680,"Warhammer 40,000: Rogue Trader",1,8.183955717304954,49.99,1,49.99,0,49.99,0,1,0,0,0,16.52356082573315,0,0,0,5,0,20,0,0,0,0,1,0,0,0,0,0,1,0,0,0,1,1,0,1,0.0,0,1,0,0,0,0,0,0,0,0,0,1,1,1,0,0,0,0,0,1,0,0,0
1238810,Battlefield V,1,8.75273950944749,49.99,1,49.99,0,49.99,1,0,0,1,0,16.52356082573315,0,0,0,1,1,20,0,0,0,0,0,1,0,0,0,0,0,1,0,0,0,1,0,0,0.0,0,0,0,0,1,1,0,1,0,0,1,1,0,0,1,0,0,0,0,0,0,1,0
3241660,R.E.P.O.,1,10.384369299929046,9.99,1,6.49,0,6.49,0,0,0,0,0,16.52356082573315,0,0,1,2,0,20,0,0,0,1,0,0,0,0,1,0,0,0,1,0,0,1,0,0,0.35035035035035034,0,1,0,1,0,0,0,0,0,0,0,1,0,0,0,0,0,0,0,0,0,0,1
221100,DayZ,1,10.52048236489583,49.99,1,24.99,0,24.99,1,0,1,1,0,16.52356082573315,0,0,1,3,1,20,0,0,0,0,0,1,0,0,0,0,0,0,1,0,0,1,0,0,0.5001000200040009,0,1,1,0,0,0,0,1,0,0,1,1,1,0,0,0,0,0,0,1,0,0,1
526870,Satisfactory,1,9.441213969352303,39.99,1,39.99,0,39.99,0,1,0,0,0,16.52356082573315,0,1,1,4,1,20,0,0,0,1,0,0,0,0,0,0,0,1,1,0,0,0,0,0,0.0,1,0,1,0,0,0,0,0,0,0,0,0,1,0,0,0,0,0,0,1,0,0,0
1089350,NBA 2K20,0,5.402677381872279,0.0,1,0.0,0,0.0,1,0,0,0,1,15.830413711839864,0,0,0,2,0,13,0,0,0,0,0,0,0,0,0,0,0,1,0,0,0,0,0,1,0.0,0,0,0,0,0,0,0,0,0,1,0,0,0,0,0,0,0,0,0,0,0,0,0
632360,Risk of Rain 2,1,8.974997713204976,24.99,1,24.99,0,24.99,0,1,0,0,0,15.830413711839864,0,1,1,2,0,20,0,1,0,1,0,0,1,0,0,0,0,0,1,0,0,1,0,0,0.0,0,1,0,0,0,0,0,1,0,0,0,1,0,0,0,0,0,0,0,0,0,0,0
1811260,EA SPORTS FIFA 23,0,7.155396301896734,0.0,1,0.0,0,0.0,0,0,0,1,1,15.830413711839864,0,0,1,2,0,20,0,0,0,0,0,0,0,0,0,0,0,1,0,0,0,0,1,0,0.0,0,1,0,0,0,0,0,0,0,1,0,0,0,0,0,0,0,0,0,0,0,0,0
204360,Castle Crashers,1,6.095824562432225,14.99,1,1.49,1,1.49,0,1,0,0,0,15.830413711839864,0,0,1,5,0,20,0,0,1,0,0,0,0,0,1,0,1,0,0,0,1,1,0,0,0.9006004002668445,0,1,0,0,0,0,0,0,1,0,0,1,1,0,0,0,0,0,0,1,0,0,0
218230,PlanetSide 2,1,6.208590026096629,0.0,1,0.0,0,0.0,1,0,1,1,1,15.830413711839864,0,0,1,3,1,20,0,0,0,0,0,1,0,0,0,0,1,0,0,1,0,1,1,0,0.0,0,1,0,0,0,1,0,1,0,0,0,1,1,0,0,0,0,0,0,0,0,0,0
72850,The Elder Scrolls V: Skyrim,1,7.288927694521257,19.99,0,19.99,0,19.99,0,0,0,0,0,15.830413711839864,0,0,0,1,1,20,0,1,0,0,1,0,0,0,0,0,1,1,0,0,1,0,0,1,0.0,0,0,1,0,0,0,0,0,0,0,1,1,1,0,0,0,0,0,1,0,0,0,0
394360,Hearts of Iron IV,1,10.377016211557725,49.99,1,49.99,0,49.99,0,0,0,0,0,15.830413711839864,0,0,1,2,1,20,0,0,0,0,0,0,0,0,0,0,0,1,0,0,0,0,0,0,0.0,0,0,1,0,1,1,0,0,0,0,0,1,0,0,1,0,0,0,0,0,0,0,0
489830,The Elder Scrolls V: Skyrim Special Edition,1,10.13006520058462,39.99,0,39.99,0,39.99,0,0,0,0,0,15.830413711839864,0,0,0,1,1,20,0,1,0,0,1,0,0,1,0,0,1,1,0,0,1,0,0,1,0.0,0,0,0,0,0,0,0,0,0,0,1,1,1,0,0,0,0,0,1,0,0,0,0
322170,Geometry Dash,1,10.23462415135353,4.99,0,4.99,1,4.99,0,1,0,0,0,15.830413711839864,0,1,0,2,0,20,0,1,1,0,0,0,1,0,0,0,0,0,0,0,0,1,0,1,0.0,0,0,0,0,0,0,1,0,0,0,0,1,0,0,0,1,0,1,0,0,1,0,0
1446780,MONSTER HUNTER RISE,1,8.204945165019208,39.99,1,7.99,0,7.99,0,0,0,0,0,15.830413711839864,0,0,1,1,1,20,0,0,0,0,0,0,0,0,0,0,1,1,0,0,0,1,0,1,0.800200050012503,0,1,0,0,0,0,0,0,0,0,1,1,0,0,0,0,0,0,0,0,0,0,0
224260,No More Room in Hell,1,6.161207321695077,0.0,1,0.0,0,0.0,1,1,0,0,1,15.830413711839864,0,1,1,3,1,20,0,0,0,0,0,1,0,0,0,0,0,0,1,1,0,1,1,0,0.0,0,1,0,0,0,0,0,1,0,1,1,1,1,0,0,0,0,0,0,0,0,0,1
203160,Tomb Raider Game of the Year,1,6.322565239927284,19.99,1,19.99,0,19.99,0,0,0,0,0,15.830413711839864,1,0,0,2,0,20,0,0,0,0,1,0,0,0,0,0,1,0,0,0,0,1,0,0,0.0,0,0,0,0,0,0,1,1,0,0,1,1,1,0,0,0,0,0,0,1,0,0,0
275850,No Man's Sky,1,9.416703923250376,59.99,1,59.99,0,59.99,0,0,0,0,0,15.830413711839864,0,1,0,2,1,20,0,0,0,0,0,1,0,0,0,0,0,0,1,0,0,1,0,0,0.0,1,0,1,0,0,0,0,0,0,0,1,1,1,0,0,0,0,0,0,1,0,0,0
367520,Hollow Knight,1,8.499640032168648,14.99,0,14.99,1,14.99,0,1,0,0,0,15.830413711839864,0,1,0,3,1,20,0,1,0,0,1,0,1,0,0,0,0,0,0,0,0,1,0,0,0.0,0,0,0,0,0,0,1,0,0,0,1,1,1,0,0,0,0,0,0,1,0,0,0
301520,Robocraft,1,1.3862943611198906,0.0,1,0.0,0,0.0,1,1,1,1,1,15.830413711839864,0,1,0,6,1,20,0,0,1,1,0,0,0,0,0,0,1,0,0,1,1,1,1,0,0.0,1,0,1,0,0,0,0,1,0,0,0,1,1,0,0,0,0,0,0,0,0,0,0
767560,War Robots,0,7.155396301896734,0.0,1,0.0,0,0.0,1,0,0,1,1,15.830413711839864,0,0,1,2,0,20,0,0,0,0,0,0,0,0,0,0,0,0,0,1,0,1,1,0,0.0,0,0,0,0,0,1,0,1,0,1,0,1,0,0,0,0,0,0,0,0,0,0,0
2050650,Resident Evil 4,1,8.229244416735913,39.99,0,9.99,0,9.99,0,0,0,0,0,15.830413711839864,0,0,0,2,0,20,0,0,0,0,1,0,0,0,0,0,0,1,1,0,0,1,0,0,0.7501875468867216,0,0,0,0,0,0,0,0,0,1,0,1,1,0,0,1,0,0,0,1,0,1,1
466240,Deceit,1,5.049856007249537,0.0,1,0.0,0,0.0,0,1,0,1,1,15.830413711839864,0,0,1,3,0,20,0,0,1,0,0,1,0,0,0,0,0,0,1,1,0,1,1,0,0.0,0,0,0,0,0,0,0,1,0,0,1,1,0,1,0,1,0,0,0,0,0,0,1
284160,BeamNG.drive,1,9.671807670199632,24.99,1,24.99,0,24.99,0,0,0,0,0,15.830413711839864,0,0,0,3,1,20,0,0,1,1,0,0,0,0,0,0,0,0,0,0,0,0,0,0,0.0,0,0,1,1,0,0,0,0,0,1,0,1,1,0,0,0,0,0,1,0,0,0,0
278360,A Story About My Uncle,1,2.1972245773362196,14.99,0,14.99,0,14.99,0,1,0,0,0,15.830413711839864,1,1,0,3,0,20,0,1,0,0,1,0,1,0,0,0,0,1,0,0,0,0,0,0,0.0,0,0,0,0,0,0,1,0,1,0,1,1,1,0,0,0,0,1,0,1,0,0,0
264710,Subnautica,1,7.908387159290043,29.99,1,29.99,0,29.99,0,1,0,0,0,15.830413711839864,0,1,0,2,1,20,0,0,0,0,0,0,0,0,0,0,0,0,1,0,0,0,0,0,0.0,1,0,1,0,0,0,0,0,0,0,1,1,1,0,0,0,0,0,0,1,0,0,1
80,Counter-Strike: Condition Zero,1,5.6240175061873385,9.99,1,9.99,0,9.99,0,0,0,0,0,15.830413711839864,0,0,0,1,1,20,0,0,0,0,0,1,0,1,0,0,0,1,1,0,0,1,0,0,0.0,0,1,0,0,1,0,0,1,0,0,1,1,1,0,0,0,0,0,0,0,0,1,0
275390,Guacamelee! Super Turbo Championship Edition,1,1.791759469228055,14.99,0,3.74,1,3.74,0,1,0,0,0,15.830413711839864,0,1,1,3,0,20,0,0,1,0,0,0,1,0,0,0,0,0,0,0,0,1,0,0,0.7505003335557038,0,0,0,0,0,0,1,0,0,0,0,1,1,0,0,0,0,0,0,1,1,0,0
2881650,Content Warning,1,6.583409222158765,7.99,1,7.99,0,7.99,0,1,0,0,0,15.830413711839864,0,0,1,3,0,20,0,0,1,0,0,0,0,0,0,0,0,0,0,0,0,1,0,0,0.0,0,1,0,0,0,0,0,0,0,0,1,0,1,0,0,1,0,0,0,1,0,0,1
311210,Call of Duty: Black Ops III,1,8.596928159435091,59.99,1,14.99,0,14.99,0,0,0,0,0,15.830413711839864,0,0,1,2,0,20,0,1,0,0,1,1,0,0,0,0,0,0,0,0,0,1,0,0,0.7501250208368061,0,0,0,0,0,0,0,1,0,0,1,1,0,0,0,0,0,0,0,1,0,0,0
333930,Dirty Bomb,1,3.713572066704308,0.0,1,0.0,0,0.0,1,0,0,1,1,15.830413711839864,0,0,1,2,1,20,0,0,0,0,0,1,0,0,0,0,0,0,0,1,0,1,1,0,0.0,0,0,0,0,0,0,0,1,0,0,0,1,0,0,0,0,0,0,0,0,0,0,0
1172620,Sea of Thieves: 2026 Edition,1,8.601166625192416,39.99,1,39.99,0,39.99,1,0,0,1,0,15.830413711839864,0,0,1,2,1,20,0,1,1,0,0,1,0,0,0,0,0,1,0,0,0,1,0,0,0.0,0,1,0,0,0,0,0,0,0,0,1,1,1,0,0,0,0,0,0,1,0,0,0
22380,Fallout: New Vegas,1,8.266935347610456,9.99,0,9.99,0,9.99,0,0,0,0,0,15.830413711839864,0,0,0,2,1,20,0,0,0,0,1,1,0,0,0,0,1,1,1,0,1,1,0,1,0.0,0,0,1,0,0,0,0,1,0,0,1,1,1,0,0,0,0,0,1,0,0,0,0
250900,The Binding of Isaac: Rebirth,1,9.609452006112171,14.99,0,14.99,1,14.99,0,0,0,0,0,15.830413711839864,0,1,1,1,0,20,1,1,0,0,0,0,1,0,0,0,0,0,0,0,0,1,0,0,0.0,0,0,0,0,0,0,0,0,0,0,1,1,0,0,0,0,0,0,0,0,0,0,1
700330,SCP: Secret Laboratory,1,8.454679286026995,0.0,1,0.0,0,0.0,0,0,0,0,1,15.830413711839864,0,1,1,2,0,20,0,0,0,0,0,1,1,0,0,0,0,0,1,1,0,1,1,0,0.0,0,1,0,0,0,0,0,1,0,0,1,1,1,0,0,1,0,0,0,0,0,0,1
10180,Call of Duty: Modern Warfare 2 (2009),1,5.991464547107982,19.99,1,14.99,0,14.99,0,0,0,1,0,15.830413711839864,0,0,1,1,0,20,0,1,0,0,1,1,0,0,0,0,0,1,0,0,0,1,0,0,0.25012506253126554,0,1,0,0,1,1,0,1,0,0,1,1,1,0,0,0,0,0,1,0,0,0,0
582660,Black Desert,1,9.571226436686379,9.99,1,9.99,0,9.99,1,0,1,1,0,15.830413711839864,0,0,0,5,1,20,0,0,0,0,0,0,0,0,0,1,1,0,0,0,1,1,0,1,0.0,1,0,0,0,0,1,0,0,0,0,1,1,1,0,0,0,0,0,0,1,0,0,0
1229490,ULTRAKILL,1,8.046549357283078,29.99,0,29.99,0,29.99,0,1,0,0,0,15.830413711839864,0,0,0,3,0,20,0,1,0,1,0,1,1,0,0,0,0,0,0,0,0,1,0,0,0.0,0,0,0,1,0,0,0,1,0,0,0,1,0,0,0,0,0,0,0,0,1,0,0
1046930,Dota Underlords,1,6.9167150203536085,0.0,1,0.0,0,0.0,0,0,0,1,1,15.830413711839864,0,0,1,3,0,20,0,0,0,0,0,0,0,0,0,0,0,1,0,1,0,0,1,0,0.0,0,0,0,0,0,0,0,0,1,0,0,0,0,0,0,0,0,0,0,0,0,0,0
1426210,It Takes Two,1,8.520985989654934,39.99,1,39.99,0,39.99,0,0,0,0,0,15.830413711839864,1,0,1,2,0,20,0,0,0,0,1,0,0,0,0,0,0,1,0,0,0,1,0,0,0.0,0,1,0,0,0,0,1,0,0,0,1,1,1,0,0,0,0,0,0,1,0,0,0
2195250,EA SPORTS FC 24,0,8.53915035876828,69.99,1,69.99,0,69.99,0,0,0,1,0,15.830413711839864,0,0,1,2,0,20,0,0,0,1,0,0,0,0,0,0,0,1,0,0,0,0,0,0,0.0,0,1,0,0,0,0,0,0,0,1,0,1,0,0,0,0,0,1,0,0,0,0,0
2183900,"Warhammer 40,000: Space Marine 2",1,8.832295859444011,59.99,1,14.99,0,14.99,0,0,0,0,0,15.830413711839864,0,0,1,3,0,20,0,0,0,0,0,0,0,0,0,0,0,1,0,0,1,1,0,0,0.7501250208368061,0,0,0,0,0,1,0,0,0,1,0,1,1,0,0,0,0,0,0,1,0,0,0
883710,Resident Evil 2,1,7.024649030453636,39.99,1,7.99,0,7.99,0,0,0,0,0,15.830413711839864,1,0,0,1,0,20,0,0,0,0,1,0,1,1,0,0,0,1,1,0,0,1,0,0,0.800200050012503,0,0,0,0,0,0,0,1,0,0,1,1,1,0,0,0,0,0,0,0,0,1,1
219640,Chivalry: Medieval Warfare,1,3.4965075614664802,24.99,1,24.99,0,24.99,0,1,0,1,0,15.830413711839864,0,1,1,2,0,20,0,0,0,0,0,1,1,0,0,0,0,0,0,0,0,1,0,0,0.0,0,0,0,0,0,0,0,0,0,0,1,1,0,0,1,0,0,0,0,0,0,1,0
306130,The Elder Scrolls Online,1,9.679593719831214,19.99,1,19.99,0,19.99,1,0,1,1,0,15.830413711839864,0,0,0,4,1,20,0,0,0,0,1,0,0,0,0,1,1,1,0,0,1,1,0,1,0.0,0,0,0,0,0,0,0,0,0,0,1,1,1,0,0,0,0,0,0,1,0,0,0
244210,Assetto Corsa,1,9.100748695346088,19.99,1,4.99,0,4.99,0,1,0,0,0,15.830413711839864,0,1,0,4,1,20,0,0,0,0,0,0,0,0,0,0,0,1,0,0,0,0,0,0,0.7503751875937968,0,0,0,0,0,0,0,0,0,1,0,1,0,0,0,0,0,0,1,0,0,0,0
268500,XCOM 2,1,8.046869510959576,19.99,0,19.99,0,19.99,0,0,0,0,0,15.830413711839864,0,0,0,1,0,20,0,0,0,0,0,0,0,0,0,0,1,0,0,0,0,0,0,1,0.0,0,0,0,0,1,1,0,0,0,0,0,1,0,0,0,0,0,0,0,0,0,0,0
1794680,Vampire Survivors,1,7.995306620290822,4.99,0,3.74,1,3.74,0,1,0,0,0,15.830413711839864,0,1,0,4,0,20,1,0,0,0,0,0,0,0,0,0,1,0,0,0,1,1,0,0,0.250501002004008,0,0,0,0,0,0,0,0,1,0,0,1,0,0,0,0,0,0,0,0,0,0,0
1818750,MultiVersus,1,4.02535169073515,0.0,1,0.0,1,0.0,0,0,0,0,1,15.830413711839864,0,0,1,2,0,20,0,0,1,0,0,0,0,0,0,0,0,0,0,1,0,1,1,1,0.0,0,0,0,0,0,0,0,0,0,0,0,1,0,0,0,0,0,0,0,0,1,0,0
242050,Assassin’s Creed IV Black Flag,1,6.828712071641684,39.99,1,39.99,0,39.99,0,0,0,0,0,15.830413711839864,0,0,0,2,1,20,0,0,0,0,1,0,0,0,0,0,1,1,0,0,0,1,0,0,0.0,0,0,0,0,0,0,0,0,0,0,1,1,1,0,1,0,0,0,0,1,0,0,0
30,Day of Defeat,1,4.477336814478207,4.99,1,4.99,0,4.99,0,0,0,0,0,15.830413711839864,0,0,1,1,0,20,0,0,0,0,0,1,1,1,0,0,0,1,0,0,0,1,0,0,0.0,0,0,0,0,1,1,0,1,0,0,0,1,0,0,1,0,0,0,0,0,0,1,0
236850,Europa Universalis IV,1,9.429154565129164,49.99,1,49.99,0,49.99,0,0,0,0,0,15.830413711839864,0,0,1,2,0,20,0,0,0,0,0,0,0,0,0,0,0,1,0,0,0,0,0,0,0.0,0,0,1,0,1,0,0,0,0,0,0,0,0,0,1,0,0,0,1,0,0,0,0
363970,Clicker Heroes,1,7.61085279039525,0.0,1,0.0,1,0.0,0,1,0,0,1,15.830413711839864,0,1,0,7,0,20,0,0,1,0,0,0,0,0,0,0,1,0,0,1,1,0,1,0,0.0,0,0,0,0,0,0,0,0,1,0,0,1,1,0,0,0,0,1,0,1,0,0,0
253710,theHunter Classic,0,6.035481432524756,0.0,1,0.0,0,0.0,1,0,0,0,1,15.830413711839864,0,0,1,5,1,20,0,0,0,0,0,1,0,0,0,0,0,0,1,1,0,1,1,0,0.0,0,1,0,0,0,0,0,1,0,1,0,1,1,0,0,0,0,0,0,1,0,0,0
379720,DOOM,1,7.372118028337787,19.99,1,19.99,0,19.99,0,0,0,0,0,15.830413711839864,0,0,1,1,0,20,0,1,0,0,0,1,1,1,0,0,0,1,0,0,0,1,0,0,0.0,0,0,0,0,0,0,0,1,0,0,1,1,0,0,0,0,0,0,0,0,0,1,1
273350,Evolve Stage 2,0,2.302585092994046,0.0,1,0.0,0,0.0,0,0,0,1,1,15.830413711839864,0,0,1,2,0,20,0,0,0,0,0,1,0,0,0,0,0,1,1,1,0,1,0,0,0.0,0,1,0,0,0,0,0,1,0,0,1,1,0,0,0,0,0,0,0,0,0,0,0
1782210,Crab Game,1,7.980023592310645,0.0,1,0.0,0,0.0,0,1,0,1,1,15.830413711839864,0,0,0,5,0,20,0,0,0,0,0,1,0,0,0,0,0,0,0,1,0,1,1,0,0.0,0,0,0,0,0,0,1,0,1,0,0,1,0,0,0,1,0,0,0,0,0,0,0
844870,KurtzPel,0,3.4339872044851463,0.0,1,0.0,0,0.0,1,0,0,1,1,15.830413711839864,0,0,1,3,0,20,0,0,0,1,0,0,0,0,0,0,0,0,0,1,0,1,1,1,0.0,0,1,0,1,0,0,0,0,0,0,0,1,0,0,0,0,0,0,0,0,0,0,0
601150,Devil May Cry 5,1,7.718240951959316,29.99,1,29.99,0,29.99,0,0,0,0,0,15.830413711839864,0,0,0,1,0,20,0,1,0,0,1,0,1,1,0,0,0,1,0,0,0,1,0,0,0.0,0,0,0,0,0,0,0,0,0,0,0,1,1,0,0,0,0,0,0,0,0,1,0
1286830,STAR WARS: The Old Republic,1,8.798756582859841,0.0,1,0.0,0,0.0,1,0,1,1,1,15.830413711839864,0,0,0,3,1,20,0,1,0,0,1,0,0,0,0,1,1,1,0,1,1,0,1,1,0.0,0,0,0,0,0,0,0,0,0,0,1,1,1,1,0,0,0,0,0,0,0,0,0
365670,Blender,1,9.17378011666438,0.0,0,0.0,1,0.0,0,0,0,0,1,15.830413711839864,0,0,0,3,0,20,0,0,0,0,1,0,1,0,0,0,0,0,0,0,0,0,1,0,0.0,0,0,1,0,0,0,0,0,0,0,0,0,0,0,0,0,0,0,1,0,0,0,0
319630,Life is Strange - Episode 1,1,5.68697535633982,0.0,0,0.0,0,0.0,0,0,0,0,1,15.830413711839864,0,1,0,2,0,20,0,1,0,0,1,0,0,0,0,0,0,0,0,0,0,1,0,0,0.0,0,0,0,0,0,0,0,0,0,0,1,1,1,1,0,0,1,0,0,1,0,0,0
1293830,Forza Horizon 4,1,8.489821994620105,0.0,1,0.0,0,0.0,0,0,0,1,1,15.830413711839864,0,0,0,1,1,20,0,1,1,0,0,0,0,0,0,0,0,1,0,0,0,0,0,0,0.0,0,1,0,0,0,0,0,0,0,1,1,1,1,0,0,0,0,0,0,0,0,0,0
1145360,Hades,1,7.720461694599722,24.99,0,24.99,0,24.99,0,1,0,0,0,15.830413711839864,0,1,0,3,0,20,0,1,0,0,1,0,1,0,0,0,1,0,0,0,1,1,0,0,0.0,0,0,0,0,0,0,0,0,0,0,1,1,0,0,0,0,0,0,0,0,0,0,0
671860,BattleBit Remastered,1,6.343880434126331,14.99,1,14.99,0,14.99,1,0,1,1,0,15.830413711839864,0,1,0,3,0,20,0,0,0,1,0,1,0,0,0,0,0,0,0,0,0,1,0,1,0.0,0,0,0,1,1,1,0,1,0,0,0,1,0,0,0,0,0,0,0,0,0,0,0
427520,Factorio,1,9.7066816015412,35.0,1,35.0,1,35.0,0,1,0,0,0,15.830413711839864,0,1,1,4,1,20,1,0,0,0,0,0,0,0,0,0,0,0,1,0,0,0,0,0,0.0,1,0,1,0,0,0,0,0,1,0,0,0,0,0,0,0,0,0,1,0,0,0,0
221380,Age of Empires II (Retired),1,7.731492029245684,19.99,1,19.99,1,19.99,0,0,0,0,0,15.830413711839864,0,0,1,1,0,20,0,0,0,0,0,0,0,1,0,0,0,1,0,0,0,0,0,0,0.0,0,0,0,0,0,0,0,0,0,0,0,1,1,0,1,0,0,0,0,0,0,0,0
231430,Company of Heroes 2,1,7.754052639035757,19.99,1,19.99,0,19.99,0,0,0,0,0,15.830413711839864,0,0,1,1,0,20,0,1,0,0,0,0,0,0,0,0,0,0,0,0,0,0,0,0,0.0,0,1,0,0,1,1,0,0,0,0,1,1,1,0,1,0,0,0,0,0,0,0,0
813820,Realm Royale,1,1.0986122886681098,0.0,1,0.0,0,0.0,1,0,0,1,1,15.830413711839864,0,0,1,3,1,20,0,0,0,1,0,1,0,0,0,0,0,0,1,1,0,1,1,0,0.0,0,1,0,1,0,0,0,1,0,0,0,1,0,0,0,0,0,0,0,0,0,0,0
594570,Total War: WARHAMMER II,1,7.289610521451167,59.99,1,59.99,0,59.99,0,0,0,0,0,15.830413711839864,0,0,1,2,0,20,0,1,0,0,1,0,0,0,0,0,0,0,0,0,0,1,0,0,0.0,0,0,0,0,0,1,0,0,0,0,1,1,0,0,0,0,0,0,0,0,0,0,0
391540,Undertale,1,8.111328003286733,9.99,0,2.49,1,2.49,0,1,0,0,0,15.830413711839864,0,1,0,2,0,20,1,1,1,0,1,0,0,0,1,0,1,0,0,0,1,0,0,0,0.7507507507507507,0,0,0,0,0,0,0,0,0,0,0,0,0,1,0,1,0,0,0,0,0,0,1
976730,Halo: The Master Chief Collection,1,8.12058871174027,39.99,1,39.99,0,39.99,0,0,0,0,0,15.830413711839864,0,0,1,1,0,20,0,1,0,0,1,1,0,1,0,0,0,1,0,0,0,1,0,0,0.0,0,1,0,0,0,0,0,1,0,0,1,1,1,0,0,0,0,0,0,0,0,0,1
646570,Slay the Spire,1,9.618402105931613,24.99,0,6.24,1,6.24,0,1,0,0,0,15.830413711839864,0,1,0,2,0,20,0,1,0,0,0,0,1,0,0,0,1,0,0,0,0,0,0,0,0.7503001200480193,0,0,0,0,0,0,0,0,0,0,0,0,0,0,0,0,0,0,0,0,0,0,0
588650,Dead Cells,1,7.847762537473608,24.99,0,12.49,1,12.49,0,1,0,0,0,15.830413711839864,0,1,0,3,0,20,1,0,1,0,0,0,1,0,0,0,0,0,0,0,0,1,0,0,0.5002000800320128,0,0,0,0,0,0,1,0,0,0,1,1,1,0,0,0,0,0,0,1,0,0,0
268910,Cuphead,1,7.640603826393634,19.99,1,19.99,1,19.99,0,1,0,0,0,15.830413711839864,0,1,1,2,0,20,0,1,1,0,0,0,1,0,0,0,0,0,0,0,0,1,0,0,0.0,0,0,0,0,0,0,1,0,0,0,0,1,0,0,0,0,0,0,0,0,1,0,0
500,Left 4 Dead,1,6.652863029353347,9.99,1,9.99,0,9.99,0,0,0,0,0,15.830413711839864,0,0,1,1,0,20,0,0,0,0,0,1,0,0,0,0,0,1,1,0,0,1,0,0,0.0,0,1,0,0,0,0,0,1,0,0,1,1,1,0,0,0,0,0,1,0,0,0,1
1118200,People Playground,1,8.41316512099219,9.99,0,9.99,1,9.99,0,1,0,0,0,15.830413711839864,0,1,0,4,0,20,1,0,1,0,0,0,0,0,1,0,0,0,0,0,0,1,0,0,0.0,0,0,1,0,0,0,0,0,1,0,0,1,0,0,0,1,0,0,1,0,0,1,1
620,Portal 2,1,7.580699752224563,9.99,0,9.99,0,9.99,0,0,0,0,0,15.830413711839864,1,0,1,2,0,20,0,0,1,0,1,1,0,0,1,0,0,1,0,0,0,1,0,0,0.0,0,0,0,0,0,0,1,0,0,0,1,1,1,0,0,0,0,0,0,1,0,0,0
1551360,Forza Horizon 5,1,9.211339872309265,59.99,1,59.99,0,59.99,0,0,0,1,0,15.830413711839864,0,0,1,5,1,20,0,0,0,0,0,0,0,0,0,0,0,1,0,0,0,1,0,0,0.0,0,1,0,0,0,0,0,0,0,1,1,1,1,0,0,0,0,0,0,1,0,0,0
1049590,Eternal Return,1,9.420763358881013,0.0,1,0.0,0,0.0,0,1,0,1,1,15.830413711839864,0,1,0,3,0,20,0,0,0,0,0,0,0,0,0,1,0,0,1,1,0,0,1,1,0.0,1,0,0,0,0,0,0,0,0,0,0,1,0,0,0,0,1,0,0,0,0,0,0
380,Half-Life 2: Episode One,1,2.9444389791664403,19.99,0,19.99,0,19.99,0,0,0,0,0,15.830413711839864,1,0,0,1,0,20,0,1,0,0,1,1,0,1,0,0,0,1,0,0,0,1,0,0,0.0,0,0,0,0,0,0,0,1,0,0,1,1,1,0,0,0,0,0,1,0,0,0,0
779340,Total War: THREE KINGDOMS,1,8.413608875159667,39.99,1,39.99,0,39.99,0,0,0,0,0,15.830413711839864,0,0,1,2,0,20,0,1,0,0,0,0,0,0,0,0,0,0,0,0,0,1,0,0,0.0,0,0,1,0,1,1,0,0,0,0,0,1,0,0,1,0,0,0,0,0,0,1,0
233450,Prison Architect,1,6.661854740545311,29.99,1,29.99,1,29.99,0,1,0,0,0,15.830413711839864,0,1,0,3,0,20,0,0,1,0,0,0,0,0,0,0,0,1,0,0,0,0,0,0,0.0,0,0,1,0,0,0,0,0,0,0,0,0,0,0,0,0,0,0,1,0,0,0,0
782330,DOOM Eternal,1,7.724446645633537,29.99,1,29.99,0,29.99,0,0,0,0,0,15.830413711839864,0,0,0,1,0,20,0,1,0,0,1,1,1,0,0,0,0,1,0,0,0,1,0,0,0.0,0,0,0,0,0,0,0,1,0,0,1,1,1,0,0,0,0,0,0,0,0,1,1
223710,Cry of Fear,1,6.0063531596017325,0.0,1,0.0,0,0.0,1,1,0,0,1,15.830413711839864,0,1,1,3,0,20,0,0,0,0,0,1,0,0,0,0,0,0,1,0,0,1,1,0,0.0,0,1,0,0,0,0,0,1,0,0,1,1,1,0,0,1,0,0,0,1,0,0,1
513710,SCUM,1,9.05204779298159,44.99,1,44.99,0,44.99,1,1,1,1,0,15.830413711839864,0,1,0,4,1,20,0,0,0,1,0,1,0,0,0,0,1,0,1,0,0,1,0,0,0.0,1,0,0,0,0,0,0,0,0,1,0,1,1,0,0,0,0,0,0,1,0,1,0
677620,Splitgate: Arena Warfare,1,5.225746673713202,0.0,1,0.0,0,0.0,0,1,0,1,1,15.830413711839864,0,1,1,3,0,20,0,0,0,0,0,1,0,0,0,0,0,0,0,1,0,1,1,0,0.0,0,1,0,0,0,0,0,1,0,0,0,1,0,0,0,0,0,0,0,0,0,1,0
1677740,Stumble Guys,1,7.982416346827733,0.0,1,0.0,0,0.0,1,1,1,1,1,15.830413711839864,0,1,1,6,0,20,0,0,1,0,0,0,0,0,0,0,0,0,1,1,0,1,1,1,0.0,0,1,0,0,0,0,0,0,1,0,0,1,0,0,0,0,0,1,0,0,1,0,0
109600,Neverwinter,1,6.501289670540389,0.0,1,0.0,0,0.0,1,0,1,1,1,15.830413711839864,0,0,1,5,1,20,0,0,0,0,0,0,0,0,0,1,1,0,0,1,1,1,1,1,0.0,0,0,0,0,0,0,0,0,0,0,1,1,1,0,0,0,0,0,0,1,0,0,0
420,Half-Life 2: Episode Two,1,3.044522437723423,19.99,1,19.99,0,19.99,0,0,0,0,0,15.830413711839864,1,0,0,1,0,20,0,1,0,0,1,1,0,1,0,0,0,1,0,0,0,1,0,0,0.0,0,0,0,0,0,0,0,1,0,0,1,1,1,0,0,0,0,0,0,0,0,0,1
397900,Business Tour - Board Game with Online Multiplayer,0,6.697034247666484,0.0,1,0.0,0,0.0,1,1,1,0,1,15.830413711839864,0,1,1,7,0,20,0,0,1,0,0,0,0,0,1,0,0,0,0,1,0,0,1,0,0.0,0,1,0,0,0,0,0,0,1,0,0,0,1,0,0,1,0,1,0,1,0,0,0
698780,Doki Doki Literature Club!,1,6.059123195581797,0.0,0,0.0,0,0.0,0,1,0,0,1,15.830413711839864,0,1,0,3,0,20,0,1,0,0,1,0,0,0,0,0,0,0,0,1,0,0,1,0,0.0,0,0,0,0,0,0,0,0,1,0,0,0,1,0,0,1,0,0,0,0,0,1,1
435150,Divinity: Original Sin 2 - Definitive Edition,1,8.163656176168432,44.99,0,44.99,0,44.99,0,0,0,1,0,15.830413711839864,0,0,0,3,0,20,0,0,1,0,1,0,0,0,0,0,1,0,0,0,1,0,0,1,0.0,0,0,0,0,0,0,0,0,0,0,0,0,0,1,0,0,0,0,1,1,0,0,0
1100600,Football Manager 2020,1,6.920671504248683,0.0,1,0.0,0,0.0,0,0,0,0,1,15.830413711839864,0,0,0,2,0,9,0,0,0,0,0,0,0,0,0,0,0,1,0,0,0,0,0,0,0.0,0,0,0,0,0,0,0,0,0,0,0,0,0,0,0,0,0,0,0,0,0,0,0
1604030,V Rising,1,9.302190025606063,34.99,1,34.99,0,34.99,1,0,1,1,0,15.830413711839864,0,0,1,3,1,20,0,0,0,0,0,0,0,0,0,0,0,0,1,0,0,1,0,0,0.0,1,1,1,0,0,0,0,0,0,0,0,1,1,0,0,0,0,0,0,1,0,0,0
534380,Dying Light 2 Stay Human: Reloaded Edition,1,8.348537825386098,59.99,1,59.99,0,59.99,0,0,0,0,0,15.830413711839864,0,0,1,3,1,20,0,0,0,0,0,0,0,0,0,0,0,0,1,0,1,1,0,0,0.0,0,0,0,0,0,0,0,0,0,0,0,1,1,1,0,0,0,0,0,1,0,1,1
766570,Russian Fishing 4,0,9.612533466213927,0.0,1,0.0,0,0.0,1,0,1,0,1,15.830413711839864,0,0,0,7,1,20,0,0,0,0,0,0,0,0,0,0,1,0,1,1,1,0,1,0,0.0,1,0,0,0,0,0,0,0,1,1,1,0,1,0,0,0,0,1,0,1,0,0,0
548430,Deep Rock Galactic,1,8.559677803022392,29.99,0,8.99,0,8.99,0,0,0,0,0,15.830413711839864,0,0,1,1,0,20,0,0,0,0,0,1,0,0,0,0,0,1,1,0,0,1,0,0,0.7002334111370457,0,0,0,0,0,0,0,1,0,0,1,1,0,0,0,0,0,0,0,0,0,0,1
294100,RimWorld,1,9.863290362784715,34.99,0,34.99,1,34.99,0,1,0,0,0,15.830413711839864,0,1,0,3,1,20,0,0,0,0,0,0,0,0,0,0,0,0,1,0,0,0,0,0,0.0,0,0,1,0,0,0,0,0,0,0,0,0,0,0,0,0,0,0,1,0,0,0,0
273110,Counter-Strike Nexon: Studio,0,5.91350300563827,0.0,1,0.0,0,0.0,0,1,1,1,1,15.830413711839864,0,0,1,5,0,20,0,0,1,0,0,1,0,0,0,0,0,0,0,1,0,1,1,0,0.0,0,1,1,0,0,0,0,1,1,0,0,1,0,0,0,0,0,0,0,0,0,0,1
868270,The Cycle: Frontier,0,1.0986122886681098,0.0,1,0.0,0,0.0,0,0,1,1,1,15.830413711839864,0,0,0,3,0,20,0,0,0,0,0,1,0,0,0,0,0,0,1,1,0,1,1,0,0.0,1,1,0,0,0,0,0,1,0,0,0,0,1,0,0,0,0,0,0,0,0,0,0
863550,HITMAN 2,1,5.236441962829949,0.0,1,0.0,0,0.0,0,0,0,0,1,15.830413711839864,1,0,1,1,1,20,0,1,1,0,0,0,0,0,0,0,0,0,0,0,0,1,0,0,0.0,0,1,1,0,0,0,0,1,0,0,1,1,0,0,0,0,0,0,0,0,0,1,0
1237970,Titanfall 2,1,7.068172000388042,29.99,1,29.99,0,29.99,0,0,0,1,0,15.830413711839864,0,0,1,1,0,20,0,0,0,0,0,1,0,0,0,0,0,1,0,0,0,1,0,0,0.0,0,0,0,0,1,0,0,1,0,0,0,1,0,0,0,0,0,0,0,0,0,1,0
555570,Infestation: The New Z,0,4.2626798770413155,0.0,1,0.0,0,0.0,1,1,1,1,1,15.830413711839864,0,1,1,5,1,20,0,0,0,0,0,1,0,0,0,0,1,0,1,1,1,1,1,0,0.0,0,0,0,0,0,0,0,1,0,0,0,1,1,0,0,0,0,0,0,0,0,1,1
10190,Call of Duty: Modern Warfare 2 (2009),1,5.25227342804663,19.99,1,14.99,0,14.99,0,0,0,1,0,15.830413711839864,0,0,1,1,0,20,0,1,0,0,1,1,0,0,0,0,0,1,0,0,0,1,0,0,0.25012506253126554,0,1,0,0,1,1,0,1,0,0,1,1,1,0,0,0,0,0,1,0,0,0,0
424840,Little Nightmares,1,5.407171771460119,19.99,0,19.99,0,19.99,0,0,0,0,0,15.830413711839864,1,1,0,1,0,20,0,1,0,0,1,0,0,0,0,0,0,1,0,0,0,0,0,0,0.0,0,0,0,0,0,0,1,0,0,0,1,1,1,0,0,1,0,0,0,1,0,0,1
2669320,EA SPORTS FC 25,0,10.646210303039341,69.99,1,69.99,0,69.99,0,0,0,1,0,15.830413711839864,0,0,1,2,0,20,0,0,0,0,0,0,0,0,0,0,0,1,0,0,0,0,1,0,0.0,0,1,0,0,0,0,0,0,0,1,0,0,0,0,0,0,0,1,0,0,0,0,0
518790,theHunter: Call of the Wild,1,7.699842407396986,19.99,1,2.99,0,2.99,0,0,0,0,0,15.830413711839864,0,0,1,3,1,20,0,0,0,0,0,1,0,0,0,0,0,0,1,0,0,0,0,0,0.8504252126063032,0,1,1,0,0,0,0,1,0,1,0,0,0,0,0,0,0,0,0,1,0,0,0
365590,Tom Clancy’s The Division,1,6.652863029353347,29.99,1,29.99,0,29.99,1,0,0,0,0,15.830413711839864,0,0,1,3,1,20,0,0,0,0,0,1,0,0,0,1,1,1,1,0,1,1,0,0,0.0,0,1,0,0,0,0,0,1,0,0,1,1,1,0,0,0,0,0,0,1,0,0,0
223470,POSTAL 2,1,5.771441123130016,9.99,1,9.99,0,9.99,0,1,0,0,0,15.830413711839864,0,0,0,3,1,20,0,0,1,0,0,1,0,1,1,0,0,0,0,0,0,1,0,0,0.0,0,0,1,0,0,0,0,1,0,0,0,1,1,0,0,0,0,0,1,1,0,1,0
241930,Middle-earth: Shadow of Mordor,1,6.091309882077698,19.99,0,19.99,0,19.99,0,0,0,0,0,15.830413711839864,0,0,0,0,1,20,0,0,0,0,1,0,0,0,0,0,1,0,0,0,0,0,0,0,0.0,0,0,1,0,0,0,0,0,0,0,1,1,1,0,0,0,0,0,0,0,0,0,0
346900,AdVenture Capitalist,1,7.01211529430638,0.0,0,0.0,1,0.0,0,1,0,0,1,15.830413711839864,0,0,0,3,0,20,0,0,1,0,0,0,0,0,1,0,0,0,0,1,0,0,1,1,0.0,0,0,0,0,0,0,0,0,1,0,0,0,1,0,0,0,1,1,0,0,0,0,0
3240220,Grand Theft Auto V Enhanced,0,10.584131897372295,29.99,1,14.99,0,14.99,0,0,0,1,0,15.830413711839864,0,0,1,3,1,20,0,0,1,0,0,0,0,0,1,0,0,1,0,0,0,1,0,0,0.5001667222407469,0,0,1,0,0,0,0,1,0,0,1,1,1,0,0,0,0,0,1,1,0,0,0
440900,Conan Exiles Enhanced,1,8.644354337032917,39.99,1,39.99,0,39.99,1,0,1,1,0,15.830413711839864,0,0,1,6,1,20,0,0,0,0,0,0,0,0,0,0,1,0,1,0,1,1,0,0,0.0,1,1,1,0,0,0,0,0,0,0,0,1,1,0,0,0,0,0,0,1,0,1,0
374320,DARK SOULS III,1,8.385260520155413,59.99,1,59.99,0,59.99,0,0,0,1,0,15.830413711839864,0,0,1,1,1,20,0,1,0,0,1,0,1,0,0,0,1,0,0,0,0,1,0,1,0.0,0,0,0,0,0,0,0,0,0,0,1,1,1,0,0,0,0,0,0,0,0,0,0
1868140,DAVE THE DIVER,1,8.122074375362217,19.99,0,19.99,1,19.99,0,0,0,0,0,15.830413711839864,0,1,0,4,0,20,1,0,1,0,1,0,0,0,0,0,1,0,0,0,1,0,0,0,0.0,1,0,0,0,0,0,0,0,1,0,0,1,1,0,0,0,0,0,0,1,0,0,0
304390,FOR HONOR,0,7.671826797878781,29.99,1,29.99,0,29.99,0,0,0,1,0,15.830413711839864,0,0,1,1,0,20,0,0,0,0,1,0,0,0,0,0,1,1,0,0,0,1,0,0,0.0,0,1,0,0,0,1,0,0,0,1,1,1,0,0,0,0,0,0,0,0,0,0,0
208090,Loadout,1,0.6931471805599453,0.0,1,0.0,0,0.0,1,1,0,0,1,15.830413711839864,0,1,1,3,0,20,0,0,1,0,0,0,0,0,1,0,0,0,0,1,0,1,1,1,0.0,1,0,0,0,0,0,0,1,0,0,0,1,0,0,0,0,0,0,0,0,0,0,0
48700,Mount & Blade: Warband,1,8.024862150286411,19.99,1,19.99,0,19.99,0,0,0,0,0,15.830413711839864,0,1,0,2,1,20,0,0,0,0,0,0,0,0,0,0,1,0,0,0,1,1,0,0,0.0,0,0,1,0,1,0,0,0,0,1,0,1,1,0,1,0,0,0,1,0,0,0,0
2630,Call of Duty 2,1,5.093750200806762,19.99,1,9.99,0,9.99,0,0,0,0,0,15.830413711839864,0,0,1,1,0,20,0,0,0,0,1,1,0,1,0,0,0,1,0,0,0,1,0,0,0.5002501250625312,0,1,0,0,1,1,0,1,0,0,1,1,1,0,1,0,0,0,0,0,0,1,0
12210,Grand Theft Auto IV: The Complete Edition,1,7.660585461703256,19.99,1,19.99,0,19.99,0,0,0,0,0,15.830413711839864,0,0,1,2,1,20,0,0,1,0,0,0,0,1,0,0,0,1,0,0,0,1,0,0,0.0,0,0,1,0,0,0,0,1,0,0,1,1,1,0,0,0,0,0,1,1,0,0,0
1144200,Ready or Not,1,8.365672383774996,49.99,1,24.99,0,24.99,0,1,0,0,0,15.830413711839864,0,0,1,3,0,20,0,0,0,0,0,1,0,0,0,0,0,0,0,0,0,1,0,0,0.5001000200040009,0,0,0,0,0,0,0,1,0,1,1,1,0,0,0,1,0,0,0,1,0,1,1
113400,APB Reloaded,0,4.718498871295094,0.0,1,0.0,0,0.0,1,0,1,1,1,15.830413711839864,0,0,1,3,1,20,0,0,0,0,0,1,0,0,0,0,0,0,0,1,0,1,1,1,0.0,0,0,1,0,0,0,0,1,0,0,0,1,1,0,0,0,0,0,0,0,0,0,0
1332010,Stray,1,6.212606095751519,29.99,0,29.99,0,29.99,0,1,0,0,0,15.830413711839864,1,1,0,2,1,20,0,0,0,0,0,0,0,0,0,0,0,1,0,0,0,0,0,0,0.0,0,0,0,0,0,0,0,0,0,0,1,1,1,0,0,0,0,0,0,1,1,0,1
206420,Saints Row IV: Re-Elected,1,4.770684624465665,19.99,1,19.99,0,19.99,0,0,0,0,0,15.830413711839864,0,0,1,2,1,20,0,1,1,0,0,0,0,0,1,0,0,1,0,0,0,1,0,1,0.0,0,1,1,0,0,0,0,0,0,0,0,1,1,0,0,0,0,0,0,1,0,0,0
380600,Fishing Planet,1,7.930925372483388,0.0,1,0.0,0,0.0,1,0,1,0,1,15.830413711839864,0,0,1,4,1,20,0,0,0,0,0,0,0,0,0,1,0,0,0,1,0,0,1,0,0.0,0,1,0,0,0,0,0,0,0,1,0,1,1,0,0,0,0,1,0,0,0,0,0
225540,Just Cause 3,1,6.461468176353717,19.99,1,19.99,0,19.99,0,0,0,0,0,15.830413711839864,0,0,1,2,1,20,0,1,1,0,0,0,0,0,1,0,1,1,0,0,0,1,0,0,0.0,0,0,1,0,0,0,0,1,0,0,1,1,1,0,0,0,0,0,1,1,0,0,0
286690,Metro 2033 Redux,1,7.097548850614793,19.99,1,19.99,0,19.99,0,0,0,0,0,15.830413711839864,0,0,0,1,1,20,0,0,0,0,1,1,0,1,0,0,0,1,1,0,0,1,0,0,0.0,0,0,0,0,0,0,0,1,0,0,1,1,1,0,0,0,0,0,0,0,0,0,1
223750,DCS World Steam Edition,1,6.456769655572163,0.0,1,0.0,0,0.0,1,0,0,0,1,15.830413711839864,0,0,1,2,1,20,0,0,0,0,0,1,0,0,0,0,0,0,0,1,0,0,1,0,0.0,0,0,1,0,1,1,0,1,0,1,0,1,0,0,0,0,0,0,0,0,0,0,0
1593500,God of War,1,7.2305631534092925,49.99,0,49.99,0,49.99,0,0,0,0,0,15.830413711839864,0,0,0,3,1,20,0,0,0,0,1,0,0,0,0,0,1,1,0,0,1,1,0,0,0.0,0,0,0,0,0,0,0,0,0,0,1,1,1,0,0,0,0,0,0,1,0,1,0
386180,Crossout,1,7.710653323501202,0.0,1,0.0,0,0.0,0,0,1,1,1,15.830413711839864,0,0,1,5,0,20,0,0,0,0,0,0,0,0,0,0,0,0,0,1,0,1,1,0,0.0,1,1,1,0,0,0,0,1,0,0,0,1,1,0,0,0,0,0,0,1,0,0,0
1238840,Battlefield 1,1,8.74973246437081,39.99,1,39.99,0,39.99,1,0,1,1,0,15.830413711839864,0,0,0,2,1,20,0,1,0,0,0,1,0,0,0,0,0,1,0,0,0,1,0,0,0.0,0,0,0,0,0,1,0,1,0,0,1,1,0,0,1,0,0,0,0,0,0,1,0
812140,Assassin's Creed Odyssey,1,7.874739125171811,59.99,1,59.99,0,59.99,0,0,0,0,0,15.830413711839864,0,0,0,3,1,20,0,0,0,0,1,0,0,0,0,0,1,1,0,0,1,1,0,0,0.0,0,0,0,0,0,0,0,0,0,0,0,1,1,1,1,0,0,0,0,1,0,0,0
1721470,Poppy Playtime,1,6.3784261836515865,0.0,0,0.0,0,0.0,0,1,0,0,1,15.830413711839864,1,1,0,3,0,20,0,0,0,0,0,0,0,0,0,0,0,0,1,0,0,1,1,0,0.0,0,0,0,0,0,0,0,0,0,0,1,1,1,0,0,1,0,0,0,1,0,0,1
960090,Bloons TD 6,1,8.921324076511265,13.99,1,13.99,1,13.99,0,0,0,0,0,15.068273812173887,0,0,1,1,0,20,0,1,1,0,0,0,1,0,0,0,0,0,1,0,0,0,0,0,0.0,0,1,1,0,0,0,0,0,0,0,0,1,0,0,0,0,0,1,0,0,0,0,0
55230,Saints Row: The Third,1,5.099866427824199,9.99,1,9.99,0,9.99,0,0,0,0,0,15.068273812173887,0,0,1,1,1,20,0,1,1,0,0,0,0,0,1,0,1,1,0,0,0,1,0,1,0.0,0,1,1,0,0,0,0,1,0,0,0,1,1,0,0,0,0,0,0,0,0,0,0
262060,Darkest Dungeon,1,8.255568653283746,24.99,0,24.99,1,24.99,0,1,0,0,0,15.068273812173887,0,1,0,3,0,20,0,0,0,0,0,0,1,0,0,0,1,0,0,0,1,0,0,0,0.0,0,0,0,0,0,0,0,0,0,0,1,0,0,0,0,0,0,0,0,0,0,0,1
761890,Albion Online,1,9.010058489805235,0.0,1,0.0,0,0.0,1,0,1,1,1,15.068273812173887,0,0,1,3,1,20,0,0,0,0,0,0,1,0,0,1,1,0,1,1,1,0,1,0,0.0,1,0,1,0,0,0,0,0,0,0,0,1,0,0,0,0,0,0,0,0,0,0,0
2001120,Split Fiction,1,8.608312784783722,49.99,1,49.99,0,49.99,0,0,0,0,0,15.068273812173887,0,0,1,2,0,20,0,0,1,0,1,0,0,0,0,0,0,1,0,0,0,1,0,0,0.0,0,1,0,0,0,0,1,0,0,0,0,1,1,0,0,0,0,0,0,1,0,0,0
281990,Stellaris,1,9.527192821727743,49.99,1,49.99,0,49.99,0,0,0,0,0,15.068273812173887,0,0,0,2,0,20,0,1,0,0,0,0,0,0,0,0,0,1,0,0,0,0,0,0,0.0,0,0,1,0,1,0,0,0,0,0,1,0,0,0,0,0,0,0,1,0,0,0,0
211820,Starbound,1,6.796823718274855,14.99,1,14.99,1,14.99,0,1,0,0,0,15.068273812173887,0,1,1,5,1,20,1,0,0,0,0,0,0,0,0,0,1,0,1,0,1,1,0,0,0.0,1,1,1,0,0,0,0,0,1,0,1,1,1,0,0,0,0,0,0,1,0,0,0
8190,Just Cause 2,1,4.51085950651685,14.99,1,14.99,0,14.99,0,0,0,0,0,15.068273812173887,0,0,1,2,1,20,0,0,1,0,0,1,0,0,1,0,0,1,0,0,0,1,0,0,0.0,0,0,1,0,0,0,0,1,0,0,1,1,1,0,0,0,0,0,1,1,0,0,0
6060,"STAR WARS Battlefront II (Classic, 2005)",1,5.780743515792329,9.99,1,9.99,0,9.99,0,0,0,0,0,15.068273812173887,0,0,1,1,0,20,0,1,0,0,0,1,0,1,0,0,0,0,0,0,0,1,0,0,0.0,0,0,0,0,1,0,0,1,0,0,0,1,1,0,0,0,0,0,1,0,0,0,0
508440,Totally Accurate Battle Simulator,1,7.170119543449628,19.99,0,19.99,0,19.99,0,1,0,0,0,15.068273812173887,0,1,0,3,0,20,0,0,1,0,0,0,0,0,1,0,0,0,0,0,0,0,0,0,0.0,0,0,1,0,0,1,0,0,0,1,0,1,1,0,1,0,0,1,0,0,1,0,0
115300,Call of Duty: Modern Warfare 3 (2011),1,0.0,39.99,1,15.99,0,15.99,1,0,0,0,0,15.068273812173887,0,0,1,1,0,20,0,0,0,0,1,1,0,0,0,0,0,1,1,0,0,1,1,0,0.6001500375093773,0,1,0,0,1,1,0,1,0,0,0,1,1,0,0,0,0,0,0,0,0,0,0
42910,Magicka,1,2.9444389791664403,9.99,1,9.99,0,9.99,0,0,0,0,0,15.068273812173887,0,1,1,2,0,20,0,0,1,0,0,0,1,0,1,0,1,1,0,0,1,1,0,0,0.0,0,1,0,0,0,0,0,0,0,0,0,1,1,0,0,0,0,0,0,0,0,0,0
39210,FINAL FANTASY XIV Online,1,9.89469904650305,19.99,1,19.99,0,19.99,1,0,1,0,0,15.068273812173887,0,0,1,2,1,20,0,0,0,0,1,0,0,0,0,1,1,1,0,0,1,0,0,1,0.0,1,1,0,0,0,0,0,0,0,0,1,1,1,0,0,0,0,0,0,0,0,0,0
1222680,Need for Speed Heat,1,7.234177179749849,69.99,1,69.99,0,69.99,0,0,0,1,0,15.068273812173887,0,0,1,4,1,20,0,0,0,0,0,0,0,0,0,0,0,1,0,0,0,1,0,1,0.0,0,1,0,0,0,0,0,0,0,0,1,1,1,0,0,0,0,0,0,1,0,0,0
351940,The Descendant,1,2.772588722239781,14.99,0,14.99,0,14.99,0,1,0,0,0,15.068273812173887,0,1,0,3,0,14,0,0,0,0,1,0,0,0,0,0,0,0,0,0,0,0,1,0,0.0,0,0,0,0,0,0,0,0,1,0,1,0,1,1,0,0,1,0,0,1,0,0,1
1250,Killing Floor,1,5.41610040220442,19.99,1,19.99,0,19.99,0,0,0,0,0,15.068273812173887,0,0,1,1,0,20,0,0,0,0,0,1,0,0,0,0,0,0,1,0,0,1,0,0,0.0,0,1,0,0,0,0,0,1,0,0,0,1,0,0,0,0,0,0,1,0,0,1,1
2623190,The Elder Scrolls IV: Oblivion Remastered,1,9.57644075656207,49.99,1,49.99,0,49.99,0,0,0,0,0,15.068273812173887,0,0,0,1,1,20,0,1,0,0,1,0,0,0,0,0,1,1,0,0,1,0,0,1,0.0,0,0,0,0,0,0,0,0,0,0,1,1,1,0,0,0,0,0,0,0,0,1,0
323190,Frostpunk,1,7.438383530044307,29.99,0,29.99,0,29.99,0,0,0,0,0,15.068273812173887,0,0,0,2,0,20,0,1,0,0,0,0,1,0,0,0,0,0,1,0,0,0,0,0,0.0,0,0,0,0,0,0,0,0,0,0,1,0,0,1,0,0,0,0,0,0,0,0,0
1716740,Starfield,0,8.223090551161533,49.99,0,49.99,0,49.99,0,0,0,0,0,15.068273812173887,0,0,0,1,1,20,0,1,0,0,1,0,0,0,0,0,1,1,0,0,1,0,0,1,0.0,0,0,0,0,0,0,0,0,0,1,1,1,1,0,0,0,0,0,1,0,0,0,0
813780,Age of Empires II: Definitive Edition,1,9.507923269105227,34.99,1,34.99,1,34.99,0,0,0,0,0,15.068273812173887,0,0,1,1,0,20,0,1,0,0,0,0,0,1,0,0,0,1,0,0,0,0,0,0,0.0,0,0,0,0,0,0,0,0,0,0,0,1,1,0,1,0,0,0,0,0,0,0,0
630,Alien Swarm,1,3.1780538303479458,0.0,1,0.0,0,0.0,0,0,0,0,1,15.068273812173887,0,0,1,2,0,20,0,0,0,0,0,0,0,0,0,0,0,1,1,1,0,1,1,0,0.0,0,1,0,0,0,0,0,1,0,0,0,1,1,0,0,0,0,0,1,0,0,0,0
57300,Amnesia: The Dark Descent,1,4.110873864173311,19.99,0,19.99,0,19.99,0,1,0,0,0,15.068273812173887,1,1,0,3,0,20,0,0,0,0,1,0,0,0,0,0,0,0,0,0,0,1,0,0,0.0,0,0,0,0,0,0,0,0,0,0,1,1,1,0,0,1,0,0,0,1,0,0,1
395170,DISTRAINT: Deluxe Edition,1,1.3862943611198906,4.99,0,0.69,1,0.69,0,1,0,0,0,15.068273812173887,1,1,0,3,0,20,1,0,0,0,1,0,0,0,0,0,0,0,0,0,0,0,0,0,0.8617234468937877,0,0,0,0,0,0,0,0,1,0,1,0,1,0,0,1,1,0,0,1,0,0,1
20920,The Witcher 2: Assassins of Kings Enhanced Edition,1,6.173786103901937,19.99,0,19.99,0,19.99,0,0,0,0,0,15.068273812173887,0,0,0,1,1,20,0,0,0,0,1,0,1,0,0,0,1,0,0,0,1,0,0,0,0.0,0,0,0,0,0,0,0,0,0,0,1,1,1,1,0,0,0,0,0,0,0,0,0
212680,FTL: Faster Than Light,1,7.356918242356021,9.99,0,9.99,1,9.99,0,1,0,0,0,15.068273812173887,0,1,0,3,0,20,0,0,0,0,0,0,1,0,0,0,0,0,1,0,0,0,0,0,0.0,0,0,0,0,0,0,0,0,0,0,0,0,1,0,0,0,0,0,0,0,0,0,0
504370,Battlerite,1,4.6443908991413725,0.0,1,0.0,0,0.0,0,0,0,1,1,15.068273812173887,0,0,0,2,0,20,0,1,0,1,0,0,1,0,0,0,1,0,0,1,0,1,1,0,0.0,0,0,0,0,0,0,0,0,0,0,1,1,0,0,0,0,0,0,0,0,0,0,0
286160,Tabletop Simulator,1,8.52158353971753,19.99,1,19.99,0,19.99,0,1,0,0,0,15.068273812173887,0,1,1,5,0,20,0,0,1,0,0,0,0,0,0,0,1,0,0,0,1,0,0,0,0.0,0,1,1,0,0,0,0,0,1,0,0,0,0,0,0,0,0,0,1,0,0,0,0
311690,Enter the Gungeon,1,7.061334366910438,14.99,1,14.99,1,14.99,0,1,0,0,0,15.068273812173887,0,1,1,3,0,20,1,0,1,0,0,0,1,0,0,0,0,1,0,0,0,1,0,0,0.0,0,0,0,0,0,0,0,1,0,0,0,1,0,0,0,0,0,0,0,1,0,0,0
355840,Survarium,0,0.0,0.0,1,0.0,0,0.0,1,0,1,1,1,15.068273812173887,0,0,1,5,1,20,0,0,0,1,0,1,0,0,0,0,1,0,1,1,1,1,1,0,0.0,1,0,0,1,0,0,0,1,0,0,1,1,1,0,0,0,0,0,0,0,0,0,0
1145350,Hades II,1,7.516977224604321,29.99,0,29.99,0,29.99,0,1,0,0,0,15.068273812173887,0,1,0,3,0,20,0,0,0,1,1,0,0,0,0,0,1,0,0,0,1,1,0,0,0.0,0,0,0,0,0,0,0,0,0,0,1,1,0,0,0,0,0,0,0,0,0,0,0
1366800,Crosshair X,1,10.631736397681422,9.99,1,9.99,0,9.99,0,1,0,1,0,15.068273812173887,0,1,0,5,0,20,0,0,0,0,0,1,0,0,0,0,0,0,1,0,0,1,0,0,0.0,0,0,1,0,0,1,0,1,0,0,0,1,1,0,0,0,0,0,0,1,0,0,0
1196590,Resident Evil Village,1,7.158513997329321,39.99,1,9.99,0,9.99,0,0,0,0,0,15.068273812173887,0,0,0,1,1,20,0,0,0,0,1,1,0,0,0,0,0,1,1,0,0,1,0,0,0.7501875468867216,0,0,0,0,0,0,0,0,0,0,1,1,1,0,0,1,0,0,0,0,0,1,1
613100,House Flipper,1,7.179307969504034,24.99,1,2.49,0,2.49,0,1,1,0,0,15.068273812173887,0,1,0,7,0,20,0,0,0,0,0,0,0,0,0,0,0,0,0,0,0,1,0,0,0.9003601440576231,0,0,1,0,0,0,0,0,1,1,0,0,0,0,0,0,0,1,1,1,0,0,0
1172380,STAR WARS Jedi: Fallen Order,1,7.2115567333138015,39.99,0,39.99,0,39.99,0,0,0,0,0,15.068273812173887,1,0,0,2,1,20,0,0,0,0,1,0,0,0,0,0,1,1,0,0,0,1,0,0,0.0,0,0,0,0,0,0,1,0,0,0,1,1,1,0,0,0,0,1,0,1,0,0,0
202970,Call of Duty: Black Ops II,1,5.476463551931511,39.99,1,19.99,0,19.99,1,0,0,0,0,15.068273812173887,0,0,1,1,0,20,0,1,0,0,0,1,0,0,0,0,0,1,1,0,0,1,0,0,0.5001250312578145,0,1,0,0,0,1,0,1,0,0,1,1,1,0,0,0,0,0,0,0,0,0,1
304430,INSIDE,1,4.867534450455582,24.99,0,24.99,0,24.99,0,1,0,0,0,15.068273812173887,1,1,0,3,0,20,0,0,0,0,1,0,0,0,0,0,0,0,0,0,0,1,0,0,0.0,0,0,0,0,0,0,1,0,0,0,1,1,1,0,0,0,0,0,0,1,0,0,1
3590,Plants vs. Zombies GOTY Edition,1,7.884952945759814,4.99,0,4.99,1,4.99,0,0,0,0,0,15.068273812173887,1,1,0,1,0,20,0,1,1,0,0,0,0,1,1,0,0,0,1,0,0,0,0,0,0.0,0,0,0,0,0,0,0,0,0,0,0,0,1,0,0,0,0,1,0,0,0,0,0
1260320,Party Animals,1,8.029758520440822,19.99,1,19.99,0,19.99,0,1,0,1,0,15.068273812173887,0,1,1,3,0,20,0,0,1,0,0,0,0,0,0,0,0,0,0,0,0,1,0,0,0.0,0,1,0,0,0,0,0,0,1,0,0,1,0,0,0,0,0,1,0,0,0,0,0
33930,Arma 2: Operation Arrowhead,1,4.736198448394496,19.99,1,3.99,0,3.99,0,0,0,0,0,15.068273812173887,0,0,1,3,1,20,0,0,0,0,0,1,1,0,0,0,0,0,0,0,0,1,0,0,0.80040020010005,0,0,1,0,1,1,0,1,0,1,0,1,0,0,0,0,0,0,1,0,0,0,0
212500,The Lord of the Rings Online,1,6.677083461247136,0.0,1,0.0,0,0.0,1,0,1,1,1,15.068273812173887,0,0,1,5,1,20,0,0,0,0,1,0,0,0,0,1,1,0,1,1,1,1,1,1,0.0,0,1,0,0,0,0,0,0,0,0,0,1,1,0,0,0,0,0,0,1,0,0,0
457140,Oxygen Not Included,1,8.928772900524256,24.99,1,24.99,1,24.99,0,1,0,0,0,15.068273812173887,0,1,0,2,1,20,0,0,0,0,0,0,1,0,0,0,0,0,1,0,0,0,0,0,0.0,0,0,1,0,0,0,0,0,0,0,0,0,1,0,0,0,0,0,0,0,0,0,0
620980,Beat Saber,1,6.049733455231958,19.99,1,19.99,0,19.99,0,1,0,1,0,15.068273812173887,0,1,0,1,0,20,0,1,0,1,0,0,1,0,0,0,0,0,0,0,0,0,0,0,0.0,0,0,0,0,0,0,0,0,0,0,0,1,0,0,0,0,0,0,1,0,0,0,0
1222140,Detroit: Become Human,1,7.76004068088038,39.99,0,39.99,0,39.99,0,0,0,0,0,15.068273812173887,0,0,0,2,0,20,0,1,0,0,1,0,0,0,0,0,0,0,0,0,0,1,0,0,0.0,0,0,0,0,0,0,0,0,0,0,1,0,1,1,0,0,0,0,0,1,0,1,0
1817070,Marvel’s Spider-Man Remastered,1,7.0825485693553,59.99,1,59.99,0,59.99,0,0,0,0,0,15.068273812173887,0,0,0,3,1,20,0,1,1,0,1,0,0,0,0,0,0,1,0,0,0,1,0,0,0.0,0,0,0,0,0,0,0,0,1,0,1,1,1,0,0,0,0,0,0,1,0,0,0
205100,Dishonored,1,5.666426688112432,9.99,0,9.99,0,9.99,0,0,0,0,0,15.068273812173887,0,0,0,2,1,20,0,0,0,0,1,1,0,0,0,0,1,1,0,0,0,1,0,0,0.0,0,0,0,0,0,0,0,1,0,0,1,1,1,0,0,0,0,0,0,1,0,0,0
24240,PAYDAY The Heist,1,3.6635616461296463,9.99,1,3.29,0,3.29,0,0,0,0,0,15.068273812173887,0,1,1,1,0,20,0,1,0,0,0,1,1,0,0,0,1,0,0,0,0,1,0,0,0.6706706706706707,0,1,0,0,0,0,0,1,0,0,0,1,1,0,0,0,0,0,0,0,0,0,0
1506830,FIFA 22,1,7.1853870155804165,0.0,1,0.0,0,0.0,0,0,0,1,1,15.068273812173887,0,0,1,2,0,20,0,0,0,0,0,0,0,0,0,0,0,1,0,0,0,0,0,0,0.0,0,1,0,0,0,0,0,0,0,1,0,0,0,0,0,0,0,1,0,0,0,0,0
871720,Ultimate Custom Night,1,5.303304908059076,0.0,0,0.0,0,0.0,0,1,0,0,1,15.068273812173887,0,1,0,3,0,20,0,0,1,0,1,0,1,0,0,0,0,0,1,1,0,1,1,1,0.0,0,0,0,0,0,0,0,0,0,0,1,1,0,0,0,1,1,0,0,0,0,0,1
962130,Grounded,1,7.781138509845015,39.99,1,39.99,0,39.99,0,0,0,0,0,15.068273812173887,0,0,1,2,1,20,0,0,1,1,0,0,0,0,0,0,1,1,1,0,0,1,0,0,0.0,1,1,1,0,0,0,0,0,0,0,0,1,1,0,0,0,0,0,0,1,0,0,1
356190,Middle-earth: Shadow of War,1,7.2485040723706105,49.99,1,49.99,0,49.99,0,0,0,0,0,15.068273812173887,0,0,0,3,1,20,0,0,0,0,1,0,0,0,0,0,1,0,0,0,1,1,0,0,0.0,0,0,0,0,0,1,0,0,0,0,1,1,1,0,0,0,0,0,0,1,0,1,0
274190,Broforce,1,5.648974238161206,14.99,1,14.99,1,14.99,0,1,0,0,0,15.068273812173887,0,1,1,4,0,20,1,0,1,0,0,0,0,0,1,0,0,1,0,0,0,1,0,0,0.0,0,0,0,0,0,0,1,1,1,0,0,1,1,0,0,0,0,0,0,1,0,0,0
234140,Mad Max,1,6.335054251498059,19.99,1,19.99,0,19.99,0,0,0,0,0,15.068273812173887,0,0,0,2,1,20,0,0,0,0,1,0,0,0,0,0,1,0,1,0,0,1,0,0,0.0,0,0,1,0,0,1,0,1,0,0,1,1,1,0,0,0,0,0,0,1,0,0,0
8500,EVE Online,1,8.217708406845306,0.0,1,0.0,0,0.0,1,0,1,1,1,15.068273812173887,0,0,0,5,1,20,0,0,0,0,0,0,0,0,0,1,1,0,0,1,1,1,1,1,0.0,0,0,1,0,0,1,0,0,0,0,0,1,0,0,0,0,0,0,0,0,0,0,0
552520,Far Cry 5,1,7.168579897264035,59.99,1,59.99,0,59.99,0,0,0,0,0,15.068273812173887,0,0,1,2,1,20,0,0,0,0,1,1,0,0,0,0,0,1,1,0,0,1,0,0,0.0,0,0,0,0,0,0,0,1,0,1,1,1,1,0,0,0,0,0,0,1,0,0,0
7670,BioShock,1,3.8066624897703196,19.99,0,19.99,0,19.99,0,0,0,0,0,15.068273812173887,0,0,0,2,0,20,0,1,0,0,1,1,0,1,0,0,1,1,0,0,1,1,0,0,0.0,0,0,0,0,0,0,0,1,0,0,1,1,1,0,0,0,0,0,0,0,0,0,1
760160,Vampire: The Masquerade - Bloodhunt,1,5.8944028342648505,0.0,1,0.0,0,0.0,0,0,0,1,1,15.068273812173887,0,0,0,2,0,20,0,0,0,0,0,0,0,0,0,0,0,0,1,1,0,1,1,1,0.0,0,0,0,0,0,0,0,1,0,1,0,1,0,0,0,0,0,0,0,0,0,0,0
270880,American Truck Simulator,1,8.816260208734581,19.99,1,19.99,0,19.99,0,1,0,0,0,15.068273812173887,0,0,0,2,1,20,0,0,0,0,0,0,0,0,0,0,0,0,0,0,0,0,0,0,0.0,0,0,0,0,0,0,0,0,0,1,1,0,1,0,0,0,0,1,1,0,0,0,0
1203620,Enshrouded,1,9.273784544532717,39.99,1,39.99,0,39.99,0,1,0,0,0,15.068273812173887,0,1,0,5,1,20,0,0,0,1,0,0,0,0,0,0,1,0,1,0,1,1,0,1,0.0,1,1,1,1,0,0,0,0,0,0,0,1,1,0,0,0,0,0,0,1,0,0,0
601510,Yu-Gi-Oh! Duel Links,1,7.526717561352706,0.0,1,0.0,0,0.0,1,0,0,0,1,15.068273812173887,0,0,0,2,0,20,0,1,0,0,0,0,0,0,0,1,1,1,0,1,0,0,1,0,0.0,0,1,0,0,0,0,0,0,0,0,0,1,1,0,0,1,0,0,0,0,0,0,0
397540,Borderlands 3,1,8.059908334578276,59.99,1,5.99,0,5.99,0,0,0,0,0,15.068273812173887,0,0,1,2,1,20,0,1,0,0,0,1,0,0,1,0,1,1,0,0,1,1,0,0,0.9001500250041673,0,1,0,0,0,0,0,1,0,0,0,1,1,0,0,0,0,0,0,0,0,1,0
12120,Grand Theft Auto: San Andreas,1,5.8971538676367405,0.0,1,0.0,0,0.0,0,0,0,0,1,15.068273812173887,0,0,0,1,1,20,0,1,1,0,1,0,0,1,1,0,0,1,0,0,0,1,0,0,0.0,0,0,1,0,0,0,0,1,0,0,1,1,1,0,0,0,0,0,1,0,0,0,0
236870,HITMAN,1,3.8501476017100584,0.0,0,0.0,0,0.0,0,0,0,0,1,15.068273812173887,0,0,0,1,1,20,0,1,0,0,1,0,0,0,0,0,0,0,0,0,0,1,0,0,0.0,0,0,1,0,0,0,0,1,0,0,1,1,1,0,0,0,0,0,0,0,0,0,0
674940,Stick Fight: The Game,1,5.583496308781699,4.99,1,4.99,1,4.99,0,1,0,1,0,15.068273812173887,0,1,1,3,0,20,0,1,1,0,0,0,0,0,0,0,0,0,0,0,0,1,0,0,0.0,0,1,0,0,0,0,0,1,1,0,0,1,0,0,0,0,0,0,0,0,0,0,0
884660,CRSED: F.O.A.D.,1,4.574710978503383,0.0,1,0.0,0,0.0,1,0,1,1,1,15.068273812173887,0,0,0,3,1,20,0,0,0,0,0,1,0,0,0,0,0,0,1,1,0,1,1,0,0.0,0,0,0,0,0,0,0,1,0,1,1,1,0,0,0,0,0,0,0,0,0,1,0
701160,Kingdom Two Crowns,1,7.174724309836376,19.99,1,19.99,0,19.99,0,1,0,0,0,15.068273812173887,0,0,1,4,0,20,1,0,0,0,0,0,0,0,0,0,0,1,1,0,0,0,0,0,0.0,0,1,0,0,0,0,0,0,0,0,1,0,1,0,0,0,0,0,0,1,0,0,0
1832640,Mirror 2: Project X,0,2.4849066497880004,1.99,0,1.99,0,1.99,0,1,0,0,0,15.068273812173887,0,1,0,4,0,20,0,0,0,1,1,1,0,0,0,0,1,0,0,0,1,0,0,0,0.0,0,0,0,1,0,0,0,1,0,0,0,0,1,0,0,0,0,0,0,1,1,0,0
208650,Batman: Arkham Knight,1,7.370230641807081,19.99,0,19.99,0,19.99,0,0,0,0,0,15.068273812173887,1,0,0,2,1,20,0,0,0,0,1,0,0,0,0,0,0,0,0,0,0,1,0,0,0.0,0,0,1,0,0,0,0,0,0,0,1,1,1,0,0,0,0,0,0,1,0,0,1
48000,LIMBO,1,4.418840607796598,12.49,0,12.49,1,12.49,0,1,0,0,0,15.068273812173887,1,1,0,3,0,20,0,0,0,0,0,0,1,0,0,0,0,0,0,0,0,1,0,0,0.0,0,0,0,0,0,0,1,0,0,0,1,1,1,0,0,0,0,0,0,1,0,0,1
2379780,Balatro,1,9.748236267264836,14.99,0,14.99,1,14.99,0,1,0,0,0,15.068273812173887,0,1,0,3,0,20,1,0,0,0,0,0,1,0,0,0,0,0,0,0,0,0,0,0,0.0,0,0,0,0,0,0,0,0,1,0,0,0,0,1,0,0,0,0,0,0,0,0,0
298110,Far Cry 4,1,6.326149473155099,29.99,1,29.99,0,29.99,0,0,0,0,0,15.068273812173887,0,0,1,2,1,20,0,0,0,0,1,1,0,0,0,0,1,1,1,0,0,1,0,0,0.0,1,1,1,0,0,0,0,1,0,0,1,1,1,0,0,0,0,0,0,1,0,0,0
42710,Call of Duty: Black Ops,1,5.365976015021851,39.99,1,19.99,0,19.99,1,0,0,0,0,15.068273812173887,0,0,1,1,0,20,0,0,0,0,1,1,0,0,0,0,0,1,0,0,0,1,0,0,0.5001250312578145,0,1,0,0,1,1,0,1,0,0,0,1,1,0,0,0,0,0,0,0,0,0,1
200710,Torchlight II,1,5.594711379601839,19.99,1,19.99,0,19.99,0,1,0,0,0,15.068273812173887,0,1,1,4,0,20,0,0,0,0,0,0,0,0,0,0,1,0,0,0,1,1,0,1,0.0,0,1,0,0,0,0,0,0,0,0,1,1,1,0,0,0,0,0,1,1,0,0,0
203770,Crusader Kings II,1,7.2254814727822945,0.0,1,0.0,0,0.0,0,0,0,0,1,15.068273812173887,0,0,0,4,0,20,0,1,0,0,0,0,0,0,0,0,1,1,0,1,1,0,1,1,0.0,0,0,1,0,0,0,0,0,0,0,0,0,0,0,1,0,0,0,1,0,0,0,0
1903340,Clair Obscur: Expedition 33,1,10.235700732236957,49.99,0,49.99,0,49.99,0,0,0,0,0,15.068273812173887,0,0,0,2,0,20,0,1,0,0,1,0,0,0,0,0,1,0,0,0,1,1,0,1,0.0,0,0,0,0,0,0,0,0,0,1,0,1,1,0,0,0,0,0,0,0,0,0,0
244850,Space Engineers,1,8.343315881404946,19.99,1,19.99,0,19.99,0,1,0,0,0,15.068273812173887,0,1,1,4,1,20,0,0,0,1,0,0,0,0,0,0,0,0,1,0,0,1,0,0,0.0,1,0,1,0,0,0,0,0,0,0,0,1,1,0,0,0,0,0,0,0,0,0,0
1366540,Dyson Sphere Program,1,7.902487437162855,19.99,0,19.99,0,19.99,0,1,0,0,0,15.068273812173887,0,1,0,4,1,20,0,0,0,1,0,0,0,0,0,0,0,0,0,0,0,0,0,0,0.0,0,0,1,1,0,0,0,0,0,0,0,0,0,0,0,0,0,0,0,0,0,0,0
2709570,Supermarket Together,1,8.45638105201948,0.0,1,0.0,0,0.0,0,1,0,0,1,15.068273812173887,0,1,0,4,0,20,0,0,0,0,0,0,0,0,0,0,0,0,0,1,0,0,1,0,0.0,0,1,1,0,0,0,0,0,1,1,0,0,0,0,0,0,0,0,0,0,0,0,0
201270,Total War: SHOGUN 2,1,0.0,29.99,1,29.99,0,29.99,0,0,0,0,0,15.068273812173887,0,0,1,1,0,20,0,1,0,0,0,0,0,0,0,0,0,0,0,0,0,0,0,0,0.0,0,0,0,0,1,0,0,0,0,0,0,1,0,0,1,0,0,0,1,0,0,0,0
389730,TEKKEN 7,1,6.396929655216146,39.99,1,5.99,0,5.99,0,0,0,0,0,15.068273812173887,0,0,0,2,0,20,0,1,0,0,1,0,1,0,0,0,0,1,0,0,0,1,0,1,0.8502125531382845,0,0,0,0,0,0,0,0,0,0,1,1,0,0,0,0,0,0,0,0,0,0,0
10090,Call of Duty: World at War,1,6.073044534100405,19.99,1,14.99,0,14.99,0,0,0,0,0,15.068273812173887,0,0,1,1,0,20,0,1,0,0,0,1,0,1,0,0,0,1,1,0,0,1,0,0,0.25012506253126554,0,1,0,0,0,1,0,1,0,0,0,1,1,0,1,0,0,0,1,0,0,0,1
1259420,Days Gone,1,7.3783837129967145,39.99,1,39.99,0,39.99,0,0,0,0,0,15.068273812173887,0,0,0,2,1,20,0,0,0,0,1,0,0,0,0,0,0,1,1,0,0,1,0,0,0.0,1,0,0,0,0,0,0,0,0,0,0,1,1,0,0,0,0,0,0,1,0,1,1
261640,Borderlands: The Pre-Sequel,1,6.082218910376446,39.99,1,39.99,0,39.99,0,0,0,0,0,15.068273812173887,0,0,1,2,1,20,0,0,1,0,0,1,0,0,1,0,1,0,0,0,1,1,0,0,0.0,0,1,0,0,0,0,0,1,0,0,1,1,1,0,0,0,0,0,0,0,0,0,0
220200,Kerbal Space Program,1,7.520234556474628,39.99,0,39.99,0,39.99,0,1,0,0,0,15.068273812173887,0,1,0,2,1,20,0,0,1,0,0,0,1,0,1,0,0,0,0,0,0,0,0,0,0.0,0,0,1,0,0,0,0,0,0,0,0,0,1,0,0,0,0,0,1,0,0,0,0
1142710,Total War: WARHAMMER III,1,9.731690419198387,59.99,1,59.99,0,59.99,0,0,0,1,0,15.068273812173887,0,0,1,2,0,20,0,0,0,0,0,0,0,0,0,0,0,0,0,0,0,1,0,0,0.0,0,1,0,0,0,1,0,0,0,0,1,1,0,0,0,0,0,0,0,0,1,0,0
265630,Fistful of Frags,1,3.9889840465642745,0.0,1,0.0,0,0.0,1,1,0,1,1,15.068273812173887,0,0,1,3,0,20,0,0,1,0,0,1,0,0,1,0,0,0,1,1,0,1,1,0,0.0,0,1,0,0,0,0,0,1,0,0,0,1,1,0,1,0,0,0,0,0,0,0,0
219150,Hotline Miami,1,6.003887067106539,9.99,0,9.99,1,9.99,0,1,0,0,0,15.068273812173887,0,1,0,2,0,20,1,1,0,0,0,0,1,0,0,0,0,1,0,0,0,1,0,0,0.0,0,0,0,0,0,0,0,1,0,0,1,1,0,0,0,0,0,0,0,0,0,1,0
312990,The Expendabros,1,3.044522437723423,0.0,1,0.0,1,0.0,0,1,0,0,1,15.068273812173887,0,1,1,4,1,20,1,0,1,0,0,0,0,1,1,0,0,1,0,1,0,1,1,0,0.0,0,0,0,0,0,0,1,1,0,0,0,1,1,0,0,0,0,0,0,1,0,0,0
418460,Rising Storm 2: Vietnam,1,6.1092475827643655,24.99,1,24.99,0,24.99,1,0,1,1,0,15.068273812173887,0,0,0,4,0,20,0,0,0,0,0,1,0,0,0,0,0,0,0,0,0,1,0,0,0.0,0,0,0,0,1,1,0,0,0,1,1,1,0,0,1,0,0,0,0,0,0,0,1
211500,RaceRoom Racing Experience,1,6.068425588244111,0.0,1,0.0,0,0.0,1,0,0,1,1,15.068273812173887,0,0,1,4,0,20,0,0,0,0,0,0,1,0,0,0,0,0,0,1,0,0,1,0,0.0,0,0,0,0,0,0,0,0,0,1,0,0,0,0,0,0,0,0,0,0,0,0,0
506540,Last Man Standing,0,0.0,0.0,1,0.0,0,0.0,1,1,1,1,1,15.068273812173887,0,1,1,6,1,20,0,0,0,0,0,1,0,0,0,0,0,0,1,1,0,1,1,0,0.0,0,0,0,0,0,0,0,1,0,0,0,1,1,0,0,0,0,0,0,1,0,1,0
20900,The Witcher: Enhanced Edition Director's Cut,1,6.424869023905388,9.99,0,9.99,0,9.99,0,0,0,0,0,15.068273812173887,0,0,0,2,1,20,0,1,0,0,1,0,0,1,0,0,1,0,0,0,1,1,0,0,0.0,0,0,0,0,0,0,0,0,0,0,1,1,1,1,0,0,0,0,0,0,0,0,0
552500,Warhammer: Vermintide 2,1,7.661527081358517,29.99,1,29.99,0,29.99,0,1,0,0,0,15.068273812173887,0,0,1,3,0,20,0,0,0,0,0,1,0,0,0,0,1,0,0,0,1,1,0,0,0.0,0,1,0,0,0,0,0,0,0,0,1,1,0,0,0,0,0,0,0,0,0,0,0
1057090,Ori and the Will of the Wisps,1,6.548219102762372,29.99,0,29.99,1,29.99,0,0,0,0,0,15.068273812173887,1,1,0,1,1,20,0,1,0,0,1,0,1,0,0,0,0,1,0,0,0,1,0,0,0.0,0,0,0,0,0,0,1,0,0,0,1,1,1,0,0,0,0,0,0,0,0,0,0
359320,Elite Dangerous,1,8.48590890137647,19.99,1,19.99,0,19.99,1,0,1,0,0,15.068273812173887,0,0,0,6,1,20,0,0,0,0,0,0,1,0,0,0,1,0,0,0,1,1,0,0,0.0,0,1,1,0,0,0,0,0,0,0,0,1,1,0,0,0,0,0,0,1,0,0,0
214950,Total War: ROME II - Emperor Edition,1,8.269244521183056,29.99,1,29.99,0,29.99,0,0,0,0,0,15.068273812173887,0,0,1,1,0,20,0,0,0,0,0,0,0,0,0,0,0,0,0,0,0,0,0,0,0.0,0,1,0,0,0,1,0,0,0,0,1,1,0,0,1,0,0,0,1,0,0,0,0
9480,Saints Row 2,1,4.564348191467836,9.99,1,9.99,0,9.99,0,0,0,0,0,15.068273812173887,0,0,1,1,1,20,0,1,1,0,0,0,0,0,1,0,0,1,0,0,0,1,0,1,0.0,0,1,1,0,0,0,0,1,0,0,0,1,1,0,0,0,0,0,1,0,0,0,0
245170,Skullgirls 2nd Encore,1,4.727387818712341,24.99,1,24.99,1,24.99,0,1,0,0,0,15.068273812173887,0,1,0,2,0,20,0,0,0,0,1,0,0,0,0,0,0,0,0,0,0,1,0,0,0.0,0,0,0,0,0,0,0,0,0,0,0,1,0,0,0,0,0,0,0,0,0,0,0
207610,The Walking Dead,1,6.421622267806518,14.99,0,14.99,0,14.99,0,0,0,0,0,15.068273812173887,0,0,0,1,0,20,0,0,0,0,1,0,0,0,0,0,0,0,1,0,0,0,0,0,0.0,0,0,0,0,0,0,0,0,0,0,1,1,1,1,0,0,1,0,0,1,0,0,1
35450,Red Orchestra 2: Heroes of Stalingrad with Rising Storm,1,4.532599493153256,19.99,1,19.99,0,19.99,0,0,1,0,0,15.068273812173887,0,0,0,3,0,20,0,0,0,0,0,1,0,0,0,0,0,0,0,0,0,1,0,0,0.0,0,0,0,0,1,1,0,1,0,1,1,1,0,0,1,0,0,0,0,0,0,0,0
285900,Gang Beasts,1,5.932245187448011,19.99,1,19.99,0,19.99,0,1,0,0,0,15.068273812173887,0,1,1,5,0,20,0,0,1,0,0,0,0,0,1,0,0,0,0,0,0,1,0,0,0.0,0,0,0,0,0,0,0,0,1,0,0,0,0,0,0,0,0,1,0,1,1,0,0
232090,Killing Floor 2,1,8.413830678421084,29.99,1,29.99,0,29.99,0,0,0,0,0,15.068273812173887,0,0,1,1,0,20,0,0,0,0,0,1,0,0,0,0,0,0,1,0,0,1,0,1,0.0,0,1,0,0,0,0,0,1,0,0,1,1,0,0,0,0,0,0,1,0,0,0,1
42680,Call of Duty: Modern Warfare 3 (2011),1,5.8805329864007,39.99,1,15.99,0,15.99,0,0,0,0,0,15.068273812173887,0,0,1,1,0,20,0,0,0,0,1,1,0,0,0,0,0,1,1,0,0,1,0,0,0.6001500375093773,0,1,0,0,1,1,0,1,0,0,0,1,1,0,0,0,1,1,0,0,0,0,0
918570,Century: Age of Ashes,1,4.007333185232471,0.0,1,0.0,0,0.0,0,1,0,1,1,15.068273812173887,0,1,0,4,0,20,0,0,0,1,0,0,0,0,0,0,0,0,0,1,0,1,1,1,0.0,0,1,0,0,0,0,0,1,0,0,0,1,0,0,0,0,0,0,0,0,0,0,0
1771300,Kingdom Come: Deliverance II,1,8.864181369765426,59.99,0,59.99,0,59.99,0,0,0,0,0,15.068273812173887,0,0,0,3,1,20,0,0,0,0,1,0,0,0,0,0,1,1,0,0,1,1,0,0,0.0,0,0,0,0,0,0,0,0,0,1,1,1,1,1,1,0,0,0,0,1,0,0,0
447040,Watch_Dogs 2,1,6.761572768804055,49.99,1,49.99,0,49.99,0,0,0,0,0,15.068273812173887,0,0,1,2,1,20,0,0,1,0,1,1,0,0,0,0,0,1,0,0,0,1,0,0,0.0,0,0,1,0,0,0,0,1,0,0,1,1,1,0,0,0,0,0,0,1,0,0,0
200510,XCOM: Enemy Unknown,1,6.3818160174060985,14.99,1,14.99,0,14.99,0,0,0,0,0,15.068273812173887,0,0,0,1,0,20,0,0,0,0,0,0,1,0,0,0,1,0,0,0,0,0,0,1,0.0,0,0,0,0,0,0,0,0,0,0,1,1,0,0,0,0,0,0,0,0,0,0,0
361420,ASTRONEER,1,6.8966943316227125,29.99,1,29.99,0,29.99,0,1,0,0,0,15.068273812173887,0,1,1,2,1,20,0,0,0,0,0,0,0,0,0,0,0,0,1,0,0,0,0,0,0.0,1,0,1,0,0,0,0,0,0,0,1,0,1,0,0,0,0,0,0,1,1,0,0
209080,Guns of Icarus Online,1,2.833213344056216,4.99,1,4.99,0,4.99,1,1,0,1,0,15.068273812173887,0,1,1,4,0,20,0,0,0,0,0,1,0,0,0,0,0,0,0,0,0,1,0,0,0.0,0,1,0,0,0,0,0,1,0,0,0,1,1,0,0,0,0,0,0,1,0,0,0
307780,Mortal Kombat X,1,6.056784013228625,19.99,1,3.99,0,3.99,0,0,0,0,0,15.068273812173887,0,0,0,1,0,20,0,1,0,0,0,0,0,0,0,0,0,0,0,0,0,1,0,0,0.80040020010005,0,1,0,0,0,0,0,0,0,0,1,1,0,0,0,0,0,0,0,0,0,1,1
335240,Transformice,1,7.158513997329321,0.0,1,0.0,1,0.0,1,1,1,0,1,15.068273812173887,1,1,1,3,0,20,0,0,1,0,0,0,0,0,1,0,0,0,1,1,0,0,1,0,0.0,0,1,0,0,0,0,1,0,0,0,0,1,1,0,0,0,0,1,0,0,0,0,0
403640,Dishonored 2,1,5.733341276897746,29.99,0,29.99,0,29.99,0,0,0,0,0,15.068273812173887,0,0,0,1,1,20,0,1,0,0,1,0,0,0,0,0,0,1,0,0,0,1,0,0,0.0,0,0,0,0,0,0,0,0,0,0,1,1,1,0,0,0,0,0,0,0,0,0,0
99900,Spiral Knights,1,4.890349128221754,0.0,1,0.0,0,0.0,1,1,1,0,1,15.068273812173887,0,1,1,7,1,20,0,1,0,0,0,0,0,0,0,1,1,0,0,1,1,1,1,0,0.0,0,1,0,0,0,0,0,0,1,0,0,1,1,0,0,0,0,0,0,1,0,0,0
1289310,Helltaker,1,4.330733340286331,0.0,0,0.0,1,0.0,0,1,0,0,1,15.068273812173887,1,1,0,3,0,20,0,1,1,0,0,0,1,0,1,0,0,0,0,1,0,0,1,0,0.0,0,0,0,0,0,0,0,0,0,0,0,0,1,0,0,0,0,0,0,1,0,0,0
287700,METAL GEAR SOLID V: THE PHANTOM PAIN,1,7.195937226475569,29.99,1,17.99,0,17.99,0,0,0,0,0,15.068273812173887,0,0,0,2,1,20,0,1,0,0,1,0,0,0,0,0,0,1,0,0,0,1,0,0,0.40013337779259756,0,0,1,0,0,0,0,1,0,0,1,1,1,0,0,0,0,0,0,1,0,0,0
460930,Tom Clancy's Ghost Recon Wildlands,1,7.273786317844895,49.99,1,49.99,0,49.99,0,0,0,1,0,15.068273812173887,0,0,1,2,1,20,0,0,0,0,0,1,0,0,0,0,0,1,1,0,0,1,0,0,0.0,0,1,1,0,1,0,0,1,0,0,1,1,1,0,0,0,0,0,0,1,0,0,0
219740,Don't Starve,1,7.29505641646263,9.99,1,9.99,1,9.99,0,1,0,0,0,15.068273812173887,0,1,0,3,1,20,0,0,0,0,0,0,1,0,0,0,0,0,1,0,0,0,0,0,0.0,1,0,1,0,0,0,0,0,0,0,0,0,1,0,0,0,0,0,1,1,0,0,1
96000,The Tiny Bang Story,1,2.3978952727983707,4.99,0,4.99,1,4.99,0,1,0,0,0,15.068273812173887,1,1,0,3,0,20,0,0,0,0,1,0,0,0,0,0,0,0,0,0,0,0,0,0,0.0,0,0,0,0,0,0,0,0,1,0,1,0,1,0,0,0,1,1,0,1,0,0,0
35720,Trine 2: Complete Story,1,2.9444389791664403,19.99,1,3.99,1,3.99,0,1,0,0,0,15.068273812173887,1,1,1,3,0,20,0,1,0,0,0,0,0,0,0,0,1,0,0,0,0,1,0,0,0.80040020010005,0,1,0,0,0,0,1,0,0,0,1,1,1,0,0,0,0,0,0,1,0,0,0
880940,Pummel Party,1,7.00033446027523,14.99,1,14.99,0,14.99,0,1,0,0,0,15.068273812173887,0,1,1,3,0,20,0,0,1,0,0,0,0,0,1,0,0,0,0,0,0,1,0,0,0.0,0,1,0,0,0,0,0,0,1,0,0,1,0,0,0,0,0,0,0,0,1,0,0
387990,Scrap Mechanic,1,6.813444599510896,28.99,1,28.99,0,28.99,0,1,0,0,0,15.068273812173887,0,1,1,4,1,20,0,0,1,1,0,0,0,0,0,0,0,0,1,0,0,1,0,0,0.0,1,1,1,0,0,0,0,0,0,0,0,1,1,0,0,0,0,0,1,1,0,0,0
686810,Hell Let Loose,1,8.125926802707886,49.99,1,49.99,0,49.99,1,1,1,1,0,15.068273812173887,0,1,0,5,0,20,0,0,0,0,0,1,0,0,0,0,0,1,0,0,0,1,0,0,0.0,0,0,0,0,1,1,0,1,0,1,0,1,0,0,1,0,0,0,0,0,0,1,0
409710,BioShock Remastered,1,5.8998973535824915,19.99,0,19.99,0,19.99,0,0,0,0,0,15.068273812173887,0,0,0,2,0,20,0,1,0,0,1,1,0,1,0,0,1,0,0,0,1,1,0,0,0.0,0,0,0,0,0,0,0,1,0,0,1,1,1,0,0,0,0,0,0,0,0,0,1
418370,Resident Evil 7 Biohazard,1,6.675823221634848,19.99,1,7.99,0,7.99,0,0,0,0,0,15.068273812173887,1,0,0,2,0,20,0,0,0,0,1,1,0,1,0,0,0,1,1,0,0,1,0,0,0.6003001500750375,0,0,0,0,0,0,0,1,0,0,1,1,1,0,0,1,0,0,0,1,0,1,1
50130,Mafia II (Classic),1,5.337538079701318,29.99,1,29.99,0,29.99,0,0,0,0,0,15.068273812173887,0,0,0,1,1,20,0,1,0,0,1,0,0,1,0,0,0,1,0,0,0,1,0,0,0.0,0,0,1,0,0,0,0,1,0,0,1,1,1,0,0,0,0,0,0,0,0,0,0
1454400,Cookie Clicker,1,9.16785032035523,4.99,0,4.99,1,4.99,0,1,0,0,0,15.068273812173887,0,1,0,4,0,20,1,0,1,0,0,0,0,0,1,0,0,0,0,0,0,0,0,0,0.0,0,0,0,0,0,0,0,0,1,0,0,0,0,0,0,0,0,0,0,0,1,0,1
379430,Kingdom Come: Deliverance,1,7.83241092718792,29.99,0,29.99,0,29.99,0,0,0,0,0,15.068273812173887,0,1,0,3,1,20,0,0,0,0,1,0,0,0,0,0,1,0,0,0,1,1,0,0,0.0,0,0,0,0,0,0,0,0,0,1,1,1,1,1,1,0,0,0,0,1,0,0,0
274170,Hotline Miami 2: Wrong Number,1,6.082218910376446,14.99,0,14.99,1,14.99,0,1,0,0,0,15.068273812173887,0,1,0,2,0,20,1,1,0,0,0,0,1,0,0,0,0,1,0,0,0,1,0,0,0.0,0,0,0,0,0,0,0,1,0,0,1,1,0,0,0,0,0,0,0,0,0,1,0
232770,POSTAL,1,3.7376696182833684,67.95,0,67.95,0,67.95,0,1,0,0,0,15.068273812173887,0,0,0,2,0,20,0,0,0,0,0,0,1,0,1,0,0,0,0,0,0,1,0,0,0.0,0,0,0,0,0,0,0,1,0,0,1,1,0,0,0,1,0,0,0,0,0,0,1
1363080,Manor Lords,1,7.589841512182657,39.99,0,25.99,0,25.99,0,0,0,0,0,15.068273812173887,0,0,0,3,1,20,0,0,0,1,0,0,0,0,0,0,0,0,1,0,0,0,0,0,0.3500875218804702,0,0,1,1,0,0,0,0,0,0,0,0,0,0,1,0,0,0,1,0,0,0,0
289650,Assassin's Creed Unity,1,5.924255797414532,29.99,1,29.99,0,29.99,0,0,0,0,0,15.068273812173887,0,0,1,2,1,20,0,1,0,0,1,0,0,0,0,0,1,1,0,0,0,1,0,0,0.0,0,1,0,0,0,0,0,0,0,0,1,1,1,0,1,0,0,0,0,1,0,0,0
17410,Mirror's Edge,1,3.784189633918261,19.99,0,19.99,0,19.99,0,0,0,0,0,15.068273812173887,1,0,0,2,0,20,0,1,0,0,0,0,0,0,0,0,0,1,0,0,0,1,0,0,0.0,0,0,0,0,0,0,1,0,0,0,1,1,1,0,0,0,0,0,0,1,1,0,0
4560,Company of Heroes - Legacy Edition,1,4.189654742026425,36.99,1,36.99,0,36.99,0,0,0,0,0,15.068273812173887,0,0,1,2,0,20,0,0,0,0,0,0,0,1,0,0,0,1,0,0,0,1,0,0,0.0,0,0,0,0,1,1,0,0,0,0,0,1,0,0,1,0,0,0,1,0,0,1,0
2479810,Gray Zone Warfare,0,8.928507824313293,39.99,1,27.99,0,27.99,1,0,1,1,0,15.068273812173887,0,0,0,4,1,20,0,0,0,1,0,1,0,0,0,1,0,0,1,0,0,1,0,0,0.3000750187546887,0,1,0,1,1,1,0,1,0,1,0,1,0,0,0,0,0,0,0,0,0,0,0
233130,Shadow Warrior,1,3.044522437723423,29.99,0,29.99,0,29.99,0,0,0,0,0,15.068273812173887,0,0,0,2,0,20,0,1,1,0,0,1,0,1,1,0,0,1,0,0,0,1,0,0,0.0,0,0,0,0,0,0,0,1,0,0,1,1,1,0,0,0,0,0,0,1,0,0,0
1056960,Wolfenstein: Youngblood,0,3.6635616461296463,19.99,1,19.99,0,19.99,0,0,0,0,0,15.068273812173887,0,0,1,1,0,20,0,1,0,0,1,1,0,0,0,0,1,1,0,0,0,1,0,0,0.0,0,1,0,0,0,0,0,1,0,0,1,1,1,0,0,0,0,0,0,0,0,1,0
976310,Mortal Kombat 11,1,6.934397209928558,49.99,1,49.99,0,49.99,0,0,0,0,0,15.068273812173887,0,0,0,1,0,20,0,1,0,0,1,0,0,0,0,0,0,0,0,0,0,1,0,1,0.0,0,0,0,0,0,0,0,0,0,0,1,1,0,0,0,0,0,0,0,0,0,1,1
202990,Call of Duty: Black Ops II,1,5.123963979403259,39.99,1,19.99,0,19.99,1,0,0,0,0,15.068273812173887,0,0,1,1,0,20,0,1,0,0,0,1,0,0,0,0,0,1,1,0,0,1,0,0,0.5001250312578145,0,1,0,0,0,1,0,1,0,0,1,1,1,0,0,0,0,0,0,0,0,0,1
355180,Codename CURE,1,2.5649493574615367,0.0,1,0.0,0,0.0,0,0,0,1,1,15.068273812173887,0,0,1,2,0,20,0,0,0,0,0,1,0,0,0,0,0,0,0,1,0,1,1,0,0.0,0,1,0,0,1,0,0,1,0,0,0,1,0,0,0,0,0,0,1,0,0,0,0
678950,DRAGON BALL FighterZ,1,6.238324625039508,89.99,1,14.39,0,14.39,0,0,0,1,0,15.068273812173887,0,0,0,1,0,20,0,0,0,0,0,0,1,0,0,0,0,1,0,0,0,1,0,0,0.8400933437048561,0,0,0,0,0,0,0,0,0,0,0,1,1,0,0,0,0,0,0,0,0,0,0
1151340,Fallout 76,1,9.082166033252674,39.99,1,39.99,0,39.99,0,0,0,0,0,15.068273812173887,0,0,1,1,1,20,0,1,0,1,0,1,0,0,0,1,1,1,1,0,1,0,0,0,0.0,0,0,0,0,0,0,0,1,0,0,1,0,0,0,0,0,0,0,0,0,0,1,1
299360,Block N Load,1,1.6094379124341003,0.0,1,0.0,0,0.0,1,0,1,1,1,15.068273812173887,0,0,0,4,0,20,0,0,1,0,0,1,0,0,1,0,0,0,0,1,0,1,1,0,0.0,0,0,1,0,0,0,0,1,0,0,0,1,0,0,0,0,0,0,0,0,0,0,0
213670,South Park: The Stick of Truth,1,5.616771097666572,29.99,0,29.99,1,29.99,0,0,0,0,0,15.068273812173887,0,0,0,3,1,20,0,0,1,0,1,0,0,0,1,0,1,1,0,0,1,1,0,0,0.0,0,0,0,0,0,0,0,0,0,0,0,1,1,0,0,0,0,0,0,1,0,0,0
262410,World of Guns: Gun Disassembly,1,4.6443908991413725,0.0,0,0.0,0,0.0,0,1,0,0,1,15.068273812173887,1,1,0,6,0,20,0,0,1,0,0,0,0,0,0,0,0,0,0,1,0,1,1,0,0.0,0,0,0,0,1,0,0,0,1,1,0,0,0,0,1,0,0,0,0,0,0,0,0
224600,Defiance,1,1.0986122886681098,0.0,1,0.0,0,0.0,1,0,1,0,1,15.068273812173887,0,0,1,4,1,20,0,0,0,0,0,1,0,0,0,1,1,0,1,1,1,1,1,0,0.0,0,1,0,0,0,0,0,1,0,0,0,1,1,0,0,0,0,0,0,0,0,0,0
368230,Kingdom: Classic,1,3.713572066704308,0.0,0,0.0,1,0.0,0,1,0,0,1,15.068273812173887,0,1,0,3,0,20,1,0,0,0,0,0,0,0,0,0,1,1,1,0,0,0,1,0,0.0,0,0,0,0,0,0,0,0,0,0,1,0,1,0,0,0,0,0,0,0,0,0,0
3097560,Liar's Bar,1,6.406879986069314,6.99,1,6.99,0,6.99,0,1,0,1,0,15.068273812173887,1,1,1,5,0,20,0,0,1,1,0,1,0,0,0,0,0,0,0,0,0,0,0,0,0.0,0,1,0,1,0,0,0,0,1,0,0,0,0,0,0,0,0,0,0,0,0,0,1
335300,DARK SOULS II: Scholar of the First Sin,1,7.385851078125209,39.99,1,39.99,0,39.99,0,0,0,1,0,15.068273812173887,0,0,1,2,0,20,0,0,0,0,1,0,1,0,0,0,1,0,0,0,1,1,0,1,0.0,0,0,0,0,0,0,0,0,0,0,1,1,1,0,0,0,0,0,0,0,0,0,0
233860,Kenshi,1,8.596558746796978,29.99,0,29.99,0,29.99,0,1,0,0,0,15.068273812173887,0,1,0,5,1,20,0,0,0,0,0,0,0,0,0,0,1,0,1,0,1,1,0,1,0.0,1,0,1,0,0,0,0,0,0,0,0,0,1,0,0,0,0,0,0,0,0,0,0
240720,Getting Over It with Bennett Foddy,1,5.262690188904886,7.99,0,7.99,0,7.99,0,0,0,0,0,15.068273812173887,0,1,0,1,0,20,0,1,1,0,1,0,1,0,1,0,0,0,0,0,0,1,0,0,0.0,0,0,0,0,0,0,1,0,0,0,0,1,1,0,0,1,0,0,0,0,0,0,1
391720,Layers of Fear (2016),1,2.8903717578961645,19.99,1,19.99,0,19.99,0,1,0,0,0,15.068273812173887,1,1,0,2,0,20,0,1,0,0,1,0,0,0,0,0,0,0,0,0,0,0,0,0,0.0,0,0,0,0,0,0,0,0,0,0,1,0,1,0,0,1,0,0,0,1,0,0,1
838350,The Scroll of Taiwu : Beyond The Dome,0,6.897704943128636,29.99,0,29.99,1,29.99,0,1,0,0,0,15.068273812173887,0,1,0,5,1,20,0,0,0,1,0,0,0,0,0,0,1,0,0,0,1,0,0,0,0.0,0,0,1,0,0,0,0,0,1,0,0,0,1,0,0,0,0,0,0,1,0,0,0
238320,Outlast,1,5.375278407684165,14.99,1,14.99,0,14.99,0,1,0,0,0,15.068273812173887,0,1,0,3,0,20,0,0,0,0,0,0,1,0,0,0,0,0,1,0,0,1,0,0,0.0,0,0,0,0,0,0,0,0,0,0,1,1,1,0,0,1,0,0,0,1,0,0,1
282070,This War of Mine,1,6.6293632534374485,19.99,0,4.99,0,4.99,0,1,0,0,0,15.068273812173887,0,1,0,3,0,20,0,0,0,0,1,0,0,0,0,0,0,0,1,0,0,0,0,0,0.7503751875937968,1,0,0,0,0,1,0,0,0,1,1,0,0,1,0,0,0,0,0,1,0,0,0
412020,Metro Exodus,1,6.555356891810665,29.99,1,29.99,0,29.99,0,0,0,0,0,15.068273812173887,0,0,0,1,1,20,0,1,0,0,1,1,0,0,0,0,0,1,1,0,0,1,0,0,0.0,0,0,0,0,0,0,0,1,0,0,1,1,1,0,0,1,0,0,0,0,0,1,1
1158310,Crusader Kings III,1,9.5682245844549,49.99,1,49.99,0,49.99,0,0,0,0,0,15.068273812173887,0,0,0,3,0,20,0,0,0,0,0,0,0,0,0,0,1,1,0,0,1,0,0,1,0.0,0,0,1,0,0,1,0,0,0,0,0,0,0,1,1,0,0,0,1,0,0,0,0
2567870,Chained Together,1,7.051855622955894,4.99,1,4.99,0,4.99,0,1,0,0,0,15.068273812173887,0,0,1,4,0,20,0,0,1,0,0,0,0,0,0,0,0,0,0,0,0,0,0,0,0.0,0,1,0,0,0,0,1,0,1,0,0,0,1,1,0,0,0,0,0,1,0,0,0
265930,Goat Simulator,1,4.276666119016055,9.99,0,9.99,0,9.99,0,1,0,0,0,15.068273812173887,0,1,1,3,1,20,0,0,1,0,0,0,0,0,1,0,0,1,0,0,0,0,0,0,0.0,0,0,1,0,0,0,0,0,1,0,0,1,0,0,0,0,0,0,0,0,0,0,0
214490,Alien: Isolation,1,5.356586274672012,39.99,0,39.99,0,39.99,0,0,0,0,0,15.068273812173887,0,0,0,1,0,20,0,1,0,0,0,1,1,0,0,0,0,0,1,0,0,1,0,0,0.0,0,0,0,0,0,0,0,1,0,0,1,1,1,0,0,1,0,0,0,0,0,0,1
362890,Black Mesa,1,6.811244378601294,19.99,1,19.99,0,19.99,0,1,0,0,0,15.068273812173887,0,1,0,3,0,20,0,1,0,1,1,1,0,1,0,0,0,0,0,0,0,1,0,0,0.0,0,0,0,0,0,0,0,1,0,0,1,1,1,0,0,0,0,0,0,1,0,0,1
438740,Friday the 13th: The Game,1,2.995732273553991,0.0,1,0.0,0,0.0,0,0,0,0,1,15.068273812173887,0,0,1,1,1,20,0,0,1,0,0,0,1,0,0,0,0,0,1,0,0,1,0,0,0.0,0,0,0,0,0,0,0,0,0,0,1,1,1,0,0,1,0,0,0,0,0,1,1
617290,Remnant: From the Ashes,1,6.063785208687608,39.99,1,39.99,0,39.99,0,0,0,0,0,15.068273812173887,0,0,1,3,0,20,0,0,0,0,0,0,1,0,0,0,1,0,1,0,1,1,0,0,0.0,0,1,0,0,0,0,0,1,0,0,1,1,1,0,0,0,0,0,0,1,0,1,1
588430,Fallout Shelter,1,6.90975328164481,0.0,1,0.0,1,0.0,0,0,0,0,1,15.068273812173887,0,0,0,3,0,20,0,1,1,0,0,0,0,0,0,0,1,1,1,1,1,0,1,0,0.0,1,0,1,0,0,0,0,0,0,0,1,1,1,0,0,0,0,0,0,0,0,0,0
1943950,Escape the Backrooms,1,7.471363088187097,9.99,1,9.99,0,9.99,0,1,0,0,0,15.068273812173887,0,1,1,2,0,20,0,0,0,1,0,0,0,0,0,0,0,0,0,0,0,1,0,0,0.0,0,1,0,0,0,0,0,0,0,0,0,1,1,0,0,1,0,0,0,0,0,0,1
203140,Hitman: Absolution,1,6.428105272684596,19.99,1,19.99,0,19.99,0,0,0,0,0,15.068273812173887,0,0,0,1,0,20,0,0,0,0,1,0,1,0,0,0,0,0,0,0,0,1,0,0,0.0,0,0,0,0,0,0,0,1,0,0,1,1,1,0,0,0,0,0,0,0,0,0,0
12100,Grand Theft Auto III,1,3.7612001156935624,0.0,1,0.0,0,0.0,0,0,0,0,1,15.068273812173887,0,0,0,1,1,20,0,1,0,0,1,0,0,1,0,0,0,1,0,0,0,1,0,0,0.0,0,0,1,0,0,0,0,1,0,0,1,1,1,0,0,0,0,0,1,0,0,1,0
905370,Conqueror's Blade,1,1.0986122886681098,0.0,1,0.0,0,0.0,1,0,1,1,1,15.068273812173887,0,0,0,4,0,20,0,0,0,0,0,0,0,0,0,0,0,0,0,1,0,1,1,1,0.0,0,1,0,0,0,1,0,0,0,0,0,1,0,0,0,0,0,0,0,0,0,0,0
1056640,Phantasy Star Online 2,1,7.244941546337007,0.0,1,0.0,0,0.0,1,0,1,0,1,15.068273812173887,0,0,1,4,1,20,0,1,0,0,0,0,0,0,0,1,1,1,0,1,1,1,1,1,0.0,0,1,0,0,0,0,0,0,0,0,0,1,0,0,0,0,0,0,0,0,0,0,0
1942280,Brotato,1,8.762489547371581,4.99,1,2.99,1,2.99,0,1,0,0,0,15.068273812173887,0,0,1,4,0,20,0,0,0,0,0,0,0,0,0,0,1,0,1,0,1,1,0,0,0.4008016032064128,0,0,0,0,0,0,0,0,1,0,0,1,0,0,0,0,0,0,0,0,0,0,0
238460,BattleBlock Theater,1,4.3694478524670215,14.99,1,4.49,1,4.49,0,1,0,0,0,15.068273812173887,1,1,1,4,0,20,0,0,1,0,0,0,0,0,1,0,0,0,0,0,0,1,0,0,0.7004669779853235,0,1,0,0,0,0,1,0,1,0,0,1,0,0,0,0,0,0,0,1,0,0,0
38400,Fallout: A Post Nuclear Role Playing Game,1,4.499809670330265,9.99,0,9.99,1,9.99,0,0,0,0,0,15.068273812173887,0,0,0,1,1,20,0,0,0,0,0,0,1,1,0,0,1,1,0,0,1,0,0,0,0.0,0,0,1,0,0,0,0,0,0,0,1,0,1,0,0,0,0,0,0,0,0,0,0
881020,Granblue Fantasy: Relink,1,6.904750769961838,39.99,1,39.99,0,39.99,0,0,0,0,0,15.068273812173887,0,0,0,3,0,20,0,0,0,0,0,0,0,0,0,0,1,0,0,0,1,1,0,0,0.0,0,1,0,0,0,0,0,0,0,0,0,1,0,0,0,0,0,0,0,1,0,0,0
65800,Dungeon Defenders,1,5.652489180268651,14.99,1,14.99,0,14.99,0,1,0,0,0,15.068273812173887,0,0,0,4,0,20,0,0,1,0,0,0,0,0,0,0,1,0,1,0,1,1,0,1,0.0,0,1,0,0,0,0,0,0,0,0,0,0,0,0,0,0,0,1,1,0,0,0,0
204880,Sins of a Solar Empire: Rebellion,1,5.638354669333745,19.99,1,5.99,0,5.99,0,1,0,0,0,15.068273812173887,0,0,1,4,0,20,0,0,0,0,0,0,0,0,0,0,0,0,0,0,0,1,0,0,0.7003501750875437,0,1,1,0,1,0,0,0,0,0,0,0,0,0,0,0,0,0,0,0,0,0,0
235460,METAL GEAR RISING: REVENGEANCE,1,5.493061443340548,29.99,0,29.99,0,29.99,0,0,0,0,0,15.068273812173887,0,0,0,1,0,20,0,1,0,0,1,0,1,0,0,0,0,1,0,0,0,1,0,0,0.0,0,0,0,0,0,0,0,0,0,0,0,1,1,0,0,0,0,0,0,0,0,0,0
581320,Insurgency: Sandstorm,1,7.510430556378006,29.99,1,5.99,0,5.99,1,0,0,0,0,15.068273812173887,0,1,1,1,1,20,0,0,0,0,0,1,1,0,0,0,0,1,0,0,0,1,0,0,0.8002667555851951,0,1,0,0,1,1,0,1,0,1,1,1,0,1,0,0,0,0,0,0,0,1,0
34330,Total War: SHOGUN 2,1,7.4999765409521215,29.99,1,5.99,0,5.99,0,0,0,0,0,15.068273812173887,0,0,1,1,0,20,0,1,0,0,0,0,0,0,0,0,0,0,0,0,0,0,0,0,0.8002667555851951,0,0,0,0,1,0,0,0,0,0,0,1,0,0,1,0,0,0,1,0,0,0,0
387290,Ori and the Blind Forest: Definitive Edition,1,5.2832037287379885,19.99,0,19.99,1,19.99,0,0,0,0,0,15.068273812173887,1,1,0,1,1,20,0,1,0,0,1,0,1,0,0,0,0,1,0,0,0,1,0,0,0.0,0,0,0,0,0,0,1,0,0,0,1,1,1,0,0,0,0,1,0,0,0,0,0
728880,Overcooked! 2,1,7.653494909661253,24.99,1,24.99,0,24.99,0,1,0,0,0,15.068273812173887,0,1,1,3,0,20,0,0,1,0,0,0,1,0,1,0,0,1,0,0,0,1,0,0,0.0,0,1,0,0,0,0,0,0,1,0,0,1,0,0,0,0,0,1,0,0,1,0,0
391220,Rise of the Tomb Raider,1,6.656726524178391,29.99,1,29.99,0,29.99,0,0,0,0,0,15.068273812173887,1,0,0,2,1,20,0,1,0,0,1,0,0,0,0,0,1,0,1,0,0,1,0,0,0.0,0,0,0,0,0,0,0,1,0,0,1,1,1,0,0,0,0,0,0,1,0,0,0
8870,BioShock Infinite,1,5.71042701737487,29.99,0,29.99,0,29.99,0,0,0,0,0,15.068273812173887,0,0,0,1,0,20,0,1,0,0,1,1,0,0,0,0,1,1,0,0,0,1,0,0,0.0,0,0,0,0,0,0,0,1,0,0,1,1,1,0,0,0,0,0,0,0,0,0,0
372000,Tree of Savior (English Ver.),0,5.099866427824199,0.0,1,0.0,0,0.0,1,0,1,1,1,15.068273812173887,0,0,1,3,1,20,0,0,0,0,0,0,0,0,0,1,1,0,0,1,1,0,1,0,0.0,0,0,0,0,0,0,0,0,0,0,0,1,1,0,0,0,0,0,0,0,0,0,0
239030,"Papers, Please",1,6.0330862217988015,9.99,0,9.99,1,9.99,0,1,0,0,0,15.068273812173887,1,1,0,2,0,20,1,1,0,0,1,0,1,0,0,0,0,0,0,0,0,0,0,0,0.0,0,0,0,0,0,0,0,0,0,0,1,0,1,0,0,0,1,0,0,1,0,0,0
629760,MORDHAU,1,6.639875833826536,29.99,1,29.99,0,29.99,0,1,0,1,0,15.068273812173887,0,1,0,2,0,20,0,0,0,0,0,1,0,0,0,0,0,0,1,0,0,1,0,1,0.0,0,1,0,0,0,0,0,0,0,1,0,1,0,0,1,0,0,0,0,0,0,0,0
646910,The Crew 2,1,6.773080375655535,29.99,1,29.99,0,29.99,1,0,1,0,0,15.068273812173887,0,0,1,3,1,20,0,0,0,0,0,0,0,0,0,0,0,1,0,0,0,1,0,0,0.0,0,1,1,0,0,0,0,0,0,0,1,1,1,0,0,0,0,0,0,0,0,0,0
367500,Dragon's Dogma: Dark Arisen,1,5.799092654460526,29.99,1,4.79,0,4.79,0,0,0,0,0,15.068273812173887,0,0,0,3,1,20,0,1,0,0,1,0,1,0,0,0,1,1,0,0,1,1,0,1,0.8402800933644549,0,0,0,0,0,0,0,0,0,0,1,1,1,0,0,0,0,0,0,1,0,0,0
13520,Far Cry,1,3.9318256327243257,9.99,1,9.99,0,9.99,0,0,0,0,0,15.068273812173887,0,0,1,1,1,20,0,1,0,0,1,1,1,1,0,0,0,1,1,0,0,1,0,0,0.0,0,0,1,0,0,0,0,1,0,0,1,1,1,0,0,0,0,0,0,0,0,0,1
967050,Pacify,1,4.356708826689592,4.99,1,4.99,0,4.99,0,1,0,0,0,15.068273812173887,0,0,1,5,0,20,0,0,0,0,0,0,0,0,0,0,0,0,0,0,0,1,0,0,0.0,0,1,0,0,0,0,0,0,1,0,1,0,1,0,0,1,0,0,0,1,0,0,1
2399830,ARK: Survival Ascended,0,9.393328373313297,44.99,1,44.99,0,44.99,1,1,1,1,0,15.068273812173887,0,0,0,6,1,20,0,0,0,1,0,0,0,0,0,0,1,0,1,0,1,1,0,1,0.0,1,0,1,1,0,0,0,0,0,0,0,1,1,0,0,0,0,0,0,1,0,0,0
648350,Jurassic World Evolution,1,5.564520407322694,44.99,1,44.99,0,44.99,0,0,0,0,0,15.068273812173887,0,0,0,2,1,20,0,1,0,0,0,0,0,0,0,0,0,0,1,0,0,0,0,0,0.0,0,0,1,0,0,0,0,0,0,0,1,1,1,0,0,0,0,0,0,0,0,1,0
471710,Rec Room,1,7.32052696227274,0.0,1,0.0,0,0.0,1,0,1,0,1,15.068273812173887,0,0,1,4,0,20,0,0,1,0,0,0,0,0,0,0,0,0,0,1,0,0,1,1,0.0,0,1,1,0,0,0,0,0,1,0,0,1,1,0,0,0,0,1,0,1,0,0,1
1372880,The Day Before,0,0.0,0.0,1,0.0,0,0.0,0,0,1,1,1,15.068273812173887,0,0,1,4,0,20,0,0,0,1,0,0,0,0,0,0,0,0,1,0,0,1,0,0,0.0,0,1,0,1,0,0,0,1,0,1,0,1,1,0,0,0,0,0,0,1,0,0,0
524220,NieR:Automata,1,6.53813982376767,39.99,0,39.99,0,39.99,0,0,0,0,0,15.068273812173887,0,0,0,2,1,20,0,1,0,0,1,0,0,0,0,0,1,1,0,0,1,1,0,0,0.0,0,0,0,0,0,0,0,0,0,0,1,1,1,0,0,0,0,0,0,0,0,1,0
305620,The Long Dark,1,7.853993087224244,19.99,0,19.99,0,19.99,0,1,0,0,0,15.068273812173887,0,1,1,4,1,20,0,0,0,1,0,0,1,0,0,0,0,0,1,0,0,0,0,0,0.0,1,0,1,0,0,0,0,0,0,0,1,1,1,0,0,0,0,0,0,1,0,0,0
475150,Titan Quest Anniversary Edition,1,6.396929655216146,19.99,1,19.99,0,19.99,0,0,0,0,0,15.068273812173887,0,0,1,2,1,20,0,1,0,0,1,0,0,1,0,0,1,1,0,0,1,1,0,0,0.0,0,0,0,0,0,0,0,0,0,0,1,1,1,0,0,0,0,0,0,0,0,0,0
47870,Need For Speed: Hot Pursuit,1,2.995732273553991,0.0,1,0.0,0,0.0,0,0,0,1,1,15.068273812173887,0,0,1,1,1,20,0,1,0,0,0,0,0,0,0,0,0,1,0,0,0,0,0,0,0.0,0,1,0,0,0,0,0,0,0,0,1,1,1,0,0,0,0,0,0,0,0,0,0
629520,Soundpad,1,9.634300062720511,4.99,0,4.99,0,4.99,0,0,0,0,0,15.068273812173887,0,0,0,2,0,10,0,0,0,0,0,0,0,0,0,0,0,0,0,0,0,0,0,0,0.0,0,0,0,0,0,0,0,0,0,0,1,0,0,0,0,0,0,0,0,0,0,0,0
282440,Quake Live,1,5.697093486505405,9.99,1,9.99,0,9.99,0,0,0,0,0,15.068273812173887,0,0,0,1,0,20,0,0,1,0,0,1,1,1,0,0,0,1,1,0,0,1,0,0,0.0,0,0,0,0,0,0,0,1,0,0,1,1,0,0,0,0,0,0,0,0,0,1,0
436150,Governor of Poker 3,0,6.960347729101308,0.0,1,0.0,0,0.0,1,0,1,1,1,15.068273812173887,0,0,0,4,0,20,0,0,0,0,0,0,0,0,0,0,0,0,0,1,0,0,1,1,0.0,0,0,0,0,0,0,0,0,1,0,0,0,0,0,0,0,0,1,0,0,0,0,0
1304930,The Outlast Trials,1,8.227909837597483,39.99,1,39.99,0,39.99,0,1,0,0,0,15.068273812173887,0,0,1,3,0,20,0,0,0,0,0,0,0,0,0,0,0,0,1,0,0,1,0,1,0.0,0,0,0,0,0,0,0,0,0,1,1,1,1,0,0,1,0,0,0,1,0,0,1
550900,Metin2,1,0.0,0.0,1,0.0,0,0.0,1,0,1,1,1,15.068273812173887,0,0,0,5,0,20,0,0,0,0,0,0,0,0,0,1,1,0,0,1,1,1,1,0,0.0,0,0,0,0,0,0,0,0,0,0,0,1,1,0,0,0,0,0,0,1,0,0,0
33230,Assassin's Creed 2,1,5.241747015059643,19.99,1,19.99,0,19.99,0,0,0,0,0,15.068273812173887,0,0,0,2,1,20,0,1,0,0,1,0,0,1,0,0,0,1,0,0,0,1,0,0,0.0,0,0,1,0,0,0,0,0,0,0,1,1,1,0,1,0,0,0,0,1,0,0,0
427730,Who's Your Daddy?!,1,4.330733340286331,9.99,1,9.99,0,9.99,0,1,0,0,0,15.068273812173887,0,1,1,3,0,20,0,0,1,1,0,0,1,0,1,0,0,0,1,0,0,1,0,0,0.0,0,1,1,0,0,0,0,0,1,0,0,1,1,0,0,0,0,0,0,0,0,0,0
221040,Resident Evil 6,1,6.246106765481563,19.99,1,4.99,0,4.99,0,0,0,0,0,15.068273812173887,0,0,1,2,0,20,0,0,0,0,0,0,0,0,0,0,0,1,1,0,0,1,0,0,0.7503751875937968,0,1,0,0,0,0,0,1,0,0,1,1,1,0,0,0,0,0,0,1,0,0,1
1274570,DEVOUR,1,6.104793232414985,9.99,1,9.99,0,9.99,0,1,0,0,0,15.068273812173887,1,1,1,1,0,20,0,0,0,0,0,0,1,0,0,0,0,0,1,0,0,0,0,0,0.0,0,1,0,0,0,0,0,0,0,0,1,1,0,0,0,1,0,0,0,0,0,1,1
1222700,A Way Out,1,5.572154032177765,29.99,1,29.99,0,29.99,0,1,0,0,0,15.068273812173887,0,1,1,3,0,20,0,0,0,0,1,0,0,0,0,0,0,1,0,0,0,1,0,0,0.0,0,1,0,0,0,0,0,0,0,0,1,1,1,0,0,0,0,0,0,1,0,1,0
1468810,鬼谷八荒 Tale of Immortal,0,8.322880021769905,19.99,0,19.99,1,19.99,0,1,0,0,0,15.068273812173887,0,0,0,5,0,20,0,0,0,0,1,0,0,0,0,0,1,0,0,0,1,1,0,0,0.0,0,0,1,0,0,0,0,0,0,0,0,1,1,0,0,0,0,0,0,1,0,0,0
287390,Metro: Last Light Redux,1,5.771441123130016,19.99,1,19.99,0,19.99,0,0,0,0,0,15.068273812173887,0,0,0,1,1,20,0,0,0,0,1,1,1,0,0,0,0,1,1,0,0,1,0,0,0.0,0,0,0,0,0,0,0,1,0,0,1,1,1,0,0,0,0,0,0,0,0,0,1
570940,DARK SOULS: REMASTERED,1,7.965545573129992,39.99,1,39.99,0,39.99,0,0,0,0,0,15.068273812173887,0,0,1,1,0,20,0,1,0,0,1,0,1,0,0,0,1,0,0,0,0,1,0,1,0.0,0,0,0,0,0,0,0,0,0,0,1,1,1,0,0,0,0,0,0,0,0,0,0
1272080,PAYDAY 3,0,6.4692503167957724,29.99,1,14.99,0,14.99,0,0,0,0,0,15.068273812173887,0,0,1,3,0,20,0,0,0,0,0,1,0,0,0,0,1,0,0,0,1,1,0,0,0.5001667222407469,0,1,0,0,0,0,0,1,0,1,0,1,0,0,0,0,0,0,0,1,0,0,0
316010,Magic Duels,1,3.6375861597263857,0.0,1,0.0,0,0.0,0,0,0,0,1,15.068273812173887,0,0,1,2,0,16,0,1,1,0,0,0,0,0,0,0,0,0,0,1,0,0,1,0,0.0,0,1,0,0,0,0,0,0,0,0,0,1,0,0,0,0,0,0,0,0,0,0,0
105450,Age of Empires III (2007),1,5.736572297479192,0.0,1,0.0,0,0.0,0,0,0,0,1,15.068273812173887,0,0,1,2,1,20,0,0,0,0,0,0,0,1,0,0,0,1,0,0,0,0,0,0,0.0,0,1,0,0,1,1,0,0,0,0,0,1,1,0,1,0,0,0,0,0,0,0,0
1167630,Teardown,1,7.59337419312129,29.99,1,29.99,0,29.99,0,1,0,0,0,15.068273812173887,1,1,0,4,1,20,0,0,0,0,0,0,0,0,0,0,0,0,0,0,0,1,0,0,0.0,0,0,1,0,0,0,0,0,0,1,0,1,0,0,0,0,0,0,0,0,0,0,0
11020,TrackMania Nations Forever,1,5.204006687076795,0.0,1,0.0,0,0.0,1,0,0,0,1,15.068273812173887,0,1,1,1,0,20,0,0,0,0,0,0,1,0,0,0,0,1,0,0,0,0,1,0,0.0,0,0,1,0,0,0,0,0,0,0,0,1,1,0,0,0,0,0,0,0,0,0,0
12200,Bully: Scholarship Edition,1,5.402677381872279,14.99,1,5.24,0,5.24,0,0,0,0,0,15.068273812173887,0,0,0,2,1,20,0,1,1,0,1,0,0,1,1,0,1,1,0,0,0,1,0,0,0.6504336224149433,0,0,1,0,0,0,0,0,0,0,1,1,1,0,0,0,0,0,0,1,0,0,0
881100,Noita,1,7.61085279039525,19.99,0,19.99,1,19.99,0,1,0,0,0,15.068273812173887,0,1,0,5,1,20,1,0,0,0,0,0,1,0,0,0,1,0,0,0,1,1,0,0,0.0,1,0,1,0,0,0,0,0,0,0,0,1,0,0,0,0,0,0,0,1,0,0,0
1313140,Cult of the Lamb,1,7.336936913707618,24.99,0,24.99,1,24.99,0,1,0,0,0,15.068273812173887,0,0,0,4,0,20,0,0,1,0,0,0,0,0,0,0,0,1,0,0,0,1,0,1,0.0,0,0,0,0,0,0,0,0,0,0,0,1,1,0,0,0,0,0,0,1,1,0,0
261570,Ori and the Blind Forest,1,5.153291594497779,0.0,0,0.0,1,0.0,0,0,0,0,1,15.068273812173887,1,1,0,1,1,20,0,1,0,0,1,0,1,0,0,0,1,1,0,0,0,1,0,0,0.0,0,0,0,0,0,0,1,0,0,0,1,1,1,0,0,0,0,1,0,0,0,0,0
1361210,"Warhammer 40,000: Darktide",1,8.891236429516061,39.99,0,39.99,0,39.99,0,0,0,0,0,15.068273812173887,0,0,1,3,0,20,0,0,0,0,0,1,0,0,0,0,0,0,0,0,1,1,0,1,0.0,0,0,0,0,0,0,0,1,0,1,1,1,0,0,0,0,0,0,0,1,0,0,1
221910,The Stanley Parable,1,3.091042453358316,14.99,0,14.99,0,14.99,0,1,0,0,0,15.068273812173887,1,1,0,2,0,20,0,0,1,0,1,0,0,0,1,0,0,0,0,0,0,0,0,0,0.0,0,0,0,0,0,0,0,0,0,0,1,0,1,1,0,0,0,0,0,1,0,0,0
238090,Sniper Elite 3,1,4.418840607796598,29.99,1,29.99,0,29.99,0,0,0,0,0,15.068273812173887,0,0,1,2,1,20,0,0,0,0,0,1,0,0,0,0,0,0,0,0,0,1,0,0,0.0,0,1,0,0,0,1,0,1,0,0,1,1,1,0,0,0,0,0,0,1,0,0,0
242720,GunZ 2: The Second Duel,0,1.3862943611198906,0.0,1,0.0,0,0.0,1,1,0,1,1,15.068273812173887,0,1,1,3,0,20,0,0,0,0,0,1,0,0,0,0,1,0,0,1,0,1,1,0,0.0,0,0,0,0,0,0,0,1,0,0,0,1,1,0,0,0,0,0,0,0,0,0,0
1250410,Microsoft Flight Simulator (2020) 40th Anniversary Edition,1,8.085178748074537,59.99,1,59.99,0,59.99,0,0,0,0,0,15.068273812173887,0,0,0,1,1,20,0,0,0,0,0,0,0,0,0,0,0,1,0,0,0,0,0,0,0.0,0,0,0,0,0,0,0,0,0,1,1,0,1,0,0,1,0,1,0,0,1,0,0
644930,They Are Billions,1,7.920083199053234,29.99,1,29.99,0,29.99,0,0,0,0,0,15.068273812173887,0,1,0,1,0,20,0,0,0,0,0,0,1,0,0,0,0,0,1,0,0,0,0,0,0.0,0,0,0,0,0,0,0,0,0,0,0,0,0,0,0,0,0,0,0,0,0,0,0
641990,The Escapists 2,1,5.3706380281276624,19.99,1,19.99,1,19.99,0,1,0,0,0,15.068273812173887,1,1,1,3,1,20,1,0,1,0,0,0,1,0,0,0,0,1,0,0,0,0,0,1,0.0,1,1,1,0,0,0,0,0,0,0,0,1,0,0,0,0,0,0,0,0,0,0,0
1254120,Bless Unleashed,0,5.676753802268282,0.0,1,0.0,0,0.0,1,0,1,1,1,15.068273812173887,0,0,1,4,1,20,0,0,0,0,0,0,0,0,0,1,1,0,0,1,1,1,1,1,0.0,0,0,0,0,0,0,0,0,0,0,0,1,1,0,0,0,0,0,0,0,0,0,0
222880,Insurgency,1,5.043425116919247,14.99,1,14.99,0,14.99,0,1,0,1,0,15.068273812173887,0,1,1,3,0,20,0,0,0,0,0,1,0,0,0,0,0,0,0,0,0,1,0,0,0.0,0,1,0,0,1,1,0,1,0,1,1,1,1,0,0,0,0,0,0,0,0,0,0
201790,Orcs Must Die! 2,1,3.5553480614894135,14.99,1,14.99,0,14.99,0,1,0,0,0,15.068273812173887,0,1,1,5,0,20,0,1,1,0,0,0,0,0,1,0,1,0,0,0,1,1,0,0,0.0,0,1,0,0,0,0,0,1,0,0,0,1,1,0,0,0,0,0,0,1,0,0,0
1569040,Football Manager 2022,1,7.463363045520021,0.0,1,0.0,1,0.0,0,0,0,0,1,15.068273812173887,0,0,0,2,0,14,0,0,0,0,0,0,0,0,0,0,0,1,0,0,0,0,0,1,0.0,0,0,0,0,0,0,0,0,0,0,0,0,0,0,0,0,0,0,0,0,0,0,0
203290,America's Army: Proving Grounds,1,4.890349128221754,0.0,1,0.0,0,0.0,1,0,0,0,1,15.068273812173887,0,0,1,2,1,20,0,0,0,0,0,1,0,0,0,0,0,0,1,1,0,1,1,0,0.0,0,0,0,0,1,1,0,1,0,1,1,1,1,0,0,0,0,0,0,0,0,0,0
2670630,Supermarket Simulator,1,7.80994708647679,19.99,1,19.99,0,19.99,0,1,0,0,0,15.068273812173887,0,1,0,3,0,20,0,0,0,1,0,0,0,0,0,0,0,0,0,0,0,0,0,0,0.0,0,0,1,0,0,0,0,0,1,1,0,0,0,0,0,0,0,0,0,0,0,0,0
286570,F1 2015,0,3.1354942159291497,0.0,1,0.0,0,0.0,0,0,0,0,1,15.068273812173887,0,0,1,2,0,12,0,0,0,0,0,0,0,0,0,0,0,0,0,0,0,0,0,0,0.0,0,0,0,0,0,0,0,0,0,1,0,1,0,0,0,0,0,0,0,0,0,0,0
787860,Farming Simulator 19,1,6.891625897052253,17.99,1,17.99,0,17.99,0,0,0,0,0,15.068273812173887,0,0,1,1,1,20,0,0,0,0,0,0,0,0,0,0,0,0,0,0,0,0,0,0,0.0,0,1,0,0,0,0,0,0,0,1,1,0,0,0,0,0,0,1,1,0,0,0,0
466560,Northgard: Definitive Edition,1,7.060476365999801,34.99,1,9.79,0,9.79,0,1,0,1,0,15.068273812173887,0,0,1,4,0,20,0,0,0,0,0,0,0,0,0,0,0,0,0,0,0,0,0,0,0.7202057730780224,0,0,0,0,0,1,0,0,0,0,0,0,0,0,0,0,0,0,1,1,0,0,0
207140,SpeedRunners,1,5.278114659230517,14.99,1,14.99,1,14.99,0,1,0,0,0,15.068273812173887,0,1,1,5,0,20,0,0,1,0,0,0,0,0,0,0,0,1,0,0,0,1,0,0,0.0,0,0,0,0,0,0,1,0,1,0,0,1,0,0,0,0,0,0,0,0,0,0,0
1092790,Inscryption,1,7.171656822768514,19.99,0,19.99,1,19.99,0,1,0,0,0,15.068273812173887,1,0,0,3,0,20,1,0,0,0,1,0,0,0,0,0,0,1,0,0,0,0,0,0,0.0,0,0,0,0,0,0,0,0,0,0,0,0,1,0,0,0,1,0,0,1,0,0,1
431240,Golf With Your Friends,1,6.887552571664617,14.99,1,14.99,0,14.99,1,1,0,0,0,15.068273812173887,0,1,1,3,0,20,0,1,1,1,0,0,1,0,0,0,0,1,0,0,0,0,0,0,0.0,0,1,0,0,0,0,0,0,1,0,0,0,0,0,0,0,0,1,0,0,0,0,0
248570,Toribash,1,4.454347296253507,0.0,1,0.0,0,0.0,0,1,0,0,1,15.068273812173887,0,1,0,4,0,20,0,0,1,0,0,0,1,0,0,0,0,0,0,1,0,1,1,0,0.0,0,0,1,0,0,0,0,0,0,0,0,1,0,0,0,0,0,0,1,0,0,0,0
107100,Bastion,1,2.772588722239781,14.99,0,14.99,1,14.99,0,1,0,0,0,15.068273812173887,0,1,0,3,0,20,0,1,0,0,1,0,0,0,0,0,1,0,0,0,1,1,0,0,0.0,0,0,0,0,0,0,0,0,0,0,1,1,1,0,0,0,0,0,0,0,1,0,0
209000,Batman: Arkham Origins,1,6.424869023905388,19.99,1,19.99,0,19.99,0,0,0,0,0,15.068273812173887,0,0,0,2,1,20,0,0,0,0,1,0,0,0,0,0,1,1,0,0,0,1,0,0,0.0,0,0,1,0,0,0,0,0,0,0,1,1,1,0,0,0,0,0,0,1,0,0,0
24960,Battlefield: Bad Company 2,1,3.1354942159291497,0.0,1,0.0,0,0.0,0,0,0,0,1,15.068273812173887,0,0,1,1,1,20,0,0,0,0,0,1,0,1,1,0,0,1,0,0,0,1,0,0,0.0,0,0,0,0,1,1,0,1,0,0,1,1,1,0,0,0,0,0,0,0,0,0,0
848450,Subnautica: Below Zero,1,6.54965074223381,29.99,1,29.99,0,29.99,0,1,0,0,0,15.068273812173887,0,1,0,2,1,20,0,0,0,0,1,0,0,0,0,0,0,0,1,0,0,0,0,0,0.0,1,0,1,0,0,0,0,0,0,0,1,1,1,0,0,0,0,0,0,1,0,0,1
286940,S.K.I.L.L. - Special Force 2 (Shooter),1,0.0,0.0,1,0.0,0,0.0,1,0,0,0,1,15.068273812173887,0,0,1,5,1,20,0,1,0,0,0,1,0,0,0,0,0,0,1,1,0,1,1,0,0.0,0,1,0,0,1,1,0,1,0,1,0,1,1,0,0,0,0,0,0,1,0,0,0
740130,Tales of ARISE,1,5.209486152841421,49.99,1,49.99,0,49.99,0,0,0,0,0,15.068273812173887,0,0,0,2,1,20,0,0,0,0,1,0,0,0,0,0,1,1,0,0,1,1,0,1,0.0,0,0,0,0,0,0,0,0,0,0,0,1,1,0,0,0,0,0,0,0,0,0,0
17390,SPORE,1,6.396929655216146,19.99,0,19.99,0,19.99,0,0,0,0,0,15.068273812173887,0,0,0,6,1,20,0,0,1,0,0,0,0,0,1,0,0,1,0,0,1,1,0,0,0.0,0,0,1,0,0,0,0,0,1,0,0,0,1,0,0,0,0,1,0,1,1,0,0
530700,Argo,0,0.6931471805599453,0.0,1,0.0,0,0.0,1,0,0,0,1,15.068273812173887,0,0,1,2,1,20,0,0,0,0,0,1,0,0,0,0,0,0,0,1,0,1,1,0,0.0,0,1,0,0,1,1,0,1,0,1,1,1,0,0,0,0,0,0,0,0,0,1,0
2622380,ELDEN RING NIGHTREIGN,1,12.005179703150784,39.99,1,39.99,0,39.99,0,0,0,0,0,15.068273812173887,0,0,1,2,1,20,0,0,0,0,1,0,0,0,0,0,1,0,1,0,1,1,0,0,0.0,0,1,0,0,0,0,0,0,0,0,0,1,0,0,0,0,0,0,0,0,0,1,0
220240,Far Cry 3,1,6.192362489474872,19.99,1,19.99,0,19.99,0,0,0,0,0,15.068273812173887,0,0,1,2,1,20,0,0,0,0,1,1,0,0,0,0,1,1,1,0,0,1,0,0,0.0,1,1,1,0,0,0,0,1,0,0,1,1,1,0,0,0,0,0,0,1,1,0,0
1217060,Gunfire Reborn,1,7.264730177929867,19.99,1,13.99,0,13.99,0,1,0,0,0,15.068273812173887,0,1,1,4,0,20,0,0,0,1,0,1,0,0,0,0,1,0,0,0,1,1,0,0,0.30015007503751867,0,1,0,0,0,0,0,1,0,0,0,1,1,0,0,0,0,0,0,1,0,0,0
1248130,Farming Simulator 22,1,8.597851094433691,19.99,1,19.99,0,19.99,0,0,0,0,0,15.068273812173887,0,0,1,1,1,20,0,0,0,0,0,0,0,0,0,0,0,0,0,0,0,0,0,1,0.0,0,1,1,0,0,0,0,0,0,0,0,0,0,0,0,0,0,1,1,0,0,0,0
635260,CarX Drift Racing Online,1,7.413970290190444,16.99,1,3.39,0,3.39,1,0,1,0,0,15.068273812173887,0,0,1,6,1,20,0,0,0,0,0,0,0,0,0,0,0,0,0,0,0,1,0,0,0.8004708652148322,0,1,1,0,0,0,0,0,1,1,0,0,0,0,0,0,0,0,0,0,0,0,0
259080,Just Cause 2: Multiplayer Mod,1,2.0794415416798357,0.0,1,0.0,0,0.0,1,0,0,0,1,15.068273812173887,0,0,1,2,1,20,0,0,1,0,0,1,0,0,0,0,0,1,0,0,0,1,1,0,0.0,0,0,1,0,0,0,0,1,0,0,0,1,1,0,0,0,0,0,1,1,0,0,0
414340,Hellblade: Senua's Sacrifice,1,4.30406509320417,29.99,0,29.99,0,29.99,0,1,0,0,0,15.068273812173887,0,1,0,3,0,20,0,0,0,0,1,0,0,0,0,0,0,0,0,0,0,1,0,0,0.0,0,0,0,0,0,0,0,0,0,1,1,1,1,0,0,0,0,0,0,1,0,1,1
42700,Call of Duty: Black Ops,1,6.269096283706261,39.99,1,19.99,0,19.99,1,0,0,0,0,15.068273812173887,0,0,1,1,0,20,0,1,0,0,1,1,0,0,0,0,0,1,0,0,0,1,0,0,0.5001250312578145,0,1,0,0,1,1,0,1,0,0,0,1,1,0,0,0,0,0,0,0,0,0,1
108710,Alan Wake,1,5.111987788356544,14.99,0,14.99,0,14.99,0,0,0,0,0,15.068273812173887,0,0,0,2,0,20,0,1,0,0,1,0,0,0,0,0,0,0,1,0,0,1,0,0,0.0,0,0,0,0,0,0,0,1,0,0,1,1,1,0,0,1,0,0,0,1,0,0,1
55100,Homefront,0,2.5649493574615367,19.99,1,19.99,0,19.99,0,0,0,0,0,15.068273812173887,0,0,1,1,1,20,0,0,0,0,1,1,0,0,0,0,0,1,1,0,0,1,0,0,0.0,0,0,0,0,1,1,0,1,0,1,1,1,1,0,0,0,0,0,0,0,0,1,0
1520470,封灵档案,1,6.48768401848461,0.0,1,0.0,0,0.0,1,0,1,1,1,15.068273812173887,0,0,0,6,0,20,0,0,0,0,0,0,0,0,0,0,0,0,1,1,1,1,1,0,0.0,0,1,0,0,0,0,0,0,0,0,0,1,1,0,0,0,0,0,0,1,0,0,1
644560,Mirror,1,4.672828834461906,1.99,0,1.99,0,1.99,0,1,0,0,0,15.068273812173887,1,1,0,3,0,20,0,0,0,0,1,0,0,0,0,0,1,0,0,0,1,0,0,0,0.0,0,0,0,0,0,0,0,1,0,0,0,0,1,0,0,0,0,0,0,1,0,0,0
1263850,Football Manager 2021,1,7.023758954738443,0.0,1,0.0,0,0.0,0,0,0,0,1,15.068273812173887,0,0,1,2,0,10,0,0,0,0,0,0,0,0,0,0,0,1,0,0,0,0,1,0,0.0,0,0,0,0,0,0,0,0,0,0,0,0,0,0,0,0,0,0,0,0,0,0,0
407530,ARK: Survival Of The Fittest,0,3.784189633918261,14.99,1,4.49,0,4.49,1,1,1,1,0,15.068273812173887,0,1,0,6,1,20,0,0,0,1,0,1,0,0,0,0,1,0,1,0,1,1,1,0,0.7004669779853235,1,0,1,0,0,0,0,0,0,0,0,1,1,0,0,0,0,0,0,1,0,0,0
774171,Muse Dash,1,6.511745329644728,2.99,0,2.99,1,2.99,0,1,0,0,0,15.068273812173887,0,1,0,3,0,20,0,1,1,0,0,0,1,0,0,0,0,0,0,0,0,1,0,0,0.0,0,0,0,0,0,0,0,0,1,0,0,1,0,0,0,0,0,0,0,0,1,0,0
201810,Wolfenstein: The New Order,1,6.035481432524756,19.99,0,19.99,0,19.99,0,0,0,0,0,15.068273812173887,0,0,0,1,0,20,0,1,0,0,1,1,0,0,0,0,0,1,0,0,0,1,0,0,0.0,0,0,0,0,0,1,0,1,0,0,1,1,1,0,1,0,0,0,0,0,0,0,0
319510,Five Nights at Freddy's,1,4.77912349311153,4.99,0,4.99,0,4.99,0,1,0,0,0,15.068273812173887,0,1,0,2,0,20,0,0,0,0,0,0,1,0,0,0,0,0,1,0,0,0,0,0,0.0,0,0,0,0,0,0,0,0,0,0,1,0,0,0,1,1,1,0,0,0,0,0,1
1888160,ARMORED CORE VI FIRES OF RUBICON,1,6.919683849847411,59.99,1,59.99,0,59.99,0,0,0,0,0,15.068273812173887,0,0,0,1,0,20,0,0,0,0,0,0,1,0,0,0,0,0,0,0,0,1,0,1,0.0,0,0,0,0,1,0,0,0,0,0,1,1,0,0,0,0,0,0,0,0,0,0,0
674020,World War 3,0,4.0943445622221,0.0,1,0.0,0,0.0,0,0,0,1,1,15.068273812173887,0,0,0,2,0,20,0,0,0,0,0,1,0,0,0,0,0,0,0,1,0,1,1,1,0.0,0,1,0,0,1,1,0,1,0,1,1,1,0,0,0,0,0,0,0,0,0,0,0
310950,Street Fighter V,0,5.14166355650266,19.99,1,19.99,1,19.99,0,0,0,0,0,15.068273812173887,0,0,0,1,0,20,0,1,1,0,0,0,0,1,0,0,0,1,0,0,0,1,0,0,0.0,0,0,0,0,0,0,0,0,0,0,0,1,0,0,0,0,0,0,0,0,0,0,0
952060,Resident Evil 3,1,5.8944028342648505,39.99,1,7.99,0,7.99,0,0,0,0,0,15.068273812173887,0,0,1,1,0,20,0,1,0,0,1,0,1,1,0,0,0,1,0,0,0,1,0,0,0.800200050012503,0,0,0,0,0,0,0,0,0,0,1,1,1,0,0,0,0,0,0,0,0,1,1
949230,Cities: Skylines II,0,8.592857095337227,49.99,1,49.99,0,49.99,0,0,0,0,0,15.068273812173887,0,0,0,1,1,20,0,1,0,1,0,0,0,0,0,0,0,1,0,0,0,0,0,0,0.0,0,0,1,0,0,0,0,0,0,1,1,0,0,0,0,0,0,0,1,0,0,0,0
1466860,Age of Empires IV: Anniversary Edition,1,8.865735152124781,39.99,1,39.99,0,39.99,0,0,0,1,0,15.068273812173887,0,0,1,1,1,20,0,0,0,0,0,0,0,0,0,0,0,1,0,0,0,0,0,0,0.0,0,1,0,0,0,1,0,0,0,0,0,0,0,0,1,0,0,0,0,0,0,0,0
1904540,Football Manager 2023,1,8.337827262447915,0.0,1,0.0,1,0.0,0,0,0,0,1,15.068273812173887,0,0,0,2,0,12,0,0,0,0,0,0,0,0,0,0,0,1,0,0,0,0,0,0,0.0,0,0,0,0,0,0,0,0,0,0,0,0,0,0,0,0,0,0,0,0,0,0,0
388410,Darksiders II Deathinitive Edition,1,4.3694478524670215,29.99,1,29.99,0,29.99,0,0,0,0,0,15.068273812173887,1,0,0,3,1,20,0,1,0,0,1,0,0,0,0,0,1,1,0,0,1,1,0,0,0.0,0,0,0,0,0,0,0,0,0,0,0,1,1,0,0,0,0,0,0,1,0,0,0
544810,KARDS - The WWII Card Game,1,8.475746001502063,0.0,1,0.0,0,0.0,0,1,0,1,1,15.068273812173887,0,0,0,4,0,20,0,0,0,0,0,0,0,0,0,0,0,0,0,1,0,0,1,0,0.0,0,0,0,0,1,1,0,0,1,1,0,0,0,0,1,0,0,0,0,0,0,0,0
611500,Quake Champions,1,5.318119993844216,0.0,1,0.0,0,0.0,0,0,0,0,1,15.068273812173887,0,0,0,2,0,20,0,0,0,1,0,1,1,1,0,0,0,1,0,1,0,1,1,0,0.0,0,0,0,0,0,0,0,1,0,0,0,1,0,0,0,0,0,0,0,0,0,1,1
50,Half-Life: Opposing Force,1,4.31748811353631,4.99,0,4.99,0,4.99,0,0,0,0,0,15.068273812173887,1,0,1,1,0,20,0,1,0,0,1,1,0,1,0,0,0,1,0,0,0,1,0,0,0.0,0,0,0,0,1,0,0,1,0,0,1,1,1,0,0,0,0,0,1,0,0,0,0
1408720,Krunker,1,3.4965075614664802,0.0,1,0.0,0,0.0,0,0,0,1,1,15.068273812173887,0,0,0,2,0,20,0,0,0,0,0,1,0,0,0,0,0,0,0,0,0,1,1,1,0.0,0,1,0,0,0,0,0,1,1,0,0,1,0,0,0,0,0,0,1,0,0,0,0
310560,DiRT Rally,1,4.442651256490317,0.0,1,0.0,0,0.0,0,0,0,0,1,15.068273812173887,0,0,1,3,1,20,0,0,0,0,0,0,1,0,0,0,0,0,0,0,0,0,0,0,0.0,0,0,0,0,0,0,0,0,0,1,1,1,0,0,0,0,0,1,0,0,0,0,0
1845910,Dragon Age: The Veilguard,0,6.690842277418564,59.99,0,59.99,0,59.99,0,0,0,0,0,15.068273812173887,0,0,0,4,0,20,0,0,0,0,1,0,0,0,0,0,1,1,0,0,1,1,0,1,0.0,0,0,0,0,0,0,0,0,0,0,0,1,1,1,0,0,0,0,0,1,0,0,0
254700,Resident Evil 4 (2005),1,6.513230110912307,19.99,0,4.99,0,4.99,0,0,0,0,0,15.068273812173887,0,0,0,2,0,20,0,1,0,0,0,0,1,1,0,0,0,1,1,0,0,1,0,0,0.7503751875937968,0,0,0,0,0,0,0,1,0,0,1,1,1,0,0,0,0,0,0,1,0,0,1
1029690,Sniper Elite 5,1,7.338888133838879,49.99,1,49.99,0,49.99,0,0,0,0,0,15.068273812173887,0,0,1,2,1,20,0,0,0,0,0,1,0,0,0,0,0,0,0,0,0,1,0,0,0.0,0,1,0,0,0,1,0,1,0,0,0,1,1,0,0,0,0,0,0,1,0,1,0
12220,Grand Theft Auto: Episodes from Liberty City,1,0.0,0.0,1,0.0,0,0.0,0,0,0,0,1,15.068273812173887,0,0,0,1,1,20,0,1,0,0,1,0,0,0,1,0,0,1,0,0,0,1,0,0,0.0,0,0,1,0,0,0,0,1,0,0,1,1,1,0,0,0,0,0,1,0,0,0,0
815370,Green Hell,1,7.4127640174265625,24.99,1,2.49,0,2.49,0,1,0,0,0,15.068273812173887,0,0,1,4,1,20,0,0,0,0,0,0,0,0,0,0,0,0,1,0,0,1,0,0,0.9003601440576231,1,1,1,0,0,0,0,0,0,1,1,1,1,0,0,0,0,0,0,1,0,0,0
470220,UNO,1,5.676753802268282,9.99,1,9.99,0,9.99,0,0,0,1,0,15.068273812173887,0,0,1,1,0,20,0,0,1,0,0,0,0,1,0,0,0,0,0,0,0,0,0,0,0.0,0,1,0,0,0,0,0,0,1,0,0,1,0,0,0,0,0,1,0,0,0,0,0
302830,BLOCKADE 3D,0,1.6094379124341003,0.0,1,0.0,0,0.0,1,0,0,0,1,15.068273812173887,0,0,1,3,1,20,1,0,1,1,0,1,0,0,0,0,0,0,1,1,0,1,1,0,0.0,0,1,1,1,0,0,0,1,0,0,0,1,1,0,0,0,0,0,0,0,0,0,0
242920,Banished,1,6.169610732491456,19.99,0,19.99,0,19.99,0,1,0,0,0,15.068273812173887,0,1,0,3,1,20,0,0,0,0,0,0,1,0,0,0,0,0,1,0,0,0,0,0,0.0,0,0,1,0,0,0,0,0,0,0,0,0,0,0,1,0,0,0,0,0,0,0,0
236110,Dungeon Defenders II,1,5.863631175598097,0.0,1,0.0,0,0.0,0,1,0,0,1,15.068273812173887,0,0,0,5,0,20,0,0,0,0,0,0,0,0,0,0,0,0,1,1,1,1,0,1,0.0,0,1,0,0,0,0,0,0,0,0,0,0,0,0,0,0,0,1,0,0,1,0,0
383870,Firewatch,1,4.406719247264253,19.99,0,19.99,0,19.99,0,1,0,0,0,15.068273812173887,0,1,0,2,1,20,0,1,1,0,1,0,0,0,1,0,0,0,0,0,0,0,0,0,0.0,0,0,0,0,0,0,0,0,0,0,1,0,1,0,0,0,0,0,0,1,1,0,1
1237950,STAR WARS Battlefront II,1,9.128479345495862,39.99,1,39.99,0,39.99,0,0,0,1,0,15.068273812173887,0,0,1,2,0,20,0,0,0,0,0,1,0,0,0,0,0,1,0,0,0,1,0,1,0.0,0,1,0,0,0,0,0,1,0,0,0,1,1,0,0,0,0,0,0,1,0,0,0
1399780,Spellbreak,1,0.6931471805599453,0.0,1,0.0,0,0.0,0,0,0,1,1,15.068273812173887,0,0,1,4,0,20,0,0,0,0,0,0,0,0,0,0,1,0,0,1,1,1,1,0,0.0,0,0,0,0,0,0,0,0,0,0,0,1,1,0,0,0,0,0,0,1,1,0,0
312660,Sniper Elite 4,1,6.295266001439646,59.99,1,59.99,0,59.99,0,0,0,0,0,15.068273812173887,0,0,1,2,1,20,0,0,0,0,0,1,0,0,0,0,0,0,0,0,0,1,0,0,0.0,0,0,0,0,0,1,0,1,0,0,0,1,1,0,0,0,0,0,0,1,0,1,0
502500,ACE COMBAT 7: SKIES UNKNOWN,1,5.831882477283517,59.99,1,59.99,0,59.99,0,0,0,1,0,15.068273812173887,0,0,0,2,0,20,0,1,0,0,1,0,0,0,0,0,0,1,0,0,0,1,0,0,0.0,0,0,0,0,1,1,0,1,0,1,0,1,0,0,0,0,0,0,0,0,0,0,0
632470,Disco Elysium - The Final Cut,1,6.823286122355687,39.99,0,39.99,0,39.99,0,0,0,0,0,15.068273812173887,0,1,0,1,1,20,0,0,1,0,1,0,0,0,0,0,1,0,0,0,1,0,0,1,0.0,0,0,0,0,0,0,0,0,0,0,1,0,1,1,0,0,1,0,0,0,0,0,0
200260,Batman: Arkham City - Game of the Year Edition,1,6.486160788944089,19.99,0,19.99,0,19.99,0,0,0,0,0,15.068273812173887,0,0,0,2,1,20,0,1,0,0,1,0,0,0,0,0,0,0,0,0,0,1,0,0,0.0,0,0,1,0,0,0,0,0,0,0,1,1,1,0,0,0,0,0,0,1,0,0,0
393380,Squad,1,9.117896081584902,39.99,1,39.99,0,39.99,1,1,1,1,0,15.068273812173887,0,0,0,4,1,20,0,0,0,0,0,1,0,0,0,0,0,0,0,0,0,1,0,0,0.0,0,0,0,0,1,1,0,1,0,1,1,1,0,0,0,0,0,0,0,0,0,0,0
40800,Super Meat Boy,1,4.290459441148391,14.99,0,14.99,1,14.99,0,1,0,0,0,15.068273812173887,0,1,0,1,0,20,1,1,1,0,0,0,1,0,1,0,0,0,0,0,0,0,0,0,0.0,0,0,0,0,0,0,1,0,0,0,0,1,0,0,0,0,0,0,0,0,0,0,0
303390,Dead Bits,0,1.0986122886681098,4.99,1,0.49,0,0.49,0,1,0,0,0,15.068273812173887,0,1,0,3,0,15,1,1,1,0,0,1,1,0,0,0,0,0,0,0,0,1,0,0,0.9018036072144289,0,0,0,0,0,0,0,1,1,0,0,1,0,0,0,0,0,0,0,0,0,0,1
280,Half-Life: Source,0,3.332204510175204,9.99,1,9.99,0,9.99,0,0,0,0,0,15.068273812173887,0,0,0,1,0,20,0,1,0,0,1,1,0,1,0,0,0,1,0,0,0,1,0,0,0.0,0,0,0,0,0,0,0,1,0,0,1,1,1,0,0,0,0,0,1,0,0,0,1
783770,Ironsight,1,4.174387269895637,0.0,1,0.0,0,0.0,0,0,0,1,1,15.068273812173887,0,0,1,2,0,20,0,0,0,0,0,1,0,0,0,0,0,0,0,1,0,1,1,0,0.0,0,1,0,0,1,0,0,1,0,0,0,1,0,0,0,0,0,0,0,0,0,1,0
212070,Star Conflict,1,4.564348191467836,0.0,0,0.0,0,0.0,1,0,1,0,1,15.068273812173887,0,0,0,6,1,20,0,0,0,0,0,0,0,0,0,0,1,0,0,1,1,1,1,0,0.0,1,1,1,0,0,0,0,1,0,0,1,1,0,0,0,0,0,0,0,1,0,0,0
110800,L.A. Noire,1,5.017279836814924,19.99,0,5.99,0,5.99,0,0,0,0,0,15.068273812173887,1,0,0,2,1,20,0,0,0,0,1,0,0,0,0,0,0,1,0,0,0,0,0,0,0.7003501750875437,0,0,0,0,0,0,0,0,0,0,1,1,1,0,0,0,0,0,0,1,0,0,0
41070,Serious Sam 3: BFE,1,4.663439094112067,29.99,1,2.99,0,2.99,0,1,0,0,0,15.068273812173887,0,1,1,2,0,20,0,0,1,0,0,1,1,0,1,0,0,1,0,0,0,1,0,0,0.9003001000333445,0,1,0,0,0,0,0,1,0,0,0,1,1,0,0,0,0,0,0,0,0,0,0
50300,Spec Ops: The Line,1,3.4657359027997265,0.0,1,0.0,0,0.0,0,0,0,0,1,15.068273812173887,0,0,0,2,0,20,0,1,0,0,1,0,0,0,0,0,0,0,0,0,0,1,0,0,0.0,0,0,0,0,1,1,0,1,0,0,1,1,1,0,0,1,0,0,0,1,0,0,0
1284210,Guild Wars 2,1,8.094988759303774,0.0,1,0.0,0,0.0,1,0,1,1,1,15.068273812173887,0,0,0,4,0,20,0,0,0,0,1,0,0,0,0,1,1,0,0,1,1,0,1,1,0.0,1,1,0,0,0,0,0,0,0,0,1,0,1,0,0,0,0,0,0,1,0,0,0
485510,Nioh: Complete Edition,1,5.676753802268282,49.99,1,49.99,0,49.99,0,0,0,0,0,15.068273812173887,0,0,1,2,0,20,0,1,0,0,0,0,1,0,0,0,1,1,0,0,1,1,0,0,0.0,0,0,0,0,0,0,0,0,0,0,1,1,1,0,1,0,0,0,0,0,0,0,0
35700,Trine Enchanted Edition,1,2.833213344056216,14.99,1,2.99,1,2.99,0,1,0,0,0,15.068273812173887,1,1,1,6,0,20,0,1,0,0,0,0,0,0,0,0,0,0,0,0,1,1,0,0,0.800533689126084,0,1,0,0,0,0,1,0,1,0,1,1,1,0,0,0,0,0,0,1,0,0,0
210770,Sanctum 2,1,2.772588722239781,14.99,1,14.99,0,14.99,0,1,0,0,0,15.068273812173887,0,1,1,3,0,20,0,1,1,0,0,1,0,0,0,0,1,1,1,0,0,1,0,0,0.0,0,1,0,0,0,0,0,1,0,0,0,1,0,0,0,0,0,0,0,0,0,0,0
282140,SOMA,1,4.060443010546419,29.99,0,5.99,0,5.99,0,1,0,0,0,15.068273812173887,1,1,0,3,0,20,0,0,0,0,1,0,0,0,0,0,0,0,0,0,0,1,0,0,0.8002667555851951,0,0,0,0,0,0,0,0,0,0,1,1,1,0,0,1,0,0,0,1,0,0,1
495420,State of Decay 2: Juggernaut Edition,1,7.156176637480615,29.99,1,29.99,0,29.99,0,0,0,0,0,15.068273812173887,0,0,1,3,1,20,0,0,0,0,0,0,0,0,0,0,1,1,1,0,1,1,0,0,0.0,0,1,1,0,0,0,0,0,0,0,1,1,0,0,0,0,0,0,0,0,0,1,1
323580,Jotun: Valhalla Edition,1,1.3862943611198906,14.99,0,14.99,1,14.99,0,1,0,0,0,15.068273812173887,0,1,0,3,0,20,0,1,0,0,1,0,1,0,0,0,0,0,0,0,0,1,0,0,0.0,0,0,0,0,0,0,0,0,0,0,1,1,1,0,0,0,0,0,0,1,0,0,0
225260,Brutal Legend,1,3.6109179126442243,14.99,1,14.99,0,14.99,0,0,0,0,0,15.068273812173887,0,0,0,3,1,20,0,1,1,0,0,0,0,0,1,0,1,0,0,0,0,1,0,0,0.0,0,0,0,0,0,0,0,0,0,0,1,1,1,0,0,0,0,0,0,1,0,0,0
2835570,Buckshot Roulette,1,6.677083461247136,2.99,1,2.99,0,2.99,0,1,0,0,0,15.068273812173887,1,1,0,3,0,20,0,0,0,0,0,1,0,0,0,0,0,0,0,0,0,1,0,0,0.0,0,0,0,0,0,0,0,0,0,0,0,1,0,0,0,1,0,0,0,0,0,0,1
464920,Surviving Mars,1,6.230481447578482,29.99,0,29.99,0,29.99,0,0,0,0,0,15.068273812173887,0,0,0,2,1,20,0,1,0,0,0,0,0,0,0,0,0,1,1,0,0,0,0,0,0.0,0,0,1,0,0,0,0,0,0,0,0,0,0,0,0,0,0,0,1,0,0,0,0
9900,Star Trek Online,1,6.964135612418245,0.0,1,0.0,0,0.0,1,0,1,1,1,15.068273812173887,0,0,1,3,1,20,0,0,0,0,0,0,0,0,0,1,1,0,0,1,1,0,1,1,0.0,0,1,0,0,0,0,0,0,0,0,0,1,1,0,0,0,0,0,0,0,0,0,0
7940,Call of Duty 4: Modern Warfare (2007),1,5.934894195619588,19.99,1,9.99,0,9.99,0,0,0,1,0,15.068273812173887,0,0,1,1,0,20,0,1,0,0,1,1,0,1,0,0,0,1,0,0,0,1,0,0,0.5002501250625312,0,0,0,0,1,1,0,1,0,0,1,1,0,0,0,0,0,0,1,0,0,0,0
493340,Planet Coaster,1,6.5337888379333435,44.99,1,44.99,0,44.99,0,0,0,0,0,15.068273812173887,0,0,0,5,0,20,0,1,1,0,0,0,0,0,0,0,0,0,0,0,0,1,0,0,0.0,0,0,1,0,0,0,0,0,1,1,1,0,0,0,0,0,0,1,0,1,1,0,0
343710,Kholat,0,0.6931471805599453,19.99,0,4.59,0,4.59,0,1,0,0,0,15.068273812173887,0,1,0,2,1,20,0,0,0,0,1,0,0,0,0,0,0,0,1,0,0,0,0,0,0.7703851925962981,0,0,0,0,0,0,0,0,0,0,1,1,1,0,1,1,0,0,0,1,0,0,1
504230,Celeste,1,7.069023426578259,19.99,0,4.99,1,4.99,0,1,0,0,0,15.068273812173887,0,1,0,3,0,20,1,1,0,0,1,0,1,0,0,0,0,0,0,0,0,1,0,0,0.7503751875937968,0,0,0,0,0,0,1,0,0,0,1,1,1,0,0,0,0,0,0,1,0,0,0
394510,HELLDIVERS Dive Harder Edition,1,5.3471075307174685,19.99,1,19.99,0,19.99,0,0,0,0,0,15.068273812173887,0,0,1,1,0,20,0,0,1,0,0,0,1,0,1,0,0,1,1,0,0,1,0,0,0.0,0,1,0,0,0,0,0,1,0,0,0,1,0,0,0,0,0,0,0,0,0,0,0
1128810,RISK: Global Domination,1,7.675081857716334,0.0,1,0.0,0,0.0,1,0,0,0,1,15.068273812173887,0,1,0,3,0,20,0,0,0,0,0,0,0,1,0,0,0,0,0,1,0,0,1,0,0.0,0,1,0,0,0,1,0,0,1,0,0,0,0,0,0,1,0,0,0,0,0,0,0
325610,Total War: ATTILA,1,7.260522598089852,19.99,1,19.99,0,19.99,0,0,0,0,0,15.068273812173887,0,0,1,1,1,20,0,0,0,0,0,0,0,0,0,0,0,0,1,0,0,0,0,0,0.0,0,0,0,0,0,1,0,0,0,0,1,1,1,0,1,0,0,0,0,0,0,0,0
1643320,S.T.A.L.K.E.R. 2: Heart of Chornobyl,1,7.784889295655098,59.99,0,59.99,0,59.99,0,0,0,0,0,15.068273812173887,0,0,0,3,1,20,0,0,0,0,1,1,0,0,0,0,1,0,1,0,1,1,0,0,0.0,0,0,0,0,0,0,0,1,0,1,1,1,0,1,0,0,0,0,0,1,0,0,0
204450,Call of Juarez: Gunslinger,1,4.5217885770490405,14.99,0,2.99,0,2.99,0,0,0,0,0,15.068273812173887,0,0,0,1,0,20,0,0,1,0,1,1,0,0,1,0,0,0,0,0,0,1,0,0,0.800533689126084,0,0,0,0,0,0,0,1,0,0,1,1,1,0,1,0,0,0,0,0,0,1,0
63380,Sniper Elite V2,1,3.5553480614894135,0.0,1,0.0,0,0.0,0,0,0,0,1,15.068273812173887,0,0,1,1,0,20,0,0,0,0,0,1,0,0,0,0,0,0,0,0,0,1,0,0,0.0,0,1,0,0,0,1,0,1,0,0,0,1,1,0,1,0,0,0,0,0,0,0,0
268420,Aura Kingdom,1,0.6931471805599453,0.0,1,0.0,0,0.0,1,0,1,0,1,15.068273812173887,0,0,1,5,1,20,0,0,0,0,0,0,0,0,0,1,1,0,0,1,1,0,1,1,0.0,0,1,0,0,0,0,0,0,1,0,0,1,1,0,0,0,0,0,0,1,0,0,0
482730,Football Manager 2017,0,5.963579343618446,0.0,1,0.0,0,0.0,0,0,0,0,1,15.068273812173887,0,0,0,2,0,11,0,0,0,0,0,0,0,0,0,0,0,1,0,0,0,0,0,0,0.0,0,0,0,0,0,0,0,0,0,0,0,1,0,0,0,0,0,0,0,0,0,0,0
22370,Fallout 3: Game of the Year Edition,1,5.765191102784844,19.99,0,19.99,0,19.99,0,0,0,0,0,15.068273812173887,0,0,0,1,1,20,0,1,0,0,1,1,0,0,0,0,1,1,0,0,1,0,0,0,0.0,0,0,1,0,0,0,0,1,0,0,1,1,1,0,0,0,0,0,1,0,0,0,0
349040,NARUTO SHIPPUDEN: Ultimate Ninja STORM 4,1,5.953243334287785,19.99,1,14.99,0,14.99,0,0,0,0,0,15.068273812173887,0,0,1,2,1,20,0,1,0,0,1,0,0,0,0,0,0,1,0,0,0,1,0,0,0.25012506253126554,0,1,0,0,0,0,0,0,0,0,1,1,1,0,0,0,0,0,0,1,0,0,0
823130,Totally Accurate Battlegrounds,1,4.804021044733257,0.0,1,0.0,0,0.0,1,1,0,1,1,15.068273812173887,0,1,1,3,1,20,0,0,0,0,0,1,0,0,0,0,0,0,1,1,0,1,0,1,0.0,0,0,1,0,0,0,0,1,0,0,0,1,0,0,0,0,0,1,0,0,0,0,0
204100,Max Payne 3,1,5.288267030694535,19.99,1,19.99,0,19.99,0,0,0,0,0,15.068273812173887,0,0,1,1,1,20,0,1,0,0,1,0,0,0,0,0,0,1,0,0,0,1,0,0,0.0,0,0,0,0,0,0,0,1,0,0,1,1,1,0,0,0,0,0,0,0,0,1,0
1184370,Pathfinder: Wrath of the Righteous - Enhanced Edition,1,7.536363938404511,19.99,0,19.99,0,19.99,0,1,0,0,0,15.068273812173887,0,0,0,5,1,20,0,0,0,0,1,0,0,0,0,0,1,0,0,0,1,1,0,0,0.0,0,0,0,0,0,0,0,0,0,0,0,1,1,0,0,0,0,0,0,1,0,0,0
640820,Pathfinder: Kingmaker — Enhanced Plus Edition,1,6.3818160174060985,19.99,0,19.99,0,19.99,0,0,0,0,0,15.068273812173887,0,0,0,2,1,20,0,0,0,0,1,0,0,0,0,0,1,0,0,0,1,0,0,1,0.0,0,0,0,0,0,0,0,0,0,0,0,0,1,1,0,0,0,0,0,1,0,0,0
47890,The Sims 3,1,7.142827401161621,19.99,1,19.99,0,19.99,0,0,0,0,0,15.068273812173887,0,0,0,1,0,20,0,1,1,0,0,0,0,0,1,0,1,1,0,0,0,0,0,1,0.0,0,0,1,0,0,0,0,0,0,0,0,1,1,0,0,0,0,1,1,0,0,0,0
637650,FINAL FANTASY XV WINDOWS EDITION,1,5.8289456176102075,34.99,1,34.99,0,34.99,0,0,0,0,0,15.068273812173887,0,0,1,1,1,20,0,1,0,0,1,0,0,0,0,0,1,1,0,0,1,0,0,0,0.0,0,1,0,0,0,0,0,0,0,0,1,1,1,0,0,0,0,0,0,0,0,1,0
703080,Planet Zoo,1,7.823245690685523,44.99,1,44.99,0,44.99,0,0,0,0,0,15.068273812173887,0,0,0,3,1,20,0,1,1,0,0,0,0,0,0,0,0,0,0,0,0,0,0,0,0.0,0,0,1,0,0,0,0,0,1,1,0,0,0,0,0,0,0,1,0,0,0,0,0
35140,Batman: Arkham Asylum Game of the Year Edition,1,6.400257445308821,19.99,0,19.99,0,19.99,0,0,0,0,0,15.068273812173887,1,0,0,2,1,20,0,0,0,0,1,0,0,0,0,0,0,0,0,0,0,1,0,0,0.0,0,0,0,0,0,0,0,0,0,0,1,1,1,0,0,0,0,0,0,1,0,0,1
460950,Katana ZERO,1,4.418840607796598,14.99,0,14.99,1,14.99,0,1,0,0,0,15.068273812173887,0,1,0,2,0,20,1,1,0,0,1,0,1,0,0,0,0,1,0,0,0,1,0,0,0.0,0,0,0,0,0,0,1,0,0,0,0,1,0,0,0,0,0,0,0,0,0,1,0
50620,Darksiders,1,2.302585092994046,19.99,0,19.99,0,19.99,0,0,0,0,0,15.068273812173887,1,0,0,2,1,20,0,0,0,0,0,0,0,0,0,0,1,1,0,0,0,1,0,0,0.0,0,0,0,0,0,0,1,0,0,0,0,1,1,0,0,0,0,0,0,1,0,0,0
337000,Deus Ex: Mankind Divided,1,5.327876168789581,29.99,0,29.99,0,29.99,0,0,0,0,0,15.068273812173887,0,0,0,2,1,20,0,1,0,0,1,1,0,0,0,0,1,0,0,0,1,1,0,0,0.0,0,0,0,0,0,0,0,1,0,0,1,1,1,0,0,0,0,0,0,0,0,0,0
433340,Slime Rancher,1,6.755768921984255,19.99,0,4.99,0,4.99,0,1,0,0,0,15.068273812173887,0,1,0,4,1,20,0,1,1,1,0,1,0,0,0,0,0,0,0,0,0,1,0,0,0.7503751875937968,0,0,1,0,0,0,0,0,0,0,0,1,1,0,0,0,0,1,0,1,1,0,0
238010,Deus Ex: Human Revolution - Director's Cut,1,5.267858159063328,19.99,0,19.99,0,19.99,0,0,0,0,0,15.068273812173887,0,0,0,2,0,20,0,1,0,0,1,1,0,0,0,0,1,0,0,0,1,1,0,0,0.0,0,0,0,0,0,0,0,1,0,0,1,1,1,0,0,0,0,0,0,0,0,0,0
527230,For The King,1,6.061456918928017,19.99,1,19.99,0,19.99,0,1,0,0,0,15.068273812173887,0,1,1,4,1,20,0,0,0,0,0,0,0,0,0,0,1,0,0,0,1,0,0,0,0.0,0,1,0,0,0,0,0,0,0,0,0,0,1,0,0,0,0,0,0,1,0,0,0
39120,RIFT,1,4.941642422609304,0.0,1,0.0,0,0.0,1,0,1,1,1,15.068273812173887,0,0,1,5,1,20,0,0,0,0,0,0,0,0,0,1,1,0,1,1,1,1,1,1,0.0,1,1,0,0,0,0,0,0,0,0,0,1,1,0,0,0,0,0,0,1,0,0,0
307690,Sleeping Dogs: Definitive Edition,1,6.263398262591624,19.99,1,19.99,0,19.99,0,0,0,0,0,15.068273812173887,0,0,0,3,1,20,0,1,0,0,1,0,0,0,0,0,0,0,0,0,0,1,0,0,0.0,0,0,1,0,0,0,0,1,0,0,1,1,1,0,0,0,0,0,0,1,0,0,0
266840,Age of Mythology: Extended Edition,1,6.690842277418564,29.99,1,29.99,0,29.99,0,0,0,0,0,15.068273812173887,0,0,1,2,0,20,0,1,0,0,1,0,0,1,0,0,0,1,0,0,0,0,0,0,0.0,0,0,0,0,0,0,0,0,0,0,1,1,1,0,1,0,0,0,0,0,0,0,0
2054970,Dragon's Dogma 2,0,6.645090969505644,39.99,1,39.99,0,39.99,0,0,0,0,0,15.068273812173887,0,0,0,2,1,20,0,0,0,0,0,0,0,0,0,0,1,1,0,0,1,1,0,1,0.0,0,0,0,0,0,0,0,0,0,0,0,1,1,0,0,0,0,0,0,0,0,0,0
645630,Car Mechanic Simulator 2018,1,5.313205979041787,19.99,1,19.99,0,19.99,0,0,0,0,0,15.068273812173887,0,0,1,2,1,20,0,1,0,0,0,0,0,0,0,0,0,0,0,0,0,0,0,0,0.0,1,0,1,0,0,0,0,0,0,1,0,0,0,0,0,0,0,0,1,0,0,0,0
300,Day of Defeat: Source,1,5.476463551931511,9.99,1,9.99,0,9.99,1,0,0,0,0,15.068273812173887,0,0,0,1,0,20,0,0,0,0,0,1,0,1,0,0,0,1,0,0,0,1,0,0,0.0,0,1,0,0,1,1,0,1,0,1,0,1,0,0,1,0,0,0,0,0,0,1,0
1790600,DRAGON BALL: Sparking! ZERO,1,6.856461984594587,49.99,1,49.99,0,49.99,0,0,0,1,0,15.068273812173887,0,0,1,1,1,20,0,0,0,0,0,0,0,0,0,0,0,1,0,0,0,1,0,0,0.0,0,0,0,0,0,0,0,0,0,0,0,1,0,0,0,0,0,0,0,0,0,0,0
368260,Marvel's Midnight Suns,1,6.07993319509559,59.99,0,8.99,0,8.99,0,0,0,0,0,15.068273812173887,0,0,0,2,0,20,0,0,0,0,0,0,0,0,0,0,1,1,0,0,1,0,0,1,0.8501416902817136,0,0,0,0,0,0,0,0,0,0,0,0,1,0,0,0,0,0,0,0,0,0,0
389570,Mitos.is: The Game,1,3.784189633918261,0.0,1,0.0,1,0.0,1,0,0,1,1,15.068273812173887,0,1,0,3,0,20,0,0,1,0,0,0,1,0,1,0,0,0,1,1,0,0,1,0,0.0,0,1,0,0,0,0,0,0,1,0,0,0,0,0,0,0,0,1,0,0,0,0,0
736590,Operation: Harsh Doorstop,1,4.787491742782046,0.0,1,0.0,0,0.0,0,1,0,0,1,15.068273812173887,0,1,0,7,0,20,0,0,0,1,0,1,0,0,0,0,0,0,0,1,0,1,1,0,0.0,0,0,0,1,1,1,0,1,1,1,0,1,0,0,0,0,0,0,1,0,0,0,0
1637320,Dome Keeper,1,5.998936561946683,17.99,0,5.39,1,5.39,0,1,0,0,0,15.068273812173887,0,0,0,4,0,20,1,0,0,0,0,0,0,0,0,0,0,1,0,0,0,1,0,0,0.7003891050583657,0,0,0,0,0,0,0,0,0,0,1,1,1,0,0,0,0,0,0,1,0,0,0
409720,BioShock 2 Remastered,1,5.293304824724492,19.99,1,19.99,0,19.99,0,0,0,0,0,15.068273812173887,0,0,0,2,0,20,0,1,0,0,1,1,0,0,0,0,1,0,0,0,1,1,0,0,0.0,0,0,0,0,0,0,0,1,0,0,1,1,1,0,0,0,0,0,0,0,0,0,1
975370,Dwarf Fortress,1,6.82001636467413,29.99,0,29.99,0,29.99,0,1,0,0,0,15.068273812173887,0,0,0,3,1,20,0,0,0,0,0,0,1,0,0,0,0,0,1,0,0,0,0,0,0.0,1,0,1,0,0,0,0,0,0,0,0,0,0,0,0,0,0,0,1,0,0,0,0
15620,"Warhammer 40,000: Dawn of War II - Anniversary Edition (Classic)",1,5.030437921392435,49.99,1,9.99,0,9.99,0,0,0,0,0,15.068273812173887,0,0,1,1,0,20,0,1,0,0,0,0,0,0,0,0,1,0,0,0,0,0,0,0,0.8001600320064013,0,1,0,0,0,0,0,0,0,0,1,1,0,0,0,0,0,0,0,0,0,1,0
1371980,No Rest for the Wicked,1,6.854354502255021,39.99,0,39.99,0,39.99,0,0,0,0,0,15.068273812173887,0,0,0,4,1,20,0,0,0,1,0,0,0,0,0,0,1,0,0,0,1,1,0,1,0.0,0,0,0,1,0,0,0,0,0,0,1,1,0,0,0,0,0,0,0,1,1,0,0
993090,Lossless Scaling,1,8.64259160081057,6.99,0,6.99,1,6.99,0,0,0,0,0,15.068273812173887,0,0,0,1,0,6,1,0,0,0,0,1,0,0,0,0,0,0,0,0,0,0,0,0,0.0,0,0,0,0,0,0,0,0,0,0,0,0,0,0,0,0,0,0,0,0,0,0,0
65930,The Bureau: XCOM Declassified,1,2.772588722239781,19.99,1,19.99,0,19.99,0,0,0,0,0,15.068273812173887,0,0,0,1,1,20,0,0,0,0,1,0,0,0,0,0,1,1,0,0,0,1,0,0,0.0,0,0,0,0,0,0,0,1,0,0,1,1,1,0,0,0,0,0,0,0,0,0,0
1277400,Monster Hunter Stories 2: Wings of Ruin,1,4.77912349311153,39.99,1,14.79,0,14.79,0,0,0,1,0,15.068273812173887,0,0,0,2,0,20,0,0,0,0,1,0,0,0,0,0,1,1,0,0,1,0,0,1,0.6301575393848462,0,1,0,0,0,0,0,0,0,0,0,0,1,0,0,0,0,0,0,1,0,0,0
2215430,Ghost of Tsushima DIRECTOR'S CUT,1,7.613818684808629,59.99,1,59.99,0,59.99,0,0,0,0,0,15.068273812173887,0,0,1,2,1,20,0,0,0,0,1,0,0,0,0,0,0,1,0,0,0,1,0,0,0.0,0,1,0,0,0,0,0,0,0,0,1,1,1,0,1,0,0,0,0,1,0,1,0
602960,Barotrauma,1,7.771488760117616,34.99,1,34.99,1,34.99,0,1,0,0,0,15.068273812173887,0,0,1,4,0,20,0,0,0,1,0,0,1,0,0,0,0,1,1,0,0,1,0,0,0.0,0,0,0,0,0,0,0,0,0,0,0,1,0,0,0,0,0,0,1,0,0,1,1
606150,Moonlighter,1,4.852030263919617,19.99,0,19.99,1,19.99,0,1,0,0,0,15.068273812173887,0,0,0,3,0,20,1,0,0,0,0,0,0,0,0,0,1,0,0,0,0,1,0,0,0.0,0,0,0,0,0,0,0,0,0,0,0,1,1,0,0,0,0,0,0,1,0,0,0
342200,MechWarrior Online Solaris 7,1,5.973809611869261,0.0,1,0.0,0,0.0,1,0,1,1,1,15.068273812173887,0,0,0,5,0,20,0,0,0,0,0,1,0,0,0,0,0,0,1,1,0,1,1,0,0.0,0,0,0,0,0,1,0,1,0,0,0,1,0,0,0,0,0,0,0,0,0,1,0
1824220,Chivalry 2,1,7.356279876550748,39.99,1,39.99,0,39.99,1,0,1,1,0,15.068273812173887,0,0,0,2,0,20,0,0,0,0,0,1,0,0,1,0,0,0,0,0,0,1,0,0,0.0,0,0,0,0,1,1,0,0,0,0,1,1,0,0,1,0,0,0,0,0,0,0,0
55150,"Warhammer 40,000: Space Marine - Anniversary Edition",1,4.564348191467836,39.99,1,9.99,0,9.99,0,0,0,0,0,15.068273812173887,0,0,1,1,0,20,0,0,0,0,1,0,0,0,0,0,0,0,0,0,0,1,0,0,0.7501875468867216,0,1,0,0,0,0,0,1,0,0,1,1,1,0,0,0,0,0,0,0,0,1,0
8980,Borderlands Game of the Year,1,4.962844630259907,29.99,1,29.99,0,29.99,0,0,0,0,0,15.068273812173887,0,0,1,2,1,20,0,0,1,0,0,1,0,0,1,0,1,1,0,0,1,1,0,0,0.0,0,1,0,0,0,0,0,1,0,0,0,1,1,0,0,0,0,0,0,0,0,0,0
900883,The Elder Scrolls IV: Oblivion Game of the Year Edition Deluxe (2009),1,0.0,19.99,0,19.99,0,19.99,0,0,0,0,0,15.068273812173887,0,0,0,0,1,20,0,1,0,0,1,0,0,1,0,0,1,1,0,0,0,0,0,1,0.0,0,0,1,0,0,0,0,0,0,0,1,1,1,0,0,0,0,0,1,0,0,0,0
312530,Duck Game,1,4.727387818712341,12.99,1,12.99,1,12.99,0,1,0,0,0,15.068273812173887,0,1,1,2,0,20,1,1,1,0,0,0,0,0,1,0,0,0,0,0,0,1,0,0,0.0,0,0,0,0,0,0,1,1,0,0,0,1,0,0,0,0,0,0,0,0,0,0,0
1139900,Ghostrunner,1,5.1647859739235145,29.99,0,29.99,0,29.99,0,0,0,0,0,15.068273812173887,0,0,0,1,0,20,0,1,0,0,0,0,1,0,0,0,0,1,0,0,0,1,0,0,0.0,0,0,0,0,0,0,0,1,0,0,0,1,1,0,0,0,0,0,0,0,0,1,0
1343400,RuneScape,1,7.822845290279774,0.0,1,0.0,0,0.0,1,0,1,1,1,15.068273812173887,0,0,0,3,1,20,0,1,0,0,1,0,0,1,0,1,1,0,0,1,1,0,1,1,0.0,0,0,0,0,0,0,0,0,0,0,0,1,1,0,0,0,1,0,0,0,0,0,0
738060,Freddy Fazbear's Pizzeria Simulator,1,4.77912349311153,0.0,0,0.0,0,0.0,0,1,0,0,1,15.068273812173887,0,1,0,3,0,20,1,0,1,0,1,0,1,0,0,0,0,0,0,1,0,0,1,0,0.0,0,0,0,0,0,0,0,0,0,0,1,0,1,0,0,1,0,1,0,0,0,0,1
893520,Creative Destruction,1,0.0,0.0,1,0.0,0,0.0,1,0,1,1,1,15.068273812173887,0,0,1,4,1,20,0,0,0,0,0,1,0,0,0,0,0,0,1,0,0,1,1,0,0.0,0,1,0,0,0,0,0,1,1,0,0,1,1,0,0,0,0,0,0,1,0,0,0
234650,Shadowrun Returns,1,3.4657359027997265,14.99,0,14.99,0,14.99,0,1,0,0,0,15.068273812173887,0,1,0,4,0,20,0,0,0,0,1,0,0,0,0,0,1,1,0,0,1,0,0,0,0.0,0,0,0,0,0,0,0,0,0,0,1,0,1,0,0,0,0,0,1,1,0,0,0
744900,Dead Frontier 2,1,6.473890696352274,0.0,1,0.0,0,0.0,1,1,1,0,1,15.068273812173887,0,0,0,5,0,20,0,0,0,0,0,0,0,0,0,1,1,0,1,1,1,1,1,0,0.0,0,1,1,0,0,0,0,0,0,0,1,1,0,0,0,0,0,0,0,0,0,1,1
314160,Microsoft Flight Simulator X: Steam Edition,1,6.18826412308259,24.99,1,24.99,0,24.99,1,0,0,0,0,15.068273812173887,0,0,1,1,1,20,0,0,0,0,0,0,1,0,0,0,0,1,0,0,0,0,0,0,0.0,0,0,1,0,1,0,0,0,0,1,1,1,1,0,0,0,0,0,1,0,0,0,0
1364780,Street Fighter 6,1,9.610524895640422,39.99,1,39.99,0,39.99,0,0,0,1,0,15.068273812173887,0,0,0,2,1,20,0,1,0,0,0,0,0,0,0,0,0,1,0,0,0,1,0,1,0.0,0,0,1,0,0,0,0,0,0,0,0,1,1,0,0,0,0,0,0,1,0,0,0
9010,Return to Castle Wolfenstein,1,3.295836866004329,4.99,1,4.99,0,4.99,0,0,0,0,0,15.068273812173887,0,0,0,1,0,20,0,1,0,0,0,1,0,1,0,0,0,1,0,0,0,1,0,0,0.0,0,0,0,0,0,0,0,1,0,0,1,1,1,0,0,0,0,0,0,0,0,0,1
554620,Life is Strange: Before the Storm,1,3.58351893845611,16.99,0,16.99,0,16.99,0,0,0,0,0,15.068273812173887,0,1,0,2,0,20,0,1,0,0,1,0,0,0,0,0,0,0,0,0,0,1,0,0,0.0,0,0,0,0,0,0,0,0,0,0,1,1,1,1,0,1,1,0,0,1,0,0,0
368500,Assassin's Creed Syndicate,1,5.159055299214529,29.99,1,29.99,0,29.99,0,0,0,0,0,15.068273812173887,0,0,1,2,1,20,0,1,1,0,1,0,0,0,0,0,1,1,0,0,0,1,0,0,0.0,0,0,0,0,0,0,0,0,0,0,1,1,1,0,1,0,0,0,0,1,0,0,0
17470,Dead Space (2008),1,3.784189633918261,19.99,0,19.99,0,19.99,0,0,0,0,0,15.068273812173887,0,0,0,2,0,20,0,0,0,0,1,0,0,0,0,0,0,1,1,0,0,1,0,0,0.0,0,0,0,0,0,0,0,1,0,0,1,1,1,0,0,0,0,0,0,1,0,0,1
204300,Awesomenauts,1,4.430816798843313,19.99,1,19.99,1,19.99,0,1,0,0,0,15.068273812173887,0,1,1,3,0,20,0,1,1,0,0,0,0,0,0,0,0,0,0,0,0,1,1,0,0.0,0,1,0,0,0,0,1,0,0,0,0,1,0,0,0,0,0,0,0,0,0,0,0
630100,SoulWorker - Anime Action MMO,1,0.0,0.0,1,0.0,0,0.0,1,0,1,0,1,15.068273812173887,0,0,1,4,1,20,0,0,0,0,0,0,0,0,0,1,1,0,0,1,1,1,1,1,0.0,0,1,0,0,0,0,0,0,0,0,0,1,0,0,0,1,0,0,0,0,0,0,0
750920,Shadow of the Tomb Raider: Definitive Edition,1,6.368187186350492,39.99,1,39.99,0,39.99,0,0,0,0,0,15.068273812173887,1,0,0,2,1,20,0,1,0,0,1,0,0,0,0,0,0,0,1,0,0,1,0,0,0.0,0,0,0,0,0,0,0,1,0,0,1,1,1,0,0,0,0,0,0,1,0,1,0
436520,Line of Sight,0,2.302585092994046,0.0,1,0.0,0,0.0,0,1,1,0,1,15.068273812173887,0,1,1,4,1,20,0,0,0,0,0,1,0,0,0,0,0,0,1,1,0,1,1,1,0.0,0,0,0,0,1,1,0,1,0,0,0,1,1,0,0,0,0,0,0,0,0,0,0
1659040,HITMAN World of Assassination,1,7.87777633327726,29.99,1,2.99,0,2.99,0,0,0,0,0,15.068273812173887,1,0,0,2,1,20,0,0,1,0,0,0,0,0,0,0,0,0,0,0,0,1,0,0,0.9003001000333445,0,0,1,0,0,0,0,1,0,1,0,1,1,0,0,0,0,0,0,1,0,1,0
788100,Neon Abyss,1,5.087596335232384,19.99,0,19.99,1,19.99,0,1,0,0,0,15.068273812173887,0,0,0,4,0,20,1,0,0,0,0,0,0,0,0,0,1,0,0,0,1,1,0,1,0.0,0,0,0,0,0,0,1,1,0,0,0,1,1,0,0,0,0,0,0,1,0,0,0
858820,Tribes of Midgard,1,4.736198448394496,19.99,1,19.99,0,19.99,0,1,0,0,0,15.068273812173887,0,1,1,4,0,20,0,0,0,0,0,0,0,0,0,0,0,0,1,0,1,1,0,0,0.0,0,1,0,0,0,0,0,0,0,0,0,1,0,0,0,0,0,0,0,1,1,0,0
680420,OUTRIDERS,0,5.187385805840755,19.99,1,19.99,0,19.99,0,0,0,0,0,15.068273812173887,0,0,1,3,1,20,0,0,0,0,1,0,0,0,0,0,1,1,0,0,1,1,0,1,0.0,0,1,0,0,0,0,0,1,0,0,0,1,1,0,0,0,0,0,0,1,0,1,0
678960,CODE VEIN,1,6.095824562432225,59.99,1,59.99,0,59.99,0,0,0,0,0,15.068273812173887,0,0,1,2,0,20,0,0,0,0,0,0,1,0,0,0,1,1,0,0,1,1,0,1,0.0,0,1,0,0,0,0,0,0,0,0,0,1,1,0,0,0,0,0,0,0,0,1,0
1611910,"Warhammer 40,000: Chaos Gate - Daemonhunters",1,5.924255797414532,44.99,0,11.24,0,11.24,0,0,0,0,0,15.068273812173887,0,0,0,2,0,20,0,0,0,0,1,0,0,0,0,0,1,0,0,0,1,0,0,1,0.750166703711936,0,0,0,0,0,0,0,0,0,0,0,0,0,1,0,0,0,0,0,0,0,0,0
206440,To the Moon,1,4.465908118654584,9.99,0,9.99,1,9.99,0,1,0,0,0,15.068273812173887,0,1,0,3,0,20,1,1,1,0,1,0,0,0,0,0,1,0,0,0,1,0,0,0,0.0,0,0,0,0,0,0,0,0,0,0,0,0,1,0,0,0,0,0,0,1,0,0,0
424280,Iron Snout,1,2.6390573296152584,0.0,0,0.0,1,0.0,0,1,0,0,1,15.068273812173887,0,1,1,3,0,20,0,0,1,0,0,0,1,0,0,0,0,0,1,1,0,1,1,0,0.0,0,0,0,0,0,0,0,0,0,0,0,1,0,0,0,0,0,0,0,0,0,1,0
212160,Vindictus,0,4.955827057601261,0.0,1,0.0,0,0.0,1,0,1,1,1,15.068273812173887,0,0,1,5,1,20,0,0,0,0,0,0,0,0,0,1,1,0,0,1,1,1,1,1,0.0,0,0,0,0,0,0,0,0,0,0,0,1,1,0,0,0,0,0,0,1,0,1,0
1030830,Mafia II: Definitive Edition,1,6.289715570908998,29.99,0,29.99,0,29.99,0,0,0,0,0,15.068273812173887,0,0,0,2,1,20,0,1,0,0,1,0,0,1,0,0,0,1,0,0,0,1,0,0,0.0,0,0,0,0,0,0,0,1,0,0,1,1,1,0,0,0,0,0,0,1,0,1,0
365450,Hacknet,1,3.4657359027997265,9.99,0,1.49,1,1.49,0,1,0,0,0,15.068273812173887,0,1,0,2,0,20,0,1,0,0,1,0,1,0,0,0,0,0,0,0,0,0,0,0,0.8508508508508509,0,0,0,0,0,0,0,0,0,0,1,0,1,1,0,0,0,0,0,0,0,0,0
302510,Ryse: Son of Rome,1,4.430816798843313,9.99,1,9.99,0,9.99,0,0,0,0,0,15.068273812173887,0,0,1,1,1,20,0,0,0,0,0,0,0,0,0,0,1,0,0,0,0,1,0,0,0.0,0,0,0,0,0,1,0,0,0,0,1,1,1,0,1,0,0,0,0,0,0,0,0
22330,The Elder Scrolls IV: Oblivion Game of the Year Edition (2009),1,7.053585727193677,14.99,0,14.99,0,14.99,0,0,0,0,0,15.068273812173887,0,0,0,1,1,20,0,1,0,0,1,0,0,1,0,0,1,1,0,0,1,0,0,1,0.0,0,0,1,0,0,0,0,0,0,0,1,1,1,0,0,0,0,0,1,0,0,0,0
1687950,Persona 5 Royal,1,8.516192691082654,59.99,0,59.99,0,59.99,0,0,0,0,0,15.068273812173887,0,0,0,1,0,20,0,1,0,0,1,0,0,0,0,0,1,1,0,0,1,0,0,0,0.0,0,0,0,0,0,0,0,0,0,0,0,0,1,0,0,0,0,0,0,0,1,1,0
238370,Magicka 2,1,3.295836866004329,14.99,1,14.99,0,14.99,0,0,0,1,0,15.068273812173887,0,0,1,2,1,20,0,0,1,0,0,0,0,0,1,0,1,1,0,0,0,1,0,0,0.0,0,1,0,0,0,0,0,0,0,0,1,1,1,0,0,0,0,0,0,1,0,0,0
113020,Monaco: What's Yours Is Mine,1,1.9459101490553132,14.99,1,14.99,1,14.99,0,1,0,0,0,15.068273812173887,0,1,1,5,0,20,1,1,0,0,0,0,0,0,0,0,0,0,0,0,0,1,0,0,0.0,0,1,0,0,0,0,0,0,1,0,0,1,1,0,0,0,0,0,0,1,0,0,0
3070070,TCG Card Shop Simulator,1,7.415776975415394,19.99,0,19.99,0,19.99,0,0,0,0,0,15.068273812173887,0,0,1,2,0,19,0,0,0,1,0,0,0,0,0,0,0,0,0,0,0,0,0,0,0.0,0,0,0,1,0,0,0,0,0,0,0,0,0,0,0,0,0,0,0,0,0,0,0
977950,A Dance of Fire and Ice,1,7.534228326274089,5.99,1,5.99,1,5.99,0,1,0,0,0,15.068273812173887,0,1,1,1,0,20,0,1,0,0,0,0,1,0,0,0,0,0,0,0,0,0,0,0,0.0,0,0,0,0,0,0,0,0,0,0,1,1,0,0,0,0,0,1,0,0,1,0,0
6860,Hitman: Blood Money,1,4.204692619390966,9.99,0,9.99,0,9.99,0,0,0,0,0,15.068273812173887,1,0,0,1,0,20,0,1,0,0,0,0,1,1,0,0,0,0,0,0,0,1,0,0,0.0,0,0,1,0,0,0,0,1,0,0,1,1,0,0,0,0,0,0,0,0,0,0,0
1057240,Crucible Beta,0,0.0,0.0,1,0.0,0,0.0,0,0,0,1,1,15.068273812173887,0,0,0,2,0,20,0,0,0,1,0,1,0,0,0,0,0,0,0,1,0,1,1,0,0.0,0,1,0,0,0,0,0,1,0,0,0,1,0,0,0,0,0,0,0,0,0,0,0
268050,The Evil Within,1,5.356586274672012,19.99,1,19.99,0,19.99,0,0,0,0,0,15.068273812173887,0,0,0,1,1,20,0,0,0,0,1,0,1,0,0,0,0,1,1,0,0,1,0,0,0.0,0,0,0,0,0,0,0,1,0,0,1,1,1,0,0,1,0,0,0,0,0,0,1
511470,Glass Masquerade,1,2.4849066497880004,4.99,0,4.99,1,4.99,0,1,0,0,0,15.068273812173887,1,1,0,2,0,9,0,1,0,0,0,0,0,0,0,0,0,0,0,0,0,0,0,0,0.0,0,0,0,0,0,0,0,0,1,0,1,0,0,0,0,0,0,0,0,0,0,0,0
389430,Knight Online,0,7.259819610363186,0.0,1,0.0,0,0.0,1,0,1,1,1,15.068273812173887,0,0,0,5,1,20,0,0,0,0,0,0,0,0,0,1,1,0,1,1,1,1,1,1,0.0,0,0,0,0,0,1,0,0,0,0,0,1,1,0,0,0,0,0,0,1,0,0,1
289130,ENDLESS Legend,1,5.159055299214529,29.99,1,29.99,0,29.99,0,0,0,0,0,15.068273812173887,0,1,0,2,1,20,0,1,0,0,0,0,0,0,0,0,1,0,0,0,1,0,0,0,0.0,0,0,1,0,0,0,0,0,0,0,1,0,1,0,0,0,0,0,0,0,0,0,0
488790,South Park: The Fractured But Whole,1,5.5254529391317835,29.99,0,29.99,1,29.99,0,0,0,0,0,15.068273812173887,0,0,0,1,1,20,0,0,1,0,1,0,0,0,1,0,1,1,0,0,1,0,0,0,0.0,0,0,0,0,0,0,0,0,0,0,1,1,1,0,0,0,0,0,0,0,0,0,0
493520,GTFO,1,5.730099782973574,39.99,1,11.19,0,11.19,0,0,0,0,0,15.068273812173887,0,0,1,1,0,20,0,0,0,0,0,1,1,0,0,0,0,0,0,0,0,1,0,1,0.7201800450112529,0,1,0,0,0,0,0,1,0,0,1,1,0,0,0,0,0,0,0,0,0,1,1
546560,Half-Life: Alyx,1,5.313205979041787,59.99,0,59.99,0,59.99,0,0,0,0,0,15.068273812173887,0,0,0,2,0,20,0,1,0,0,1,1,0,0,0,0,0,1,0,0,0,1,0,0,0.0,0,0,0,0,0,0,0,1,0,0,1,1,1,0,0,1,0,0,0,1,0,0,1
439190,Stories: The Path of Destinies,1,1.3862943611198906,14.99,0,14.99,0,14.99,0,1,0,0,0,15.068273812173887,0,1,0,4,0,20,0,1,1,0,1,0,0,0,1,0,1,0,0,0,1,1,0,0,0.0,0,0,0,0,0,0,0,0,0,0,0,1,1,1,0,0,0,0,0,1,1,0,0
67370,The Darkness II,1,2.995732273553991,29.99,1,2.99,0,2.99,0,0,0,0,0,15.068273812173887,0,0,1,1,0,20,0,0,1,0,1,1,0,0,0,0,0,1,0,0,0,1,0,0,0.9003001000333445,0,0,0,0,0,0,0,1,0,0,1,1,1,0,0,0,0,0,0,0,0,1,1
845070,The Awesome Adventures of Captain Spirit,1,2.833213344056216,0.0,0,0.0,0,0.0,0,0,0,0,1,15.068273812173887,0,1,0,2,0,20,0,1,0,0,1,0,0,0,0,0,0,1,0,1,0,0,1,0,0.0,0,0,0,0,0,0,0,0,0,0,1,1,1,1,0,0,1,0,0,1,0,0,0
453480,Shadowverse CCG,1,7.023758954738443,0.0,1,0.0,0,0.0,0,0,0,1,1,15.068273812173887,0,0,0,2,0,20,0,0,0,0,0,0,0,0,0,0,1,0,0,1,0,0,1,0,0.0,0,0,0,0,0,0,0,0,0,0,0,0,1,0,0,0,0,0,0,0,0,0,0
633230,NARUTO TO BORUTO: SHINOBI STRIKER,1,5.545177444479562,19.99,1,19.99,0,19.99,1,0,0,1,0,15.068273812173887,0,0,1,1,1,20,0,0,0,0,0,0,0,0,0,1,1,1,0,0,0,1,0,1,0.0,0,1,0,0,0,0,0,0,0,0,0,1,1,0,0,0,0,0,0,0,0,0,0
32370,STAR WARS Knights of the Old Republic,1,6.052089168924417,9.99,0,9.99,0,9.99,0,0,0,0,0,15.068273812173887,0,0,0,2,1,20,0,1,0,0,1,0,0,1,0,0,1,0,0,0,1,0,0,0,0.0,0,0,0,0,0,0,0,0,0,0,1,1,1,1,0,0,0,0,1,1,0,0,0
476600,Call of Duty: WWII,0,5.700443573390687,59.99,1,14.99,0,14.99,1,0,0,0,0,15.068273812173887,0,0,1,1,1,20,0,0,0,0,1,1,0,0,0,0,0,1,0,0,0,1,0,0,0.7501250208368061,0,0,0,0,0,1,0,1,0,0,0,1,0,0,1,1,0,0,0,0,0,1,1
1404210,Red Dead Online,1,7.699842407396986,19.99,1,19.99,0,19.99,0,0,0,1,0,15.068273812173887,0,0,1,2,1,20,0,0,0,0,1,0,0,0,0,1,0,1,0,0,0,1,0,1,0.0,0,1,0,0,0,0,0,1,0,1,0,1,1,0,0,0,0,0,0,1,0,1,0
1557740,ROUNDS,1,6.320768294250582,5.99,1,2.99,1,2.99,0,1,0,1,0,15.068273812173887,0,1,0,2,0,20,0,0,0,0,0,0,0,0,0,0,0,0,0,0,0,1,0,0,0.5008347245409015,0,0,0,0,0,0,1,0,0,0,0,1,0,0,0,0,0,0,0,0,0,0,0
683320,GRIS,1,4.219507705176107,14.99,0,14.99,1,14.99,0,1,0,0,0,15.068273812173887,1,1,0,2,0,20,0,1,0,0,1,0,0,0,0,0,0,1,0,0,0,0,0,0,0.0,0,0,0,0,0,0,1,0,0,0,1,0,1,0,0,0,0,0,0,1,1,0,0
2551020,One-armed robber,1,6.668228248417403,0.0,1,0.0,0,0.0,0,1,0,0,1,15.068273812173887,0,1,1,5,0,20,0,0,1,0,0,1,0,0,0,0,0,0,0,1,0,1,1,0,0.0,0,0,0,0,0,0,0,1,0,0,0,1,0,0,0,0,0,0,0,0,0,0,0
1536610,OpenTTD,1,6.100318952020064,0.0,1,0.0,1,0.0,0,1,0,0,1,14.220976332738882,0,1,1,4,0,20,0,0,0,0,0,0,0,0,0,0,0,0,0,1,0,0,1,0,0.0,0,1,1,0,0,0,0,0,1,0,0,0,0,0,0,0,0,0,1,0,0,0,0
386940,Ultimate Chicken Horse,1,5.860786223465865,14.99,1,14.99,1,14.99,0,1,0,1,0,14.220976332738882,0,0,0,3,0,20,0,0,1,0,0,0,0,0,0,0,0,0,0,0,0,1,0,0,0.0,0,1,0,0,0,0,1,0,1,0,0,1,0,0,0,0,0,1,0,0,0,0,0
346010,Besiege,1,5.497168225293202,14.99,1,14.99,0,14.99,0,1,0,0,0,14.220976332738882,1,0,0,2,0,20,0,0,0,0,0,0,0,0,0,0,0,0,0,0,0,0,0,0,0.0,0,0,1,0,0,0,0,0,0,0,0,0,0,0,0,0,0,0,1,0,0,0,0
924970,Back 4 Blood,0,7.161622002939187,59.99,1,59.99,0,59.99,0,0,0,1,0,14.220976332738882,0,0,1,1,0,20,0,0,0,0,0,1,0,0,0,0,0,0,1,0,0,1,0,0,0.0,0,1,0,0,0,0,0,1,0,0,0,1,1,0,0,0,0,0,0,0,0,1,1
349700,Romero's Aftermath,0,0.0,0.0,1,0.0,0,0.0,1,1,1,0,1,14.220976332738882,0,0,1,4,1,20,0,0,0,0,0,1,0,0,0,0,0,0,1,1,0,1,1,0,0.0,1,1,1,0,0,0,0,1,0,0,0,1,1,0,0,0,0,0,0,0,0,0,1
208140,ENDLESS Space - Definitive Edition,1,4.672828834461906,9.99,1,9.99,0,9.99,0,0,0,0,0,14.220976332738882,0,1,0,1,0,20,0,1,0,0,0,0,0,0,0,0,0,0,0,0,0,0,0,0,0.0,0,0,1,0,0,0,0,0,0,0,1,0,0,0,0,0,0,0,0,0,0,0,0
206500,AirMech Strike,1,3.4339872044851463,0.0,1,0.0,0,0.0,1,1,0,1,1,14.220976332738882,0,1,1,4,0,20,0,0,0,1,0,0,0,0,0,0,1,0,0,1,0,1,1,0,0.0,0,1,0,0,0,0,0,1,0,0,0,1,1,0,0,0,0,0,0,0,0,0,0
57690,Tropico 4,1,4.477336814478207,14.99,0,4.49,0,4.49,0,0,0,0,0,14.220976332738882,0,0,0,2,0,20,0,1,1,0,0,0,0,0,1,0,0,0,0,0,0,0,0,0,0.7004669779853235,0,0,1,0,0,0,0,0,0,0,1,0,0,0,0,0,0,0,0,0,0,0,0
2322010,God of War Ragnarök,1,7.3727463664043285,59.99,0,59.99,0,59.99,0,0,0,0,0,14.220976332738882,0,0,0,3,1,20,0,0,0,0,1,0,0,0,0,0,1,1,0,0,1,1,0,0,0.0,0,0,0,0,0,0,0,0,0,0,1,1,1,0,0,0,0,0,0,1,0,0,0
274940,Depth,1,2.6390573296152584,19.99,1,19.99,0,19.99,0,1,0,1,0,14.220976332738882,0,0,1,2,0,20,0,0,0,0,0,1,0,0,0,0,0,0,1,0,0,1,0,0,0.0,0,1,0,0,0,0,0,1,0,0,1,1,1,0,0,0,0,0,0,0,0,0,1
412220,DDraceNetwork,1,7.893572073504902,0.0,1,0.0,1,0.0,0,1,0,0,1,14.220976332738882,1,1,1,4,0,20,0,0,0,0,0,0,0,0,0,0,0,0,0,1,0,1,1,1,0.0,0,1,0,0,0,0,1,0,0,0,0,1,0,1,0,0,0,0,1,0,0,0,0
1290000,PowerWash Simulator,1,7.843064016692054,24.99,1,9.99,0,9.99,0,1,0,0,0,14.220976332738882,0,1,1,3,0,20,0,0,1,0,1,0,0,0,0,0,0,0,0,0,0,0,0,0,0.6002400960384153,0,1,1,0,0,0,0,0,1,1,1,0,0,0,0,0,0,1,0,0,1,0,0
1286680,Tiny Tina's Wonderlands,1,6.7650389767805414,29.99,1,29.99,0,29.99,0,0,0,0,0,14.220976332738882,0,0,1,3,0,20,0,0,0,0,0,1,0,0,1,0,1,1,0,0,1,1,0,1,0.0,0,1,0,0,0,0,0,1,0,0,0,1,1,0,0,0,0,0,0,1,0,0,0
39500,Gothic 3,1,5.159055299214529,19.99,0,19.99,0,19.99,0,0,0,0,0,14.220976332738882,0,0,0,2,1,20,0,1,0,0,1,0,0,1,0,0,1,1,0,0,1,1,0,0,0.0,0,0,1,0,0,0,0,0,0,0,1,1,1,0,0,0,0,0,0,0,0,0,0
872790,Football Manager 2019,1,6.366470447731438,0.0,1,0.0,0,0.0,0,0,0,0,1,14.220976332738882,0,0,0,2,0,14,0,0,0,0,0,0,0,0,0,0,0,1,0,0,0,0,1,0,0.0,0,0,0,0,0,0,0,0,0,0,0,0,0,0,0,0,0,0,0,0,0,0,0
291650,Pillars of Eternity,1,5.3230099791384085,29.99,0,29.99,0,29.99,0,0,0,0,0,14.220976332738882,0,1,0,1,1,20,0,1,0,0,1,0,0,1,0,0,1,1,0,0,1,0,0,1,0.0,0,0,0,0,0,0,0,0,0,0,1,0,1,0,0,0,0,0,0,0,0,0,0
1533390,Gorilla Tag,1,6.748759547491679,19.99,1,19.99,0,19.99,0,0,0,1,0,14.220976332738882,0,0,0,2,0,20,0,0,1,1,0,0,0,0,0,0,0,0,0,0,0,1,0,0,0.0,0,0,0,0,0,0,1,0,1,0,0,1,0,0,0,1,0,0,1,0,0,0,1
606280,Darksiders III,1,3.970291913552122,39.99,0,39.99,0,39.99,0,0,0,0,0,14.220976332738882,1,0,0,3,1,20,0,0,0,0,1,0,1,0,0,0,1,1,0,0,1,1,0,0,0.0,0,0,0,0,0,0,0,0,0,0,1,1,1,0,0,0,0,0,0,1,0,1,0
10500,Total War: EMPIRE – Definitive Edition,1,7.615298339825815,19.99,1,19.99,0,19.99,0,0,0,0,0,14.220976332738882,0,0,0,1,0,20,0,1,0,0,0,0,0,1,0,0,0,0,0,0,0,0,0,0,0.0,0,0,0,0,1,1,0,0,0,0,1,1,1,0,1,0,0,0,0,0,0,0,0
1476970,Legends of IdleOn - Idle MMO,1,9.313077449427295,0.0,1,0.0,0,0.0,1,1,1,0,1,14.220976332738882,0,1,0,7,0,20,1,0,0,1,0,0,0,0,0,1,1,0,0,1,1,0,1,1,0.0,1,0,1,1,0,0,0,0,1,0,0,0,0,0,0,0,0,0,0,0,0,0,0
1262580,Need for Speed Payback,1,5.3230099791384085,29.99,1,29.99,0,29.99,0,0,0,1,0,14.220976332738882,0,0,1,5,1,20,0,0,0,0,0,0,0,0,0,0,0,1,0,0,0,1,0,0,0.0,0,1,1,0,0,0,0,0,0,0,1,1,0,0,0,0,0,0,0,1,0,0,0
246620,Plague Inc: Evolved,1,7.3098814858247865,14.99,1,14.99,1,14.99,0,1,0,0,0,14.220976332738882,0,1,1,4,0,20,0,0,0,1,0,0,1,0,0,0,0,0,1,0,0,0,0,0,0.0,0,0,1,0,0,0,0,0,1,1,1,0,0,0,0,0,0,0,0,0,0,0,0
324800,Shadow Warrior 2,1,4.127134385045092,29.99,1,29.99,0,29.99,0,0,0,0,0,14.220976332738882,0,0,1,2,1,20,0,0,1,0,0,1,0,0,1,0,0,1,0,0,0,1,0,0,0.0,0,0,0,0,0,0,0,1,0,0,0,1,1,0,0,0,0,0,0,1,0,0,0
341800,Keep Talking and Nobody Explodes,1,5.003946305945459,14.99,1,14.99,0,14.99,0,1,0,0,0,14.220976332738882,1,1,1,1,0,20,0,0,1,0,0,0,1,0,0,0,0,0,0,0,0,0,0,0,0.0,0,0,0,0,0,0,0,0,0,0,0,0,0,0,0,0,0,1,1,0,0,0,0
322500,SUPERHOT,1,3.784189633918261,24.99,0,24.99,0,24.99,0,1,0,0,0,14.220976332738882,1,1,0,2,0,20,0,0,0,0,0,1,1,0,0,0,0,0,0,0,0,1,0,0,0.0,0,0,0,0,0,0,0,1,0,0,0,1,1,0,0,0,0,0,0,0,0,1,0
939960,Far Cry New Dawn,1,5.375278407684165,39.99,1,39.99,0,39.99,0,0,0,0,0,14.220976332738882,0,0,1,2,1,20,0,0,0,0,1,1,0,0,0,0,1,1,1,0,0,1,0,1,0.0,0,1,0,0,0,0,0,1,0,0,0,1,1,0,0,0,0,0,0,1,0,0,0
239820,Game Dev Tycoon,1,5.062595033026967,9.99,0,9.99,1,9.99,0,1,0,0,0,14.220976332738882,0,1,0,4,0,20,0,1,1,0,0,0,1,0,1,0,0,0,0,0,0,0,0,0,0.0,0,0,1,0,0,0,0,0,1,0,0,0,0,0,0,0,1,0,1,0,0,0,0
509980,BIGFOOT,1,4.804021044733257,19.99,1,19.99,0,19.99,0,1,0,1,0,14.220976332738882,0,0,1,4,1,20,0,0,1,1,0,1,0,0,0,0,0,0,0,0,0,1,0,0,0.0,0,1,0,1,0,0,0,1,0,0,1,1,1,0,0,1,0,0,0,1,0,0,1
364360,Total War: WARHAMMER,1,5.697093486505405,59.99,1,59.99,0,59.99,0,0,0,0,0,14.220976332738882,0,0,1,2,1,20,0,0,0,0,1,0,0,0,0,0,1,0,0,0,0,1,0,0,0.0,0,0,0,0,0,1,0,0,0,0,1,1,0,0,0,0,0,0,0,0,0,0,0
492720,Tropico 6,1,6.3561076606958915,39.99,1,11.99,0,11.99,0,0,0,0,0,14.220976332738882,0,0,1,2,0,20,0,0,1,0,1,0,0,0,0,0,0,0,0,0,0,0,0,0,0.7001750437609402,0,0,1,0,0,0,0,0,0,0,1,0,0,1,0,0,0,0,0,0,0,0,0
12110,Grand Theft Auto: Vice City,1,4.736198448394496,0.0,1,0.0,0,0.0,0,0,0,0,1,14.220976332738882,0,0,0,1,1,20,0,1,1,0,0,0,0,1,0,0,0,1,0,0,0,1,0,0,0.0,0,0,1,0,0,0,0,1,0,0,1,1,1,0,0,0,0,0,0,0,0,1,0
460790,Bayonetta,1,4.700480365792417,19.99,0,19.99,0,19.99,0,0,0,0,0,14.220976332738882,0,0,0,2,0,20,0,1,0,0,0,0,0,1,1,0,0,1,0,0,0,1,0,0,0.0,0,0,0,0,0,0,0,0,0,0,1,1,1,0,0,0,0,0,0,1,0,0,0
1213210,Command & Conquer Remastered Collection,1,6.336825731146441,19.99,1,19.99,0,19.99,0,0,0,1,0,14.220976332738882,0,0,0,1,0,20,0,1,0,0,0,0,0,1,0,0,0,1,0,0,0,0,0,0,0.0,0,0,0,0,0,1,0,0,0,0,0,0,0,0,0,0,0,0,0,0,0,0,0
627690,Idle Champions of the Forgotten Realms,1,8.017966703493599,0.0,0,0.0,1,0.0,0,1,0,0,1,14.220976332738882,1,1,0,5,0,20,0,0,1,0,0,0,0,0,0,0,1,0,0,1,0,1,1,0,0.0,0,0,0,0,0,0,0,0,0,0,0,1,1,0,0,0,0,0,0,1,0,0,0
569480,Kingdoms and Castles,1,5.762051382780177,19.99,0,19.99,0,19.99,0,1,0,0,0,14.220976332738882,0,0,0,3,1,20,0,1,0,0,0,0,0,0,0,0,0,0,1,0,0,0,0,0,0.0,1,0,1,0,0,0,0,0,0,0,0,1,0,0,0,0,0,0,0,0,1,0,0
2021910,FPS Chess,1,5.43372200355424,0.0,1,0.0,0,0.0,0,0,0,1,1,14.220976332738882,0,0,0,4,0,20,0,0,1,0,0,1,0,0,0,0,0,0,0,1,0,1,1,0,0.0,0,0,0,0,0,0,0,1,1,0,0,1,0,0,0,1,0,1,0,0,0,0,0
242860,Verdun,1,4.174387269895637,19.99,1,19.99,0,19.99,1,1,1,1,0,14.220976332738882,0,0,1,5,0,20,0,0,0,0,0,1,0,0,0,0,0,0,0,0,0,1,0,0,0.0,0,0,0,0,1,1,0,1,0,1,1,1,0,0,1,0,0,0,0,0,0,0,0
239160,Thief,1,4.709530201312334,19.99,0,19.99,0,19.99,0,0,0,0,0,14.220976332738882,0,0,0,2,1,20,0,0,0,0,0,1,0,0,0,0,1,0,0,0,0,1,0,0,0.0,0,0,0,0,0,0,0,0,0,0,1,1,1,0,0,0,0,0,0,1,0,0,1
391460,WARMODE,0,1.0986122886681098,0.0,1,0.0,0,0.0,1,0,0,0,1,14.220976332738882,0,0,1,2,1,20,0,0,0,1,0,1,0,0,0,0,1,0,1,1,0,1,1,0,0.0,0,1,0,0,0,1,0,1,0,0,1,1,1,0,0,0,0,0,0,0,0,0,0
636480,Ravenfield,1,6.42648845745769,17.99,0,17.99,0,17.99,0,1,0,0,0,14.220976332738882,0,1,0,3,0,20,0,0,1,1,0,1,0,0,0,0,0,0,0,0,0,1,0,0,0.0,0,0,1,1,1,1,0,1,0,1,1,1,1,0,0,0,0,0,1,0,0,0,0
2100,Dark Messiah of Might & Magic,1,3.828641396489095,9.99,1,9.99,0,9.99,0,0,0,0,0,14.220976332738882,0,0,0,2,0,20,0,0,0,0,1,0,0,1,0,0,1,1,0,0,1,1,0,0,0.0,0,0,0,0,0,0,0,0,0,0,1,1,1,0,0,0,0,0,0,0,0,0,0
228280,Baldur's Gate: Enhanced Edition,1,5.937536205082426,19.99,1,19.99,0,19.99,0,0,0,0,0,14.220976332738882,0,0,1,2,0,20,0,0,0,0,1,0,0,0,0,0,1,0,0,0,1,0,0,1,0.0,0,1,0,0,0,0,0,0,0,0,1,0,1,0,0,0,0,0,0,1,0,0,0
21690,Resident Evil 5,1,6.340359303727752,19.99,1,4.99,0,4.99,0,0,0,0,0,14.220976332738882,0,0,1,2,0,20,0,0,0,0,0,0,0,0,0,0,0,1,1,0,0,1,0,0,0.7503751875937968,0,1,0,0,0,0,0,1,0,0,1,1,1,0,0,0,0,0,0,1,0,0,1
2420510,HoloCure - Save the Fans!,1,6.470799503782602,0.0,0,0.0,1,0.0,0,1,0,0,1,14.220976332738882,0,0,0,4,0,20,1,0,0,0,0,0,0,0,1,0,0,0,0,0,0,1,1,0,0.0,0,0,0,0,0,0,0,0,1,0,0,1,0,0,0,0,0,0,0,1,1,0,0
629730,Blade and Sorcery,1,6.489204931325317,29.99,0,29.99,0,29.99,0,1,0,0,0,14.220976332738882,0,1,0,5,0,20,0,0,0,1,0,0,0,0,0,0,1,0,0,0,1,1,0,0,0.0,0,0,1,0,0,0,0,0,0,0,0,1,1,0,0,0,0,0,1,1,0,1,0
113420,Fallen Earth Free2Play,0,0.6931471805599453,0.0,1,0.0,0,0.0,1,0,1,0,1,14.220976332738882,0,0,1,3,1,20,0,0,0,0,0,1,0,0,0,1,1,0,1,1,1,0,1,0,0.0,1,0,1,0,0,0,0,1,0,0,0,1,1,0,0,0,0,0,0,0,0,0,0
304240,Resident Evil,1,5.231108616854587,19.99,0,4.99,0,4.99,0,0,0,0,0,14.220976332738882,1,0,0,2,0,20,0,1,0,0,1,0,1,1,0,0,0,1,1,0,0,1,0,0,0.7503751875937968,0,0,0,0,0,0,0,1,0,0,1,1,1,0,0,0,0,0,0,1,0,0,1
269210,Hero Siege,0,5.91350300563827,7.99,1,7.99,1,7.99,0,1,1,0,0,14.220976332738882,0,1,1,5,0,20,1,0,0,0,0,0,1,0,0,0,1,0,0,0,1,1,0,0,0.0,0,0,0,0,0,0,0,0,0,0,0,1,1,0,0,0,0,0,0,1,0,0,0
706990,BLOCKPOST,1,2.6390573296152584,0.0,1,0.0,0,0.0,1,1,0,0,1,14.220976332738882,0,1,1,3,0,20,1,0,1,1,0,1,0,0,0,0,0,0,1,1,0,1,1,0,0.0,0,1,0,0,0,0,0,1,0,0,0,1,0,0,0,0,0,0,0,0,0,0,0
621060,PC Building Simulator,1,4.890349128221754,19.99,0,19.99,0,19.99,0,1,0,0,0,14.220976332738882,1,1,0,2,0,20,0,0,1,0,0,0,0,0,0,0,0,0,0,0,0,0,0,0,0.0,0,0,1,0,0,0,0,0,0,1,1,0,0,0,0,0,0,0,0,0,0,0,0
48190,Assassin’s Creed Brotherhood,1,5.135798437050262,19.99,1,19.99,0,19.99,0,0,0,0,0,14.220976332738882,0,0,0,2,1,20,0,1,0,0,1,0,0,0,0,0,0,1,0,0,0,1,0,0,0.0,0,0,1,0,0,0,0,0,0,0,1,1,1,0,1,0,0,0,0,1,0,0,0
638970,Yakuza 0,1,6.311734809152915,19.99,0,10.99,0,10.99,0,0,0,0,0,14.220976332738882,0,0,0,3,1,20,0,1,1,0,1,0,0,0,1,0,1,1,0,0,1,1,0,0,0.45022511255627806,0,0,0,0,0,0,0,0,0,0,1,1,1,0,0,0,0,0,0,1,0,1,0
24010,Train Simulator Classic,1,6.222576268071369,29.99,0,29.99,0,29.99,0,0,0,0,0,14.220976332738882,0,0,0,1,1,20,0,0,0,0,0,0,0,0,0,0,0,0,0,0,0,0,0,0,0.0,0,0,1,0,0,0,0,0,0,1,1,1,1,0,0,0,0,0,1,0,0,0,0
228380,Wreckfest,1,5.796057750765372,29.99,1,29.99,0,29.99,0,1,0,0,0,14.220976332738882,0,1,1,5,1,20,0,0,1,1,0,0,0,0,0,0,0,1,0,0,0,1,0,0,0.0,0,0,1,0,0,0,0,0,0,1,1,1,0,0,0,0,0,0,0,0,0,0,0
327690,Gigantic,1,0.0,0.0,1,0.0,0,0.0,1,0,0,1,1,14.220976332738882,0,0,1,3,1,20,0,0,0,0,0,1,0,0,0,0,1,0,0,1,0,1,1,0,0.0,0,0,0,0,0,0,0,1,0,0,0,1,1,0,0,0,0,0,0,0,0,0,0
417860,Emily is Away,1,2.302585092994046,0.0,0,0.0,1,0.0,0,1,0,0,1,14.220976332738882,0,1,0,5,0,20,1,0,1,0,1,0,0,0,0,0,0,0,0,1,0,0,1,0,0.0,0,0,0,0,0,0,0,0,1,0,0,0,1,1,0,0,0,0,0,1,0,0,0
1262350,SIGNALIS,1,4.6913478822291435,19.99,0,19.99,0,19.99,0,1,0,0,0,14.220976332738882,1,0,0,3,0,20,0,0,0,0,0,0,0,0,0,0,0,0,0,0,0,1,0,0,0.0,0,0,0,0,0,0,0,1,0,0,1,1,1,0,0,1,0,0,0,1,0,1,0
582160,Assassin's Creed Origins,1,7.380879035564116,59.99,1,59.99,0,59.99,0,0,0,0,0,14.220976332738882,0,0,1,3,1,20,0,1,0,0,1,0,0,0,0,0,1,1,0,0,1,1,0,0,0.0,0,0,0,0,0,0,0,0,0,0,1,1,1,0,1,0,0,0,0,1,0,0,0
287450,Rise of Nations: Extended Edition,1,6.259581464064923,19.99,1,19.99,0,19.99,0,0,0,0,0,14.220976332738882,0,0,1,2,0,20,0,1,0,0,0,0,0,1,0,0,0,1,0,0,0,0,0,0,0.0,0,0,0,0,0,1,0,0,0,0,1,1,0,0,1,0,0,0,0,0,0,0,0
582500,We Were Here,1,4.962844630259907,0.0,1,0.0,0,0.0,0,1,0,0,1,14.220976332738882,1,1,1,4,0,20,0,0,0,0,0,0,0,0,0,0,0,0,0,1,0,1,1,0,0.0,0,1,0,0,0,0,0,0,0,0,1,0,1,0,0,1,0,0,0,1,0,0,1
442080,Riders of Icarus,0,1.6094379124341003,0.0,1,0.0,0,0.0,1,0,1,1,1,14.220976332738882,0,0,1,4,1,20,0,0,0,0,0,1,0,0,0,1,1,0,1,1,1,0,1,1,0.0,0,0,0,0,0,0,0,0,0,0,0,1,1,0,0,0,0,0,0,1,0,0,0
519860,DUSK,1,3.6109179126442243,19.99,0,19.99,0,19.99,0,1,0,1,0,14.220976332738882,0,0,0,2,0,20,0,1,0,0,0,1,0,1,0,0,0,0,0,0,0,1,0,0,0.0,0,0,0,0,0,0,0,1,0,0,1,1,0,0,0,0,0,0,0,0,0,0,1
22320,The Elder Scrolls III: Morrowind Game of the Year Edition,1,6.455198563340122,14.99,0,14.99,0,14.99,0,0,0,0,0,14.220976332738882,0,0,0,1,1,20,0,1,0,0,1,0,0,1,0,0,1,1,0,0,1,0,0,1,0.0,0,0,1,0,0,0,0,0,0,0,1,1,1,0,0,0,0,0,1,0,0,0,0
704270,Generation Zero,1,5.459585514144159,24.99,1,4.99,0,4.99,0,0,0,0,0,14.220976332738882,0,0,1,2,1,20,0,0,0,0,0,1,0,0,0,0,0,0,1,0,0,1,0,0,0.8003201280512205,1,0,1,0,0,0,0,1,0,0,1,1,0,0,0,0,0,0,0,1,0,0,1
40990,Mafia,1,4.0943445622221,14.99,1,14.99,0,14.99,0,0,0,0,0,14.220976332738882,0,0,0,2,1,20,0,1,0,0,1,0,1,1,0,0,0,1,0,0,0,1,0,0,0.0,0,0,0,0,0,0,0,1,0,0,1,1,1,0,1,0,0,0,0,1,0,1,0
612880,Wolfenstein II: The New Colossus,1,5.673323267171493,39.99,1,39.99,0,39.99,0,0,0,0,0,14.220976332738882,0,0,0,1,1,20,0,1,0,0,1,1,0,0,1,0,0,1,0,0,0,1,0,0,0.0,0,0,0,0,0,0,0,1,0,0,1,1,1,0,0,0,0,0,0,0,0,1,0
3146520,WEBFISHING,1,6.532334292222349,4.99,1,4.99,0,4.99,0,1,1,0,0,14.220976332738882,0,1,1,3,0,20,0,0,0,0,0,0,0,0,0,0,0,0,0,0,0,0,0,1,0.0,0,1,1,0,0,0,0,0,1,0,0,0,0,0,0,1,0,0,0,0,1,0,0
537180,Digimon Masters Online,0,5.4680601411351315,0.0,1,0.0,0,0.0,1,0,1,0,1,14.220976332738882,0,0,1,6,1,20,0,0,0,0,0,1,0,0,0,1,1,0,1,1,1,1,1,0,0.0,0,1,0,0,0,0,0,0,1,0,0,1,1,0,0,0,0,0,0,1,0,0,0
232890,Stronghold Crusader 2,1,5.384495062789089,39.99,1,39.99,0,39.99,0,0,0,0,0,14.220976332738882,0,0,1,2,1,20,0,0,0,0,0,0,0,1,0,0,0,0,1,0,0,0,0,0,0.0,0,0,1,0,0,0,0,0,0,0,1,1,1,0,1,0,0,0,0,0,0,0,0
6000,STAR WARS Republic Commando,1,4.23410650459726,9.99,1,9.99,0,9.99,0,0,0,0,0,14.220976332738882,0,0,1,1,0,20,0,1,0,0,0,1,0,1,0,0,0,0,0,0,0,1,0,0,0.0,0,0,0,0,0,1,0,1,0,0,1,1,1,0,0,0,0,0,0,0,0,0,0
1049410,Superliminal,1,4.189654742026425,19.99,0,19.99,0,19.99,0,0,0,0,0,14.220976332738882,1,0,0,2,0,20,0,0,1,0,1,0,0,0,0,0,0,0,0,0,0,1,0,0,0.0,0,0,0,0,0,0,0,0,0,0,0,0,1,0,0,1,0,0,0,1,1,0,0
1343370,Old School RuneScape,1,6.957497370876951,0.0,1,0.0,0,0.0,1,0,1,1,1,14.220976332738882,0,0,0,4,1,20,0,1,0,0,1,0,0,1,0,1,1,0,0,1,1,0,1,1,0.0,0,0,0,0,0,0,0,0,0,0,0,0,1,0,0,0,0,0,0,1,0,0,0
1238860,Battlefield 4,1,7.050989447068045,39.99,1,39.99,0,39.99,1,0,0,1,0,14.220976332738882,0,0,1,1,1,20,0,1,0,0,1,1,0,0,0,0,0,1,0,0,0,1,0,0,0.0,0,1,0,0,1,1,0,1,0,0,0,1,0,0,0,0,0,0,0,0,0,1,0
961200,Predecessor,1,7.504942068396171,0.0,1,0.0,0,0.0,0,0,0,1,1,14.220976332738882,0,0,1,3,0,20,0,0,0,1,0,0,0,0,0,0,0,0,0,1,0,1,1,0,0.0,0,1,0,0,0,0,0,1,0,0,0,1,0,0,0,0,0,0,0,0,0,0,0
102600,Orcs Must Die!,1,3.044522437723423,9.99,1,9.99,0,9.99,0,1,0,0,0,14.220976332738882,0,1,0,3,0,20,0,1,1,0,0,0,0,0,1,0,1,0,0,0,0,1,0,0,0.0,0,0,0,0,0,0,0,1,0,0,0,1,1,0,0,0,0,0,0,0,0,0,0
2527500,MiSide,1,6.448889394146858,14.99,0,11.99,1,11.99,0,1,0,0,0,14.220976332738882,1,0,0,4,0,20,0,0,0,0,1,0,0,0,0,0,1,0,0,0,1,0,0,0,0.200133422281521,0,0,0,0,0,0,0,0,0,0,1,0,1,0,0,1,0,0,0,1,0,0,1
870780,CONTROL Ultimate Edition,1,6.47543271670409,39.99,0,39.99,0,39.99,0,0,0,0,0,14.220976332738882,0,0,0,2,1,20,0,1,0,0,1,0,1,0,0,0,0,0,0,0,0,1,0,0,0.0,0,0,0,0,0,0,0,1,0,0,1,1,1,0,0,1,0,0,0,1,0,1,1
24980,Mass Effect 2 (2010 Edition),1,2.1972245773362196,0.0,0,0.0,0,0.0,0,0,0,0,1,14.220976332738882,0,0,0,1,0,20,0,1,0,0,1,0,0,1,0,0,1,1,0,0,1,0,0,1,0.0,0,0,0,0,0,0,0,1,0,0,1,1,1,1,0,0,0,0,0,0,0,0,0
312520,Rain World,1,6.729824070489475,24.99,0,8.74,1,8.74,0,1,0,0,0,14.220976332738882,0,1,0,3,1,20,1,0,0,0,0,0,1,0,0,0,0,0,1,0,0,1,0,0,0.6502601040416167,0,0,0,0,0,0,1,0,0,0,1,1,1,0,0,0,0,0,0,1,0,0,0
285190,"Warhammer 40,000: Dawn of War III",0,4.48863636973214,39.99,1,7.99,0,7.99,0,0,0,0,0,14.220976332738882,0,0,1,3,0,20,0,1,0,0,1,0,0,1,0,0,0,0,0,0,0,1,0,0,0.800200050012503,0,0,0,0,0,1,0,0,0,0,1,1,0,0,0,0,0,0,0,0,0,1,0
202170,Sleeping Dogs,1,2.9444389791664403,0.0,1,0.0,0,0.0,0,0,0,0,1,14.220976332738882,0,0,0,2,1,20,0,1,0,0,1,0,0,0,0,0,1,1,0,0,0,1,0,0,0.0,0,0,1,0,0,0,0,1,0,0,1,1,1,0,0,0,0,0,0,1,0,1,0
235600,Tom Clancy’s Splinter Cell Blacklist,1,3.784189633918261,19.99,1,19.99,0,19.99,0,0,0,0,0,14.220976332738882,0,0,1,2,0,20,0,0,0,0,1,1,0,0,0,0,1,1,0,0,0,1,0,0,0.0,0,1,0,0,0,0,0,1,0,0,1,1,1,0,0,0,0,0,0,1,0,0,0
34030,Total War: NAPOLEON – Definitive Edition,1,6.835184586147301,19.99,1,19.99,0,19.99,0,0,0,0,0,14.220976332738882,0,0,1,1,0,20,0,1,0,0,0,0,0,1,0,0,0,0,0,0,0,0,0,0,0.0,0,0,0,0,1,1,0,0,0,0,0,1,0,0,1,0,0,0,1,0,0,0,0
459820,Crush Crush,1,6.794586580876499,0.0,0,0.0,0,0.0,0,1,0,0,1,14.220976332738882,0,1,0,3,0,20,0,0,1,0,0,0,0,0,1,0,0,0,0,1,0,0,1,0,0.0,0,0,0,0,0,0,0,0,1,0,0,0,0,0,0,0,0,0,0,0,0,0,0
47810,Dragon Age: Origins - Ultimate Edition,1,5.978885764901122,29.99,0,29.99,0,29.99,0,0,0,0,0,14.220976332738882,0,0,0,1,1,20,0,0,0,0,1,0,0,1,0,0,1,1,0,0,1,0,0,1,0.0,0,0,0,0,0,0,0,0,0,0,0,0,1,1,0,0,0,0,1,0,0,0,0
1313860,EA SPORTS FIFA 21,1,4.9344739331306915,0.0,1,0.0,0,0.0,0,0,0,1,1,14.220976332738882,0,0,1,2,0,20,0,1,0,0,0,0,0,0,0,0,0,1,0,0,0,0,0,0,0.0,0,1,0,0,0,0,0,0,0,1,0,1,0,0,0,0,0,0,0,0,0,0,0
280790,Creativerse,1,3.58351893845611,24.99,1,24.99,0,24.99,0,1,1,0,0,14.220976332738882,0,1,1,7,1,20,0,0,0,0,0,0,0,0,0,0,1,0,1,0,1,1,0,0,0.0,1,1,1,0,0,0,0,0,1,0,0,0,1,0,0,0,0,1,0,1,0,0,0
2280,DOOM + DOOM II,1,5.846438775057725,9.99,1,9.99,0,9.99,0,0,0,0,0,14.220976332738882,0,0,0,1,0,20,0,1,0,0,0,1,1,1,0,0,0,0,0,0,0,1,0,0,0.0,0,0,0,0,0,0,0,1,0,0,0,1,0,0,0,0,0,0,1,0,0,1,0
637090,BATTLETECH,1,7.277247726631484,39.99,1,39.99,0,39.99,0,0,0,0,0,14.220976332738882,0,0,0,3,0,20,0,1,0,0,1,0,1,0,0,0,1,1,0,0,0,1,0,1,0.0,0,0,0,0,0,0,0,0,0,0,0,1,1,0,0,0,0,0,0,1,0,0,0
690790,DiRT Rally 2.0,1,6.448889394146858,19.99,1,19.99,0,19.99,0,0,0,0,0,14.220976332738882,0,0,1,3,1,20,0,0,0,0,0,0,1,0,0,0,0,0,0,0,0,0,0,0,0.0,0,0,0,0,0,0,0,0,0,1,0,1,1,0,0,0,0,1,0,0,0,0,0
704850,Thief Simulator,1,5.497168225293202,19.99,0,19.99,0,19.99,0,1,0,0,0,14.220976332738882,0,1,1,4,1,20,0,0,1,0,0,1,0,0,0,0,1,0,0,0,0,1,0,0,0.0,0,0,1,0,0,0,0,0,0,1,1,1,1,0,0,0,0,0,0,1,0,0,0
424370,Wolcen: Lords of Mayhem,0,3.4339872044851463,19.99,1,19.99,0,19.99,0,1,0,0,0,14.220976332738882,0,1,1,4,0,20,0,0,0,0,0,0,1,0,0,0,1,0,0,0,1,1,0,1,0.0,0,1,0,0,0,0,0,0,0,0,0,1,1,0,0,0,0,0,0,1,0,0,0
851850,DRAGON BALL Z: KAKAROT,1,5.579729825986222,19.99,1,19.99,0,19.99,0,0,0,0,0,14.220976332738882,0,0,0,2,1,20,0,1,0,0,1,0,1,0,0,0,1,0,0,0,1,1,0,1,0.0,0,0,0,0,0,0,0,0,0,0,1,1,1,0,0,0,0,0,0,0,0,0,0
243470,Watch_Dogs,1,5.963579343618446,19.99,1,19.99,0,19.99,0,0,0,0,0,14.220976332738882,0,0,1,2,1,20,0,0,0,0,0,0,0,0,0,0,1,1,0,0,0,1,0,0,0.0,0,0,0,0,0,0,0,1,0,0,1,1,1,0,0,0,0,0,0,1,0,0,0
1384160,GUILTY GEAR -STRIVE-,1,7.80954132465341,39.99,1,39.99,1,39.99,0,0,0,1,0,14.220976332738882,0,0,0,1,0,20,0,1,0,0,1,0,0,0,0,0,0,0,0,0,0,1,0,0,0.0,0,0,0,0,0,0,0,0,0,0,0,1,0,0,0,0,0,0,0,0,0,0,0
491950,Orwell: Keeping an Eye On You,1,2.70805020110221,9.99,0,9.99,0,9.99,0,1,0,0,0,14.220976332738882,0,1,0,3,0,20,0,1,0,0,1,0,0,0,0,0,0,1,0,0,0,0,0,0,0.0,0,0,0,0,0,0,0,0,0,0,1,0,1,1,0,0,1,0,0,1,0,0,0
2622000,Astral Party,0,8.07961802938984,0.0,1,0.0,0,0.0,0,1,0,1,1,14.220976332738882,0,1,0,4,0,20,0,0,1,0,0,0,0,0,0,0,1,0,0,0,1,0,1,0,0.0,0,0,0,0,0,0,0,0,1,0,0,0,0,0,0,0,0,0,0,0,0,0,0
1061910,Metal: Hellsinger,1,3.828641396489095,29.99,0,8.99,0,8.99,0,0,0,0,0,14.220976332738882,0,0,0,2,0,20,0,0,0,0,0,1,0,0,0,0,0,0,0,0,0,1,0,0,0.7002334111370457,0,0,0,0,0,0,0,1,0,0,1,1,1,0,0,0,0,0,0,1,0,0,0
247080,Crypt of the NecroDancer,1,4.74493212836325,14.99,0,14.99,1,14.99,0,1,0,0,0,14.220976332738882,0,1,1,3,0,20,1,1,0,0,0,0,1,0,0,0,1,0,0,0,1,1,0,0,0.0,0,0,0,0,0,0,0,0,0,0,0,1,1,0,0,0,0,0,0,0,0,0,0
392110,ENDLESS Space 2,1,5.886104031450156,39.99,1,39.99,0,39.99,0,0,0,0,0,14.220976332738882,0,1,1,1,1,20,0,1,0,0,0,0,0,0,0,0,1,0,0,0,0,0,0,0,0.0,0,0,1,0,0,1,0,0,0,0,1,1,0,0,0,0,0,0,1,0,0,0,0
214420,Gear Up,1,1.6094379124341003,0.0,1,0.0,0,0.0,1,1,0,1,1,14.220976332738882,0,1,0,3,1,20,0,0,1,0,0,1,0,0,0,0,0,0,0,1,0,1,1,0,0.0,0,0,1,0,0,1,0,1,0,0,0,1,1,0,0,0,0,0,0,0,0,0,0
438040,Shakes and Fidget,1,7.237059026124737,0.0,1,0.0,0,0.0,1,1,1,0,1,14.220976332738882,0,1,0,7,0,20,0,0,1,0,1,0,0,1,1,1,1,0,0,1,1,0,1,1,0.0,0,0,0,0,0,0,0,0,1,0,0,0,1,0,0,0,0,0,0,1,0,0,0
752590,A Plague Tale: Innocence,1,4.983606621708336,39.99,0,3.99,0,3.99,0,0,0,0,0,14.220976332738882,1,0,0,2,0,20,0,1,0,0,1,0,0,0,0,0,0,1,1,0,0,1,0,0,0.900225056264066,0,0,0,0,0,0,0,0,0,0,1,1,1,0,1,0,0,0,0,1,0,1,1
736220,Squad 44,1,4.969813299576001,19.99,1,19.99,0,19.99,1,1,1,0,0,14.220976332738882,0,1,1,4,1,20,0,0,0,0,0,1,0,0,0,0,0,0,0,0,0,1,0,0,0.0,0,0,0,0,1,1,0,1,0,1,0,1,0,0,1,0,0,0,0,0,0,1,0
933110,Age of Empires III: Definitive Edition,1,8.012018239159062,34.99,1,34.99,0,34.99,0,0,0,1,0,14.220976332738882,0,0,1,1,0,20,0,0,0,0,1,0,0,0,0,0,0,1,0,0,0,0,1,0,0.0,0,1,0,0,1,1,0,0,0,0,0,0,0,0,1,0,0,0,1,0,0,0,0
24200,DC Universe Online,1,6.304448802421981,0.0,1,0.0,0,0.0,1,0,1,1,1,14.220976332738882,0,0,1,5,1,20,0,0,0,0,0,0,0,0,0,1,1,0,0,1,1,1,1,1,0.0,0,1,0,0,0,0,0,0,0,0,0,1,1,0,0,0,0,0,0,1,0,0,0
228200,Company of Heroes,1,6.762729506931879,14.99,1,14.99,0,14.99,0,0,0,0,0,14.220976332738882,0,0,1,2,0,20,0,1,0,0,1,0,0,1,0,0,0,0,0,0,0,1,0,0,0.0,0,0,0,0,1,1,0,0,0,0,0,1,0,0,1,0,0,0,1,0,0,1,0
233720,Surgeon Simulator,1,2.4849066497880004,9.99,0,9.99,0,9.99,0,1,0,0,0,14.220976332738882,1,1,0,3,0,20,0,1,1,0,0,0,1,0,1,0,0,0,0,0,0,1,0,0,0.0,0,0,0,0,0,0,0,0,0,0,0,1,0,0,0,0,0,0,0,0,0,0,0
1483870,Draw & Guess,1,5.6937321388027,4.99,1,4.99,1,4.99,0,1,0,1,0,14.220976332738882,1,0,1,2,0,20,0,0,1,0,0,0,0,0,1,0,0,0,0,0,0,0,0,0,0.0,0,1,0,0,0,0,0,0,1,0,0,0,0,0,0,0,0,0,0,0,1,0,0
692850,Bloodstained: Ritual of the Night,1,5.0689042022202315,39.99,0,39.99,1,39.99,0,0,0,0,0,14.220976332738882,0,1,0,3,0,20,0,1,0,0,0,0,1,0,0,0,1,1,0,0,1,1,0,0,0.0,1,0,0,0,0,0,1,0,0,0,0,1,1,0,0,0,0,0,0,1,0,0,0
15100,Assassin's Creed: Director's Cut Edition,1,4.127134385045092,19.99,0,19.99,0,19.99,0,0,0,0,0,14.220976332738882,0,0,0,2,1,20,0,0,0,0,1,0,0,0,0,0,0,1,0,0,0,1,0,0,0.0,0,0,0,0,0,0,0,0,0,1,1,1,1,0,1,0,0,0,0,1,0,0,0
1241100,POLYGON: Multiplayer Shooter,1,4.787491742782046,0.0,1,0.0,0,0.0,1,1,1,1,1,14.220976332738882,0,1,0,5,0,20,0,0,0,1,0,1,0,0,0,0,0,0,0,1,0,1,1,1,0.0,0,0,0,1,1,1,0,1,0,0,1,1,0,0,0,0,0,0,0,0,1,0,0
1282100,REMNANT II,1,7.3613754289773485,49.99,1,49.99,0,49.99,0,0,0,0,0,14.220976332738882,0,0,1,3,0,20,0,0,0,0,0,0,0,0,0,0,1,0,0,0,1,1,0,0,0.0,0,1,0,0,0,0,0,1,0,0,1,1,1,0,0,0,0,0,0,1,0,0,1
287290,Resident Evil Revelations 2,1,4.955827057601261,19.99,1,4.99,0,4.99,0,0,0,0,0,14.220976332738882,0,0,1,2,0,20,0,0,0,0,1,0,0,0,0,0,0,1,1,0,0,1,0,0,0.7503751875937968,0,1,0,0,0,0,0,1,0,0,1,1,1,0,0,0,0,0,0,1,0,0,1
1225330,NBA 2K21,0,5.003946305945459,0.0,1,0.0,0,0.0,0,0,0,0,1,14.220976332738882,0,0,1,2,0,20,0,0,0,0,0,0,0,0,0,0,0,1,0,0,0,0,0,1,0.0,0,1,0,0,0,0,0,0,0,1,0,1,0,0,0,0,0,0,0,0,0,0,0
4920,Natural Selection 2,1,4.564348191467836,4.99,1,4.99,0,4.99,0,1,0,0,0,14.220976332738882,0,1,1,3,0,20,0,0,0,0,0,1,0,0,0,0,0,0,0,0,0,1,0,0,0.0,0,1,0,0,0,0,0,1,0,0,1,1,1,0,0,0,0,0,1,0,0,0,0
19900,Far Cry 2,1,4.356708826689592,9.99,1,9.99,0,9.99,0,0,0,0,0,14.220976332738882,0,0,1,1,1,20,0,1,0,0,1,1,0,0,0,0,0,1,1,0,0,1,0,0,0.0,0,0,1,0,0,0,0,1,0,1,1,1,1,0,0,0,0,0,0,0,0,0,0
979690,The Ascent,1,5.356586274672012,29.99,0,29.99,0,29.99,0,1,0,0,0,14.220976332738882,0,1,1,4,1,20,0,0,0,0,0,0,0,0,0,0,1,0,0,0,1,1,0,1,0.0,0,0,0,0,0,0,0,1,0,0,0,1,1,0,0,0,0,0,0,1,0,1,0
130,Half-Life: Blue Shift,1,3.58351893845611,4.99,0,4.99,0,4.99,0,0,0,0,0,14.220976332738882,1,0,0,1,0,20,0,1,0,0,1,1,0,1,0,0,0,1,0,0,0,1,0,0,0.0,0,0,0,0,0,0,0,1,0,0,1,1,1,0,0,0,0,0,1,0,0,1,0
809960,Radical Heights,0,0.0,0.0,1,0.0,0,0.0,1,1,1,1,1,14.220976332738882,0,1,1,6,1,20,0,0,0,1,0,1,0,0,0,0,0,0,1,1,0,1,1,1,0.0,0,0,0,1,0,0,0,1,0,0,0,1,1,0,0,0,0,0,0,1,0,0,0
47790,Medal of Honor,1,3.2188758248682006,19.99,1,19.99,0,19.99,0,0,0,0,0,14.220976332738882,0,0,1,1,1,20,0,0,0,0,1,1,0,0,0,0,0,1,0,0,0,1,0,0,0.0,0,0,0,0,1,1,0,1,0,1,1,1,0,0,0,0,0,0,0,0,0,0,0
253980,Enclave,1,4.1588830833596715,9.99,1,4.99,0,4.99,0,0,0,0,0,14.220976332738882,0,0,0,2,1,20,0,1,0,0,0,0,0,1,0,0,1,0,0,0,1,1,0,0,0.5005005005005005,0,0,0,0,0,0,0,0,0,0,1,1,1,0,0,0,0,0,0,0,0,0,0
292730,Call of Duty: Infinite Warfare,0,5.7899601708972535,59.99,1,14.99,0,14.99,0,0,0,0,0,14.220976332738882,0,0,1,2,0,20,0,1,0,0,1,1,0,0,0,0,0,1,0,0,0,1,0,0,0.7501250208368061,0,0,0,0,0,1,0,1,0,0,1,1,1,0,0,0,0,0,0,1,0,0,0
774361,Blasphemous,1,6.173786103901937,24.99,0,6.24,1,6.24,0,1,0,0,0,14.220976332738882,0,1,0,3,0,20,1,1,0,0,0,0,1,0,0,0,0,1,0,0,0,1,0,0,0.7503001200480193,0,0,0,0,0,0,1,0,0,0,0,1,1,0,0,0,0,0,0,1,0,1,1
34270,SEGA Mega Drive and Genesis Classics,1,3.1354942159291497,0.0,1,0.0,1,0.0,0,0,0,0,1,14.220976332738882,0,0,1,4,0,20,1,1,0,0,0,0,0,1,0,0,1,1,0,0,1,1,0,0,0.0,0,0,0,0,0,0,1,0,1,0,0,1,1,0,0,0,0,0,1,1,0,0,0
251060,Wargame: Red Dragon,1,6.075346031088684,29.99,1,29.99,0,29.99,0,1,0,0,0,14.220976332738882,0,0,1,3,0,20,0,0,0,0,0,0,1,0,0,0,0,0,0,0,0,0,0,0,0.0,0,0,0,0,1,1,0,0,0,1,0,1,1,0,0,0,0,0,0,0,0,0,0
4500,S.T.A.L.K.E.R.: Shadow of Chernobyl,1,5.225746673713202,19.99,0,19.99,0,19.99,0,0,0,0,0,14.220976332738882,0,0,0,2,1,20,0,0,0,0,0,1,1,1,0,0,1,0,1,0,1,1,0,0,0.0,0,0,0,0,0,0,0,1,0,0,1,1,1,0,0,0,0,0,1,0,0,0,1
32470,STAR WARS Empire at War - Gold Pack,1,7.9441374911141125,19.99,1,19.99,0,19.99,0,0,0,0,0,14.220976332738882,0,0,1,1,0,20,0,1,0,0,0,0,0,1,0,0,0,0,0,0,0,0,0,0,0.0,0,0,0,0,0,1,0,0,0,0,1,1,1,0,0,0,0,0,1,0,0,0,0
837470,Untitled Goose Game,1,4.61512051684126,19.99,1,19.99,0,19.99,0,1,0,0,0,14.220976332738882,1,1,1,2,0,20,0,0,1,0,0,0,0,0,1,0,0,0,0,0,0,1,0,0,0.0,0,0,1,0,0,0,0,0,0,0,0,1,1,0,0,0,0,1,0,0,1,0,0
834910,ATLAS,0,6.150602768446279,29.99,1,29.99,0,29.99,1,0,1,1,0,14.220976332738882,0,0,1,5,1,20,0,0,0,1,0,0,0,0,0,1,1,0,1,0,1,1,0,0,0.0,1,1,1,1,0,0,0,0,0,0,0,1,1,0,0,0,0,0,0,1,0,0,0
454650,DRAGON BALL XENOVERSE 2,1,6.481577129276431,19.99,1,4.99,0,4.99,1,0,1,0,0,14.220976332738882,0,0,1,4,1,20,0,1,0,0,1,0,0,0,0,1,1,1,0,0,0,1,0,1,0.7503751875937968,0,1,0,0,0,0,0,0,1,0,0,1,1,0,0,0,0,0,1,1,0,0,0
1284410,GWENT: The Witcher Card Game,1,6.429719478039138,0.0,1,0.0,0,0.0,0,0,0,1,1,14.220976332738882,0,0,0,3,0,20,0,1,0,0,0,0,1,0,0,0,1,0,0,1,1,0,1,0,0.0,0,0,0,0,0,0,0,0,0,0,1,0,0,0,0,0,0,0,0,0,0,0,0
1238820,Battlefield 3,0,4.51085950651685,39.99,1,39.99,0,39.99,0,0,0,1,0,14.220976332738882,0,0,1,1,1,20,0,0,0,0,1,1,0,0,0,0,0,1,0,0,0,1,0,0,0.0,0,1,0,0,1,1,0,1,0,0,1,1,0,0,0,0,0,0,0,0,0,1,0
323470,DRAGON BALL XENOVERSE,1,4.1588830833596715,64.98,1,6.49,0,6.49,0,0,0,0,0,14.220976332738882,0,0,1,1,1,20,0,0,1,0,0,0,0,0,0,0,1,1,0,0,0,1,0,1,0.9001231148045552,0,1,0,0,0,0,0,0,0,0,0,1,1,0,0,0,0,0,0,0,0,0,0
1089980,The Henry Stickmin Collection,1,5.225746673713202,14.99,0,14.99,1,14.99,0,1,0,0,0,14.220976332738882,0,1,0,3,0,20,0,0,1,0,0,0,0,1,1,0,0,0,0,0,0,0,0,0,0.0,0,0,0,0,0,0,0,0,1,0,0,1,1,1,0,0,1,1,0,1,0,0,0
1147560,Skul: The Hero Slayer,1,7.095064377287131,19.99,1,19.99,1,19.99,0,1,0,0,0,14.220976332738882,0,1,0,2,0,20,1,0,0,0,1,0,1,0,0,0,0,0,0,0,0,1,0,0,0.0,0,0,0,0,0,0,1,0,0,0,0,1,1,0,0,0,0,0,0,0,0,0,0
214560,Mark of the Ninja,1,1.0986122886681098,4.99,0,4.99,1,4.99,0,1,0,0,0,14.220976332738882,1,1,0,3,0,20,0,0,0,0,1,0,0,0,0,0,0,0,0,0,0,1,0,0,0.0,0,0,0,0,0,0,1,0,0,0,1,1,1,0,0,0,0,0,0,1,0,0,0
225080,Brothers - A Tale of Two Sons,1,2.302585092994046,14.99,1,14.99,0,14.99,0,1,0,0,0,14.220976332738882,1,1,0,3,0,20,0,1,0,0,1,0,0,0,0,0,0,1,0,0,0,1,0,0,0.0,0,0,0,0,0,0,1,0,0,0,1,1,1,0,0,0,0,0,0,1,0,0,0
237930,Transistor,1,2.3978952727983707,19.99,0,19.99,0,19.99,0,1,0,0,0,14.220976332738882,0,1,0,3,0,20,0,1,0,0,1,0,0,0,0,0,1,0,0,0,1,1,0,0,0.0,0,0,0,0,0,0,0,0,0,0,1,1,1,0,0,0,0,0,0,0,0,0,0
96100,Defy Gravity Extended,1,0.0,1.99,1,1.99,1,1.99,0,1,0,0,0,14.220976332738882,1,1,0,3,0,20,0,1,1,0,0,0,1,0,0,0,0,0,0,0,0,1,0,0,0.0,0,0,0,0,0,0,1,1,1,0,0,1,0,0,0,0,0,0,0,0,0,0,0
113200,The Binding of Isaac,1,5.365976015021851,4.99,0,4.99,1,4.99,0,1,0,0,0,14.220976332738882,0,1,0,4,0,20,0,1,0,0,0,0,1,0,0,0,1,0,1,0,1,1,0,0,0.0,0,0,0,0,0,0,0,0,0,0,0,1,1,0,0,0,0,0,0,1,0,0,0
2310,Quake,1,4.418840607796598,9.99,1,9.99,0,9.99,0,0,0,0,0,14.220976332738882,0,0,1,1,0,20,0,1,0,0,0,1,0,1,0,0,0,1,0,0,0,1,0,0,0.0,0,0,0,0,0,0,0,1,0,0,1,1,0,0,0,0,0,0,1,0,0,0,1
599140,Graveyard Keeper,1,6.848005274576363,19.99,0,19.99,1,19.99,0,1,0,0,0,14.220976332738882,0,1,0,4,0,20,1,0,0,0,1,0,0,0,0,0,1,1,0,0,1,0,0,0,0.0,1,0,1,0,0,0,0,0,0,0,0,0,1,0,0,0,0,0,0,1,0,1,0
1840,Source Filmmaker,1,6.954638864880987,0.0,0,0.0,0,0.0,0,0,0,0,1,14.220976332738882,0,0,0,2,0,20,0,1,1,0,0,0,1,0,1,0,0,1,0,0,0,0,1,1,0.0,0,0,1,0,0,0,0,0,0,0,0,0,0,0,0,0,0,1,1,0,0,0,0
65980,Sid Meier's Civilization: Beyond Earth,0,5.594711379601839,39.99,1,9.99,0,9.99,0,0,0,0,0,14.220976332738882,0,0,0,1,0,20,0,0,0,0,0,0,0,0,0,0,0,0,0,0,0,0,0,0,0.7501875468867216,0,0,0,0,0,0,0,0,0,0,1,1,1,0,0,0,0,0,1,0,0,0,0
373420,Divinity: Original Sin - Enhanced Edition,1,5.961005339623274,39.99,1,39.99,0,39.99,0,1,0,0,0,14.220976332738882,0,1,1,4,1,20,0,1,0,0,1,0,0,0,0,0,1,0,0,0,1,0,0,1,0.0,0,0,0,0,0,0,0,0,0,0,0,0,1,0,0,0,0,0,0,1,0,0,0
1621690,Core Keeper,1,8.213110697596676,19.99,0,19.99,1,19.99,0,1,0,0,0,14.220976332738882,0,0,0,5,0,20,1,0,0,0,0,0,0,0,0,0,0,0,1,0,1,1,0,0,0.0,1,1,1,0,0,0,0,0,0,0,1,0,1,0,0,0,0,0,0,1,0,0,0
1089090,ONE PIECE: PIRATE WARRIORS 4,1,5.2574953720277815,39.99,1,7.99,0,7.99,0,0,0,1,0,14.220976332738882,0,0,1,1,1,20,0,0,0,0,0,0,0,0,1,0,1,1,0,0,0,1,0,0,0.800200050012503,0,1,0,0,0,0,0,0,0,0,0,1,1,0,0,0,0,0,0,0,0,0,0
942970,Unheard - Voices of Crime,1,4.23410650459726,6.99,0,6.99,1,6.99,0,1,0,0,0,14.220976332738882,1,1,0,3,0,16,0,0,0,0,1,0,0,0,0,0,1,0,0,0,1,0,0,0,0.0,0,0,0,0,0,0,0,0,0,0,1,0,0,0,0,0,1,0,0,0,0,0,1
41500,Torchlight,1,3.713572066704308,14.99,1,14.99,0,14.99,0,0,0,0,0,14.220976332738882,0,1,0,1,0,20,0,1,0,0,0,0,0,0,0,0,1,0,0,0,1,0,0,0,0.0,0,0,0,0,0,0,0,0,0,0,0,1,1,0,0,0,0,0,1,0,0,0,0
17080,Tribes: Ascend,1,0.0,0.0,1,0.0,0,0.0,1,0,0,0,1,14.220976332738882,0,0,1,2,1,20,0,0,0,0,0,1,1,0,0,0,1,0,0,1,0,1,1,0,0.0,0,1,0,0,0,0,0,1,0,0,0,1,1,0,0,0,0,0,0,0,0,0,0
1778820,TEKKEN 8,0,8.391629968440892,39.99,1,39.99,0,39.99,0,0,0,1,0,14.220976332738882,0,0,0,1,0,20,0,1,0,0,1,0,1,0,0,0,0,1,0,0,0,1,0,1,0.0,0,0,0,0,0,0,0,0,0,0,0,1,0,0,0,0,0,0,0,0,0,0,0
1522820,Orcs Must Die! 3,1,5.087596335232384,29.99,1,29.99,0,29.99,0,1,0,0,0,14.220976332738882,0,0,1,4,0,20,0,0,1,0,0,0,0,0,1,0,0,0,0,0,0,1,0,0,0.0,0,1,0,0,0,0,0,0,0,0,0,1,1,0,0,0,0,0,0,1,0,0,0
4570,"Warhammer 40,000: Dawn of War - Anniversary Edition (Classic)",1,4.343805421853684,14.99,1,14.99,0,14.99,0,0,0,0,0,14.220976332738882,0,0,0,1,0,20,0,1,0,0,1,0,0,1,0,0,0,0,0,0,0,0,0,0,0.0,0,0,0,0,0,1,0,0,0,0,0,1,0,0,0,0,0,0,0,0,0,1,0
2322560,Love Is All Around,1,4.276666119016055,9.99,1,9.99,0,9.99,0,1,0,0,0,14.220976332738882,0,0,0,5,0,20,0,0,0,0,1,0,0,0,0,0,1,0,0,0,1,0,0,0,0.0,0,0,0,0,0,0,0,0,0,0,0,0,0,1,0,0,0,0,0,1,0,0,0
2344520,Diablo IV,0,9.086589564540008,49.99,1,49.99,0,49.99,0,0,1,0,0,14.220976332738882,0,0,1,5,0,20,0,0,0,0,1,0,0,0,0,1,1,0,0,0,1,1,0,0,0.0,0,1,0,0,0,0,0,0,1,0,0,1,0,0,0,0,0,0,0,1,0,1,0
10680,Aliens vs. Predator,1,3.912023005428146,14.99,1,14.99,0,14.99,0,0,0,0,0,14.220976332738882,0,0,1,1,0,20,0,0,0,0,0,1,0,0,0,0,0,1,1,0,0,1,0,0,0.0,0,1,0,0,0,0,0,1,0,0,1,1,1,0,0,0,0,0,0,0,0,0,1
216150,MapleStory,0,8.998754769495703,0.0,1,0.0,1,0.0,1,0,1,1,1,14.220976332738882,0,0,1,6,0,20,0,0,0,0,1,0,0,0,0,1,1,0,0,1,1,1,1,1,0.0,0,0,0,0,0,0,1,0,1,0,0,0,0,0,0,0,0,0,0,1,0,0,0
378540,The Surge,1,4.532599493153256,14.99,0,1.94,0,1.94,0,0,0,0,0,14.220976332738882,0,0,0,2,1,20,0,0,0,0,1,0,1,0,0,0,1,1,0,0,1,1,0,0,0.8705803869246165,0,0,0,0,0,0,0,0,0,0,0,1,1,0,0,0,0,0,0,0,0,1,1
527430,"Warhammer 40,000: Inquisitor - Martyr",1,5.342334251964811,49.99,1,49.99,0,49.99,0,1,0,0,0,14.220976332738882,0,1,1,4,0,20,0,0,0,0,0,0,0,0,0,0,1,0,0,0,1,1,0,0,0.0,0,1,0,0,0,1,0,0,0,0,0,1,1,0,0,0,0,0,0,1,0,1,0
753640,Outer Wilds,1,6.834108738813838,24.99,0,24.99,0,24.99,0,0,0,0,0,14.220976332738882,1,1,0,2,1,20,0,1,0,0,1,0,0,0,0,0,0,1,0,0,0,1,0,0,0.0,0,0,0,0,0,0,0,0,0,0,1,1,1,0,0,1,0,0,0,1,0,0,1
583950,Artifact,0,3.5263605246161616,0.0,1,0.0,0,0.0,0,0,0,0,1,14.220976332738882,0,0,0,1,0,20,0,1,1,0,0,0,1,0,0,0,0,1,0,0,0,0,0,0,0.0,0,0,0,0,0,0,0,0,0,0,1,0,0,0,0,0,0,0,0,0,0,1,0
206480,Dungeons & Dragons Online,1,5.564520407322694,0.0,1,0.0,0,0.0,1,0,1,0,1,14.220976332738882,1,0,1,5,1,20,0,0,0,0,0,0,0,0,0,1,1,0,0,1,1,1,1,1,0.0,0,1,1,0,0,0,0,0,0,0,0,1,1,0,0,0,0,0,0,1,0,0,0
921630,音灵 INVAXION,0,0.0,0.0,0,0.0,0,0.0,0,1,0,0,1,14.220976332738882,0,1,0,3,0,6,0,0,0,0,0,0,0,0,0,0,0,0,0,0,0,0,0,0,0.0,0,0,0,0,0,0,0,0,1,0,0,0,0,0,0,0,0,0,0,0,0,0,0
215080,WAKFU,1,5.552959584921617,0.0,1,0.0,1,0.0,1,1,1,0,1,14.220976332738882,0,0,1,8,1,20,0,0,0,0,0,0,0,0,0,1,1,0,0,1,1,1,1,0,0.0,0,0,1,0,0,0,0,0,1,0,0,1,1,0,0,0,0,0,0,1,0,0,0
65790,Arma: Cold War Assault Remastered,1,2.3978952727983707,9.99,1,9.99,0,9.99,0,0,0,0,0,14.220976332738882,0,0,0,3,1,20,0,0,0,0,0,1,0,1,0,0,0,0,0,0,0,1,0,0,0.0,0,0,1,0,1,1,0,1,0,1,0,1,0,0,0,0,0,0,1,0,0,0,0
332070,School of Dragons,0,0.6931471805599453,0.0,1,0.0,0,0.0,1,0,1,1,1,14.220976332738882,0,0,1,4,1,20,0,0,1,0,0,0,0,0,0,1,1,0,1,1,1,0,1,0,0.0,0,1,0,0,0,0,0,0,0,0,1,1,1,0,0,0,0,1,0,1,0,0,0
311340,METAL GEAR SOLID V: GROUND ZEROES,1,3.871201010907891,29.99,1,17.99,0,17.99,0,0,0,0,0,14.220976332738882,0,0,0,2,1,20,0,1,0,0,1,0,0,1,0,0,0,1,0,0,0,1,0,0,0.40013337779259756,0,0,1,0,0,0,0,1,0,0,1,1,1,0,0,0,0,0,0,1,0,0,0
535930,Two Point Hospital,1,6.251903883165888,29.99,1,29.99,0,29.99,0,1,0,0,0,14.220976332738882,0,1,0,2,0,20,0,0,1,0,0,0,0,1,1,0,0,1,0,0,0,0,0,0,0.0,0,0,1,0,0,0,0,0,0,0,0,0,0,0,0,0,0,1,0,0,0,0,0
414700,Outlast 2,1,4.787491742782046,19.99,1,19.99,0,19.99,0,1,0,0,0,14.220976332738882,0,1,0,3,0,20,0,0,0,0,1,1,0,0,0,0,0,0,1,0,0,1,0,0,0.0,0,0,0,0,0,0,0,0,0,0,1,1,1,0,0,1,0,0,0,1,0,1,1
270150,RUNNING WITH RIFLES,1,5.111987788356544,14.99,1,14.99,0,14.99,0,1,0,0,0,14.220976332738882,0,0,1,2,1,20,0,0,0,0,0,0,0,0,0,0,1,0,0,0,0,1,0,0,0.0,0,1,1,0,1,0,0,1,0,0,0,1,0,0,0,0,0,0,1,0,0,0,0
292910,Deponia: The Complete Journey,1,3.4657359027997265,29.99,0,29.99,1,29.99,0,0,0,0,0,14.220976332738882,1,1,0,1,0,20,0,1,1,0,1,0,0,1,1,0,0,1,0,0,0,0,0,0,0.0,0,0,0,0,0,0,0,0,0,0,0,0,1,0,0,0,1,0,0,1,0,0,0
447020,Farming Simulator 17,1,5.402677381872279,14.99,1,14.99,0,14.99,0,0,0,0,0,14.220976332738882,0,0,1,1,1,20,0,1,0,0,0,0,0,0,0,0,0,0,0,0,0,0,0,0,0.0,0,1,1,0,0,0,0,0,0,1,0,0,0,0,0,0,0,1,1,0,0,0,0
1282730,Loop Hero,1,5.855071922202427,14.99,0,14.99,1,14.99,0,1,0,0,0,14.220976332738882,0,1,0,3,0,20,1,0,0,0,1,0,0,0,0,0,1,1,0,0,1,0,0,0,0.0,0,0,0,0,0,0,0,0,0,0,0,0,1,1,0,0,0,0,0,0,0,0,0
17300,Crysis,1,2.3978952727983707,29.99,1,29.99,0,29.99,0,0,0,0,0,14.220976332738882,0,0,0,1,1,20,0,1,0,0,1,1,0,1,0,0,0,1,0,0,0,1,0,0,0.0,0,0,1,0,0,0,0,1,0,0,1,1,1,0,0,0,0,0,1,0,0,0,0
102500,Kingdoms of Amalur: Reckoning,1,3.091042453358316,0.0,0,0.0,0,0.0,0,0,0,0,1,14.220976332738882,0,0,0,2,1,20,0,1,0,0,1,0,0,0,0,0,1,0,0,0,1,1,0,1,0.0,1,0,1,0,0,0,0,0,0,0,1,1,1,0,0,0,0,0,0,0,0,0,0
32800,Lord of the Rings: War in the North,1,2.833213344056216,0.0,1,0.0,0,0.0,0,0,0,0,1,14.220976332738882,0,0,1,2,1,20,0,0,0,0,0,0,0,0,0,0,1,1,0,0,1,1,0,0,0.0,0,1,0,0,0,0,0,0,0,0,1,1,1,0,0,0,0,0,0,0,0,0,0
8850,BioShock 2,1,3.1780538303479458,19.99,1,19.99,0,19.99,0,0,0,0,0,14.220976332738882,0,0,0,1,0,20,0,1,0,0,1,1,0,0,0,0,1,1,0,0,0,1,0,0,0.0,0,0,0,0,0,0,0,1,0,0,1,1,1,0,0,0,0,0,0,0,0,0,1
899440,GOD EATER 3,1,5.521460917862246,59.99,1,5.99,0,5.99,0,0,0,0,0,14.220976332738882,0,0,1,1,1,20,0,1,0,0,1,0,0,0,0,0,1,1,0,0,0,1,0,1,0.9001500250041673,0,1,0,0,0,0,0,0,0,0,0,1,1,0,0,0,0,0,0,0,0,0,0
418240,Shadow Tactics: Blades of the Shogun,1,5.389071729816501,39.99,0,3.99,0,3.99,0,1,0,0,0,14.220976332738882,1,1,0,2,0,20,0,1,0,0,0,0,1,0,0,0,0,1,1,0,0,0,0,0,0.900225056264066,0,0,0,0,0,0,0,0,0,0,1,1,1,0,1,0,0,0,0,0,0,1,0
207230,ArcheBlade,1,1.3862943611198906,0.0,1,0.0,0,0.0,1,1,0,1,1,14.220976332738882,0,1,1,3,0,20,0,0,0,0,0,0,0,0,0,1,1,0,0,1,0,1,1,0,0.0,0,1,0,0,0,0,0,0,0,0,0,1,1,0,0,0,0,0,0,0,0,0,0
17460,Mass Effect (2007),1,3.1354942159291497,29.99,0,29.99,0,29.99,0,0,0,0,0,14.220976332738882,0,0,0,2,1,20,0,1,0,0,1,0,0,0,0,0,1,1,0,0,1,1,0,1,0.0,0,0,0,0,0,0,0,1,0,0,1,1,1,1,0,0,0,0,0,0,0,0,0
383150,Dead Island Definitive Edition,1,6.018593214496234,19.99,1,19.99,0,19.99,0,0,0,0,0,14.220976332738882,0,0,1,1,1,20,0,0,0,0,0,1,0,0,0,0,1,1,1,0,0,1,0,0,0.0,1,1,0,0,0,0,0,0,0,0,0,1,1,0,0,0,0,0,0,0,0,1,1
224760,FEZ,1,3.6375861597263857,9.99,0,9.99,1,9.99,0,1,0,0,0,14.220976332738882,1,1,0,1,0,20,1,1,0,0,0,0,0,0,0,0,0,0,0,0,0,0,0,0,0.0,0,0,0,0,0,0,1,0,0,0,1,0,1,0,0,0,0,0,0,0,0,0,0
1178830,Bright Memory: Infinite,1,3.8066624897703196,19.99,1,19.99,0,19.99,0,1,0,0,0,14.220976332738882,0,1,0,2,0,20,0,0,0,0,0,1,0,0,0,0,0,0,0,0,0,1,0,1,0.0,0,0,0,0,0,0,0,1,0,1,0,1,0,0,0,0,0,0,0,0,0,1,0
2012510,Stormgate,0,3.6109179126442243,0.0,1,0.0,0,0.0,0,0,0,1,1,14.220976332738882,0,0,0,4,0,20,0,0,0,1,0,0,0,0,0,0,0,0,0,1,0,1,1,0,0.0,0,0,0,1,0,1,0,0,0,0,0,1,0,0,0,0,0,0,1,0,0,0,0
297000,Heroes of Might & Magic III - HD Edition,1,7.101675971619444,14.99,1,14.99,0,14.99,0,0,0,0,0,14.220976332738882,0,0,1,2,0,20,0,1,0,0,0,0,0,1,0,0,1,0,0,0,1,0,0,0,0.0,0,0,0,0,0,0,0,0,0,0,1,1,1,0,0,0,0,0,0,0,0,0,0
1151640,Horizon Zero Dawn Complete Edition,1,6.55250788703459,49.99,0,49.99,0,49.99,0,0,0,0,0,14.220976332738882,0,0,0,3,1,20,0,1,0,0,1,0,0,0,0,0,1,1,0,0,1,1,0,0,0.0,0,0,0,0,0,0,0,0,0,0,1,1,1,0,0,0,0,0,0,1,0,0,0
334230,Town of Salem,1,4.770684624465665,4.99,1,4.99,1,4.99,1,0,0,0,0,14.220976332738882,0,1,0,4,0,20,0,0,1,0,0,0,0,0,1,0,1,0,1,0,1,1,0,0,0.0,0,0,0,0,0,0,0,0,1,0,0,1,0,0,0,0,0,1,0,0,0,0,0
364470,The Elder Scrolls: Legends,1,0.6931471805599453,0.0,1,0.0,0,0.0,0,0,0,0,1,14.220976332738882,0,0,0,1,0,19,0,1,0,0,1,0,0,0,0,0,0,1,0,1,0,0,1,0,0.0,0,0,0,0,0,0,0,0,0,0,1,1,0,0,0,0,0,0,0,0,0,0,0
601430,The Evil Within 2,1,5.176149732573829,39.99,0,39.99,0,39.99,0,0,0,0,0,14.220976332738882,0,0,0,2,1,20,0,1,0,0,1,0,0,0,0,0,0,1,1,0,0,1,0,0,0.0,0,0,0,0,0,0,0,1,0,0,1,1,1,0,0,1,0,0,0,1,0,1,1
1190000,Car Mechanic Simulator 2021,1,7.203405521083095,24.99,0,24.99,0,24.99,0,0,0,0,0,14.220976332738882,1,1,0,2,1,20,0,0,0,0,0,0,0,0,0,0,0,0,0,0,0,0,0,0,0.0,0,0,1,0,0,0,0,0,0,1,1,0,1,0,0,0,0,0,1,0,0,0,0
39140,FINAL FANTASY VII,1,5.958424693029782,11.99,0,11.99,0,11.99,0,0,0,0,0,14.220976332738882,0,0,0,1,1,20,0,1,0,0,1,0,0,1,0,0,1,1,0,0,1,0,0,0,0.0,0,0,0,0,0,0,0,0,0,0,1,0,1,0,0,0,0,0,0,0,0,0,0
4700,Total War: MEDIEVAL II – Definitive Edition,1,7.942717540573791,19.99,1,19.99,0,19.99,0,0,0,0,0,14.220976332738882,0,0,0,1,0,20,0,1,0,0,0,0,0,1,0,0,0,0,0,0,0,0,0,0,0.0,0,0,1,0,1,1,0,0,0,0,0,1,0,0,1,0,0,0,1,0,0,0,0
675010,MudRunner,1,5.638354669333745,19.99,1,3.99,0,3.99,0,0,0,0,0,14.220976332738882,0,0,1,1,1,20,0,0,0,0,0,0,0,0,0,0,0,1,0,0,0,0,0,0,0.80040020010005,0,1,1,0,0,0,0,0,0,1,1,0,1,0,0,0,0,0,1,0,0,0,0
220440,DmC: Devil May Cry,1,4.68213122712422,29.99,0,29.99,0,29.99,0,0,0,0,0,14.220976332738882,0,0,0,2,0,20,0,1,0,0,1,0,0,0,1,0,0,1,0,0,0,1,0,0,0.0,0,0,0,0,0,0,1,0,0,0,1,1,1,0,0,0,0,0,0,1,0,0,0
544730,Catan Universe,0,6.744059186311348,0.0,1,0.0,0,0.0,0,0,0,0,1,14.220976332738882,0,0,0,2,0,8,0,0,0,0,0,0,0,0,0,0,0,0,0,0,0,0,1,0,0.0,0,0,0,0,0,0,0,0,1,0,0,0,0,0,0,0,0,0,0,0,0,0,0
337320,Paint the Town Red,1,5.6937321388027,19.99,1,19.99,0,19.99,0,1,0,0,0,14.220976332738882,0,1,0,2,0,20,0,0,1,0,0,1,1,0,0,0,0,0,0,0,0,1,0,0,0.0,0,0,0,0,0,0,0,0,0,0,0,1,1,0,0,0,0,0,0,0,0,1,0
350640,Sherlock Holmes: The Devil's Daughter,1,3.091042453358316,29.99,1,29.99,0,29.99,0,0,0,0,0,14.220976332738882,1,0,0,2,0,20,0,0,0,0,1,0,0,0,0,0,0,0,0,0,0,1,0,0,0.0,0,0,0,0,0,0,0,0,0,0,1,1,1,1,0,0,1,0,0,1,0,0,0
2231450,Pizza Tower,1,5.908082938168931,19.99,0,19.99,1,19.99,0,1,0,0,0,14.220976332738882,0,1,0,2,0,20,1,1,1,0,0,0,1,0,1,0,0,0,0,0,0,1,0,0,0.0,0,0,0,0,0,1,1,0,0,0,0,1,1,0,0,0,0,0,0,0,1,0,0
552100,Brick Rigs,1,6.891625897052253,19.99,1,13.99,0,13.99,0,0,0,0,0,14.220976332738882,0,0,0,1,1,20,0,0,1,1,0,1,0,0,0,0,0,0,0,0,0,0,0,0,0.30015007503751867,0,0,1,0,0,0,0,0,0,0,0,1,0,0,0,0,0,1,0,0,0,0,0
1475810,Ghostwire: Tokyo,1,4.584967478670572,59.99,0,59.99,0,59.99,0,0,0,0,0,14.220976332738882,0,0,0,1,1,20,0,0,0,0,1,1,0,0,0,0,0,1,0,0,0,1,0,0,0.0,0,0,0,0,0,0,0,0,0,1,1,1,1,0,0,1,0,0,0,0,0,0,1
427270,Orcs Must Die! Unchained,0,1.0986122886681098,0.0,1,0.0,0,0.0,1,0,0,1,1,14.220976332738882,0,0,1,3,1,20,0,0,1,0,0,1,0,0,0,0,1,0,1,1,0,1,1,0,0.0,0,1,0,0,0,0,0,0,0,0,0,1,1,0,0,0,0,0,0,0,0,0,0
392160,X4: Foundations,1,7.669495251007694,49.99,0,49.99,0,49.99,0,0,0,0,0,14.220976332738882,0,0,0,3,1,20,0,0,0,0,0,0,0,0,0,0,0,0,0,0,0,1,0,0,0.0,0,0,1,0,0,0,0,0,0,0,0,0,0,0,0,0,0,0,0,0,0,0,0
3910,Sid Meier's Civilization III Complete,1,7.232733136177615,4.99,1,3.99,0,3.99,0,0,0,0,0,14.220976332738882,0,0,0,1,0,20,0,0,0,0,0,0,0,1,0,0,0,1,0,0,0,0,0,0,0.2004008016032064,0,0,0,0,1,1,0,0,0,0,0,0,0,0,1,0,0,0,0,0,0,0,0
805550,Assetto Corsa Competizione,1,7.299797366758161,39.99,1,9.99,0,9.99,0,0,0,1,0,14.220976332738882,0,0,0,3,1,20,0,0,0,1,0,0,1,0,0,0,0,1,0,0,0,0,0,0,0.7501875468867216,0,1,0,0,0,0,0,0,0,1,1,0,0,0,0,0,0,0,1,0,0,0,0
41000,Serious Sam HD: The First Encounter,1,3.8501476017100584,14.99,1,1.49,0,1.49,0,1,0,0,0,14.220976332738882,0,1,1,2,0,20,0,0,1,0,0,1,1,1,1,0,0,1,0,0,0,1,0,0,0.9006004002668445,0,1,0,0,0,0,0,1,0,0,0,1,1,0,0,0,0,0,0,0,1,0,0
1284190,The Planet Crafter,1,8.899867211223587,23.99,0,11.99,0,11.99,0,0,0,0,0,14.220976332738882,0,0,1,1,1,20,0,0,0,0,1,0,0,0,0,0,0,0,1,0,0,0,0,0,0.5002084201750729,1,1,1,0,0,0,0,0,0,0,0,0,1,0,0,0,0,0,0,1,0,0,0
2064650,Tower of Fantasy,0,5.872117789475416,0.0,0,0.0,0,0.0,1,0,1,0,1,14.220976332738882,0,0,0,4,1,20,0,0,0,0,1,0,0,0,0,1,1,0,0,1,1,1,1,1,0.0,0,0,0,0,0,0,0,0,0,0,0,1,0,0,0,0,0,0,0,0,0,0,0
56437,"Warhammer 40,000: Dawn of War II: Retribution",1,0.0,0.0,1,0.0,0,0.0,0,0,0,0,1,14.220976332738882,0,0,1,1,0,20,0,1,0,0,0,0,0,0,0,0,1,0,0,0,0,0,0,0,0.0,0,1,0,0,0,0,0,0,0,0,1,1,1,0,0,0,0,0,0,0,0,0,0
585420,Trailmakers,1,6.806829360392176,24.99,1,24.99,0,24.99,0,1,0,0,0,14.220976332738882,0,0,0,5,1,20,0,0,0,0,0,0,0,0,0,0,0,0,1,0,0,1,0,0,0.0,1,1,1,0,0,0,0,0,0,0,0,1,1,0,0,0,0,1,0,1,1,0,0
1562430,DREDGE,1,6.249975242259483,24.99,0,24.99,0,24.99,0,0,0,0,0,14.220976332738882,0,1,0,2,1,20,0,0,0,0,1,0,0,0,0,0,1,1,0,0,1,0,0,0,0.0,0,0,0,0,0,0,0,0,0,0,1,0,1,0,0,1,0,0,0,1,0,0,1
1987080,Inside the Backrooms,1,5.472270673671475,6.99,1,6.99,0,6.99,0,1,0,0,0,14.220976332738882,1,0,1,3,0,20,0,0,0,1,1,1,0,0,0,0,0,0,0,0,0,0,0,0,0.0,0,1,0,1,0,0,0,0,0,0,1,0,1,0,0,1,0,0,0,1,0,0,1
666220,CS2D,1,3.044522437723423,0.0,1,0.0,1,0.0,0,1,0,0,1,14.220976332738882,0,1,1,4,0,20,1,0,1,0,0,1,0,0,0,0,0,0,1,1,0,1,1,0,0.0,0,0,0,0,0,0,0,1,1,0,0,1,0,0,0,0,0,0,0,0,0,0,0
529340,Victoria 3,0,8.435983135990694,49.99,1,14.99,0,14.99,0,0,0,0,0,14.220976332738882,0,0,0,2,0,20,0,0,0,0,0,0,0,0,0,0,0,1,0,0,0,0,0,0,0.700140028005601,0,0,1,0,1,0,0,0,0,0,0,0,0,0,1,0,0,0,1,0,0,0,0
245620,Tropico 5,1,4.584967478670572,19.99,1,6.99,0,6.99,0,0,0,0,0,14.220976332738882,0,0,1,3,1,20,0,1,1,0,0,0,0,0,1,0,1,0,0,0,1,0,0,0,0.6503251625812906,0,0,1,0,0,0,0,0,0,0,1,0,1,0,1,0,0,0,0,0,0,0,0
657200,Hand Simulator,1,3.044522437723423,2.99,1,2.99,0,2.99,0,0,0,0,0,14.220976332738882,0,0,0,1,1,20,0,0,1,0,0,1,1,0,1,0,0,0,0,0,0,0,0,0,0.0,0,0,0,0,0,0,0,1,0,0,1,1,0,0,0,1,0,0,0,0,0,0,1
209160,Call of Duty: Ghosts,0,4.672828834461906,39.99,1,15.99,0,15.99,0,0,0,0,0,14.220976332738882,0,0,1,1,0,20,0,0,0,0,0,1,0,0,0,0,0,1,0,0,0,1,0,0,0.6001500375093773,0,1,0,0,1,1,0,1,0,0,0,1,0,0,0,0,0,0,0,0,0,0,0
1388770,Cruelty Squad,1,3.9318256327243257,19.99,0,19.99,0,19.99,0,1,0,0,0,14.220976332738882,0,0,0,3,0,20,0,0,0,0,0,1,0,0,0,0,0,0,0,0,0,1,0,0,0.0,0,0,0,0,0,0,0,1,0,0,0,1,0,0,0,1,0,0,0,0,0,0,0
603850,Age of History II,1,6.2422232654551655,5.99,1,5.99,0,5.99,0,0,0,0,0,14.220976332738882,0,1,0,1,1,20,0,0,0,0,0,0,0,0,0,0,0,0,0,0,0,0,0,0,0.0,0,0,1,0,0,1,0,0,0,0,0,0,0,0,1,0,0,0,0,0,0,0,0
32430,STAR WARS - The Force Unleashed Ultimate Sith Edition,1,5.288267030694535,19.99,1,19.99,0,19.99,0,0,0,0,0,14.220976332738882,0,0,0,1,0,20,0,1,0,0,1,0,1,1,0,0,1,0,0,0,0,1,0,0,0.0,0,0,0,0,0,0,1,0,0,0,1,1,1,0,0,0,0,0,0,0,0,0,0
1113000,Persona 4 Golden,1,6.870053411798126,19.99,0,19.99,0,19.99,0,0,0,0,0,14.220976332738882,0,0,0,1,0,20,0,1,0,0,1,0,0,0,0,0,1,1,0,0,1,0,0,0,0.0,0,0,0,0,0,0,0,0,0,0,0,0,1,0,0,0,0,0,0,0,1,1,0
1016920,Unrailed!,1,5.209486152841421,19.99,1,2.99,0,2.99,0,1,0,0,0,14.220976332738882,0,1,1,3,0,20,1,0,1,0,0,0,0,0,0,0,0,1,1,0,0,1,0,0,0.8504252126063032,0,1,0,0,0,0,0,0,1,0,0,1,0,0,0,0,0,1,0,0,0,0,0
955050,Bright Memory,1,1.791759469228055,7.99,1,3.19,0,3.19,0,1,0,0,0,14.220976332738882,0,1,0,3,1,20,0,0,0,1,0,1,0,0,0,0,0,0,0,0,0,1,0,0,0.6007509386733417,0,0,0,0,0,0,0,1,0,0,0,1,1,0,0,0,0,0,0,1,0,1,0
1929610,Demonologist,1,5.58724865840025,19.99,1,19.99,0,19.99,0,1,0,0,0,14.220976332738882,0,1,1,3,0,20,0,0,0,0,0,0,0,0,0,0,0,0,0,0,0,1,0,0,0.0,0,1,0,0,0,0,0,0,0,0,0,1,0,0,0,1,0,0,0,1,0,0,1
2096610,Crysis 3 Remastered,1,4.0943445622221,29.99,0,29.99,0,29.99,0,0,0,0,0,14.220976332738882,0,0,0,1,0,20,0,0,0,0,1,1,0,0,0,0,0,0,0,0,0,1,0,0,0.0,0,0,1,0,0,1,0,1,0,0,0,1,0,0,0,0,0,0,0,0,0,1,0
1850570,DEATH STRANDING DIRECTOR'S CUT,1,7.380879035564116,39.99,1,39.99,0,39.99,0,0,0,0,0,14.220976332738882,0,0,0,2,1,20,0,1,0,0,1,0,0,0,0,0,0,1,0,0,0,1,0,0,0.0,0,0,0,0,0,0,0,0,0,0,1,1,1,0,0,0,0,0,0,1,0,0,1
446800,Transport Fever,1,4.5217885770490405,29.99,1,29.99,0,29.99,0,0,0,0,0,14.220976332738882,0,0,0,1,1,20,0,0,0,0,0,0,0,0,0,0,0,0,0,0,0,0,0,0,0.0,0,0,1,0,0,0,0,0,0,1,0,0,1,0,0,0,0,0,1,0,0,0,0
209170,Call of Duty: Ghosts,0,3.4965075614664802,39.99,1,15.99,0,15.99,0,0,0,0,0,14.220976332738882,0,0,1,1,0,20,0,0,0,0,0,1,0,0,0,0,0,1,0,0,0,1,0,0,0.6001500375093773,0,1,0,0,1,1,0,1,0,0,0,1,0,0,0,0,0,0,0,0,0,0,0
250400,How to Survive,1,2.3978952727983707,14.99,1,14.99,0,14.99,0,0,0,0,0,14.220976332738882,0,1,1,3,1,20,0,0,0,0,0,0,0,0,1,0,1,1,1,0,1,1,0,0,0.0,1,1,0,0,0,0,0,0,0,0,0,1,1,0,0,0,0,0,0,1,0,0,0
1296830,暖雪 Warm Snow,1,6.248042874508429,17.99,0,12.59,1,12.59,0,1,0,0,0,14.220976332738882,0,1,0,4,0,20,0,0,0,0,1,0,0,0,0,0,1,0,0,0,1,1,0,1,0.3001667593107281,0,0,0,0,0,0,0,0,0,0,0,1,1,0,0,0,0,0,0,1,0,0,0
1211020,Wobbly Life,1,6.439350371100098,24.99,1,24.99,0,24.99,0,1,0,0,0,14.220976332738882,0,1,1,5,1,20,0,0,1,1,0,0,0,0,0,0,0,0,0,0,0,1,0,0,0.0,0,1,1,0,0,0,0,0,1,0,0,1,1,0,0,0,0,1,0,1,0,0,0
410320,EARTH DEFENSE FORCE 4.1 The Shadow of New Despair,1,4.276666119016055,19.99,1,19.99,0,19.99,0,0,0,0,0,14.220976332738882,0,0,1,1,0,20,0,0,1,0,0,0,1,0,1,0,0,0,0,0,0,1,0,0,0.0,0,1,0,0,0,0,0,1,0,0,0,1,0,0,0,0,0,0,0,0,0,0,0
261110,Killer is Dead - Nightmare Edition,1,2.302585092994046,19.99,0,19.99,0,19.99,0,0,0,0,0,14.220976332738882,0,0,0,1,0,20,0,1,0,0,1,0,0,0,1,0,0,1,0,0,0,1,0,0,0.0,0,0,0,0,0,0,0,0,0,0,1,1,1,0,0,0,0,0,0,0,0,1,0
208580,STAR WARS Knights of the Old Republic II - The Sith Lords,1,6.313548046277095,9.99,0,9.99,0,9.99,0,0,0,0,0,14.220976332738882,0,0,0,1,0,20,0,1,0,0,1,0,0,1,0,0,1,0,0,0,1,0,0,1,0.0,0,0,0,0,0,0,0,0,0,0,1,1,1,1,0,0,0,0,1,0,0,0,0
775500,SCARLET NEXUS,1,4.07753744390572,59.99,0,59.99,0,59.99,0,0,0,0,0,14.220976332738882,0,0,0,3,1,20,0,0,0,0,0,0,0,0,0,0,1,1,0,0,1,1,0,1,0.0,0,0,0,0,0,0,0,0,0,0,0,1,1,0,0,0,0,0,0,1,0,0,0
447820,Day of Infamy,1,2.8903717578961645,14.99,1,14.99,0,14.99,0,1,0,0,0,14.220976332738882,0,1,1,3,1,20,0,0,0,0,0,1,0,0,0,0,0,0,0,0,0,1,0,0,0.0,0,1,0,0,1,1,0,1,0,1,0,1,0,0,1,0,0,0,0,0,0,1,0
1599600,PlateUp!,1,6.725033642166843,19.99,0,19.99,0,19.99,0,1,0,0,0,14.220976332738882,0,0,1,4,0,20,0,0,1,0,0,0,0,0,0,0,0,0,0,0,0,1,0,0,0.0,0,1,0,0,0,0,0,0,1,0,0,1,0,0,0,0,0,0,0,0,0,0,0
475550,Beholder,1,4.9344739331306915,13.99,0,13.99,1,13.99,0,1,0,0,0,14.220976332738882,0,1,0,3,0,20,0,1,0,0,1,0,0,0,0,0,1,0,0,0,0,0,0,0,0.0,0,0,0,0,0,0,0,0,0,0,1,0,1,1,0,0,1,0,0,1,0,1,0
257510,The Talos Principle,1,4.770684624465665,29.99,0,29.99,0,29.99,0,1,0,0,0,14.220976332738882,1,1,0,3,0,20,0,1,0,0,1,0,1,0,0,0,0,0,0,0,0,1,0,0,0.0,0,0,0,0,0,0,0,0,0,0,1,1,1,0,0,0,0,0,0,1,0,0,0
474960,Quantum Break,1,3.8501476017100584,39.99,0,39.99,0,39.99,0,0,0,0,0,14.220976332738882,0,0,0,1,1,20,0,1,0,0,1,0,0,0,0,0,0,1,0,0,0,1,0,0,0.0,0,0,0,0,0,0,0,1,0,0,1,1,1,1,0,0,0,0,0,0,0,0,0
237110,Mortal Kombat Komplete Edition,1,3.6375861597263857,0.0,1,0.0,1,0.0,0,0,0,0,1,14.220976332738882,0,0,1,1,0,20,0,0,0,0,0,0,0,1,0,0,0,1,0,0,0,1,0,0,0.0,0,0,0,0,0,0,0,0,0,0,0,1,0,0,0,0,0,0,0,0,0,1,0
444640,Bloons TD Battles,1,5.375278407684165,0.0,1,0.0,1,0.0,1,0,0,1,1,14.220976332738882,0,1,1,3,0,20,0,0,1,0,0,0,1,0,0,0,0,0,0,1,0,1,1,0,0.0,0,0,1,0,0,0,0,0,0,0,0,1,1,0,0,0,0,1,0,0,0,0,0
843380,Super Animal Royale,1,5.8998973535824915,0.0,1,0.0,0,0.0,1,1,1,1,1,14.220976332738882,0,1,1,6,0,20,0,0,1,0,0,0,0,0,0,0,0,0,1,1,0,1,1,1,0.0,0,1,0,0,0,0,0,1,1,0,0,1,1,0,0,0,0,1,0,1,1,0,0
560130,Pillars of Eternity II: Deadfire,1,5.455321115357702,19.99,0,19.99,0,19.99,0,0,0,0,0,14.220976332738882,0,0,0,1,1,20,0,1,0,0,1,0,0,0,0,0,1,0,0,0,1,0,0,1,0.0,0,0,0,0,0,0,0,0,0,0,1,0,1,1,0,0,0,0,0,0,0,0,0
4760,Rome: Total War - Collection,1,6.315358001522335,0.0,1,0.0,0,0.0,0,0,0,0,1,14.220976332738882,0,0,0,1,0,20,0,1,0,0,0,0,0,1,0,0,0,1,0,0,0,0,0,0,0.0,0,0,0,0,0,1,0,0,0,0,1,1,0,0,1,0,0,0,1,0,0,0,0
568220,Lobotomy Corporation | Monster Management Simulation,1,7.329749689041512,24.99,0,24.99,1,24.99,0,1,0,0,0,14.220976332738882,0,1,0,2,0,20,0,1,0,0,1,0,1,0,0,0,0,0,0,0,0,0,0,0,0.0,0,0,0,0,0,0,0,0,0,0,1,0,0,0,0,1,0,0,0,0,0,0,1
257350,Baldur's Gate II: Enhanced Edition,1,5.634789603169249,19.99,1,19.99,0,19.99,0,0,0,0,0,14.220976332738882,0,0,0,2,1,20,0,0,0,0,1,0,0,0,0,0,1,0,0,0,1,0,0,1,0.0,0,1,0,0,0,0,0,0,0,0,1,0,1,1,0,0,0,0,0,1,0,0,0
202750,Alan Wake's American Nightmare,1,3.091042453358316,8.99,0,8.99,0,8.99,0,0,0,0,0,14.220976332738882,0,0,0,2,0,20,0,0,0,0,1,0,0,0,0,0,0,0,1,0,0,1,0,0,0.0,0,0,0,0,0,0,0,1,0,0,1,1,1,0,0,1,0,0,0,1,0,0,1
34870,Sniper: Ghost Warrior 2,1,3.258096538021482,9.99,1,9.99,0,9.99,0,0,0,0,0,14.220976332738882,0,0,1,1,1,20,0,0,0,0,0,1,1,0,0,0,0,0,0,0,0,1,0,0,0.0,0,1,0,0,1,0,0,1,0,0,1,1,1,0,0,0,0,0,0,0,0,0,0
224540,Ace of Spades: Battle Builder,0,0.0,0.0,1,0.0,0,0.0,1,1,0,0,1,14.220976332738882,0,1,1,2,1,20,0,0,1,0,0,1,0,0,0,0,0,0,0,0,0,1,1,0,0.0,0,0,1,0,0,0,0,1,0,0,0,1,1,0,0,0,0,0,0,0,0,0,0
699130,World War Z,1,7.416979621381154,29.99,1,29.99,0,29.99,0,0,0,0,0,14.220976332738882,0,0,1,1,0,20,0,0,0,0,0,1,0,0,0,0,0,0,0,0,0,1,0,1,0.0,0,1,0,0,0,0,0,1,0,0,0,1,0,0,0,0,0,0,0,0,0,1,1
816020,JUMP FORCE,1,2.5649493574615367,0.0,1,0.0,0,0.0,1,0,0,0,1,14.220976332738882,0,0,1,1,1,20,0,1,0,0,1,0,0,0,0,0,1,1,0,0,0,1,0,1,0.0,0,0,0,0,0,0,0,0,0,0,0,1,0,0,0,0,0,0,0,0,0,1,0
462780,Darksiders Warmastered Edition,1,4.477336814478207,19.99,0,19.99,0,19.99,0,0,0,0,0,14.220976332738882,1,0,0,3,1,20,0,0,0,0,1,0,1,0,0,0,1,1,0,0,1,1,0,0,0.0,0,0,0,0,0,0,0,0,0,0,0,1,1,0,0,0,0,0,0,1,0,1,0
681660,Bless Online,0,0.0,0.0,1,0.0,0,0.0,1,0,1,1,1,14.220976332738882,0,0,0,5,1,20,0,0,0,1,0,0,0,0,0,1,1,0,0,1,1,1,1,1,0.0,1,0,0,0,0,0,0,0,0,0,0,1,1,0,0,0,0,0,0,1,0,1,0
448510,Overcooked,1,4.127134385045092,16.99,1,3.39,0,3.39,0,1,0,0,0,14.220976332738882,0,1,1,4,0,20,0,1,1,0,0,0,1,0,0,0,0,0,0,0,0,1,0,0,0.8004708652148322,0,0,0,0,0,0,0,0,1,0,0,1,1,0,0,0,0,1,0,0,1,0,0
1307550,Craftopia,1,4.787491742782046,24.99,1,14.99,0,14.99,0,1,0,0,0,14.220976332738882,0,1,1,5,1,20,0,0,0,1,0,0,0,0,0,0,1,0,1,0,1,1,0,1,0.4001600640256102,1,1,1,1,0,0,0,0,0,0,0,1,1,0,0,0,0,0,0,1,0,0,0
1129580,Medieval Dynasty,1,7.220373836723949,34.99,1,17.49,0,17.49,0,1,0,0,0,14.220976332738882,0,0,1,5,1,20,0,0,0,0,0,0,0,0,0,0,1,0,1,0,1,1,0,0,0.5001428979708489,1,0,1,0,0,0,0,0,0,1,1,0,1,0,1,0,0,0,0,1,0,0,0
460920,Steep,1,4.859812404361672,29.99,1,29.99,0,29.99,0,0,0,0,0,14.220976332738882,0,0,1,2,1,20,0,1,0,0,0,0,0,0,0,0,0,1,0,0,0,1,0,0,0.0,0,0,1,0,0,0,0,0,0,1,1,1,1,0,0,0,0,0,0,0,0,0,0
278080,DYNASTY WARRIORS 8: Xtreme Legends Complete Edition,1,5.493061443340548,49.99,1,49.99,0,49.99,0,0,0,0,0,14.220976332738882,0,0,1,1,0,20,0,1,0,0,0,0,0,0,0,0,1,1,0,0,0,1,0,0,0.0,0,0,0,0,0,0,0,0,0,0,0,1,1,0,1,0,0,0,0,0,0,0,0
996580,Spyro Reignited Trilogy,1,5.863631175598097,39.99,0,13.99,0,13.99,0,0,0,0,0,14.220976332738882,0,0,0,2,0,20,0,1,1,0,0,0,0,1,0,0,0,1,0,0,0,1,0,0,0.6501625406351588,0,0,0,0,0,0,1,0,0,0,1,1,1,0,0,0,0,1,0,1,1,0,0
108800,Crysis 2 - Maximum Edition,1,3.332204510175204,29.99,1,29.99,0,29.99,0,0,0,0,0,14.220976332738882,0,0,0,1,1,20,0,1,0,0,1,1,0,0,0,0,1,1,1,0,0,1,0,0,0.0,0,0,0,0,0,0,0,1,0,0,1,1,1,0,0,0,0,0,0,0,0,0,0
673950,Farm Together,1,5.7430031878094825,19.99,1,9.99,0,9.99,0,1,0,0,0,14.220976332738882,0,0,1,3,0,20,0,0,0,0,0,0,0,0,0,0,0,0,0,0,0,0,0,1,0.5002501250625312,0,1,1,0,0,0,0,0,1,0,0,0,0,0,0,0,0,0,0,0,0,0,0
1094520,Sands of Salzaar,1,4.51085950651685,14.99,1,14.99,0,14.99,0,1,0,0,0,14.220976332738882,0,1,0,4,1,20,0,0,0,1,1,0,0,0,0,0,1,0,0,0,1,0,0,1,0.0,0,0,1,0,0,1,0,0,0,0,0,1,1,0,0,0,0,0,1,1,0,0,0
747660,Five Nights at Freddy's: Security Breach,1,5.2832037287379885,39.99,0,39.99,0,39.99,0,1,0,0,0,14.220976332738882,0,1,0,3,0,20,0,0,0,0,1,0,0,0,0,0,0,0,0,0,0,1,0,0,0.0,0,0,0,0,0,0,0,0,0,0,1,1,1,0,0,0,0,1,0,1,1,0,1
6910,Deus Ex: Game of the Year Edition,1,3.8918202981106265,6.99,0,6.99,0,6.99,0,0,0,0,0,14.220976332738882,0,0,0,1,0,20,0,1,0,0,1,1,0,1,0,0,1,0,0,0,0,1,0,0,0.0,0,0,0,0,0,0,0,1,0,0,1,1,0,0,0,0,0,0,1,0,0,0,0
239350,Spelunky,1,4.110873864173311,14.99,0,14.99,1,14.99,0,1,0,0,0,14.220976332738882,0,1,1,1,0,20,0,1,0,0,0,0,1,0,0,0,0,0,0,0,0,0,0,0,0.0,0,0,0,0,0,0,1,0,0,0,0,1,1,0,0,0,0,0,0,0,0,0,0
215280,Secret World Legends,0,3.5553480614894135,0.0,1,0.0,0,0.0,1,0,1,0,1,14.220976332738882,1,0,0,5,1,20,0,0,0,0,1,0,0,0,0,1,1,0,0,1,1,1,1,1,0.0,0,0,0,0,0,0,0,0,0,0,0,1,1,0,0,0,0,0,0,1,0,0,1
360430,Mafia III: Definitive Edition,0,6.76849321164863,29.99,1,29.99,0,29.99,0,0,0,0,0,14.220976332738882,0,0,0,2,1,20,0,1,0,0,1,1,0,1,0,0,0,0,0,0,0,1,0,0,0.0,0,0,1,0,0,0,0,1,0,0,1,1,1,0,0,0,0,0,0,1,0,1,0
673130,AMID EVIL,1,2.302585092994046,19.99,0,19.99,0,19.99,0,1,0,0,0,14.220976332738882,0,0,0,3,0,20,0,0,0,0,0,1,0,0,0,0,0,0,0,0,0,1,0,0,0.0,0,0,0,0,0,0,0,1,0,0,1,1,1,0,0,0,0,0,0,1,1,0,0
2552430,KINGDOM HEARTS -HD 1.5+2.5 ReMIX-,1,6.787844982309579,49.99,0,49.99,0,49.99,0,0,0,0,0,14.220976332738882,0,0,0,3,0,20,0,1,0,0,1,0,0,1,0,0,1,1,0,0,1,1,0,0,0.0,0,0,0,0,0,0,0,0,0,0,1,1,1,0,0,0,0,0,0,1,1,0,0
323850,Move or Die,1,3.091042453358316,14.99,1,14.99,1,14.99,0,1,0,0,0,14.220976332738882,0,1,1,2,0,20,0,1,1,0,0,0,0,0,0,0,0,0,0,0,0,1,0,0,0.0,0,1,0,0,0,0,1,0,0,0,0,1,0,0,0,0,0,0,0,0,0,0,0
1030840,Mafia: Definitive Edition,1,6.532334292222349,39.99,1,39.99,0,39.99,0,0,0,0,0,14.220976332738882,0,0,0,2,1,20,0,1,0,0,1,0,0,1,0,0,0,1,0,0,0,1,0,0,0.0,0,0,0,0,0,0,0,1,0,0,1,1,1,0,0,0,0,0,0,1,0,1,0
823500,BONEWORKS,1,3.6635616461296463,29.99,0,29.99,0,29.99,0,1,0,0,0,14.220976332738882,1,1,0,4,0,20,0,1,1,0,0,1,0,0,0,0,0,0,0,0,0,1,0,0,0.0,0,0,1,0,0,0,0,1,0,1,0,1,1,0,0,0,0,0,0,1,0,1,1
841370,NBA 2K19,0,4.867534450455582,0.0,1,0.0,0,0.0,1,0,0,0,1,14.220976332738882,0,0,1,2,1,20,0,1,1,0,0,1,0,0,0,0,0,1,0,0,0,0,0,0,0.0,0,0,0,0,0,0,0,0,0,1,1,0,0,0,0,0,0,0,0,0,0,1,0
204340,Serious Sam II,1,4.127134385045092,9.99,1,0.99,0,0.99,0,1,0,0,0,14.220976332738882,0,1,1,2,0,20,0,1,1,0,0,1,1,1,1,0,0,1,0,0,0,1,0,0,0.9009009009009009,0,1,0,0,0,0,0,1,0,0,1,1,1,0,0,0,0,0,0,0,1,0,0
794260,Outward Definitive Edition,1,6.152732694704104,39.99,1,39.99,0,39.99,0,0,0,0,0,14.220976332738882,0,0,1,1,1,20,0,0,0,0,0,0,1,0,0,0,1,0,1,0,1,0,0,0,0.0,0,1,0,0,0,0,0,0,0,1,1,0,1,0,0,0,0,0,1,0,0,1,0
2680010,The First Berserker: Khazan,1,7.134093721192866,59.99,0,59.99,0,59.99,0,0,0,0,0,14.220976332738882,0,0,0,3,0,20,0,0,0,0,0,0,1,0,0,0,1,0,0,0,1,1,0,0,0.0,0,0,0,0,0,0,0,0,0,0,1,1,1,0,0,0,0,0,0,1,0,0,0
299460,Woodle Tree Adventures,0,1.3862943611198906,3.99,1,0.75,0,0.75,0,1,0,0,0,14.220976332738882,0,1,0,3,0,13,0,0,0,0,0,0,0,0,0,0,0,0,0,0,0,1,0,0,0.8120300751879699,0,0,0,0,0,0,1,0,0,0,0,1,1,0,0,0,0,1,0,1,1,0,0
265550,Dead Rising 3 Apocalypse Edition,1,4.919980925828125,29.99,1,5.99,0,5.99,0,0,0,0,0,14.220976332738882,0,0,1,1,1,20,0,0,1,0,0,0,0,0,1,0,1,1,1,0,0,1,0,0,0.8002667555851951,1,1,1,0,0,0,0,0,0,0,1,1,1,0,0,0,0,0,0,0,0,0,1
246900,Viscera Cleanup Detail,1,4.948759890378168,12.99,1,12.99,0,12.99,0,1,0,0,0,14.220976332738882,0,1,1,2,0,20,0,0,1,0,0,0,0,0,1,0,0,0,0,0,0,0,0,0,0.0,0,0,1,0,0,0,0,0,0,0,0,0,1,0,0,0,0,0,0,0,0,0,1
450390,The Lab,1,2.9444389791664403,0.0,1,0.0,0,0.0,0,0,0,0,1,14.220976332738882,1,0,0,1,0,20,0,0,1,0,0,1,0,0,0,0,0,1,0,1,0,0,1,0,0.0,0,0,1,0,0,0,0,1,0,0,1,1,1,0,0,0,0,1,0,0,0,0,0
920210,LEGO Star Wars: The Skywalker Saga,1,6.579251212010101,49.99,1,49.99,0,49.99,0,0,0,0,0,14.220976332738882,1,0,1,2,1,20,0,1,1,0,1,0,0,0,0,0,0,0,0,0,0,1,0,0,0.0,0,0,0,0,0,0,0,0,0,0,0,1,1,0,0,0,0,1,0,1,0,0,0
17480,Command & Conquer: Red Alert 3,1,5.8944028342648505,19.88,1,19.88,0,19.88,0,0,0,0,0,14.220976332738882,0,0,1,2,0,20,0,1,0,0,0,0,0,1,1,0,0,1,0,0,0,1,0,0,0.0,0,1,0,0,0,1,0,0,0,0,1,1,0,0,0,0,0,1,0,0,0,0,0
249130,LEGO Marvel Super Heroes,1,5.700443573390687,19.99,1,19.99,0,19.99,0,0,0,0,0,14.220976332738882,1,0,1,2,1,20,0,0,1,0,0,0,0,0,1,0,0,1,0,0,0,1,0,0,0.0,0,0,1,0,0,0,1,0,0,0,0,1,1,0,0,0,0,1,0,1,0,0,0
1017180,The Long Drive,1,5.934894195619588,15.99,1,15.99,0,15.99,0,1,0,0,0,14.220976332738882,0,1,0,6,1,20,0,0,0,1,0,0,0,0,0,0,0,0,1,0,0,1,0,0,0.0,0,0,0,1,0,0,0,1,1,1,0,0,1,0,0,1,0,0,0,1,0,0,1
26800,Braid,1,1.791759469228055,14.99,0,14.99,1,14.99,0,1,0,0,0,14.220976332738882,1,1,0,3,0,20,0,1,0,0,1,0,1,1,0,0,0,0,0,0,0,0,0,0,0.0,0,0,0,0,0,0,1,0,1,0,1,0,1,0,0,0,0,0,0,0,0,0,0
640590,The LEGO NINJAGO Movie Video Game,1,3.367295829986474,19.99,1,19.99,0,19.99,0,0,0,0,0,14.220976332738882,0,0,1,1,1,20,0,0,1,0,1,0,0,0,1,0,0,1,0,0,0,1,0,0,0.0,0,1,0,0,0,0,1,0,0,0,0,1,1,0,0,0,0,1,0,0,0,0,0
1515210,The Past Within,1,3.9512437185814275,5.99,1,5.99,1,5.99,0,1,0,0,0,14.220976332738882,1,1,1,2,0,20,0,0,0,0,1,0,0,0,0,0,0,0,0,0,0,0,0,0,0.0,0,1,0,0,0,0,0,0,0,0,1,0,1,0,0,1,1,0,0,1,0,0,1
1147550,Not For Broadcast,1,3.5263605246161616,24.99,0,24.99,0,24.99,0,1,0,0,0,14.220976332738882,0,1,0,3,0,20,0,0,0,0,1,0,0,0,0,0,0,1,0,0,0,0,0,0,0.0,0,0,0,0,0,0,0,0,0,0,1,0,1,1,0,0,1,0,0,1,0,0,0
434650,Lost Castle / 失落城堡,1,4.74493212836325,9.99,1,9.99,1,9.99,0,1,0,1,0,14.220976332738882,0,0,0,4,0,20,0,0,0,0,0,0,1,0,0,0,1,0,0,0,1,1,0,0,0.0,0,0,0,0,0,0,0,0,0,0,0,0,0,0,0,0,0,0,0,1,1,0,0
1774580,STAR WARS Jedi: Survivor,0,7.763871287820222,69.99,1,69.99,0,69.99,0,0,0,0,0,14.220976332738882,0,0,0,2,1,20,0,1,0,0,1,0,1,0,0,0,1,1,0,0,0,1,0,1,0.0,0,0,0,0,0,0,0,0,0,0,1,1,1,0,0,0,0,0,0,1,0,0,0
431730,Aseprite,1,8.421122722665503,19.99,0,19.99,1,19.99,0,0,0,0,0,14.220976332738882,0,1,0,3,0,12,1,0,0,0,0,0,0,0,0,0,0,0,0,0,0,0,0,0,0.0,0,0,0,0,0,0,0,0,0,0,0,0,0,0,0,0,0,0,0,0,0,0,0
780310,The Riftbreaker,1,5.44673737166631,29.99,0,8.99,0,8.99,0,1,0,0,0,14.220976332738882,0,0,0,6,0,20,0,0,0,0,0,0,0,0,0,0,1,0,1,0,1,1,0,0,0.7002334111370457,1,0,1,0,0,0,0,0,0,0,1,1,1,0,0,0,0,0,0,1,0,0,0
261030,The Walking Dead: Season Two,1,5.298317366548036,14.99,0,14.99,0,14.99,0,0,0,0,0,14.220976332738882,0,0,0,1,0,20,0,0,0,0,1,0,0,0,0,0,0,0,1,0,0,0,0,0,0.0,0,0,0,0,0,0,0,0,0,0,1,1,1,1,0,0,1,0,0,1,0,0,1
1328670,Mass Effect Legendary Edition,1,7.791935956938058,59.99,0,59.99,0,59.99,0,0,0,0,0,14.220976332738882,0,0,0,2,0,20,0,1,0,0,1,0,0,1,0,0,1,1,0,0,1,1,0,1,0.0,0,0,0,0,1,0,0,1,0,0,1,1,0,1,0,0,0,0,0,0,0,0,0
226840,Age of Wonders III,1,5.099866427824199,29.99,1,29.99,0,29.99,0,0,0,0,0,14.220976332738882,0,0,1,2,0,20,0,1,0,0,0,0,0,1,0,0,1,1,0,0,1,0,0,0,0.0,0,0,0,0,0,0,0,0,0,0,1,1,1,0,0,0,0,0,1,0,0,0,0
374040,Portal Knights,1,4.343805421853684,19.99,1,19.99,0,19.99,0,0,0,0,0,14.220976332738882,0,0,1,3,0,20,0,1,0,1,0,0,0,0,0,0,1,1,1,0,1,1,0,0,0.0,1,0,1,0,0,0,0,0,0,0,0,1,1,0,0,0,0,0,0,1,0,0,0
668580,Atomic Heart,1,6.1463292576688975,59.99,0,11.99,0,11.99,0,0,0,0,0,14.220976332738882,1,0,0,3,1,20,0,0,0,0,0,1,0,0,0,0,1,0,0,0,1,1,0,0,0.8001333555592598,0,0,0,0,0,0,0,1,0,0,1,1,0,0,0,0,0,0,0,1,0,0,1
1044720,Farthest Frontier,1,6.903747257584598,34.99,0,20.99,0,20.99,0,1,0,0,0,14.220976332738882,0,0,0,3,0,20,0,0,0,1,0,0,0,0,0,0,0,0,1,0,0,0,0,0,0.40011431837667916,0,0,0,0,0,1,0,0,0,0,0,0,0,0,1,0,0,0,0,0,0,0,0
544750,SOULCALIBUR VI,1,4.787491742782046,59.99,1,5.99,0,5.99,0,0,0,0,0,14.220976332738882,0,0,0,1,0,20,0,1,0,0,1,0,0,0,0,0,0,1,0,0,0,1,0,1,0.9001500250041673,0,0,0,0,0,0,0,0,0,0,0,1,0,0,0,0,0,0,0,0,0,0,0
972660,Spiritfarer: Farewell Edition,1,6.555356891810665,29.99,0,29.99,0,29.99,0,1,0,0,0,14.220976332738882,0,1,1,3,0,20,0,0,1,0,1,0,0,0,0,0,0,0,0,0,0,0,0,0,0.0,1,0,0,0,0,0,1,0,0,0,1,0,1,0,0,0,0,0,0,1,0,0,0
1150690,OMORI,1,6.2285110035911835,19.99,0,19.99,1,19.99,0,1,0,0,0,14.220976332738882,0,1,0,3,0,20,1,1,0,0,1,0,0,0,0,0,1,0,0,0,1,0,0,0,0.0,0,0,0,0,0,0,0,0,0,0,1,0,0,0,0,1,0,0,0,1,1,0,1
9450,"Warhammer 40,000: Dawn of War - Soulstorm",1,6.513230110912307,0.0,1,0.0,0,0.0,0,0,0,0,1,14.220976332738882,0,0,1,1,0,20,0,1,0,0,0,0,0,1,0,0,0,1,0,0,0,0,0,0,0.0,0,0,0,0,0,0,0,0,0,0,1,1,1,0,0,0,0,0,1,0,0,0,0
1301720,Escape Room - Der kranke Kollege,1,4.1588830833596715,0.0,1,0.0,0,0.0,0,0,0,0,1,14.220976332738882,1,0,0,3,0,20,0,0,0,0,0,0,0,0,0,0,0,0,0,1,0,0,1,0,0.0,0,0,0,0,0,0,0,0,1,1,1,0,1,0,0,1,0,0,0,1,0,0,1
921060,Modern Combat 5,0,0.6931471805599453,0.0,1,0.0,0,0.0,1,0,1,0,1,14.220976332738882,0,0,1,3,0,18,0,0,0,0,1,1,0,0,0,0,0,0,0,1,0,1,1,0,0.0,0,1,0,0,0,0,0,1,0,0,0,1,1,0,0,0,0,0,0,0,0,1,0
70000,Dino D-Day,1,1.3862943611198906,9.99,1,0.99,0,0.99,0,1,0,1,0,14.220976332738882,0,1,1,2,1,20,0,0,1,0,0,1,0,0,1,0,0,0,1,0,0,1,0,0,0.9009009009009009,0,0,0,0,0,1,0,1,0,0,0,1,0,0,1,0,0,0,0,0,0,0,0
274520,Darkwood,1,4.465908118654584,19.99,0,19.99,0,19.99,0,0,0,0,0,14.220976332738882,0,1,0,4,1,20,0,0,0,0,0,0,0,0,0,0,1,0,1,0,1,1,0,0,0.0,1,0,0,0,0,0,0,0,0,0,1,1,1,0,0,1,0,0,0,1,0,0,1
239200,Amnesia: A Machine for Pigs,0,2.3978952727983707,19.99,0,19.99,0,19.99,0,1,0,0,0,14.220976332738882,1,1,0,3,0,20,0,0,0,0,1,0,0,0,0,0,0,0,0,0,0,1,0,0,0.0,0,0,0,0,0,0,0,0,0,0,1,1,1,0,0,1,0,0,0,1,0,0,1
257420,Serious Sam 4,1,4.983606621708336,39.99,1,7.99,0,7.99,0,1,0,0,0,14.220976332738882,0,1,1,3,1,20,0,1,0,0,0,1,1,1,1,0,0,1,0,0,0,1,0,0,0.800200050012503,0,0,0,0,0,0,0,1,0,0,0,1,1,0,0,0,0,0,0,1,0,1,0
1335200,Action Taimanin,1,6.901737206656574,0.0,1,0.0,0,0.0,0,0,0,0,1,14.220976332738882,0,0,0,4,0,20,0,0,0,0,0,1,0,0,0,0,1,0,0,1,1,1,1,0,0.0,0,0,0,0,0,0,0,0,0,0,0,1,1,0,0,0,0,0,0,1,0,0,0
1888930,The Last of Us Part I,1,8.329658067569396,59.99,0,59.99,0,59.99,0,0,0,0,0,14.220976332738882,0,0,0,2,0,20,0,0,0,0,1,0,0,0,0,0,0,1,1,0,0,1,0,0,0.0,0,0,0,0,0,0,0,1,0,0,1,1,1,0,0,0,0,0,0,1,0,0,1
654880,Dream Daddy: A Dad Dating Simulator,1,3.091042453358316,14.99,0,14.99,0,14.99,0,1,0,0,0,14.220976332738882,0,1,0,3,0,20,0,0,1,0,1,0,0,0,1,0,0,0,0,0,0,0,0,1,0.0,0,0,0,0,0,0,0,0,1,0,0,0,0,1,0,0,0,0,0,0,0,0,0
625960,Stoneshard,1,6.61338421837956,24.99,0,24.99,1,24.99,0,1,0,0,0,14.220976332738882,0,1,0,5,1,20,1,0,0,1,0,0,1,0,0,0,1,0,1,0,1,0,0,0,0.0,0,0,1,1,0,0,0,0,0,0,0,0,0,0,0,0,0,0,0,1,0,0,0
1509960,PICO PARK,1,4.8283137373023015,4.99,1,4.99,1,4.99,0,1,0,0,0,14.220976332738882,1,1,1,3,0,20,1,0,1,0,0,0,1,0,0,0,0,0,0,0,0,1,0,0,0.0,0,1,0,0,0,0,1,0,1,0,0,1,0,0,0,0,0,0,0,0,0,0,1
1544020,The Callisto Protocol,0,3.8501476017100584,59.99,0,59.99,0,59.99,0,0,0,0,0,14.220976332738882,0,0,0,2,0,20,0,0,0,0,1,0,0,0,0,0,0,0,0,0,0,1,0,0,0.0,0,0,0,0,0,0,0,1,0,1,0,1,1,0,0,0,0,0,0,1,0,0,1
1447430,小黑盒加速器,1,8.110427237575024,0.0,0,0.0,0,0.0,0,0,0,0,1,14.220976332738882,0,0,0,3,0,5,0,0,0,0,0,0,0,0,0,0,0,0,0,0,0,0,0,0,0.0,0,0,0,0,0,0,0,0,0,0,0,0,0,0,0,0,0,0,0,0,0,0,0
104900,ORION: Prelude,1,1.3862943611198906,0.99,1,0.99,0,0.99,0,1,0,1,0,14.220976332738882,0,1,1,4,1,20,0,0,0,0,0,1,0,0,0,0,0,0,0,0,1,1,0,0,0.0,0,1,0,0,0,0,0,1,0,0,0,1,1,0,0,0,0,0,0,1,0,0,0
1201240,BLEACH Brave Souls,1,7.2078598714324755,0.0,1,0.0,0,0.0,0,0,0,1,1,14.220976332738882,0,0,1,4,1,20,0,1,0,0,1,0,0,0,0,1,1,0,0,1,1,1,1,0,0.0,0,1,0,0,0,0,0,0,1,0,0,1,0,0,0,0,0,0,0,0,0,0,0
1686940,Bopl Battle,1,6.175867270105761,9.99,1,9.99,1,9.99,0,0,0,1,0,14.220976332738882,0,0,1,1,0,20,0,0,1,0,0,0,0,0,1,0,0,0,0,0,0,1,0,0,0.0,0,1,0,0,0,0,0,0,0,0,0,1,0,0,0,0,0,0,0,0,1,0,0
859570,Secret Neighbor: Hello Neighbor Multiplayer,1,4.5217885770490405,19.99,1,19.99,0,19.99,0,1,0,1,0,14.220976332738882,1,1,1,3,0,20,0,0,1,0,0,0,0,0,1,0,0,1,0,0,0,1,0,0,0.0,0,1,0,0,0,0,0,0,0,0,0,1,1,0,0,0,0,1,0,1,1,0,1
1846380,Need for Speed Unbound,0,6.428105272684596,69.99,1,69.99,0,69.99,0,0,0,0,0,14.220976332738882,0,0,0,2,1,20,0,0,0,0,0,0,0,0,0,0,0,1,0,0,0,1,0,1,0.0,0,1,0,0,0,0,0,0,0,0,1,1,1,0,0,0,0,0,0,0,0,0,0
313120,Stranded Deep,1,5.54907608489522,19.99,1,19.99,0,19.99,0,1,0,0,0,14.220976332738882,0,1,1,2,1,20,0,0,0,1,0,0,0,0,0,0,0,0,1,0,0,0,0,0,0.0,1,0,1,0,0,0,0,0,0,1,1,1,1,0,0,0,0,0,0,1,0,0,0
1435790,Escape Simulator,1,6.51471269087253,19.99,1,19.99,0,19.99,0,1,0,0,0,14.220976332738882,1,1,1,4,0,20,0,0,0,0,1,0,0,0,0,0,0,0,0,0,0,0,0,0,0.0,0,1,0,0,0,0,0,0,1,0,0,0,1,0,0,0,1,1,0,1,0,0,0
1062090,Timberborn,1,8.264878262801748,34.99,0,24.49,0,24.49,0,1,0,0,0,14.220976332738882,0,0,0,3,0,20,0,0,0,1,0,0,0,0,0,0,0,0,1,0,0,0,0,0,0.3000857387825094,0,0,1,0,0,0,0,0,0,0,0,0,0,0,0,0,0,0,0,0,0,0,0
21100,F.E.A.R. 3,1,3.6109179126442243,19.99,1,19.99,0,19.99,0,0,0,0,0,14.220976332738882,0,0,1,1,0,20,0,0,0,0,1,1,0,0,0,0,0,1,0,0,0,1,0,0,0.0,0,1,0,0,0,0,0,1,0,0,1,1,1,0,0,0,0,0,0,0,0,0,1
1259970,eFootball PES 2021 SEASON UPDATE,1,6.897704943128636,0.0,1,0.0,0,0.0,0,0,0,0,1,14.220976332738882,0,0,1,1,0,19,0,0,0,0,0,0,0,0,0,0,0,0,0,0,0,0,1,0,0.0,0,1,0,0,0,0,0,0,0,1,0,0,0,0,0,1,0,0,0,0,0,0,1
2096600,Crysis 2 Remastered,1,4.382026634673881,29.99,1,29.99,0,29.99,0,0,0,0,0,14.220976332738882,0,0,0,1,0,20,0,0,0,0,1,1,0,0,0,0,0,0,0,0,0,1,0,0,0.0,0,0,1,0,0,0,0,1,0,0,0,1,0,0,0,0,0,0,0,0,0,1,0
400040,ShareX,1,7.9294865233142895,0.0,0,0.0,0,0.0,0,0,0,0,1,14.220976332738882,0,0,0,7,0,9,0,0,0,0,0,0,0,0,0,0,0,0,0,1,0,0,1,0,0.0,0,0,0,0,0,0,0,0,0,0,0,0,0,0,0,0,0,0,0,0,0,0,0
512900,Streets of Rogue,1,5.762051382780177,19.99,1,19.99,1,19.99,0,1,0,0,0,14.220976332738882,0,1,1,4,0,20,1,1,1,0,0,0,0,0,0,0,1,1,0,0,1,1,0,0,0.0,0,1,0,0,0,0,0,0,0,0,0,1,1,0,0,0,0,0,0,1,0,1,0
383080,Sakura Clicker,1,4.07753744390572,0.0,0,0.0,1,0.0,0,1,0,0,1,14.220976332738882,0,1,0,3,0,20,0,0,1,0,0,0,0,0,0,0,1,0,0,1,0,0,1,0,0.0,0,0,0,0,0,0,0,0,1,0,0,0,1,0,0,0,0,0,0,0,0,0,0
573090,Stormworks: Build and Rescue,1,7.305860032684009,24.99,0,24.99,0,24.99,0,0,0,1,0,14.220976332738882,0,0,0,1,1,20,0,0,0,0,0,0,0,0,0,0,0,0,1,0,0,0,0,1,0.0,0,0,1,0,0,0,0,0,0,0,0,0,0,0,0,0,0,0,0,0,0,0,0
20510,S.T.A.L.K.E.R.: Clear Sky,1,4.68213122712422,19.99,1,19.99,0,19.99,0,0,0,0,0,14.220976332738882,0,0,0,2,1,20,0,0,0,0,0,1,0,1,0,0,1,0,1,0,1,1,0,0,0.0,0,0,1,0,0,0,0,1,0,0,1,1,1,0,0,0,0,0,1,0,0,0,1
1268750,Starship Troopers: Extermination,1,5.648974238161206,29.99,1,29.99,0,29.99,0,1,0,0,0,14.220976332738882,0,0,1,2,0,20,0,0,0,1,0,1,0,0,0,0,0,0,0,0,0,1,0,0,0.0,0,1,0,0,0,0,0,1,0,1,0,1,0,0,0,0,0,0,0,0,0,0,0
774861,Project Winter,1,2.833213344056216,9.99,1,9.99,0,9.99,0,1,0,1,0,14.220976332738882,0,0,0,5,0,20,0,0,1,0,0,0,0,0,0,0,0,0,1,0,0,1,0,0,0.0,1,0,0,0,0,0,0,0,1,0,1,1,1,0,0,0,0,0,0,1,1,0,0
1169040,Necesse,1,6.230481447578482,14.99,1,14.99,1,14.99,0,1,0,0,0,14.220976332738882,0,1,1,4,1,20,1,0,0,1,0,0,0,0,0,0,1,0,1,0,1,1,0,0,0.0,1,1,1,0,0,0,0,0,0,0,1,1,1,0,0,0,0,0,0,1,0,0,0
1501750,Lords of the Fallen,0,6.71901315438526,29.99,1,29.99,0,29.99,0,0,0,0,0,14.220976332738882,0,0,0,3,1,20,0,0,0,0,1,0,0,0,0,0,1,0,0,0,1,1,0,1,0.0,0,1,0,0,0,0,0,0,0,0,0,1,1,0,0,0,0,0,0,1,0,0,0
969990,SpongeBob SquarePants: Battle for Bikini Bottom - Rehydrated,1,3.970291913552122,29.99,1,29.99,0,29.99,0,0,0,0,0,14.220976332738882,0,0,1,3,1,20,0,1,1,0,1,0,0,1,1,0,0,1,0,0,0,1,0,0,0.0,0,0,0,0,0,0,0,0,1,0,0,1,1,0,0,0,0,1,0,1,1,0,0
516750,My Summer Car,1,6.951772164398911,14.99,1,14.99,0,14.99,0,1,0,0,0,14.220976332738882,0,1,0,3,1,20,0,0,1,1,0,0,1,0,1,0,0,0,1,0,0,0,0,0,0.0,0,0,1,0,0,0,0,0,0,1,0,0,1,0,0,1,0,0,0,0,0,0,0
210970,The Witness,1,4.6443908991413725,39.99,0,39.99,0,39.99,0,1,0,0,0,14.220976332738882,1,1,0,2,1,20,0,1,0,0,1,0,1,0,0,0,0,0,0,0,0,0,0,0,0.0,0,0,0,0,0,0,0,0,0,0,1,0,1,0,0,0,0,0,0,1,1,0,0
361280,Turmoil,1,6.643789733147672,12.99,1,12.99,1,12.99,0,1,0,1,0,14.220976332738882,0,1,0,3,0,20,0,0,0,0,0,0,0,0,0,0,0,0,0,0,0,0,0,0,0.0,0,0,0,0,0,0,0,0,0,0,0,0,0,0,1,0,0,0,0,0,0,0,0
457330,High Octane Drift,0,1.6094379124341003,0.0,1,0.0,0,0.0,1,0,0,0,1,14.220976332738882,0,0,0,5,1,20,0,0,0,1,0,0,0,0,0,0,0,0,0,1,0,0,1,0,0.0,0,1,0,1,0,0,0,1,0,0,0,1,0,0,0,0,0,0,0,0,0,0,0
4580,"Warhammer 40,000: Dawn of War - Dark Crusade",1,5.4680601411351315,0.0,1,0.0,0,0.0,0,0,0,0,1,14.220976332738882,0,0,1,1,0,20,0,0,0,0,0,0,0,1,0,0,0,1,0,0,0,0,0,0,0.0,0,0,0,0,0,1,0,0,0,0,1,1,1,0,0,0,0,0,0,0,0,1,0
584400,Sonic Mania,1,4.3694478524670215,19.99,1,19.99,1,19.99,0,0,0,0,0,14.220976332738882,0,0,0,3,0,20,1,1,0,0,0,0,0,1,0,0,0,1,0,0,0,1,0,0,0.0,0,0,0,0,0,0,1,0,1,0,0,1,1,0,0,0,0,1,0,1,1,0,0
860510,Little Nightmares II,1,5.438079308923196,29.99,1,9.89,0,9.89,0,0,0,0,0,14.220976332738882,1,1,1,1,0,20,0,1,0,0,1,0,0,0,0,0,0,1,0,0,0,0,0,0,0.6702234078026008,0,0,0,0,0,0,1,0,0,0,1,1,1,0,0,1,0,0,0,1,0,1,1
2400,The Ship: Murder Party,1,1.3862943611198906,9.99,1,9.99,0,9.99,0,1,0,0,0,14.220976332738882,0,1,0,3,0,20,0,0,1,0,0,1,1,0,1,0,1,0,1,0,1,1,0,0,0.0,0,0,0,0,0,0,0,1,0,0,0,1,1,0,0,0,0,0,0,0,0,0,0
423230,Furi,1,2.772588722239781,19.99,0,19.99,0,19.99,0,1,0,0,0,14.220976332738882,0,1,0,2,0,20,0,1,0,0,1,0,1,0,0,0,0,0,0,0,0,1,0,0,0.0,0,0,0,0,0,0,0,0,0,0,1,1,0,0,0,0,0,0,0,0,0,1,0
682990,Drug Dealer Simulator,1,4.499809670330265,19.99,0,19.99,0,19.99,0,1,0,0,0,14.220976332738882,0,1,1,4,1,20,0,0,1,0,0,0,0,0,0,0,0,0,0,0,0,1,0,0,0.0,1,0,1,0,0,0,0,0,0,1,1,1,1,0,0,0,0,0,0,1,0,0,0
356670,Spooky's Jump Scare Mansion,1,2.1972245773362196,0.0,0,0.0,0,0.0,0,1,0,0,1,14.220976332738882,0,1,0,4,0,20,0,0,1,0,0,0,0,0,1,0,0,0,1,1,0,1,1,0,0.0,0,0,0,0,0,0,0,0,0,0,1,1,1,0,0,1,0,0,0,1,0,0,1
977400,Cell to Singularity - Evolution Never Ends,1,8.01862546504575,0.0,1,0.0,0,0.0,0,0,0,0,1,14.220976332738882,0,0,0,3,0,20,0,0,0,1,0,0,0,0,0,0,0,0,0,1,0,0,1,0,0.0,0,0,1,0,0,0,0,0,1,0,1,0,0,0,1,0,1,1,0,0,0,0,0
295110,Just Survive,0,0.6931471805599453,0.0,1,0.0,0,0.0,1,0,1,0,1,14.220976332738882,0,0,1,3,1,20,0,0,0,1,0,1,0,0,0,0,1,0,1,0,0,1,0,0,0.0,1,0,1,0,0,0,0,1,0,0,0,1,1,0,0,0,0,0,0,1,0,0,1
31280,Poker Night at the Inventory,1,2.6390573296152584,0.0,1,0.0,0,0.0,0,0,0,0,1,14.220976332738882,0,1,0,2,0,20,0,1,1,0,0,0,0,0,1,0,0,0,0,0,0,0,0,0,0.0,0,0,0,0,0,0,0,0,1,0,0,1,0,0,0,0,1,0,0,0,0,0,0
1940340,Darkest Dungeon II,1,6.961296045910167,39.99,0,39.99,1,39.99,0,1,0,0,0,14.220976332738882,0,0,0,3,0,20,0,0,0,0,1,0,0,0,0,0,1,0,0,0,1,0,0,0,0.0,0,0,0,0,0,0,0,0,0,0,0,0,0,0,0,0,0,0,0,0,0,0,0
1262540,Need for Speed,0,4.836281906951478,29.99,1,29.99,0,29.99,0,0,0,0,0,14.220976332738882,0,0,1,4,1,20,0,0,0,0,0,0,0,0,0,0,0,1,0,0,0,1,0,0,0.0,0,1,0,0,0,0,0,0,0,0,0,1,1,0,0,0,0,0,0,1,0,0,0
38410,Fallout 2: A Post Nuclear Role Playing Game,1,4.867534450455582,9.99,0,9.99,1,9.99,0,0,0,0,0,14.220976332738882,0,0,0,1,1,20,0,1,0,0,1,0,0,1,0,0,1,1,0,0,1,0,0,0,0.0,0,0,1,0,0,0,0,0,0,0,1,0,1,0,0,0,0,0,0,0,0,0,0
418530,Spelunky 2,1,5.749392985908253,19.99,0,19.99,1,19.99,0,1,0,1,0,14.220976332738882,0,1,1,2,0,20,0,0,1,0,0,0,1,0,0,0,0,0,0,0,0,1,0,0,0.0,0,1,0,0,0,0,1,0,0,0,0,1,0,0,0,0,0,0,0,0,0,0,0
9420,Supreme Commander: Forged Alliance,1,6.539585955617669,12.99,1,12.99,0,12.99,0,0,0,0,0,14.220976332738882,0,0,1,1,0,20,0,1,0,0,0,0,0,1,0,0,0,1,0,0,0,0,0,0,0.0,0,1,0,0,0,1,0,0,0,0,0,1,1,0,0,0,0,0,1,0,0,0,0
3830,Psychonauts,1,4.04305126783455,9.99,0,9.99,0,9.99,0,0,0,0,0,14.220976332738882,0,1,0,1,0,20,0,1,1,0,1,0,0,1,1,0,0,0,0,0,0,1,0,0,0.0,0,0,0,0,0,0,1,0,0,0,0,1,1,0,0,0,0,0,0,0,0,0,0
212740,TERA - Action MMORPG,1,0.6931471805599453,0.0,1,0.0,0,0.0,1,0,1,1,1,14.220976332738882,0,0,1,5,1,20,0,0,0,0,0,0,0,0,0,1,1,0,0,1,1,1,1,1,0.0,0,1,0,0,0,0,0,0,0,0,0,1,1,0,0,0,0,0,0,1,0,0,0
992300,嗜血印 Bloody Spell,1,4.143134726391533,24.99,1,24.99,0,24.99,0,1,0,0,0,14.220976332738882,0,1,0,4,1,20,0,0,0,0,0,0,0,0,0,0,1,0,0,0,1,1,0,0,0.0,0,1,0,0,0,0,0,0,0,0,0,1,1,0,0,0,0,0,0,1,0,1,0
217200,Worms Armageddon,1,4.919980925828125,14.99,1,14.99,1,14.99,0,0,0,0,0,14.220976332738882,0,0,1,1,0,20,0,0,1,0,0,0,0,1,1,0,0,0,0,0,0,0,0,0,0.0,0,1,0,0,0,0,1,0,0,0,0,1,1,0,0,0,0,0,0,0,0,0,0
16900,GROUND BRANCH,1,5.857933154483459,29.99,1,29.99,0,29.99,0,1,0,0,0,14.220976332738882,0,1,1,3,0,20,0,0,0,1,0,1,0,0,0,0,0,0,0,0,0,1,0,0,0.0,0,1,1,0,1,1,0,1,0,1,1,1,0,0,0,0,0,0,0,0,0,0,0
304650,SUNLESS SEA,1,3.828641396489095,18.99,0,18.99,1,18.99,0,1,0,0,0,14.220976332738882,0,1,0,3,1,20,0,1,0,0,1,0,0,0,0,0,1,0,1,0,1,0,0,0,0.0,0,0,0,0,0,0,0,0,0,0,1,0,1,0,0,0,0,0,0,1,0,0,1
233270,Far Cry 3 - Blood Dragon,1,3.044522437723423,14.99,0,14.99,0,14.99,0,0,0,0,0,14.220976332738882,0,0,0,2,1,20,0,1,1,0,0,1,0,0,1,0,0,1,0,0,0,1,0,0,0.0,0,0,0,0,0,0,0,1,0,0,1,1,1,0,0,0,0,0,0,1,0,0,0
20,Team Fortress Classic,1,4.204692619390966,4.99,1,4.99,0,4.99,0,0,0,0,0,14.220976332738882,0,0,1,1,0,20,0,0,1,0,0,1,0,1,0,0,0,1,0,0,0,1,0,0,0.0,0,1,0,0,0,0,0,1,0,0,0,1,0,0,0,0,0,0,0,0,0,1,0
9200,RAGE,1,3.5553480614894135,9.99,1,9.99,0,9.99,0,0,0,0,0,14.220976332738882,0,0,1,1,1,20,0,0,0,0,0,1,0,0,0,0,1,1,1,0,0,1,0,0,0.0,1,1,0,0,0,0,0,1,0,0,1,1,1,0,0,0,0,0,0,0,0,0,1
3117820,Sultan's Game,1,8.952475967933584,24.99,0,24.99,0,24.99,0,1,0,0,0,14.220976332738882,0,0,0,5,0,20,0,0,0,0,1,0,0,0,0,0,1,0,0,0,1,0,0,0,0.0,0,0,0,0,0,0,0,0,0,0,0,0,1,1,0,1,0,0,0,1,0,0,0
383980,Rivals of Aether,1,5.655991810819852,29.99,1,29.99,1,29.99,0,1,0,0,0,14.220976332738882,0,1,0,1,0,20,1,1,0,0,0,0,0,0,0,0,0,0,0,0,0,0,0,0,0.0,0,0,0,0,0,0,1,0,0,0,0,1,0,0,0,0,0,0,1,0,0,0,0
288470,Fable Anniversary,1,4.7535901911063645,34.99,0,34.99,0,34.99,0,0,0,0,0,14.220976332738882,0,0,0,1,1,20,0,1,1,0,1,0,0,1,1,0,1,1,0,0,1,0,0,1,0.0,0,0,1,0,0,0,0,0,0,0,1,1,1,1,0,0,0,0,0,0,0,0,0
368370,Her Story,1,2.4849066497880004,9.99,0,9.99,0,9.99,0,1,0,0,0,14.220976332738882,1,0,0,4,0,20,0,0,0,0,1,0,0,0,0,0,0,0,0,0,0,0,0,0,0.0,0,0,0,0,0,0,0,0,1,1,0,0,0,0,0,1,1,0,0,1,0,0,0
226700,Infestation: Survivor Stories 2020,0,3.4339872044851463,0.0,1,0.0,0,0.0,1,1,1,1,1,14.220976332738882,0,1,1,5,1,20,0,0,0,0,0,1,0,0,0,0,1,0,1,1,1,1,1,0,0.0,0,0,0,0,0,0,0,1,0,0,0,1,0,0,0,0,0,0,0,0,0,0,1
394310,Punch Club,1,4.02535169073515,9.99,0,9.99,1,9.99,0,1,0,0,0,14.220976332738882,0,0,0,3,0,20,1,0,1,0,1,0,0,0,0,0,1,1,0,0,1,0,0,0,0.0,0,0,0,0,0,0,0,0,0,0,1,1,0,1,0,0,0,0,0,0,0,0,0
505460,Foxhole,1,7.945201132412759,29.99,1,29.99,0,29.99,1,1,1,1,0,14.220976332738882,0,0,1,5,1,20,0,0,0,0,0,0,0,0,0,0,1,0,0,0,1,1,0,0,0.0,1,0,1,0,1,1,0,1,0,0,0,1,0,0,0,0,0,0,0,0,0,0,0
250320,The Wolf Among Us,1,4.762173934797756,14.99,0,14.99,0,14.99,0,0,0,0,0,14.220976332738882,0,0,0,3,0,20,0,0,0,0,1,0,0,0,0,0,0,0,0,0,0,1,0,0,0.0,0,0,0,0,0,0,0,0,1,0,1,1,1,1,0,0,1,0,0,1,0,0,0
481510,Night in the Woods,1,3.9889840465642745,19.99,0,19.99,1,19.99,0,0,0,0,0,14.220976332738882,0,0,0,1,0,20,0,0,1,0,1,0,0,0,0,0,0,0,0,0,0,0,0,0,0.0,0,0,0,0,0,0,1,0,0,0,1,0,1,1,0,1,0,0,0,1,0,0,0
302670,Call to Arms,1,4.770684624465665,14.99,1,14.99,0,14.99,0,1,0,0,0,14.220976332738882,0,1,1,4,0,20,0,0,0,1,0,1,0,0,0,0,0,0,0,0,0,1,0,0,0.0,0,0,1,0,1,1,0,1,0,1,0,1,0,0,0,0,0,0,0,0,0,0,0
311560,Assassin’s Creed Rogue,1,5.049856007249537,19.99,0,19.99,0,19.99,0,0,0,0,0,14.220976332738882,1,0,1,2,1,20,0,0,0,0,1,0,0,0,0,0,0,1,0,0,0,1,0,0,0.0,0,0,0,0,0,0,0,0,0,0,1,1,1,0,1,0,0,0,0,1,0,0,0
736190,Chinese Parents,1,5.662960480135946,9.99,0,9.99,0,9.99,0,1,0,0,0,14.220976332738882,1,1,0,4,0,20,0,0,1,0,0,0,0,0,0,0,1,0,1,0,1,0,0,0,0.0,0,0,0,0,0,0,0,0,1,0,0,0,0,0,0,1,0,0,0,0,0,0,1
243970,"Invisible, Inc.",1,2.995732273553991,19.99,0,19.99,0,19.99,0,1,0,0,0,14.220976332738882,0,0,0,3,0,20,0,0,0,0,0,0,1,0,0,0,0,0,0,0,0,1,0,0,0.0,0,0,0,0,0,0,0,0,0,0,0,0,0,1,0,0,0,0,0,0,0,0,0
230290,Universe Sandbox,1,5.8805329864007,29.99,0,29.99,0,29.99,0,1,0,0,0,14.220976332738882,0,1,0,4,1,20,0,0,0,1,0,0,0,0,0,0,0,0,0,0,0,0,0,0,0.0,0,0,1,1,0,0,0,0,1,1,1,0,0,0,0,0,0,1,0,0,0,0,0
2338770,NBA 2K24,0,7.983781068977451,59.99,1,59.99,0,59.99,0,0,0,1,0,14.220976332738882,0,0,1,2,0,20,0,0,0,0,0,0,0,0,0,0,0,1,0,0,0,0,0,1,0.0,0,1,0,0,0,0,0,0,0,1,0,0,0,0,0,0,0,0,0,0,0,0,0
614570,Dishonored: Death of the Outsider,1,3.828641396489095,29.99,0,29.99,0,29.99,0,0,0,0,0,14.220976332738882,0,0,0,1,1,20,0,0,0,0,1,1,0,0,0,0,0,1,0,0,0,1,0,0,0.0,0,0,0,0,0,0,0,0,0,0,1,1,1,1,0,0,0,0,0,0,0,1,0
655500,MX Bikes,1,8.190354403763262,34.99,1,34.99,0,34.99,0,0,0,0,0,14.220976332738882,0,0,0,4,0,20,0,0,0,1,0,0,1,0,0,0,0,0,0,0,0,0,0,0,0.0,0,0,0,1,0,0,0,0,0,1,0,0,0,0,0,0,0,0,1,0,0,0,0
496300,Kingdom: New Lands,1,4.1588830833596715,14.99,0,14.99,0,14.99,0,1,0,0,0,14.220976332738882,0,0,0,3,1,20,1,0,0,0,0,0,0,0,0,0,0,1,1,0,0,0,0,0,0.0,0,0,0,0,0,0,0,0,0,0,1,0,1,0,0,0,0,0,0,0,0,0,0
57900,Duke Nukem Forever,0,3.2188758248682006,19.99,1,19.99,0,19.99,0,0,0,0,0,14.220976332738882,0,0,0,1,0,20,0,0,1,0,0,1,0,1,1,0,0,1,0,0,0,1,0,0,0.0,0,0,0,0,0,0,0,1,0,0,1,1,1,0,0,0,0,0,0,0,0,0,0
333420,Cossacks 3,1,6.102558594613569,19.99,1,19.99,0,19.99,0,0,0,1,0,14.220976332738882,0,0,1,3,1,20,0,0,0,0,0,0,0,0,0,0,0,0,0,0,0,1,0,0,0.0,0,0,0,0,0,1,0,0,0,0,0,1,0,0,1,0,0,0,0,1,0,0,0
2456740,inZOI,1,6.946975992135418,39.99,0,39.99,0,39.99,0,0,0,0,0,14.220976332738882,0,0,0,4,0,20,0,0,0,1,0,0,0,0,0,0,0,0,0,0,0,0,0,1,0.0,0,0,1,1,0,0,0,0,1,1,0,0,0,0,0,0,0,1,1,1,0,0,0
1291340,Townscaper,1,3.5263605246161616,5.99,0,5.99,0,5.99,0,1,0,0,0,14.220976332738882,0,1,0,3,1,20,0,0,0,0,0,0,0,0,0,0,0,1,0,0,0,0,0,0,0.0,0,0,1,0,0,0,0,0,1,0,1,0,0,0,0,0,0,1,0,0,1,0,0
242700,Injustice: Gods Among Us Ultimate Edition,1,4.248495242049359,19.99,1,19.99,1,19.99,0,0,0,0,0,14.220976332738882,0,0,1,1,0,20,0,1,0,0,1,0,0,0,0,0,0,1,0,0,0,1,0,0,0.0,0,0,0,0,0,0,0,0,0,0,1,1,0,0,0,0,0,0,0,0,0,0,0
450540,"Hot Dogs, Horseshoes & Hand Grenades",1,5.389071729816501,19.99,0,19.99,0,19.99,0,0,0,0,0,14.220976332738882,0,1,0,2,0,20,0,0,1,1,0,1,0,0,1,0,0,0,0,0,0,1,0,0,0.0,0,0,1,0,0,0,0,1,0,1,1,1,0,0,0,0,0,0,1,0,0,0,0
249050,Dungeon of the ENDLESS,1,4.127134385045092,11.99,0,11.99,1,11.99,0,1,0,0,0,14.220976332738882,0,1,1,4,0,20,1,1,0,0,0,0,1,0,0,0,1,0,1,0,1,0,0,0,0.0,0,0,0,0,0,0,0,0,0,0,0,0,1,0,0,0,0,0,0,1,0,0,0
258970,Gauntlet Slayer Edition,1,3.6375861597263857,19.99,1,19.99,0,19.99,0,0,0,0,0,14.220976332738882,0,0,1,3,0,20,0,0,0,0,0,0,0,1,0,0,1,0,0,0,1,1,0,0,0.0,0,1,0,0,0,0,0,0,0,0,0,1,1,0,0,0,0,0,0,1,0,0,0
429660,Tales of Berseria,1,4.31748811353631,49.99,1,49.99,0,49.99,0,0,0,0,0,14.220976332738882,0,0,1,2,1,20,0,1,0,0,1,0,0,0,0,0,1,1,0,0,1,1,0,0,0.0,0,0,0,0,0,0,0,0,0,0,0,1,1,0,0,0,0,0,0,0,0,0,0
201870,Assassin's Creed Revelations,1,4.653960350157523,19.99,1,19.99,0,19.99,0,0,0,0,0,14.220976332738882,0,0,0,2,1,20,0,1,0,0,1,0,0,0,0,0,1,1,0,0,0,1,0,0,0.0,0,0,1,0,0,0,0,0,0,0,1,1,1,0,1,0,0,0,0,1,0,0,0
1809540,Nine Sols,1,6.439350371100098,29.99,0,29.99,1,29.99,0,1,0,0,0,14.220976332738882,0,1,0,3,0,20,0,0,0,0,1,0,1,0,0,0,0,0,0,0,0,1,0,0,0.0,0,0,0,0,0,0,1,0,0,0,1,1,1,0,0,0,0,0,0,1,0,0,0
304030,ArcheAge,0,1.0986122886681098,0.0,1,0.0,0,0.0,1,0,1,1,1,14.220976332738882,0,0,1,3,1,20,0,0,0,0,0,0,0,0,0,1,1,0,0,1,1,0,1,0,0.0,1,0,1,0,0,0,0,0,0,0,0,1,1,0,0,0,0,0,0,0,0,0,0
617830,SUPERHOT VR,1,3.4339872044851463,24.99,0,24.99,0,24.99,0,1,0,0,0,14.220976332738882,1,0,0,2,0,20,0,0,0,0,0,1,0,0,0,0,0,0,0,0,0,1,0,0,0.0,0,0,0,0,0,0,0,1,0,0,1,1,1,0,0,0,0,0,0,0,0,0,0
1462040,FINAL FANTASY VII REMAKE INTERGRADE,1,6.635946555686647,39.99,0,39.99,0,39.99,0,0,0,0,0,14.220976332738882,0,0,0,3,0,20,0,0,0,0,1,0,0,0,0,0,1,1,0,0,1,1,0,0,0.0,0,0,0,0,0,0,0,0,0,1,0,1,1,0,0,0,0,0,0,1,0,0,0
729040,Borderlands Game of the Year Enhanced,1,6.431331081933479,29.99,1,29.99,0,29.99,0,0,0,0,0,14.220976332738882,0,0,1,2,0,20,0,0,1,0,0,1,0,0,1,0,1,1,0,0,1,1,0,0,0.0,0,1,0,0,0,0,0,1,0,0,1,1,0,0,0,0,0,0,0,0,0,1,0
1672970,Minecraft Dungeons,1,5.564520407322694,19.99,0,19.99,0,19.99,0,0,0,0,0,14.220976332738882,0,0,0,3,0,20,0,0,1,0,0,0,0,0,0,0,1,1,0,0,1,1,0,0,0.0,0,0,0,0,0,0,0,0,0,0,1,1,1,0,0,0,0,1,0,1,1,0,0
747610,Zula Global,0,5.14166355650266,0.0,1,0.0,0,0.0,1,0,1,0,1,14.220976332738882,0,0,1,3,0,20,0,0,0,0,0,1,0,0,0,0,0,0,0,1,0,1,1,0,0.0,0,0,0,0,0,0,0,1,0,0,0,1,1,0,0,0,0,0,0,0,0,0,0
1022450,War Selection,1,6.230481447578482,0.0,1,0.0,0,0.0,1,1,1,1,1,14.220976332738882,0,1,1,5,0,20,0,0,0,1,0,0,0,0,0,0,0,0,1,1,0,0,1,0,0.0,0,1,0,1,1,1,0,0,0,0,1,0,0,0,1,0,0,0,0,0,0,0,0
1041720,Kingdoms of Amalur: Re-Reckoning,1,4.74493212836325,39.99,0,39.99,0,39.99,0,0,0,0,0,14.220976332738882,0,0,0,2,1,20,0,0,0,0,1,0,0,0,0,0,1,1,0,0,1,1,0,1,0.0,0,0,0,0,0,0,0,0,0,0,1,1,1,1,0,0,0,0,0,0,0,0,0
1527950,Wartales,1,7.398174092970465,34.99,1,9.79,0,9.79,0,1,0,0,0,14.220976332738882,0,1,1,4,1,20,0,0,0,0,1,0,0,0,0,0,1,0,1,0,1,0,0,0,0.7202057730780224,0,1,1,0,0,0,0,0,0,0,0,0,1,0,0,0,0,0,0,1,0,1,0
950670,Gothic Playable Teaser,1,1.791759469228055,0.0,0,0.0,0,0.0,0,0,0,0,1,14.220976332738882,0,0,0,1,1,14,0,0,0,0,0,0,0,0,0,0,1,1,0,0,1,0,0,0,0.0,0,0,0,0,0,0,0,0,0,0,1,1,0,0,0,0,0,0,0,0,0,0,0
326460,ShellShock Live,1,5.697093486505405,9.99,1,9.99,1,9.99,1,1,1,0,0,14.220976332738882,0,1,1,5,0,20,0,1,1,1,0,0,0,0,0,0,0,0,0,0,0,1,0,0,0.0,0,1,0,0,0,0,0,1,1,0,0,1,0,0,0,0,0,1,0,0,1,0,0
40700,Machinarium,1,4.836281906951478,19.99,0,19.99,1,19.99,0,1,0,0,0,14.220976332738882,1,1,0,2,0,20,0,1,0,0,1,0,0,0,0,0,0,0,0,0,0,0,0,0,0.0,0,0,0,0,0,0,0,0,0,0,1,0,1,0,0,0,1,1,0,1,0,0,0
12900,AudioSurf,1,2.4849066497880004,9.99,0,9.99,0,9.99,0,1,0,0,0,14.220976332738882,1,1,1,1,0,20,0,1,0,0,0,0,0,0,0,0,0,0,0,0,0,0,0,0,0.0,0,0,0,0,0,0,0,0,0,0,0,0,0,0,0,0,0,0,0,0,1,0,0
223850,3DMark,1,6.551080335043404,29.99,1,29.99,0,29.99,0,0,0,0,0,14.220976332738882,0,0,0,1,0,6,0,0,0,0,0,1,0,0,0,0,0,0,0,0,0,0,0,0,0.0,0,0,0,0,0,0,0,0,0,0,0,0,0,0,0,0,0,0,0,0,0,0,0
2108330,F1 23,1,6.246106765481563,0.0,1,0.0,0,0.0,0,0,0,1,1,14.220976332738882,0,0,0,2,0,20,0,0,0,0,0,0,0,0,0,0,0,1,0,0,0,0,0,0,0.0,0,0,0,0,0,0,0,0,0,0,0,0,0,0,0,0,0,0,0,0,0,0,0
1451940,NEEDY STREAMER OVERLOAD,1,5.14166355650266,15.99,0,5.43,1,5.43,0,1,0,0,0,14.220976332738882,0,0,0,2,0,20,1,0,0,0,1,0,0,0,0,0,0,0,0,0,0,0,0,0,0.6604127579737336,0,0,0,0,0,0,0,0,0,0,0,0,1,0,0,1,1,0,0,1,1,0,0
1930,Two Worlds Epic Edition,1,2.8903717578961645,14.99,1,4.49,0,4.49,0,0,0,0,0,14.220976332738882,0,0,1,1,1,20,0,0,0,0,1,0,0,0,0,0,1,0,0,0,1,0,0,1,0.7004669779853235,0,0,1,0,0,0,0,0,0,0,1,1,1,0,0,0,0,0,0,0,0,0,0
290340,Armello,1,4.127134385045092,24.99,0,24.99,1,24.99,0,1,0,1,0,14.220976332738882,0,0,0,4,0,20,0,0,0,0,0,0,0,0,0,0,1,0,0,0,1,0,0,0,0.0,0,0,0,0,0,0,0,0,0,0,1,0,1,0,0,0,0,0,0,1,0,0,0
997010,Police Simulator: Patrol Officers,1,5.765191102784844,39.99,1,19.99,0,19.99,0,0,0,0,0,14.220976332738882,0,0,1,1,1,20,0,0,0,1,0,0,0,0,0,0,0,0,0,0,0,0,0,1,0.5001250312578145,0,1,0,0,0,0,0,0,0,1,0,0,0,1,0,0,0,0,0,0,0,0,0
1029550,Torque Drift,1,4.5217885770490405,0.0,1,0.0,0,0.0,0,0,0,1,1,14.220976332738882,0,0,0,1,1,20,0,0,0,1,0,0,0,0,0,0,0,0,0,0,0,0,1,0,0.0,0,0,0,0,0,0,0,0,0,1,0,0,0,0,0,0,0,0,0,0,0,0,0
668630,Tricolour Lovestory,1,3.1354942159291497,1.99,0,1.99,0,1.99,0,1,0,0,0,14.220976332738882,0,1,0,3,0,20,0,1,0,0,1,1,0,0,0,0,0,0,0,0,0,0,0,0,0.0,0,0,0,0,0,0,0,0,1,0,0,0,1,0,0,0,0,0,0,1,0,0,0
553640,ICEY,1,3.295836866004329,10.99,0,10.99,1,10.99,0,0,0,0,0,14.220976332738882,0,1,0,3,0,20,0,1,1,0,0,0,0,0,0,0,1,0,0,0,1,1,0,0,0.0,0,0,0,0,0,0,1,0,0,0,0,1,1,0,0,0,0,0,0,1,0,0,0
21090,F.E.A.R.,1,4.477336814478207,9.99,1,9.99,0,9.99,0,0,0,0,0,14.220976332738882,0,0,0,1,0,20,0,1,0,0,1,1,0,1,0,0,0,0,0,0,0,1,0,0,0.0,0,0,0,0,0,0,0,1,0,0,1,1,0,0,0,1,0,0,0,0,0,0,1
437220,The Culling,0,0.0,0.0,1,0.0,0,0.0,1,1,0,1,1,14.220976332738882,0,1,1,3,1,20,0,0,0,1,0,1,0,0,0,0,0,0,1,1,0,1,1,0,0.0,1,0,0,0,0,0,0,0,0,0,1,1,0,0,0,0,0,0,0,0,0,1,0
2252570,Football Manager 2024,1,10.777538618802406,59.99,1,59.99,1,59.99,0,0,0,0,0,14.220976332738882,0,0,0,3,0,15,0,0,0,0,0,0,0,0,0,0,0,1,0,0,0,0,0,0,0.0,0,0,0,0,0,0,0,0,0,0,0,0,0,0,0,0,0,0,0,0,0,0,0
578310,BRAIN / OUT,1,2.302585092994046,0.0,1,0.0,1,0.0,1,1,1,0,1,14.220976332738882,0,1,1,4,0,20,1,0,0,0,0,0,0,0,0,0,0,0,1,1,0,1,1,0,0.0,0,0,0,0,0,1,1,1,0,0,0,1,0,0,0,0,0,0,0,0,0,1,0
234630,Project CARS,1,3.828641396489095,0.0,1,0.0,0,0.0,0,0,0,0,1,14.220976332738882,0,1,1,3,1,20,0,0,0,0,0,0,0,0,0,0,0,0,0,0,0,0,0,0,0.0,0,0,0,0,0,0,0,0,0,1,1,1,0,0,0,0,0,0,0,0,0,0,0
794600,LET IT DIE,1,4.770684624465665,19.99,1,19.99,0,19.99,0,0,0,0,0,14.220976332738882,0,0,0,1,0,20,0,1,1,0,0,0,1,0,0,0,0,0,0,0,0,1,1,0,0.0,0,0,0,0,0,0,0,0,0,0,0,1,0,0,0,0,0,0,0,0,0,1,0
339340,Resident Evil 0,1,4.430816798843313,19.99,1,4.99,0,4.99,0,0,0,0,0,14.220976332738882,1,0,0,2,0,20,0,1,0,0,1,0,1,1,0,0,0,1,1,0,0,1,0,0,0.7503751875937968,0,0,0,0,0,0,0,1,0,0,1,1,1,0,0,0,0,0,0,1,0,0,1
489940,BATTALION 1944,0,1.6094379124341003,0.0,1,0.0,0,0.0,1,0,0,1,1,14.220976332738882,0,0,1,2,0,20,0,0,0,1,0,1,0,0,0,0,0,0,1,1,0,1,0,0,0.0,0,0,0,0,1,1,0,1,0,0,0,1,0,0,0,0,0,0,0,0,0,1,0
1012880,60 Seconds! Reatomized,1,5.529429087511423,9.99,0,9.99,1,9.99,0,1,0,0,0,14.220976332738882,0,0,0,5,0,20,0,0,1,0,0,0,1,0,0,0,0,0,1,0,0,0,0,0,0.0,0,0,0,0,0,0,0,0,1,0,0,0,0,0,0,0,1,0,0,1,0,0,1
378860,Project CARS 2,1,4.875197323201151,0.0,1,0.0,0,0.0,0,0,0,0,1,14.220976332738882,0,0,1,1,1,18,0,1,0,0,0,0,1,0,0,0,0,1,0,0,0,0,0,0,0.0,0,0,0,0,0,0,0,0,0,1,1,1,0,0,0,0,0,0,0,0,0,0,0
382490,Relic Hunters Zero: Remix,1,1.6094379124341003,0.0,1,0.0,1,0.0,0,1,0,0,1,14.220976332738882,0,0,1,3,0,20,1,0,0,0,0,0,0,0,0,0,1,0,0,1,0,1,1,0,0.0,0,0,0,0,0,0,0,1,0,0,0,1,1,0,0,0,0,0,0,0,1,0,0
731490,Crash Bandicoot N. Sane Trilogy,1,5.7430031878094825,39.99,0,11.99,0,11.99,0,0,0,0,0,14.220976332738882,0,0,0,1,0,20,0,1,1,0,0,0,1,1,1,0,0,1,0,0,0,1,0,0,0.7001750437609402,0,0,0,0,0,0,1,0,0,0,0,1,1,0,0,0,0,1,0,0,1,0,0
517630,Just Cause 4 Reloaded,0,5.4510384535657,69.03,0,69.03,0,69.03,0,0,0,0,0,14.220976332738882,0,0,1,2,1,20,0,0,1,0,1,1,0,0,1,0,0,1,0,0,0,1,0,0,0.0,0,0,1,0,0,0,0,1,0,0,1,1,1,0,0,0,0,0,0,1,0,1,0
282800,100% Orange Juice,1,5.0689042022202315,6.99,1,1.74,1,1.74,0,1,0,0,0,14.220976332738882,0,1,1,2,0,20,0,1,1,0,0,0,1,0,1,0,0,0,0,0,0,0,0,0,0.7510729613733905,0,0,0,0,0,0,0,0,0,0,0,0,0,0,0,0,0,1,0,0,0,0,0
42960,Victoria II,1,6.19644412779452,19.99,1,19.99,0,19.99,0,0,0,0,0,14.220976332738882,0,0,0,1,0,20,0,1,0,0,0,0,0,0,0,0,0,1,0,0,0,0,0,0,0.0,0,0,1,0,1,1,0,0,0,0,0,0,0,0,1,0,0,0,1,0,0,0,0
32440,LEGO Star Wars - The Complete Saga,1,5.814130531825066,19.99,1,19.99,0,19.99,0,0,0,0,0,14.220976332738882,1,0,1,1,1,20,0,1,1,0,0,0,0,1,1,0,0,0,0,0,0,0,0,0,0.0,0,1,0,0,0,0,0,0,0,0,0,1,1,0,0,0,0,1,0,1,0,0,0
115320,Prototype 2,1,4.976733742420574,39.99,1,11.99,0,11.99,0,0,0,0,0,14.220976332738882,0,0,1,2,1,20,0,0,0,0,1,0,0,0,0,0,1,1,0,0,0,1,0,0,0.7001750437609402,0,0,1,0,0,0,0,0,0,0,1,1,1,0,0,0,0,0,0,1,0,1,1
383120,Empyrion - Galactic Survival,1,6.898714534329988,19.99,1,19.99,0,19.99,0,1,0,1,0,14.220976332738882,0,0,1,4,1,20,0,0,0,0,0,1,0,0,0,0,0,0,1,0,0,0,0,0,0.0,1,0,1,0,0,0,0,0,0,0,0,0,0,0,0,0,0,0,0,1,0,0,0
557340,My Friend Pedro,1,3.1354942159291497,19.99,1,19.99,1,19.99,0,1,0,0,0,14.220976332738882,0,1,0,2,0,20,0,1,1,0,0,0,0,0,1,0,0,1,0,0,0,1,0,0,0.0,0,0,0,0,0,0,1,1,0,0,0,1,0,0,0,0,0,0,0,0,0,1,0
39000,Moonbase Alpha,1,1.3862943611198906,0.0,1,0.0,0,0.0,1,0,0,0,1,14.220976332738882,1,0,1,3,1,20,0,0,1,0,0,0,0,0,1,0,0,0,0,0,0,0,1,0,0.0,0,1,1,0,0,0,0,0,0,1,0,0,1,0,0,0,0,0,0,1,0,0,0
690640,Trine 4: The Nightmare Prince,1,4.343805421853684,29.99,1,5.99,0,5.99,0,1,0,0,0,14.220976332738882,1,1,1,4,0,20,0,1,0,0,0,0,0,0,0,0,1,0,0,0,1,1,0,0,0.8002667555851951,0,1,0,0,0,0,1,0,0,0,1,1,1,0,0,0,0,0,0,1,0,0,0
214510,LEGO The Lord of the Rings,1,5.043425116919247,19.99,1,19.99,0,19.99,0,0,0,0,0,14.220976332738882,1,0,1,2,1,20,0,0,1,0,0,0,0,0,1,0,0,1,0,0,0,1,0,0,0.0,0,0,0,0,0,0,1,0,0,0,0,1,1,0,0,0,0,1,0,1,0,0,0
577800,NBA 2K18,0,4.07753744390572,0.0,1,0.0,0,0.0,0,0,0,0,1,14.220976332738882,0,0,0,2,0,12,0,1,0,0,0,0,0,0,0,0,0,1,1,0,0,0,0,0,0.0,0,0,0,0,0,0,0,0,0,1,0,0,0,0,0,0,0,0,0,0,0,0,0
1252330,DEATHLOOP,1,4.30406509320417,59.99,1,59.99,0,59.99,0,0,0,1,0,14.220976332738882,0,0,0,1,0,20,0,0,0,0,1,1,0,0,0,0,0,1,0,0,0,1,0,0,0.0,0,0,0,0,0,0,0,1,0,0,0,1,1,0,0,0,0,0,0,0,0,1,0
362960,Tyranny,1,3.871201010907891,29.99,0,29.99,0,29.99,0,0,0,0,0,14.220976332738882,0,0,0,2,1,20,0,1,0,0,1,0,0,0,0,0,1,1,0,0,1,0,0,1,0.0,0,0,0,0,0,0,0,0,0,0,1,1,1,1,0,0,0,0,0,1,0,0,0
250820,SteamVR,1,0.0,0.0,0,0.0,0,0.0,0,0,0,0,1,14.220976332738882,0,0,1,0,0,10,0,0,0,0,0,0,0,0,0,0,0,0,0,0,0,0,0,0,0.0,0,0,0,0,0,0,0,1,0,1,0,0,0,0,0,0,0,0,0,0,0,0,0
1161580,Hardspace: Shipbreaker,1,5.602118820879701,34.99,0,10.49,0,10.49,0,0,0,0,0,14.220976332738882,1,0,0,1,1,20,0,1,0,1,0,0,0,0,0,0,0,0,0,0,0,0,0,0,0.7002000571591883,0,0,1,0,0,0,0,0,0,0,0,1,0,0,0,0,0,0,0,0,0,0,0
2320,Quake II,1,4.394449154672439,9.99,1,9.99,0,9.99,0,0,0,0,0,14.220976332738882,0,0,1,1,0,20,0,1,0,0,0,1,0,1,0,0,0,1,0,0,0,1,0,0,0.0,0,0,0,0,0,0,0,1,0,0,1,1,0,0,0,0,0,0,1,0,0,0,1
1088150,Scribble It!,1,4.343805421853684,0.0,1,0.0,1,0.0,0,1,0,1,1,14.220976332738882,0,0,1,3,0,20,0,1,1,0,0,0,0,0,1,0,0,0,0,1,0,0,1,0,0.0,0,1,0,0,0,0,0,0,1,0,0,0,0,0,0,0,0,1,0,0,1,0,0
236690,Blood Bowl 2: Legendary Edition (Classic),1,4.442651256490317,29.99,1,29.99,0,29.99,0,0,0,1,0,14.220976332738882,0,0,0,2,0,20,0,0,1,0,0,0,0,0,0,0,1,0,0,0,0,0,0,0,0.0,0,0,0,0,0,0,0,0,0,0,0,1,0,0,0,0,0,0,0,0,0,1,0
1096530,Solasta: Crown of the Magister,1,5.983936280687191,29.99,1,7.49,0,7.49,0,0,0,0,0,14.220976332738882,0,0,0,3,0,20,0,0,0,0,1,0,0,0,0,0,1,0,0,0,1,0,0,1,0.7502500833611204,0,1,0,0,0,0,0,0,0,0,0,0,1,1,0,0,0,0,0,1,0,0,0
213610,Sonic Adventure 2,1,5.459585514144159,9.99,1,9.99,0,9.99,0,0,0,0,0,14.220976332738882,0,0,0,1,0,20,0,1,0,0,1,0,0,1,1,0,0,1,0,0,0,1,0,0,0.0,0,0,0,0,0,0,1,0,0,0,0,1,1,0,0,0,0,1,0,0,0,0,0
541570,Sally Face - Episode One,1,4.61512051684126,2.99,0,2.99,1,2.99,0,1,0,0,0,14.220976332738882,1,1,0,2,0,20,0,0,0,0,1,0,0,0,0,0,0,0,0,0,0,0,0,0,0.0,0,0,0,0,0,0,0,0,0,0,1,0,1,0,0,1,1,0,0,1,0,0,1
1455840,Dorfromantik,1,5.902633333401366,13.99,0,9.09,0,9.09,0,1,0,0,0,14.220976332738882,1,1,0,4,0,20,0,0,0,0,0,0,0,0,0,0,0,0,0,0,0,0,0,0,0.35025017869907077,0,0,1,0,0,0,0,0,1,0,0,0,0,0,0,0,0,1,0,0,0,0,0
710920,Darksiders Genesis,1,3.4011973816621555,29.99,1,29.99,0,29.99,0,0,0,0,0,14.220976332738882,1,0,1,2,0,20,0,1,0,0,0,0,0,0,0,0,1,1,0,0,0,1,0,0,0.0,0,0,0,0,0,0,0,0,0,0,0,1,1,0,0,0,0,0,0,1,0,0,0
670290,Real Pool 3D - Poolians,1,6.815639990074331,0.0,1,0.0,0,0.0,1,1,1,1,1,14.220976332738882,0,1,1,8,0,20,0,0,1,0,0,1,0,0,0,0,0,0,0,1,0,1,1,0,0.0,0,0,0,0,0,0,0,1,1,0,0,1,0,0,0,1,0,0,0,0,0,0,0
1124300,HUMANKIND,0,6.021023349349527,49.99,1,49.99,0,49.99,0,0,0,0,0,14.220976332738882,0,0,0,1,1,20,0,1,0,0,0,0,0,0,0,0,0,0,1,0,0,0,0,1,0.0,0,0,0,0,0,1,0,0,0,0,0,0,0,0,1,0,0,0,0,0,0,0,0
269950,X-Plane 11,1,5.945420608606575,29.99,1,29.99,0,29.99,1,0,0,0,0,14.220976332738882,0,0,0,1,1,20,0,0,0,0,0,0,0,0,0,0,0,0,0,0,0,0,0,0,0.0,0,0,1,0,0,0,0,0,0,1,1,1,1,0,0,0,0,1,0,0,0,0,0
300380,Road Redemption,1,3.091042453358316,19.99,1,19.99,0,19.99,0,1,0,1,0,14.220976332738882,0,1,1,5,0,20,0,0,1,0,0,0,0,0,0,0,0,0,0,0,0,1,0,0,0.0,0,0,0,0,0,0,0,0,0,0,0,1,0,0,0,0,0,0,0,1,0,1,0
329050,Devil May Cry 4 Special Edition,1,5.3981627015177525,24.99,0,24.99,0,24.99,0,0,0,0,0,14.220976332738882,0,0,0,1,0,20,0,1,0,0,1,0,1,1,0,0,0,1,0,0,0,1,0,0,0.0,0,0,0,0,0,0,0,0,0,0,1,1,1,0,0,0,0,0,0,0,0,0,0
1253920,Rogue Legacy 2,1,5.123963979403259,24.99,0,24.99,1,24.99,0,1,0,0,0,14.220976332738882,0,1,0,4,0,20,0,1,0,0,0,0,1,0,0,0,1,0,0,0,1,1,0,0,0.0,0,0,0,0,0,0,1,0,0,0,0,1,1,0,0,0,0,0,0,1,0,0,0
332950,Dark Deception,1,5.093750200806762,0.0,1,0.0,0,0.0,0,1,0,0,1,14.220976332738882,0,1,0,4,0,20,0,0,0,0,1,0,1,0,0,0,1,0,1,1,0,1,1,0,0.0,0,0,0,0,0,0,0,0,0,0,0,1,1,0,0,1,0,0,0,1,0,0,1
232010,Euro Truck Simulator,1,1.3862943611198906,4.99,1,4.99,0,4.99,0,1,0,0,0,14.220976332738882,0,1,0,2,1,20,0,0,0,0,0,0,0,0,0,0,0,0,0,0,0,0,0,0,0.0,0,1,1,0,0,0,0,0,0,1,1,1,1,0,0,0,0,0,1,0,0,0,0
1184140,KartRider: Drift,1,1.3862943611198906,0.0,1,0.0,0,0.0,1,0,0,0,1,14.220976332738882,0,0,0,1,0,20,0,0,1,0,0,0,0,0,0,0,0,0,0,0,0,0,1,0,0.0,0,0,0,0,0,0,0,0,0,0,0,1,0,0,0,0,0,0,0,0,0,0,0
410900,Forts,1,5.940171252720432,14.99,1,8.99,1,8.99,0,1,0,0,0,14.220976332738882,0,1,0,3,0,20,1,0,1,0,0,0,0,0,0,0,0,0,0,0,0,1,0,0,0.400266844563042,0,0,1,0,1,0,0,0,0,0,0,1,0,0,0,0,0,0,1,0,0,0,0
2296990,We Were Here Expeditions: The FriendShip,1,4.1588830833596715,3.99,1,1.99,0,1.99,0,1,0,0,0,14.220976332738882,1,1,1,3,0,20,0,0,0,0,1,0,0,0,0,0,0,0,0,0,0,0,0,0,0.5012531328320802,0,1,0,0,0,0,0,0,1,0,1,0,1,0,0,0,0,0,0,1,0,0,0
283640,Salt and Sanctuary,1,3.8918202981106265,17.99,0,17.99,1,17.99,0,1,0,0,0,14.220976332738882,0,1,1,3,0,20,0,0,0,0,1,0,1,0,0,0,1,0,0,0,1,1,0,0,0.0,0,0,0,0,0,0,1,0,0,0,1,1,1,0,0,0,0,0,0,0,0,0,1
397950,Clustertruck,1,4.04305126783455,14.99,1,14.99,0,14.99,0,1,0,0,0,14.220976332738882,0,1,0,2,0,20,0,1,1,0,0,0,1,0,0,0,0,1,0,0,0,1,0,0,0.0,0,0,0,0,0,0,1,0,0,0,0,1,1,0,0,0,0,0,0,0,0,0,0
371660,Far Cry Primal,1,5.4638318050256105,29.99,0,29.99,0,29.99,0,0,0,0,0,14.220976332738882,0,0,0,2,1,20,0,0,0,0,0,1,0,0,0,0,1,1,1,0,0,1,0,0,0.0,1,1,0,0,0,0,0,1,0,0,1,1,1,0,0,0,0,0,0,1,0,0,0
1173690,Resident Evil 3: Raccoon City Demo,1,1.791759469228055,0.0,1,0.0,0,0.0,0,0,0,0,1,14.220976332738882,0,0,1,1,1,20,0,0,0,0,1,0,0,0,0,0,0,1,1,0,0,1,1,0,0.0,0,0,0,0,0,0,0,1,0,0,1,1,0,0,0,0,0,0,0,0,0,1,1
1966900,20 Minutes Till Dawn,1,4.990432586778736,4.99,0,2.49,0,2.49,0,1,0,0,0,14.220976332738882,0,0,0,5,0,20,1,0,0,0,0,0,0,0,0,0,1,0,1,0,0,1,0,0,0.501002004008016,0,0,0,0,0,0,0,1,1,0,0,1,0,0,0,0,0,0,0,1,0,0,1
20500,Red Faction Guerrilla Steam Edition,1,1.791759469228055,19.99,1,19.99,0,19.99,0,0,0,0,0,14.220976332738882,0,0,1,1,1,20,0,1,1,0,0,1,0,0,0,0,0,1,1,0,0,1,0,0,0.0,0,0,1,0,0,0,0,1,0,0,1,1,1,0,0,0,0,0,0,0,0,0,0
437920,Tricky Towers,1,4.276666119016055,14.99,1,14.99,0,14.99,0,1,0,1,0,14.220976332738882,1,0,0,2,0,20,0,0,1,0,0,0,0,0,0,0,0,0,0,0,0,0,0,0,0.0,0,1,0,0,0,0,0,0,1,0,0,0,0,0,0,0,0,1,0,0,1,0,0
40970,Stronghold Crusader HD (2012),1,6.616065185132817,9.99,0,9.99,1,9.99,0,0,0,0,0,14.220976332738882,0,0,0,2,0,20,0,0,0,0,0,0,0,0,0,0,0,0,0,0,0,0,0,0,0.0,0,0,1,0,1,1,0,0,0,0,0,0,0,0,1,0,0,0,0,0,0,0,0
1605220,Dune: Spice Wars,1,5.318119993844216,34.99,1,34.99,0,34.99,0,0,0,1,0,14.220976332738882,0,1,1,1,0,20,0,0,0,0,0,0,0,0,0,0,0,0,0,0,0,0,0,0,0.0,0,0,0,0,0,1,0,0,0,0,0,0,0,0,0,0,0,0,0,0,0,0,0
715220,Ironsight,1,0.0,0.0,1,0.0,0,0.0,1,0,0,0,1,14.220976332738882,0,0,0,2,1,12,0,0,0,0,0,1,0,0,0,0,0,0,0,1,0,1,1,0,0.0,0,0,0,0,0,0,0,1,0,0,0,1,0,0,0,0,0,0,0,0,0,1,0
218680,Scribblenauts Unlimited,1,3.58351893845611,19.99,1,19.99,1,19.99,0,0,0,0,0,14.220976332738882,1,1,0,3,1,20,0,0,1,0,0,0,0,0,1,0,0,1,0,0,0,0,0,0,0.0,0,0,1,0,0,0,1,0,1,0,0,1,1,0,0,0,0,1,1,1,0,0,0
826630,Iron Harvest,1,4.543294782270004,29.99,1,29.99,0,29.99,0,0,0,1,0,14.220976332738882,0,0,1,1,0,20,0,0,0,0,0,0,0,0,0,0,0,0,0,0,0,0,0,0,0.0,0,1,0,0,0,1,0,0,0,0,0,1,0,0,0,0,0,0,0,0,0,0,0
996470,eFootball  PES 2020,1,5.204006687076795,0.0,1,0.0,0,0.0,0,0,0,0,1,14.220976332738882,0,0,1,1,1,13,0,0,0,0,0,0,0,0,0,0,0,0,0,0,0,0,1,0,0.0,0,1,0,0,0,0,0,0,0,1,0,0,0,0,0,0,0,0,0,0,0,0,0
1919590,NBA 2K23,0,7.020190708311925,0.0,1,0.0,0,0.0,0,0,0,1,1,14.220976332738882,0,0,1,2,0,20,0,0,0,0,0,0,0,0,0,0,0,1,0,0,0,0,0,1,0.0,0,1,0,0,0,0,0,0,0,1,0,0,0,0,0,0,0,0,0,0,0,0,0
48720,Mount & Blade: With Fire & Sword,1,4.605170185988092,9.99,1,9.99,0,9.99,0,0,0,0,0,14.220976332738882,0,1,0,2,1,20,0,0,0,0,0,0,0,0,0,0,1,0,0,0,1,1,0,1,0.0,0,0,1,0,0,1,0,0,0,0,0,1,1,0,1,0,0,0,1,0,0,0,0
12140,Max Payne,1,3.784189633918261,9.99,0,9.99,0,9.99,0,0,0,0,0,14.220976332738882,0,0,0,1,0,20,0,1,0,0,1,0,0,1,0,0,0,1,0,0,0,1,0,0,0.0,0,0,0,0,0,0,0,1,0,0,1,1,1,0,0,1,0,0,0,0,0,1,1
1206560,WorldBox - God Simulator,1,7.371489295214277,19.99,0,19.99,0,19.99,0,1,0,0,0,14.220976332738882,0,1,0,3,0,20,1,0,0,1,0,0,0,0,0,0,0,0,0,0,0,0,0,0,0.0,0,0,1,1,0,0,0,0,0,0,0,0,0,0,0,0,0,0,0,0,0,0,0
903950,Last Oasis,0,5.0369526024136295,29.99,1,29.99,0,29.99,1,1,1,1,0,14.220976332738882,0,1,0,6,1,20,0,0,0,1,0,0,0,0,0,1,1,0,1,0,1,1,0,0,0.0,1,0,1,1,0,0,0,0,0,0,0,1,1,0,0,0,0,0,0,1,0,1,0
233290,Murdered: Soul Suspect,1,2.4849066497880004,19.99,0,19.99,0,19.99,0,0,0,0,0,14.220976332738882,1,0,0,3,1,20,0,0,0,0,1,0,0,0,0,0,1,1,0,0,1,1,0,0,0.0,0,0,0,0,0,0,0,0,0,0,1,1,1,0,0,0,1,0,0,1,0,0,1
2300320,Farming Simulator 25,1,9.505395198757377,29.99,1,29.99,0,29.99,0,0,0,0,0,14.220976332738882,0,0,0,1,0,20,0,0,0,0,0,0,0,0,0,0,0,0,0,0,0,0,0,0,0.0,0,1,0,0,0,0,0,0,0,1,1,0,0,0,0,0,0,0,1,0,0,0,0
1295660,Sid Meier's Civilization VII,0,8.688116703257823,69.99,1,69.99,0,69.99,0,0,0,1,0,14.220976332738882,0,0,0,2,0,20,0,0,0,0,0,0,0,0,0,0,0,1,0,0,0,0,0,0,0.0,0,0,0,0,1,1,0,0,0,0,0,0,0,0,1,0,0,0,0,0,0,0,0
1325860,VTube Studio,1,9.224243277145174,0.0,1,0.0,1,0.0,0,1,0,0,1,14.220976332738882,0,1,1,3,0,19,0,0,1,0,0,0,0,0,0,0,0,0,0,0,0,0,1,1,0.0,0,0,0,0,0,0,0,0,0,0,0,0,0,0,0,0,0,0,0,0,0,0,0
997070,Marvel's Avengers - The Definitive Edition,0,4.23410650459726,0.0,1,0.0,0,0.0,0,0,0,0,1,14.220976332738882,0,0,1,3,1,20,0,0,0,0,1,0,0,0,0,0,1,0,0,0,1,1,0,0,0.0,0,1,0,0,0,0,0,0,0,0,0,1,1,0,0,0,0,0,0,1,0,0,0
916440,Anno 1800,1,7.932003152361385,59.99,1,59.99,0,59.99,0,0,0,0,0,14.220976332738882,0,0,1,2,0,20,0,0,0,0,1,0,0,0,0,0,0,1,0,0,0,0,0,0,0.0,0,0,1,0,0,0,0,0,0,0,0,0,0,1,1,0,0,0,0,0,0,0,0
858810,Dawn of Man,1,5.780743515792329,24.99,1,24.99,0,24.99,0,1,0,0,0,14.220976332738882,0,1,0,3,1,20,0,0,0,0,1,0,0,0,0,0,0,0,1,0,0,0,0,0,0.0,0,0,1,0,0,0,0,0,0,0,0,0,0,1,1,0,0,0,0,0,0,0,0
1407200,World of Tanks,1,8.261009786023827,0.0,1,0.0,0,0.0,1,0,1,1,1,14.220976332738882,0,0,1,4,0,20,0,0,0,0,0,0,0,0,0,0,0,0,0,1,0,1,1,0,0.0,0,0,0,0,1,1,0,1,0,1,0,1,0,0,1,0,0,0,0,0,0,0,0
238430,Contagion,1,3.332204510175204,9.99,0,9.99,0,9.99,0,1,0,1,0,14.220976332738882,0,0,1,3,0,20,0,0,0,0,0,1,0,0,0,0,0,0,1,0,0,1,0,0,0.0,0,0,0,0,0,0,0,1,0,0,1,1,1,0,0,0,0,0,1,1,0,0,1
1244460,Jurassic World Evolution 2,1,7.254177846456518,59.99,1,59.99,0,59.99,0,0,0,0,0,14.220976332738882,0,0,0,2,1,20,0,0,0,0,0,0,0,0,0,0,0,0,1,0,0,0,0,0,0.0,0,0,1,0,0,0,0,0,0,0,1,1,0,0,0,0,0,0,0,0,0,1,0
1118310,RetroArch,1,6.429719478039138,0.0,1,0.0,1,0.0,0,0,0,0,1,14.220976332738882,0,0,1,1,0,20,1,0,0,0,0,0,0,1,0,0,1,0,0,1,0,0,1,0,0.0,0,0,0,0,0,0,0,0,0,0,0,0,1,0,0,0,0,0,0,0,0,0,0
882100,XCOM: Chimera Squad,1,4.23410650459726,9.99,0,9.99,0,9.99,0,0,0,0,0,14.220976332738882,0,0,0,1,0,16,0,0,0,0,0,0,0,0,0,0,1,1,0,0,0,0,0,1,0.0,0,0,0,0,0,0,0,0,0,0,0,1,0,0,0,0,0,0,1,0,0,0,0
206210,Gotham City Impostors Free to Play,1,0.0,0.0,1,0.0,0,0.0,1,0,0,0,1,14.220976332738882,0,0,1,2,1,20,0,0,1,0,0,1,0,0,1,0,0,1,0,1,0,1,1,1,0.0,0,1,1,0,0,0,0,1,0,0,0,1,1,0,0,0,0,0,0,0,0,0,0
205950,Jet Set Radio,1,2.0794415416798357,0.0,0,0.0,0,0.0,0,0,0,0,1,14.220976332738882,0,0,0,1,1,20,0,1,0,0,0,0,0,1,0,0,0,1,0,0,0,1,0,0,0.0,0,0,0,0,0,0,1,0,0,0,1,1,0,0,0,0,0,0,0,0,1,0,0
879160,Battlerite Royale,1,1.791759469228055,0.0,1,0.0,0,0.0,1,0,1,1,1,14.220976332738882,0,0,0,3,0,14,0,0,0,1,0,0,0,0,0,0,1,0,1,1,0,1,1,0,0.0,0,1,0,0,0,0,0,0,0,0,0,1,0,0,0,0,0,0,0,0,0,0,0
1106840,Hydroneer,1,5.926926025970411,14.99,1,14.99,0,14.99,0,1,0,0,0,14.220976332738882,0,1,1,5,1,20,0,0,1,0,0,0,0,0,0,0,0,0,0,0,0,0,0,0,0.0,1,0,1,0,0,0,0,0,1,0,0,0,1,0,0,0,0,1,0,1,0,0,0
1210320,Potion Craft: Alchemist Simulator,1,6.848005274576363,19.99,0,19.99,1,19.99,0,1,0,0,0,14.220976332738882,0,1,0,2,0,20,0,0,0,0,0,0,0,0,0,0,1,1,0,0,0,0,0,0,0.0,1,0,1,0,0,0,0,0,0,0,0,0,0,1,1,0,1,0,0,0,0,0,0
728540,Islands of Nyne: Battle Royale,0,0.0,0.0,1,0.0,0,0.0,0,1,0,1,1,14.220976332738882,0,1,0,3,0,13,0,0,0,1,0,1,0,0,0,0,0,0,1,0,0,1,1,0,0.0,0,0,0,1,0,0,0,1,0,0,0,1,0,0,0,0,0,0,0,0,0,0,0
285160,LEGO The Hobbit,1,4.248495242049359,19.99,1,19.99,0,19.99,0,0,0,0,0,14.220976332738882,1,0,1,2,1,20,0,0,1,0,0,0,0,0,1,0,1,0,0,0,0,1,0,0,0.0,0,0,0,0,0,0,0,0,0,0,1,1,1,0,0,0,0,1,0,1,0,0,0
1119730,"Ranch Simulator: Build, Hunt, Farm",1,7.305860032684009,24.99,1,24.99,0,24.99,0,0,0,0,0,14.220976332738882,0,1,1,1,1,20,0,0,0,0,0,0,0,0,0,0,0,0,0,0,0,0,0,0,0.0,0,1,1,0,0,0,0,0,0,1,0,0,0,0,0,0,0,0,0,0,0,0,0
1657630,Slime Rancher 2,1,6.263398262591624,29.99,0,17.99,0,17.99,0,1,0,0,0,14.220976332738882,0,0,0,5,1,20,0,0,0,1,0,1,0,0,0,0,0,0,0,0,0,1,0,0,0.40013337779259756,0,0,0,0,0,0,0,0,1,0,1,1,1,0,0,0,0,1,0,1,1,0,0
246420,Kingdom Rush  - Tower Defense,1,5.3706380281276624,9.99,0,9.99,1,9.99,0,0,0,0,0,14.220976332738882,0,1,0,1,0,20,0,0,1,0,0,0,1,0,1,0,1,0,0,0,0,0,0,0,0.0,0,0,0,0,0,0,0,0,0,0,0,1,1,0,0,0,0,0,0,0,1,0,0
1448440,Wo Long: Fallen Dynasty,0,5.0238805208462765,39.99,0,39.99,0,39.99,0,0,0,0,0,14.220976332738882,0,0,1,3,0,20,0,0,0,0,0,0,1,0,0,0,1,0,0,0,1,1,0,1,0.0,0,0,0,0,0,0,0,0,0,0,1,1,1,0,1,0,0,0,0,1,0,1,0
1810580,Nobody - The Turnaround,0,3.6109179126442243,0.0,0,0.0,0,0.0,0,0,0,0,1,14.220976332738882,0,0,0,3,1,20,0,0,0,1,1,0,0,0,0,0,0,0,1,0,0,0,0,1,0.0,0,0,1,1,0,0,0,0,0,1,1,0,1,1,0,0,0,0,0,0,0,0,0
1817190,Marvel’s Spider-Man: Miles Morales,1,5.934894195619588,49.99,1,49.99,0,49.99,0,0,0,0,0,14.220976332738882,0,0,0,2,1,20,0,1,0,0,1,0,0,0,0,0,1,1,0,0,0,1,0,0,0.0,0,0,0,0,0,0,0,0,0,0,0,1,1,0,0,0,0,0,0,1,0,0,0
244450,Men of War: Assault Squad 2,1,6.568077911411976,29.99,1,29.99,0,29.99,0,0,0,0,0,14.220976332738882,0,0,1,3,0,20,0,0,0,0,0,0,1,1,0,0,0,0,0,0,0,1,0,0,0.0,0,0,0,0,1,1,0,0,0,1,1,1,1,0,1,0,0,0,0,0,0,0,0
282660,Easy eSports,1,1.3862943611198906,0.0,1,0.0,0,0.0,0,0,0,0,1,14.220976332738882,0,0,0,1,0,5,0,0,0,0,0,0,0,0,0,0,0,0,0,0,0,0,1,0,0.0,0,0,0,0,0,0,0,0,0,0,0,0,0,0,0,0,0,0,0,0,0,0,0
1325200,Nioh 2 – The Complete Edition,1,7.273786317844895,49.99,1,49.99,0,49.99,0,0,0,0,0,14.220976332738882,0,0,1,2,0,20,0,0,0,0,1,0,1,0,0,0,1,1,0,0,1,1,0,1,0.0,0,0,0,0,0,0,0,0,0,0,1,1,0,0,1,0,0,0,0,0,0,1,0
960990,Beyond: Two Souls,1,5.351858133476067,19.99,0,19.99,0,19.99,0,0,0,0,0,14.220976332738882,0,0,1,2,0,20,0,1,0,0,1,0,0,0,0,0,0,0,0,0,0,1,0,0,0.0,0,0,0,0,0,0,0,0,0,0,1,0,1,1,0,0,0,0,0,1,0,1,1
383180,Dead Island: Riptide Definitive Edition,1,4.948759890378168,19.99,1,19.99,0,19.99,0,0,0,0,0,14.220976332738882,0,0,1,1,1,20,0,0,0,0,0,1,0,0,0,0,1,1,1,0,0,1,0,0,0.0,1,1,0,0,0,0,0,0,0,0,0,1,1,0,0,0,0,0,0,0,0,1,1
209660,Call of Duty: Advanced Warfare - Gold Edition,0,2.8903717578961645,39.99,1,15.99,0,15.99,0,0,0,1,0,14.220976332738882,0,0,1,1,0,20,0,0,0,0,0,1,0,0,0,0,0,1,0,0,0,1,0,0,0.6001500375093773,0,1,0,0,1,1,0,1,0,0,0,1,0,0,0,0,0,0,0,0,0,0,0
751780,Forager,1,5.4638318050256105,19.99,1,19.99,1,19.99,0,1,0,0,0,14.220976332738882,0,1,0,4,1,20,1,0,0,0,0,0,0,0,0,0,1,0,1,0,0,1,0,0,0.0,1,0,1,0,0,0,0,0,0,0,0,0,1,0,0,0,0,0,0,1,0,0,0
544920,Darwin Project,1,0.0,0.0,1,0.0,0,0.0,1,1,0,1,1,14.220976332738882,0,1,1,3,1,20,0,0,0,1,0,1,0,0,0,0,0,0,1,1,0,1,0,0,0.0,1,0,0,0,0,0,0,1,0,0,1,1,1,0,0,0,0,0,0,0,0,0,0
226860,Galactic Civilizations III,1,5.087596335232384,29.99,1,29.99,0,29.99,0,0,0,1,0,14.220976332738882,0,0,0,1,0,20,0,0,0,0,0,0,0,0,0,0,0,0,0,0,0,0,0,0,0.0,0,0,1,0,0,1,0,0,0,0,0,0,0,0,0,0,0,0,1,0,0,0,0
1418630,Dread Hunger,0,6.62273632394984,0.0,1,0.0,0,0.0,0,1,0,1,1,14.220976332738882,0,1,1,3,0,20,0,0,1,0,0,0,1,0,0,0,0,0,1,0,0,1,0,0,0.0,0,1,0,0,0,0,0,0,0,0,1,1,1,0,0,0,0,0,0,1,0,0,1
939400,LoveChoice,1,4.532599493153256,1.99,0,1.99,1,1.99,0,1,0,0,0,14.220976332738882,1,1,0,4,0,20,0,1,0,1,1,0,0,0,0,0,1,0,0,0,1,0,0,0,0.0,0,0,0,0,0,0,0,0,0,0,0,0,1,1,0,0,0,0,0,1,0,0,0
2321470,Deep Rock Galactic: Survivor,1,7.170888478512505,12.99,0,7.79,0,7.79,0,0,0,0,0,14.220976332738882,0,0,0,1,0,20,0,0,0,1,0,0,0,0,0,0,0,0,0,0,0,1,0,0,0.40030792917628943,0,0,0,0,0,0,0,0,0,0,1,1,0,0,0,0,0,0,0,0,0,0,0
268870,Satellite Reign,1,1.791759469228055,29.99,1,29.99,0,29.99,0,1,0,0,0,14.220976332738882,0,1,1,3,1,20,0,1,0,0,0,0,0,0,0,0,1,0,0,0,0,1,0,0,0.0,0,0,0,0,0,0,0,0,0,0,1,1,0,0,0,0,0,0,0,0,0,0,0
953490,CARRION,1,3.8066624897703196,19.99,0,19.99,1,19.99,0,1,0,0,0,14.220976332738882,1,1,0,3,0,20,1,1,0,0,0,0,0,0,0,0,0,1,0,0,0,1,0,0,0.0,0,0,0,0,0,0,1,0,0,0,1,1,1,0,0,0,0,0,0,1,0,1,1
698670,Scorn,1,3.044522437723423,39.99,0,39.99,0,39.99,0,1,0,0,0,14.220976332738882,1,1,0,3,0,20,0,0,0,0,0,1,0,0,0,0,0,0,0,0,0,1,0,0,0.0,0,0,0,0,0,0,0,0,0,0,1,1,1,0,0,1,0,0,0,1,0,1,1
1128920,EVERSPACE 2,1,5.805134968916488,49.99,0,9.99,0,9.99,0,0,0,0,0,14.220976332738882,0,0,0,4,1,20,0,0,0,0,1,0,0,0,0,0,1,0,0,0,1,1,0,0,0.8001600320064013,0,0,0,0,0,0,0,1,0,0,0,1,1,0,0,0,0,0,0,1,0,0,0
1418100,Swords of Legends Online,0,1.0986122886681098,0.0,1,0.0,0,0.0,1,0,1,0,1,14.220976332738882,0,0,1,3,1,20,0,0,0,0,1,0,0,0,0,1,1,0,0,1,1,0,1,1,0.0,0,1,1,0,0,0,0,0,0,0,1,1,1,0,0,0,0,0,0,0,0,0,0
329110,Gems of War - Puzzle RPG,1,7.602401335665818,0.0,1,0.0,1,0.0,0,0,0,1,1,14.220976332738882,1,0,0,6,0,20,0,0,0,0,1,0,0,0,0,0,1,1,0,1,1,1,1,0,0.0,0,0,0,0,0,1,0,0,1,0,0,0,1,0,0,0,0,0,0,1,0,0,0
1264670,The Wind Road,0,0.6931471805599453,29.99,0,29.99,0,29.99,0,1,0,0,0,14.220976332738882,1,1,0,4,1,10,0,0,0,0,0,0,0,0,0,0,1,0,0,0,1,1,0,0,0.0,0,0,0,0,0,0,0,0,0,0,0,1,1,0,0,0,0,0,0,1,0,0,0
214340,Deponia,1,3.258096538021482,9.99,0,0.99,1,0.99,0,1,0,0,0,14.220976332738882,1,1,0,2,0,20,0,1,1,0,1,0,0,1,1,0,0,1,0,0,0,0,0,0,0.9009009009009009,0,0,0,0,0,0,0,0,0,0,0,0,1,0,0,0,1,0,0,1,0,0,0
17570,"Pirates, Vikings, and Knights II",1,2.6390573296152584,0.0,1,0.0,0,0.0,1,1,0,1,1,14.220976332738882,0,1,0,3,0,20,0,0,1,0,0,1,0,0,0,0,0,0,0,1,0,1,1,0,0.0,0,0,0,0,0,0,0,1,0,0,0,1,0,0,1,0,0,0,0,0,0,0,0
1258080,Shop Titans,1,8.09559870137819,0.0,0,0.0,0,0.0,0,0,0,0,1,14.220976332738882,0,0,0,5,0,20,0,0,0,0,0,0,0,0,0,0,1,0,0,1,1,0,1,1,0.0,1,1,0,0,0,0,0,0,1,0,0,0,0,0,0,0,0,1,0,1,0,0,0
610080,Realm Grinder,1,6.39024066706535,0.0,1,0.0,1,0.0,0,0,0,0,1,14.220976332738882,0,1,0,3,0,20,1,0,0,0,0,0,0,0,0,0,1,0,0,1,1,0,1,0,0.0,0,0,0,0,0,0,0,0,0,0,0,0,1,0,0,0,1,0,0,0,0,0,0
962730,Skater XL - The Ultimate Skateboarding Game,1,5.111987788356544,39.99,1,39.99,0,39.99,0,1,0,0,0,14.220976332738882,0,1,0,5,1,20,0,0,0,0,0,0,0,0,0,0,0,0,0,0,0,1,0,1,0.0,0,1,1,0,0,0,0,0,0,1,0,1,1,0,0,0,0,0,1,1,0,0,0
375910,Anno 2205,0,4.1588830833596715,39.99,1,39.99,0,39.99,0,0,0,0,0,14.220976332738882,0,0,0,2,1,20,0,0,0,0,1,0,0,0,0,0,0,1,0,0,0,0,0,0,0.0,0,0,1,0,0,0,0,0,0,0,0,0,0,0,0,0,0,0,0,0,0,0,0
911400,Assassin's Creed III Remastered,0,5.69035945432406,39.99,1,39.99,0,39.99,0,0,0,0,0,14.220976332738882,0,0,1,2,1,20,0,1,0,0,1,0,0,0,0,0,1,0,0,0,0,1,0,0,0.0,0,0,0,0,0,0,0,0,0,0,1,1,1,0,1,0,0,0,0,1,0,0,0
1237980,STAR WARS Battlefront,1,4.02535169073515,19.99,1,19.99,0,19.99,0,0,0,1,0,14.220976332738882,0,0,1,3,0,20,0,0,0,0,0,1,0,0,0,0,0,1,0,0,0,1,0,0,0.0,0,1,0,0,0,0,0,1,0,0,1,1,1,0,0,0,0,0,0,1,0,0,0
1262600,Need for Speed Rivals,1,3.7612001156935624,19.99,1,19.99,0,19.99,0,0,0,1,0,14.220976332738882,0,0,1,3,1,20,0,0,0,0,0,0,0,0,0,0,0,1,0,0,0,1,0,0,0.0,0,1,0,0,0,1,0,0,0,0,1,1,1,0,0,1,0,0,0,1,0,0,0
2679460,Metaphor: ReFantazio,1,7.469654172932128,69.99,0,69.99,0,69.99,0,0,0,0,0,14.220976332738882,0,0,0,3,0,20,0,0,0,0,1,0,0,0,0,0,1,1,0,0,1,1,0,0,0.0,0,0,0,0,0,0,0,0,0,0,0,0,1,0,0,0,0,0,0,1,1,0,0
1419170,My Singing Monsters,1,6.608000625296087,0.0,0,0.0,0,0.0,0,0,0,0,1,14.220976332738882,0,0,0,2,0,20,0,0,0,0,0,0,0,0,0,0,0,0,0,1,0,0,1,0,0.0,0,0,0,0,0,0,0,0,0,0,0,0,0,0,0,0,0,1,0,0,1,0,1
1337520,Risk of Rain Returns,1,5.3981627015177525,14.99,1,14.99,1,14.99,0,0,0,0,0,14.220976332738882,0,0,1,1,0,20,1,0,0,0,0,0,0,0,0,0,0,0,0,0,0,1,0,0,0.0,0,1,0,0,0,0,0,0,0,0,1,1,0,0,0,0,0,0,0,0,0,0,0
2212330,Your Only Move Is HUSTLE,1,6.419994928147142,4.99,0,4.99,1,4.99,0,1,0,0,0,14.220976332738882,0,0,0,4,0,20,1,0,0,0,0,0,0,0,0,0,0,0,0,0,0,1,0,0,0.0,0,0,1,0,0,0,0,0,0,0,0,1,0,0,0,0,0,0,0,0,1,0,0
1134570,F1 2021,1,5.0369526024136295,0.0,1,0.0,0,0.0,0,0,0,1,1,14.220976332738882,0,0,1,3,0,20,0,0,0,0,0,0,0,0,0,0,0,1,0,0,0,0,0,0,0.0,0,1,0,0,0,0,0,0,0,1,0,0,0,0,0,0,0,0,0,0,0,0,0
2420110,Horizon Forbidden West Complete Edition,1,6.913737350659685,59.99,0,59.99,0,59.99,0,0,0,0,0,14.220976332738882,0,0,0,2,1,20,0,1,0,0,1,0,0,0,0,0,1,1,0,0,1,1,0,0,0.0,0,0,0,0,0,0,0,0,0,0,1,1,1,0,0,0,0,0,0,0,0,0,0
1062520,Dinkum,1,7.792761720816526,19.99,0,19.99,0,19.99,0,1,0,0,0,14.220976332738882,0,1,1,5,0,20,0,0,0,0,0,0,0,0,0,0,1,0,0,0,1,0,0,0,0.0,1,1,1,0,0,0,0,0,1,0,0,0,1,0,0,0,0,0,0,1,0,0,0
994280,Gujian3(古剑奇谭三),1,4.6443908991413725,29.99,1,29.99,0,29.99,0,0,0,0,0,14.220976332738882,0,0,0,1,1,20,0,1,0,0,1,0,0,0,0,0,1,0,0,0,1,0,0,0,0.0,0,0,0,0,0,0,0,0,0,0,0,1,1,0,0,0,0,0,0,0,0,0,0
1222730,STAR WARS: Squadrons,0,4.382026634673881,39.99,1,39.99,0,39.99,0,0,0,1,0,14.220976332738882,0,0,1,2,0,20,0,0,0,0,0,1,0,0,0,0,0,1,0,0,0,1,0,0,0.0,0,1,0,0,0,0,0,1,0,0,0,1,1,0,0,0,0,0,0,0,0,0,0
368070,Sniper Ghost Warrior 3,0,4.90527477843843,19.99,1,19.99,0,19.99,0,0,0,0,0,14.220976332738882,0,0,1,1,1,20,0,0,0,0,0,1,0,0,0,0,0,0,0,0,0,1,0,0,0.0,0,1,0,0,1,1,0,1,0,0,0,1,1,0,0,0,0,0,0,0,0,1,0
1669980,Volcano Princess,1,6.317164686747284,10.99,0,7.14,0,7.14,0,1,0,0,0,14.220976332738882,0,1,0,5,0,20,0,0,0,0,1,0,0,0,0,0,1,0,0,0,1,0,0,0,0.35031847133757965,0,0,0,0,0,0,0,0,1,0,0,0,0,1,0,0,0,0,0,0,0,0,0
47780,Dead Space 2,1,4.418840607796598,19.99,1,19.99,0,19.99,0,0,0,0,0,14.220976332738882,0,0,1,2,0,20,0,0,0,0,1,0,0,0,0,0,0,1,1,0,0,1,0,0,0.0,0,0,0,0,0,0,0,1,0,0,1,1,1,0,0,0,0,0,0,1,0,0,1
872410,ROMANCE OF THE THREE KINGDOMS XIV,0,7.510977752014095,59.99,0,59.99,0,59.99,0,0,0,0,0,14.220976332738882,0,0,0,1,0,20,0,0,0,0,0,0,0,0,0,0,1,1,0,0,0,0,0,1,0.0,0,0,0,0,1,1,0,0,0,0,0,0,0,0,1,0,0,0,0,0,0,0,0
531510,Just Shapes & Beats,1,5.3981627015177525,19.99,1,11.99,1,11.99,0,1,0,0,0,14.220976332738882,0,1,1,2,0,20,0,1,1,0,1,0,1,0,0,0,0,0,0,0,0,1,0,0,0.40020010005002493,0,1,0,0,0,0,0,0,0,0,0,1,0,0,0,0,0,0,0,0,1,0,0
2440510,Forza Motorsport,0,6.2285110035911835,69.99,1,69.99,0,69.99,0,0,0,1,0,14.220976332738882,0,0,0,1,1,20,0,0,0,0,0,0,0,0,0,0,0,1,0,0,0,0,0,1,0.0,0,0,0,0,0,0,0,0,0,1,0,0,0,0,0,0,0,1,0,0,0,0,0
469600,Legion TD 2 - Multiplayer Tower Defense,1,6.5337888379333435,24.99,1,24.99,1,24.99,0,1,0,1,0,14.220976332738882,0,0,1,3,0,20,0,0,0,0,0,0,0,0,0,0,0,0,1,0,0,0,0,0,0.0,0,1,0,0,0,0,0,0,1,0,0,0,0,0,0,0,0,0,0,0,0,0,0
22300,Fallout 3,1,3.8066624897703196,9.99,0,9.99,0,9.99,0,0,0,0,0,14.220976332738882,0,0,0,1,1,20,0,0,0,0,1,1,0,0,0,0,1,1,0,0,1,0,0,1,0.0,0,0,1,0,0,0,0,1,0,0,1,1,1,0,0,0,0,0,1,0,0,0,1
17430,Need for Speed Undercover,1,2.6390573296152584,0.0,1,0.0,0,0.0,0,0,0,0,1,14.220976332738882,0,0,0,2,1,14,0,1,0,0,1,0,0,1,0,0,0,1,0,0,0,1,0,0,0.0,0,1,0,0,0,0,0,0,0,0,0,1,0,0,0,0,0,0,0,0,0,0,0
236090,Dust: An Elysian Tail,1,2.1972245773362196,14.99,0,14.99,1,14.99,0,1,0,0,0,14.220976332738882,0,1,0,4,0,20,0,1,0,0,1,0,0,0,0,0,1,1,0,0,1,1,0,0,0.0,0,0,0,0,0,0,1,0,0,0,1,1,1,0,0,0,0,0,0,1,0,0,0
1789480,Marauders,1,2.8903717578961645,29.99,0,29.99,0,29.99,0,0,0,1,0,14.220976332738882,0,0,0,2,1,20,0,0,0,1,0,1,0,0,0,0,0,0,0,0,0,1,0,0,0.0,0,0,0,1,1,1,0,1,0,1,1,1,0,0,0,0,0,0,0,0,0,0,0
22000,World of Goo,1,3.044522437723423,14.99,0,14.99,1,14.99,0,1,0,0,0,14.220976332738882,1,1,0,1,0,20,0,1,1,0,1,0,1,1,1,0,0,0,0,0,0,0,0,0,0.0,0,0,0,0,0,0,0,0,0,0,1,0,0,0,0,0,0,1,0,0,0,0,0
34830,Sniper: Ghost Warrior,0,2.9444389791664403,7.99,1,7.99,0,7.99,0,0,0,0,0,14.220976332738882,0,0,0,1,0,14,0,0,0,0,0,1,0,0,0,0,0,0,0,0,0,1,0,0,0.0,0,0,0,0,1,1,0,1,0,0,0,1,1,0,0,0,0,0,0,0,0,0,0
571740,Golf It!,1,5.8664680569332965,8.99,1,8.99,0,8.99,0,1,0,0,0,14.220976332738882,0,1,1,4,0,20,0,0,1,1,0,0,1,0,0,0,0,0,0,0,0,0,0,0,0.0,0,1,1,0,0,0,0,0,1,0,0,0,0,0,0,0,0,1,0,0,0,0,0
420530,OneShot,1,4.343805421853684,9.99,0,9.99,1,9.99,0,1,0,0,0,14.220976332738882,1,1,0,3,0,20,1,1,0,0,1,0,0,0,0,0,1,0,0,0,0,0,0,0,0.0,0,0,0,0,0,0,0,0,1,0,1,0,1,1,0,1,0,0,0,1,0,0,0
377840,FINAL FANTASY IX,1,5.863631175598097,20.99,0,20.99,0,20.99,0,0,0,0,0,14.220976332738882,0,0,0,1,1,20,0,1,1,0,1,0,0,1,0,0,1,1,0,0,1,0,0,0,0.0,0,0,0,0,0,0,0,0,0,0,1,1,1,0,0,0,0,0,0,0,0,0,0
553420,TUNIC,1,4.74493212836325,29.99,0,29.99,0,29.99,0,0,0,0,0,14.220976332738882,1,1,0,3,0,20,0,0,0,0,0,0,1,0,0,0,1,0,0,0,1,1,0,0,0.0,0,0,0,0,0,0,0,0,0,0,1,1,0,0,0,0,0,0,0,1,1,0,0
209670,Cortex Command,1,1.6094379124341003,19.99,1,19.99,1,19.99,0,1,0,0,0,14.220976332738882,0,1,0,3,0,20,1,0,0,0,0,0,1,0,0,0,0,0,0,0,0,1,0,0,0.0,0,0,1,0,0,0,1,0,0,0,0,1,0,0,0,0,0,0,1,0,0,1,0
611790,House Party,1,5.327876168789581,24.99,0,9.99,0,9.99,0,1,0,0,0,14.220976332738882,1,0,0,5,0,20,0,0,0,0,1,0,0,0,1,0,0,0,0,0,1,0,0,0,0.6002400960384153,0,0,1,0,0,0,0,0,1,0,0,0,1,1,0,0,0,0,0,1,0,0,0
21130,LEGO Harry Potter: Years 1-4,1,4.418840607796598,19.99,1,19.99,0,19.99,0,0,0,0,0,14.220976332738882,1,0,1,2,1,20,0,0,1,0,0,0,0,0,1,0,0,1,0,0,0,1,0,0,0.0,0,0,0,0,0,0,0,0,0,0,1,1,1,0,0,0,0,1,0,1,0,0,0
215530,The Incredible Adventures of Van Helsing,1,3.6635616461296463,14.99,1,14.99,0,14.99,0,1,0,0,0,14.220976332738882,0,1,1,4,0,20,0,0,1,0,0,0,0,0,0,0,1,0,0,0,1,1,0,0,0.0,0,0,0,0,0,0,0,0,0,0,0,1,1,0,0,0,0,0,0,1,0,0,0
235540,Warhammer: End Times - Vermintide,1,4.007333185232471,29.99,1,29.99,0,29.99,0,1,0,0,0,14.220976332738882,0,1,1,2,0,20,0,0,0,0,0,1,0,0,0,0,1,0,1,0,0,1,0,0,0.0,0,1,0,0,0,0,0,0,0,0,1,1,1,0,0,0,0,0,0,0,0,0,1
597170,Clone Drone in the Danger Zone,1,5.3612921657094255,19.99,1,19.99,0,19.99,0,1,0,0,0,14.220976332738882,0,1,1,2,0,20,1,0,1,0,0,0,1,0,1,0,0,0,1,0,0,1,0,0,0.0,0,1,0,0,0,0,0,0,0,0,0,1,0,0,0,0,0,0,0,0,0,0,0
627270,Injustice 2,1,5.62040086571715,99.99,1,9.99,0,9.99,0,0,0,1,0,14.220976332738882,0,0,0,1,0,20,0,0,0,0,1,0,1,0,0,0,0,0,0,0,0,1,0,1,0.9000900090009001,0,1,0,0,0,0,0,0,0,0,0,1,0,0,0,0,0,0,0,0,0,1,0
626690,Sword Art Online: Fatal Bullet,1,3.828641396489095,19.99,1,19.99,0,19.99,0,0,0,0,0,14.220976332738882,0,0,1,2,1,20,0,1,0,0,0,1,0,0,0,1,1,1,0,0,1,1,0,1,0.0,0,1,0,0,0,0,0,1,0,0,0,1,0,0,0,0,0,0,0,0,0,0,0
1328660,Need for Speed Hot Pursuit Remastered,1,4.762173934797756,29.99,1,29.99,0,29.99,0,0,0,0,0,14.220976332738882,0,0,1,2,1,20,0,0,0,0,0,0,0,1,0,0,0,1,0,0,0,1,0,0,0.0,0,0,0,0,0,0,0,0,0,1,0,1,0,0,0,0,0,0,0,0,0,0,0
867210,Songs of Conquest,1,4.804021044733257,29.99,0,7.49,0,7.49,0,0,0,0,0,14.220976332738882,0,0,1,3,0,20,1,0,0,0,1,0,0,0,0,0,0,1,0,0,1,0,0,0,0.7502500833611204,0,0,0,0,0,0,0,0,0,0,1,0,0,0,0,0,0,0,0,1,0,0,0
221640,Super Hexagon,1,2.5649493574615367,2.99,0,2.99,1,2.99,0,1,0,0,0,14.220976332738882,1,1,0,2,0,20,0,1,0,0,0,0,1,0,0,0,0,0,0,0,0,1,0,0,0.0,0,0,0,0,0,0,0,0,0,0,0,1,0,0,0,0,0,0,0,0,1,0,0
211420,DARK SOULS: Prepare To Die Edition,1,4.8283137373023015,0.0,1,0.0,0,0.0,0,0,0,0,1,14.220976332738882,0,0,0,2,1,20,0,1,0,0,0,0,1,0,0,0,1,1,0,0,1,1,0,0,0.0,0,0,0,0,0,0,0,0,0,0,1,1,1,0,0,0,0,0,0,0,0,0,0
332800,Five Nights at Freddy's 2,1,3.58351893845611,7.99,0,7.99,0,7.99,0,1,0,0,0,14.220976332738882,0,1,0,1,0,20,0,0,0,0,1,0,1,0,0,0,0,0,1,0,0,0,0,0,0.0,0,0,0,0,0,0,0,0,0,0,1,0,0,0,1,1,1,0,0,0,0,0,1
2780980,LOCKDOWN Protocol,1,6.021023349349527,9.99,1,9.99,0,9.99,0,1,0,1,0,14.220976332738882,1,0,0,4,0,20,0,0,0,1,0,1,0,0,0,0,0,0,0,0,0,1,0,0,0.0,0,0,0,0,0,0,0,0,1,0,0,1,0,0,0,0,0,0,0,0,0,0,0
595520,FINAL FANTASY XII THE ZODIAC AGE,1,5.700443573390687,49.99,0,49.99,0,49.99,0,0,0,0,0,14.220976332738882,0,0,0,1,1,20,0,1,0,0,1,0,0,1,0,0,1,1,0,0,1,0,0,0,0.0,0,0,0,0,0,0,0,0,0,0,1,1,1,0,0,0,0,0,0,0,0,0,0
1066780,Transport Fever 2,1,8.150756470275551,39.99,0,3.99,0,3.99,0,1,0,0,0,14.220976332738882,0,1,0,4,1,20,0,0,0,0,0,0,0,0,0,0,0,0,0,0,0,0,0,0,0.900225056264066,0,0,1,0,0,0,0,0,1,1,0,0,0,0,0,0,0,0,1,0,0,0,0
707010,Will To Live Online,0,6.297109319933935,0.0,1,0.0,0,0.0,1,1,1,0,1,14.220976332738882,0,1,0,6,1,20,0,0,0,1,0,1,0,0,0,1,1,0,1,1,1,1,1,0,0.0,1,0,0,1,0,0,0,1,0,0,1,1,0,0,0,0,0,0,0,0,0,1,0
1262560,Need for Speed Most Wanted,1,4.897839799950911,19.99,1,19.99,0,19.99,0,0,0,0,0,14.220976332738882,0,0,1,3,1,20,0,1,0,0,0,0,0,0,0,0,0,1,0,0,0,1,0,0,0.0,0,0,0,0,0,0,0,0,0,0,0,1,1,0,0,0,0,0,0,1,0,0,0
301640,Zombie Army Trilogy,1,4.5217885770490405,44.99,1,44.99,0,44.99,0,0,0,0,0,14.220976332738882,0,0,1,1,1,20,0,0,0,0,0,1,0,0,0,0,0,0,1,0,0,1,0,0,0.0,0,0,0,0,0,1,0,1,0,0,0,1,0,0,0,0,0,0,0,0,0,0,1
1104450,Bombergrounds: Battle Royale,1,2.6390573296152584,0.0,1,0.0,0,0.0,1,1,1,1,1,14.220976332738882,0,0,1,6,0,20,0,0,1,0,0,0,0,0,1,0,0,0,0,1,0,1,1,1,0.0,0,1,0,0,0,0,0,0,0,0,0,1,0,0,0,0,0,1,0,1,1,0,0
1080110,F1 2020,1,5.356586274672012,0.0,1,0.0,0,0.0,0,0,0,0,1,14.220976332738882,0,0,0,3,0,16,0,0,0,0,0,0,1,0,0,0,0,0,0,0,0,0,0,0,0.0,0,0,0,0,0,0,0,0,0,1,0,0,0,0,0,0,0,0,0,0,0,0,0
686200,Door Kickers: Action Squad,1,3.4965075614664802,13.99,1,13.99,1,13.99,0,1,0,0,0,14.220976332738882,0,1,1,5,0,20,1,0,0,0,0,0,0,0,0,0,0,0,0,0,0,1,0,0,0.0,0,1,0,0,0,0,0,1,1,0,0,1,0,0,0,0,0,0,0,0,0,0,0
234710,Poker Night 2,1,3.4965075614664802,0.0,0,0.0,0,0.0,0,0,0,0,1,14.220976332738882,0,0,0,2,0,13,0,0,1,0,0,0,0,0,1,0,0,0,0,0,0,0,0,0,0.0,0,0,0,0,0,0,0,0,1,0,1,0,0,0,0,0,1,0,0,0,0,0,0
2161700,Persona 3 Reload,1,7.428927194802272,59.99,0,59.99,0,59.99,0,0,0,0,0,14.220976332738882,0,0,0,3,0,20,0,1,0,0,1,0,0,0,0,0,1,1,0,0,1,0,0,0,0.0,0,0,0,0,0,0,0,0,0,0,0,0,1,0,0,0,0,0,0,1,1,0,0
1627720,Lies of P,1,7.218176838403408,59.99,0,59.99,0,59.99,0,0,0,0,0,14.220976332738882,0,0,0,3,0,20,0,0,0,0,1,0,1,0,0,0,1,0,0,0,1,1,0,0,0.0,0,0,0,0,0,0,0,0,0,0,1,1,1,1,0,0,0,0,0,1,0,1,0
2221490,Tom Clancy’s The Division 2,1,9.157150543462064,29.99,1,29.99,0,29.99,1,0,0,1,0,14.220976332738882,0,0,1,3,1,20,0,0,0,0,1,0,0,0,0,0,1,1,1,0,1,1,0,1,0.0,0,1,0,0,1,0,0,1,0,0,0,1,1,0,0,0,0,0,0,1,0,0,0
317360,Double Action: Boogaloo,1,2.4849066497880004,0.0,1,0.0,0,0.0,0,1,0,0,1,14.220976332738882,0,1,1,3,1,20,0,0,1,0,0,1,0,0,1,0,0,0,1,1,0,1,1,0,0.0,0,1,0,0,0,0,0,1,0,0,0,1,1,0,0,0,0,0,0,0,0,0,0
399810,Call of Cthulhu,1,3.7612001156935624,19.99,0,2.99,0,2.99,0,0,0,0,0,14.220976332738882,0,0,0,2,1,20,0,0,0,0,1,1,0,0,0,0,1,1,0,0,1,0,0,0,0.8504252126063032,0,0,0,0,0,0,0,0,0,0,1,0,1,1,0,1,0,0,0,1,0,0,1
1065310,Evil West,1,4.700480365792417,49.99,1,9.99,0,9.99,0,0,0,0,0,14.220976332738882,0,0,1,3,0,20,0,0,0,0,1,0,0,0,0,0,1,1,0,0,1,1,0,0,0.8001600320064013,0,1,0,0,0,0,0,1,0,0,0,1,1,0,0,0,0,0,0,1,0,1,0
1007040,EARTH DEFENSE FORCE 5,1,5.0369526024136295,59.99,1,59.99,0,59.99,0,0,0,0,0,14.220976332738882,0,0,1,1,0,20,0,0,1,0,0,0,1,0,0,0,0,0,0,0,0,1,0,0,0.0,0,1,0,0,0,0,0,1,0,0,0,1,0,0,0,0,0,0,0,0,0,1,0
403190,Planetbase,1,5.267858159063328,14.99,0,14.99,0,14.99,0,1,0,0,0,14.220976332738882,0,1,0,3,1,20,0,0,0,0,0,0,0,0,0,0,0,0,1,0,0,0,0,0,0.0,1,0,1,0,0,0,0,0,0,0,1,0,1,0,0,0,0,0,0,0,0,0,0
208200,DOOM 3,1,4.77912349311153,9.99,1,9.99,0,9.99,0,0,0,0,0,14.220976332738882,0,0,0,1,0,20,0,1,0,0,0,1,0,1,0,0,0,1,1,0,0,1,0,0,0.0,0,0,0,0,0,0,0,1,0,0,1,1,0,0,0,0,0,0,0,0,0,0,1
1468260,Leaf Blower Revolution - Idle Game,1,7.3914152346753585,0.0,1,0.0,1,0.0,0,1,0,0,1,14.220976332738882,0,1,0,3,0,20,1,1,1,0,0,0,0,0,0,0,0,0,0,1,0,0,1,0,0.0,1,0,0,0,0,0,0,0,1,0,1,0,0,0,0,0,0,0,0,0,1,0,0
339800,HuniePop,1,5.187385805840755,9.99,0,9.99,1,9.99,0,1,0,0,0,14.220976332738882,1,1,0,4,0,20,0,1,0,0,1,0,0,0,1,0,1,0,0,0,1,0,0,0,0.0,0,0,0,0,0,0,0,0,0,0,0,0,0,0,0,0,0,0,0,0,0,0,0
1473480,A.V.A,0,5.3612921657094255,0.0,1,0.0,0,0.0,1,0,1,1,1,14.220976332738882,0,0,1,3,0,20,0,0,0,0,0,1,0,0,0,0,0,0,0,1,0,1,1,0,0.0,0,1,0,0,1,0,0,1,0,0,0,1,0,0,0,0,0,0,0,0,0,1,0
1189490,觅长生,1,7.329749689041512,14.99,0,14.99,1,14.99,0,1,0,0,0,14.220976332738882,0,1,0,3,1,20,0,0,0,0,1,0,0,0,0,0,1,0,0,0,1,0,0,1,0.0,0,0,0,0,0,0,0,0,0,0,0,0,0,0,0,0,0,0,0,0,1,0,0
219890,Antichamber,1,2.4849066497880004,19.99,0,19.99,0,19.99,0,1,0,0,0,14.220976332738882,1,1,0,2,0,20,0,1,0,0,0,0,1,0,0,0,0,0,0,0,0,0,0,0,0.0,0,0,0,0,0,0,1,0,0,0,1,0,1,0,0,0,0,0,0,1,1,0,0
413410,Danganronpa: Trigger Happy Havoc,1,5.159055299214529,19.99,0,19.99,0,19.99,0,0,0,0,0,14.220976332738882,1,0,0,1,0,20,0,1,1,0,1,0,0,0,1,0,0,0,1,0,0,0,0,0,0.0,0,0,0,0,0,0,0,0,0,0,0,1,1,0,0,1,1,0,0,1,0,0,1
536220,The Walking Dead: A New Frontier,1,4.709530201312334,14.99,0,14.99,0,14.99,0,0,0,0,0,14.220976332738882,0,0,0,1,0,20,0,0,0,0,1,0,0,0,0,0,0,0,1,0,0,0,0,0,0.0,0,0,0,0,0,0,0,0,0,0,1,1,1,1,0,0,1,0,0,1,0,1,1
341940,Hatred,1,4.219507705176107,5.99,0,5.99,0,5.99,0,1,0,0,0,14.220976332738882,0,1,0,2,1,20,0,0,0,0,0,0,1,0,0,0,0,0,1,0,0,1,0,0,0.0,0,0,0,0,0,0,0,1,0,0,0,1,0,0,0,1,0,0,0,0,0,1,1
559650,Witch It,1,3.2188758248682006,19.99,1,19.99,0,19.99,0,1,0,1,0,14.220976332738882,0,1,1,3,1,20,0,0,1,1,0,0,0,0,0,0,0,0,1,0,0,1,0,0,0.0,0,1,0,0,0,0,0,0,1,0,1,1,0,0,0,0,0,1,0,0,0,0,0
32500,STAR WARS: The Force Unleashed II,0,3.784189633918261,19.99,0,19.99,0,19.99,0,0,0,0,0,14.220976332738882,0,0,0,1,0,15,0,1,0,0,1,0,1,0,0,0,1,0,0,0,0,1,0,0,0.0,0,0,0,0,0,0,0,0,0,0,1,1,1,0,0,0,0,0,0,0,0,0,0
666140,My Time at Portia,1,6.386879319362645,29.99,0,5.99,0,5.99,0,1,0,0,0,14.220976332738882,0,1,0,5,1,20,0,0,0,0,0,0,0,0,0,0,1,1,1,0,1,0,0,0,0.8002667555851951,1,0,1,0,0,0,0,0,1,0,0,0,1,0,0,0,0,0,0,1,0,0,0
310370,The Way of Life Free Edition,1,1.3862943611198906,0.0,1,0.0,0,0.0,0,1,0,0,1,14.220976332738882,0,1,0,2,1,20,0,1,1,1,1,0,0,0,0,0,0,0,1,1,0,0,1,0,0.0,0,0,0,0,0,0,0,0,0,0,1,1,1,0,0,0,0,1,0,0,0,0,0
669330,Mechabellum,1,7.466799475018602,14.99,1,14.99,0,14.99,0,1,1,1,0,14.220976332738882,0,0,1,5,0,20,0,0,0,0,0,0,0,0,0,0,0,0,0,0,0,1,0,0,0.0,0,0,0,0,0,1,0,0,0,0,0,1,0,0,0,0,0,0,0,0,0,0,0
1262240,Plants vs. Zombies: Battle for Neighborville,1,4.6913478822291435,29.99,1,29.99,0,29.99,0,0,0,1,0,14.220976332738882,0,0,1,3,1,20,0,0,1,0,0,0,0,0,0,0,0,1,0,0,0,1,0,0,0.0,0,1,0,0,0,0,0,1,1,0,0,1,0,0,0,0,0,1,0,0,0,0,0
250180,METAL SLUG 3,1,2.8903717578961645,7.99,1,7.99,1,7.99,0,0,0,0,0,14.220976332738882,0,0,1,1,0,20,1,1,0,0,0,0,1,1,0,0,0,0,0,0,0,1,0,0,0.0,0,1,0,0,0,0,1,1,0,0,0,1,0,0,0,0,0,0,0,0,0,0,0
41700,S.T.A.L.K.E.R.: Call of Pripyat,1,4.962844630259907,19.99,1,19.99,0,19.99,0,0,0,0,0,14.220976332738882,0,0,0,2,1,20,0,0,0,0,0,1,0,1,0,0,1,0,1,0,1,1,0,0,0.0,0,0,1,0,0,0,0,1,0,0,1,1,1,0,0,0,0,0,1,0,0,0,1
999220,Amnesia: Rebirth,1,2.772588722239781,29.99,0,29.99,0,29.99,0,1,0,0,0,14.220976332738882,1,0,0,2,0,20,0,0,0,0,1,0,0,0,0,0,0,0,0,0,0,0,0,0,0.0,0,0,0,0,0,0,0,0,0,0,1,1,1,0,0,1,0,0,0,1,0,0,1
489630,"Warhammer 40,000: Gladius - Relics of War",1,7.190676034332207,39.99,1,39.99,0,39.99,0,0,0,0,0,14.220976332738882,0,0,1,1,0,20,0,1,0,0,0,0,0,0,0,0,0,0,0,0,0,0,0,0,0.0,0,0,0,0,1,1,0,0,0,0,0,0,0,0,0,0,0,0,0,0,0,0,0
10150,Prototype,1,5.4116460518550396,19.99,0,5.99,0,5.99,0,0,0,0,0,14.220976332738882,0,0,0,2,1,20,0,0,0,0,1,0,0,0,0,0,1,1,0,0,0,1,0,0,0.7003501750875437,0,0,1,0,0,0,0,0,0,0,1,1,1,0,0,0,0,0,0,1,0,1,1
208480,Assassin’s Creed III,1,2.70805020110221,0.0,1,0.0,0,0.0,0,0,0,0,1,14.220976332738882,0,0,0,1,1,20,0,0,0,0,1,0,0,0,0,0,0,1,0,0,0,0,0,0,0.0,0,0,1,0,0,0,0,0,0,0,1,1,1,0,1,0,0,0,0,1,0,0,0
244160,Homeworld Remastered Collection,1,4.532599493153256,34.99,1,34.99,0,34.99,0,0,0,0,0,14.220976332738882,0,0,0,2,0,20,0,1,0,0,1,0,0,1,0,0,0,0,0,0,0,0,0,0,0.0,0,0,0,0,0,0,0,0,0,0,1,1,1,0,0,0,0,0,1,0,0,0,0
567640,Danganronpa V3: Killing Harmony,1,5.10594547390058,39.99,0,11.99,0,11.99,0,0,0,0,0,14.220976332738882,1,0,0,1,0,20,0,1,1,0,1,0,0,0,1,0,0,0,0,0,0,0,0,0,0.7001750437609402,0,0,0,0,0,0,0,0,0,0,1,0,1,0,0,1,0,0,0,1,0,0,1
330020,Children of Morta,1,4.248495242049359,21.99,1,21.99,1,21.99,0,1,0,0,0,14.220976332738882,0,0,1,4,0,20,1,0,0,0,1,0,0,0,0,0,1,0,0,0,1,1,0,0,0.0,0,1,0,0,0,0,0,0,0,0,0,1,0,0,0,0,0,0,0,1,0,0,0
607260,McOsu,1,4.394449154672439,0.0,1,0.0,1,0.0,0,1,0,0,1,14.220976332738882,0,1,0,1,0,15,0,1,0,0,0,1,1,0,0,0,0,0,0,0,0,0,1,0,0.0,0,0,0,0,0,0,0,0,0,0,0,0,0,0,0,1,0,0,0,0,0,0,1
2878980,NBA 2K25,0,10.221468444611173,69.99,1,69.99,0,69.99,0,0,0,1,0,14.220976332738882,0,0,1,2,0,20,0,0,0,0,0,0,0,0,0,0,0,1,0,0,0,0,0,1,0.0,0,1,0,0,0,0,0,0,0,0,0,0,0,0,0,0,0,0,0,0,0,0,0
1377580,Soulworker,1,4.852030263919617,0.0,1,0.0,0,0.0,1,0,1,0,1,14.220976332738882,0,0,1,4,0,20,0,0,0,0,1,0,0,0,0,1,1,0,0,1,1,1,1,0,0.0,0,1,0,0,0,0,0,0,0,0,0,1,0,0,0,0,0,0,0,0,0,0,0
625340,XERA: Survival,0,3.6888794541139363,0.0,1,0.0,0,0.0,1,1,1,1,1,14.220976332738882,0,0,0,7,1,20,0,0,0,0,0,1,0,0,0,0,0,0,1,1,0,1,1,0,0.0,1,0,1,0,0,0,0,1,0,0,0,1,0,0,0,0,0,0,0,1,0,0,0
1302240,Labyrinthine,1,5.19295685089021,9.99,1,9.99,0,9.99,0,1,0,0,0,14.220976332738882,1,0,1,3,0,20,0,0,0,0,0,0,0,0,0,0,0,0,0,0,0,1,0,1,0.0,0,1,0,0,0,0,0,0,0,1,1,1,0,0,0,1,0,0,0,1,0,0,1
555160,Pavlov,1,4.68213122712422,24.99,1,24.99,0,24.99,0,1,0,1,0,14.220976332738882,0,1,1,2,0,20,0,0,1,0,0,1,0,0,0,0,0,0,0,0,0,1,0,0,0.0,0,1,0,0,1,0,0,1,0,0,0,1,0,0,0,0,0,0,0,0,0,1,0
690040,SUPERHOT: MIND CONTROL DELETE,1,3.4965075614664802,24.99,0,24.99,0,24.99,0,1,0,0,0,14.220976332738882,1,0,0,2,0,20,0,0,0,0,0,1,1,0,0,0,0,0,0,0,0,1,0,0,0.0,0,0,0,0,0,0,0,1,0,0,1,1,0,0,0,0,0,0,0,0,0,0,0
1148650,The Legend of Bum-Bo,1,2.3978952727983707,14.99,0,14.99,0,14.99,0,1,0,0,0,14.220976332738882,1,1,0,3,0,18,0,1,1,1,0,0,1,0,0,0,1,0,0,0,0,0,0,0,0.0,0,0,0,0,0,0,0,0,0,0,0,0,1,0,0,0,0,0,0,1,0,0,0
678800,SAS: Zombie Assault 4,1,5.327876168789581,0.0,1,0.0,1,0.0,0,0,0,0,1,14.220976332738882,0,0,1,3,0,20,0,0,0,0,0,0,0,0,0,0,1,0,1,1,1,1,1,0,0.0,0,1,0,0,0,0,0,1,0,0,1,1,0,0,0,0,0,0,0,0,0,1,1
1549970,Aliens: Fireteam Elite,1,5.641907070938114,29.99,1,5.99,0,5.99,0,0,0,0,0,14.220976332738882,0,0,1,2,0,20,0,0,0,0,0,0,0,0,0,0,1,0,1,0,1,1,0,1,0.8002667555851951,0,1,0,0,0,0,0,1,0,0,1,1,0,0,0,0,0,0,0,0,0,0,1
404790,Godot Engine,1,6.932447891572509,0.0,0,0.0,1,0.0,0,0,0,0,1,14.220976332738882,0,0,0,1,0,7,0,0,0,0,0,0,0,0,0,0,0,0,0,0,0,0,1,0,0.0,0,0,0,0,0,0,0,0,0,0,0,0,0,0,0,0,0,0,0,0,0,0,0
1382330,Persona 5 Strikers,1,5.298317366548036,59.99,0,59.99,1,59.99,0,0,0,0,0,14.220976332738882,0,0,0,2,0,20,0,1,1,0,1,0,0,0,0,0,1,1,0,0,0,1,0,0,0.0,0,0,0,0,0,0,0,0,0,0,1,1,1,0,0,0,0,0,0,1,1,0,0
1718570,ASTLIBRA Revision,1,6.610696044717759,24.99,0,24.99,1,24.99,0,0,0,0,0,14.220976332738882,0,0,0,3,0,20,0,0,0,0,0,0,0,0,0,0,1,0,0,0,1,1,0,0,0.0,0,0,0,0,0,0,0,0,0,0,0,1,1,0,0,0,0,0,0,1,0,0,0
400750,Call to Arms - Gates of Hell: Ostfront,1,7.7039102096163115,34.99,1,34.99,0,34.99,0,0,0,1,0,14.220976332738882,0,0,0,3,0,20,0,0,0,0,0,0,0,0,0,0,0,0,0,0,0,1,0,0,0.0,0,1,0,0,1,1,0,1,0,1,0,0,0,0,1,0,0,0,1,0,0,0,0
359870,FINAL FANTASY X/X-2 HD Remaster,1,6.655440350367647,29.99,0,29.99,0,29.99,0,0,0,0,0,14.220976332738882,1,0,0,1,1,20,0,1,0,0,1,0,0,1,0,0,1,1,0,0,1,0,0,0,0.0,0,0,0,0,0,0,0,0,0,0,1,1,1,0,0,0,0,0,0,0,0,0,0
558100,Art of War: Red Tides,1,3.8066624897703196,0.0,1,0.0,0,0.0,0,1,0,1,1,14.220976332738882,0,1,1,4,0,20,0,0,0,1,0,0,0,0,0,0,0,0,1,1,0,0,1,0,0.0,0,0,0,1,0,1,0,0,0,0,0,1,1,0,0,0,0,0,0,0,0,1,1
787480,Phoenix Wright: Ace Attorney Trilogy,1,6.717804695023691,29.99,0,9.89,1,9.89,0,0,0,0,0,14.220976332738882,1,0,0,1,0,20,0,1,1,0,1,0,0,1,1,0,0,1,0,0,0,0,0,0,0.6702234078026008,0,0,0,0,0,0,0,0,0,0,0,0,1,0,0,0,1,0,0,1,0,0,0
427290,Vampyr,1,5.5909869805108565,39.99,0,3.99,0,3.99,0,0,0,0,0,14.220976332738882,0,0,0,2,1,20,0,0,0,0,1,0,0,0,0,0,1,1,0,0,1,1,0,0,0.900225056264066,0,0,0,0,0,0,0,0,0,0,1,1,1,1,0,0,0,0,0,0,0,1,1
365360,Battle Brothers,1,6.9957661563048505,29.99,0,29.99,0,29.99,0,0,0,0,0,14.220976332738882,0,0,0,3,1,20,0,0,0,0,0,0,0,0,0,0,1,0,0,0,1,0,0,1,0.0,0,0,1,0,0,1,0,0,0,0,0,1,1,0,1,0,0,0,1,0,0,0,0
1222690,Dragon Age Inquisition,1,6.12029741895095,39.99,1,39.99,0,39.99,0,0,0,0,0,14.220976332738882,0,0,0,4,1,20,0,1,0,0,1,0,0,0,0,0,1,1,0,0,1,1,0,1,0.0,0,0,0,0,0,0,0,0,0,0,1,1,1,1,0,0,0,0,0,1,0,0,0
1369630,ENDER LILIES: Quietus of the Knights,1,5.204006687076795,24.99,0,24.99,1,24.99,0,1,0,0,0,14.220976332738882,0,1,0,3,0,20,0,1,0,0,0,0,1,0,0,0,0,0,0,0,1,1,0,0,0.0,0,0,0,0,0,0,0,0,0,0,1,1,0,0,0,0,0,0,0,0,0,0,0
434570,Blood and Bacon,1,3.367295829986474,0.99,1,0.99,0,0.99,0,0,0,0,0,14.220976332738882,0,1,1,3,0,20,0,0,1,0,0,1,0,0,0,0,0,0,1,0,0,1,0,0,0.0,0,1,0,0,0,0,0,1,1,0,0,1,1,0,0,1,0,0,0,1,0,0,1
1227890,Summer Memories,1,7.368970402194793,19.99,0,19.99,1,19.99,0,0,0,0,0,14.220976332738882,0,1,0,2,0,20,1,0,1,0,0,1,0,0,0,0,1,0,0,0,1,0,0,0,0.0,0,0,0,0,0,0,0,0,0,0,0,0,1,0,0,0,0,0,0,1,0,0,0
631510,Devil May Cry HD Collection,1,6.516193076042964,29.99,0,29.99,0,29.99,0,0,0,0,0,14.220976332738882,0,0,0,1,0,20,0,1,0,0,1,0,1,1,0,0,0,1,0,0,0,1,0,0,0.0,0,0,0,0,0,0,0,0,0,0,1,1,1,0,0,0,0,0,0,0,0,1,0
590380,Into the Breach,1,5.655991810819852,14.99,0,2.99,0,2.99,0,1,0,0,0,14.220976332738882,1,1,0,4,0,20,1,1,0,0,0,0,0,0,0,0,1,0,0,0,1,0,0,0,0.800533689126084,0,0,0,0,0,0,0,0,0,0,0,0,0,0,0,0,0,0,0,0,0,0,0
1490890,Demon Slayer -Kimetsu no Yaiba- The Hinokami Chronicles,1,4.0943445622221,59.99,1,59.99,0,59.99,0,0,0,1,0,14.220976332738882,0,0,0,2,0,20,0,0,0,0,0,0,0,0,0,0,0,1,0,0,0,1,0,0,0.0,0,0,0,0,0,0,0,0,0,0,0,1,1,0,0,0,0,0,0,1,1,0,0
329430,State of Decay: YOSE,1,4.574710978503383,19.99,1,19.99,0,19.99,0,0,0,0,0,14.220976332738882,0,0,1,3,1,20,0,1,0,0,0,0,0,0,0,0,1,1,1,0,1,1,0,0,0.0,1,0,1,0,0,0,0,0,0,0,1,1,1,0,0,0,0,0,0,0,0,0,0
252530,OMSI 2: Steam Edition,1,6.376726947898627,29.99,1,29.99,0,29.99,0,0,0,0,0,14.220976332738882,0,0,0,2,1,20,0,0,0,0,0,0,0,0,0,0,0,0,0,0,0,0,0,0,0.0,0,0,0,0,0,0,0,0,1,1,1,1,1,0,0,0,0,1,1,0,0,0,0
244930,SNOW - The Ultimate Edition,0,0.0,0.0,1,0.0,0,0.0,0,1,0,0,1,14.220976332738882,0,1,0,4,1,20,0,0,0,1,0,0,0,0,0,0,0,0,0,0,0,0,1,0,0.0,0,0,0,0,0,0,0,0,1,1,0,1,1,0,0,0,0,0,0,0,0,0,0
960170,DJMAX RESPECT V,1,6.75110146893676,49.99,1,49.99,1,49.99,0,0,0,1,0,14.220976332738882,0,0,0,3,0,20,1,1,0,1,0,0,1,0,0,0,0,0,0,0,0,1,0,0,0.0,0,0,0,0,0,0,0,0,1,0,0,1,0,0,0,0,0,0,0,0,0,0,0
915320,Pixel Strike 3D,1,4.060443010546419,0.0,1,0.0,0,0.0,1,1,0,1,1,14.220976332738882,0,0,1,5,0,20,1,0,0,0,0,1,0,0,0,0,0,0,0,1,1,1,1,1,0.0,0,1,0,0,1,0,0,1,0,0,0,1,0,0,0,0,0,0,0,1,0,0,0
1049800,BLOCKADE,1,3.091042453358316,0.0,1,0.0,0,0.0,1,1,1,0,1,14.220976332738882,0,1,1,4,1,20,1,0,0,1,0,1,0,0,0,0,0,0,1,1,0,1,1,0,0.0,0,0,0,0,0,0,0,1,0,0,0,1,0,0,0,1,0,0,0,0,0,0,1
1922560,Plants vs. Zombies Garden Warfare 2: Deluxe Edition,1,6.752270376141742,29.99,1,29.99,0,29.99,0,0,0,1,0,14.220976332738882,0,0,1,3,0,20,0,0,1,0,0,0,0,0,0,0,0,1,0,0,0,1,0,1,0.0,0,1,0,0,0,0,0,1,1,0,1,1,0,0,0,0,0,0,0,0,1,0,0
1385380,Across the Obelisk,1,6.2766434893416445,19.99,1,19.99,1,19.99,0,1,0,0,0,14.220976332738882,0,0,1,4,0,20,0,0,0,0,0,0,1,0,0,0,1,0,0,0,1,0,0,0,0.0,0,0,0,0,0,0,0,0,0,0,0,0,0,0,0,0,0,0,0,1,0,0,0
352400,LEGO Jurassic World,1,4.564348191467836,19.99,1,19.99,0,19.99,0,0,0,0,0,14.220976332738882,1,0,1,2,1,20,0,0,1,0,0,0,0,0,1,0,0,1,0,0,0,1,0,0,0.0,0,0,0,0,0,0,0,0,0,0,1,1,1,0,1,0,0,1,0,1,0,0,0
237310,Elsword,1,5.996452088619021,0.0,1,0.0,1,0.0,1,0,1,1,1,14.220976332738882,0,0,1,6,0,20,0,0,0,0,0,0,0,0,0,1,1,0,0,1,1,1,1,0,0.0,0,1,0,0,0,0,1,0,1,0,0,1,1,0,0,0,0,0,0,1,0,0,0
1465360,SnowRunner,1,8.049746290952191,29.99,1,11.99,0,11.99,0,0,0,0,0,14.220976332738882,0,0,0,2,1,20,0,0,0,0,0,0,0,0,0,0,0,1,0,0,0,0,0,0,0.6002000666888964,0,0,1,0,0,0,0,0,0,1,1,0,1,0,0,0,0,0,0,1,0,0,0
1097840,Gears 5,1,5.442417710521793,29.99,1,29.99,0,29.99,0,0,0,0,0,14.220976332738882,0,0,1,2,1,20,0,0,0,0,1,0,0,0,0,0,0,1,0,0,0,1,0,0,0.0,0,0,0,0,0,0,0,1,0,0,0,1,1,0,0,0,0,0,0,1,0,1,1
375480,Chronicon,1,4.30406509320417,13.99,0,13.99,1,13.99,0,1,0,0,0,14.220976332738882,0,1,0,4,0,20,1,0,0,0,0,0,0,0,0,0,1,0,0,0,1,1,0,0,0.0,1,0,0,0,0,0,0,0,0,0,0,1,1,0,0,0,0,0,0,1,0,0,0
411300,ELEX,1,4.418840607796598,29.99,0,29.99,0,29.99,0,0,0,0,0,14.220976332738882,0,0,0,3,1,20,0,0,0,0,1,0,1,0,0,0,1,1,0,0,1,1,0,0,0.0,0,0,0,0,0,1,0,0,0,0,1,1,1,1,0,0,0,0,0,1,0,1,0
404410,Endless Sky,1,5.081404364984463,0.0,0,0.0,1,0.0,0,1,0,0,1,14.220976332738882,0,1,0,6,1,20,0,0,0,0,1,0,0,0,0,0,1,0,0,1,1,1,1,0,0.0,0,0,1,0,0,0,0,0,0,0,0,1,1,0,0,0,0,0,0,1,0,0,0
736260,Baba Is You,1,5.598421958998375,14.99,0,14.99,1,14.99,0,1,0,0,0,14.220976332738882,1,1,0,1,0,20,1,1,1,0,0,0,1,0,0,0,0,0,0,0,0,0,0,0,0.0,0,0,0,0,0,0,0,0,0,0,1,0,0,0,0,0,0,0,0,0,0,0,0
578650,The Outer Worlds,1,5.017279836814924,29.99,0,29.99,0,29.99,0,0,0,0,0,14.220976332738882,0,0,0,1,1,20,0,0,1,0,1,1,0,0,1,0,1,0,0,0,1,0,0,1,0.0,0,0,0,0,0,0,0,1,0,0,0,1,1,1,0,0,0,0,0,0,1,0,0
931690,Himno,1,0.6931471805599453,0.0,1,0.0,1,0.0,0,1,0,0,1,14.220976332738882,0,0,0,4,0,20,1,0,0,0,0,0,0,0,0,0,1,0,0,1,0,0,1,0,0.0,0,0,0,0,0,0,1,0,1,0,0,1,1,0,0,0,0,0,0,1,0,0,0
1256670,Library Of Ruina,1,7.170119543449628,29.99,0,29.99,1,29.99,0,1,0,0,0,14.220976332738882,0,1,0,3,0,20,0,1,0,0,1,0,1,0,0,0,1,0,0,0,1,0,0,0,0.0,0,0,0,0,0,0,0,0,0,0,0,1,0,0,0,1,0,0,0,0,0,0,1
859580,Imperator: Rome,0,6.306275286948016,39.99,1,39.99,0,39.99,0,0,0,0,0,14.220976332738882,0,0,0,2,1,20,0,0,0,1,0,0,0,0,0,0,0,1,0,0,0,0,0,0,0.0,0,0,1,0,0,1,0,0,0,0,0,0,0,1,1,0,0,0,1,0,0,0,0
2051620,Enlisted: Reinforced,1,7.851661177889265,0.0,1,0.0,0,0.0,1,0,1,1,1,14.220976332738882,0,0,1,3,0,20,0,0,0,0,0,1,0,0,0,0,0,0,0,1,0,1,1,0,0.0,0,1,0,0,0,1,0,1,0,1,0,1,0,0,0,0,0,0,0,0,0,0,0
224480,Octodad: Dadliest Catch,1,2.9444389791664403,14.99,0,14.99,0,14.99,0,1,0,0,0,14.220976332738882,1,1,1,3,0,20,0,1,1,0,0,0,1,0,1,0,0,0,0,0,0,1,0,0,0.0,0,0,0,0,0,0,0,0,0,0,0,1,1,0,0,0,0,1,0,1,0,0,0
225840,Sven Co-op,1,4.727387818712341,0.0,1,0.0,0,0.0,0,1,0,0,1,14.220976332738882,1,0,1,4,0,20,0,0,0,0,0,1,0,0,0,0,0,0,1,1,0,1,1,0,0.0,0,1,0,0,0,0,0,1,1,0,0,1,0,0,0,0,0,0,1,0,0,0,0
803330,Destroy All Humans!,1,3.1354942159291497,29.99,1,29.99,0,29.99,0,0,0,0,0,14.220976332738882,0,0,0,2,1,20,0,0,1,0,0,0,0,1,1,0,0,1,0,0,0,1,0,0,0.0,0,0,1,0,0,0,0,0,0,0,0,1,1,0,0,0,0,0,0,1,0,1,0
1703340,The Stanley Parable: Ultra Deluxe,1,4.30406509320417,24.99,0,24.99,0,24.99,0,1,0,0,0,14.220976332738882,0,0,0,3,0,20,0,0,1,0,1,0,0,0,1,0,0,0,0,0,0,0,0,0,0.0,0,0,0,0,0,0,0,0,1,0,1,0,1,1,0,1,0,0,0,1,0,0,1
480490,Prey,1,5.575949103146316,29.99,0,29.99,0,29.99,0,0,0,0,0,14.220976332738882,0,0,0,2,1,20,0,1,0,0,1,1,0,0,0,0,1,1,0,0,0,1,0,0,0.0,0,0,0,0,0,0,0,0,0,0,1,1,1,0,0,1,0,0,0,1,0,0,1
1677280,Company of Heroes 3,0,7.688913336864796,59.99,1,59.99,0,59.99,0,0,0,1,0,14.220976332738882,0,0,1,2,0,20,0,0,0,0,0,0,0,0,0,0,0,0,0,0,0,1,0,0,0.0,0,0,0,0,1,1,0,0,0,0,0,1,0,1,1,0,0,0,0,0,0,0,0
2000950,Call of Duty: Modern Warfare,1,6.742880635791903,59.99,1,14.99,0,14.99,0,0,0,1,0,14.220976332738882,0,0,1,1,0,20,0,0,0,0,1,1,0,0,0,0,0,1,0,0,0,1,0,0,0.7501250208368061,0,1,0,0,1,1,0,1,0,1,0,1,0,0,0,0,0,0,0,0,0,1,0
763890,Wildermyth,1,5.602118820879701,24.99,0,24.99,0,24.99,0,1,0,0,0,14.220976332738882,0,1,0,3,0,20,0,0,0,0,1,0,0,0,0,0,1,0,0,0,1,0,0,1,0.0,0,0,0,0,0,0,0,0,0,0,0,0,0,1,0,0,0,0,1,0,0,0,0
280160,Aragami,1,2.4849066497880004,19.99,1,19.99,0,19.99,0,1,0,0,0,14.220976332738882,0,1,1,3,1,20,0,1,0,0,0,0,0,0,0,0,0,0,0,0,0,1,0,0,0.0,0,1,0,0,0,0,0,0,0,0,1,1,1,0,0,0,0,0,0,1,0,1,0
2058180,Judgment,1,5.313205979041787,39.99,0,39.99,0,39.99,0,0,0,0,0,14.220976332738882,0,0,0,2,0,20,0,0,0,0,0,0,0,0,0,0,0,1,0,0,0,1,0,0,0.0,0,0,0,0,0,0,0,0,0,1,0,1,1,0,0,0,0,0,0,1,0,0,0
738520,Breathedge,1,3.6375861597263857,24.99,0,2.49,0,2.49,0,1,0,0,0,14.220976332738882,0,1,0,4,1,20,0,0,0,1,0,0,0,0,0,0,0,0,1,0,0,1,0,0,0.9003601440576231,1,0,1,0,0,0,0,0,0,0,1,1,1,0,0,0,0,0,0,1,0,0,0
222480,Resident Evil Revelations,1,4.624972813284271,19.99,1,4.99,0,4.99,0,0,0,0,0,14.220976332738882,0,0,1,2,0,20,0,1,0,0,1,0,0,0,0,0,0,1,1,0,0,1,0,0,0.7503751875937968,0,1,0,0,0,0,0,1,0,0,1,1,1,0,0,0,0,0,0,1,0,0,1
1113120,IXION,1,4.897839799950911,34.99,0,10.49,0,10.49,0,1,0,0,0,14.220976332738882,0,1,0,3,0,20,0,0,0,0,0,0,1,0,0,0,0,0,1,0,0,0,0,0,0.7002000571591883,0,0,0,0,0,0,0,0,0,0,1,0,0,1,0,0,0,0,0,0,0,0,0
350080,Wolfenstein: The Old Blood,1,5.062595033026967,19.99,1,19.99,0,19.99,0,0,0,0,0,14.220976332738882,0,0,0,1,0,20,0,0,1,0,1,1,0,0,0,0,0,1,0,0,0,1,0,0,0.0,0,0,0,0,0,1,0,1,0,0,1,1,1,0,0,0,0,0,0,0,0,0,1
1238000,Mass Effect: Andromeda Deluxe Edition,1,5.655991810819852,39.99,1,39.99,0,39.99,0,0,0,0,0,14.220976332738882,0,0,0,2,1,20,0,0,0,0,1,0,0,0,0,0,1,1,0,0,1,1,0,1,0.0,0,0,0,0,0,0,0,1,0,0,0,1,1,1,0,0,0,0,0,0,0,1,0
1338770,Sniper Ghost Warrior Contracts 2,1,5.384495062789089,39.99,1,39.99,0,39.99,0,0,0,0,0,14.220976332738882,0,0,0,1,0,20,0,0,0,0,0,1,0,0,0,0,0,0,0,0,0,1,0,0,0.0,0,0,0,0,1,1,0,1,0,1,0,1,0,0,0,0,0,0,0,0,0,1,0
410110,12 is Better Than 6,1,2.302585092994046,9.99,0,1.99,1,1.99,0,1,0,0,0,14.220976332738882,0,1,0,2,0,20,0,1,1,0,0,0,1,0,0,0,0,0,0,0,0,1,0,0,0.8008008008008007,0,0,0,0,0,0,0,1,0,0,1,1,1,0,0,0,0,0,0,0,0,1,0
597820,BIOMUTANT,0,3.6375861597263857,39.99,1,39.99,0,39.99,0,0,0,0,0,14.220976332738882,0,1,0,2,1,20,0,0,0,0,1,0,0,0,0,0,1,1,0,0,1,1,0,1,0.0,0,0,0,0,0,0,0,0,0,0,1,1,1,0,0,0,0,0,0,0,0,0,0
1954200,Kena: Bridge of Spirits,1,3.784189633918261,39.99,0,39.99,0,39.99,0,1,0,0,0,14.220976332738882,0,1,0,3,0,20,0,0,0,0,1,0,0,0,0,0,0,0,0,0,0,1,0,0,0.0,0,0,0,0,0,0,0,0,0,0,1,1,1,0,0,0,0,0,0,1,0,0,0
485610,Soccer Online: Ball 3D,1,4.356708826689592,0.99,1,0.49,0,0.49,0,0,0,1,0,14.220976332738882,0,0,0,1,0,20,0,0,0,0,0,0,1,0,0,0,0,0,0,0,0,0,0,1,0.5050505050505051,0,1,0,0,0,0,0,0,0,0,0,1,0,0,0,0,0,0,0,0,1,0,0
1285670,Post Void,1,2.1972245773362196,2.99,0,2.99,0,2.99,0,1,0,0,0,14.220976332738882,0,0,0,2,0,20,1,0,0,0,0,1,1,0,0,0,0,0,0,0,0,1,0,0,0.0,0,0,0,0,0,0,0,1,0,0,0,1,0,0,0,0,0,0,0,0,1,1,0
362680,Fran Bow,1,4.394449154672439,14.99,0,14.99,1,14.99,0,1,0,0,0,14.220976332738882,1,1,0,2,0,20,0,1,0,0,1,0,0,0,0,0,0,0,0,0,0,0,0,0,0.0,0,0,0,0,0,0,0,0,0,0,1,0,1,0,0,1,1,0,0,1,0,0,1
313160,Farming Simulator 15,1,4.442651256490317,12.99,1,12.99,0,12.99,0,0,0,0,0,14.220976332738882,0,0,1,1,1,20,0,0,0,0,0,0,0,0,0,0,0,0,0,0,0,0,0,0,0.0,0,1,1,0,0,0,0,0,0,1,0,0,0,0,0,0,0,1,1,0,0,0,0
257850,Hyper Light Drifter,1,3.8066624897703196,19.99,0,19.99,1,19.99,0,1,0,0,0,14.220976332738882,0,1,0,4,0,20,1,1,0,0,0,0,1,0,0,0,1,0,0,0,1,1,0,0,0.0,0,0,0,0,0,0,0,0,0,0,1,1,1,0,0,0,0,0,0,1,1,0,0
1127400,Mindustry,1,6.490723534502507,9.99,1,9.99,1,9.99,0,0,0,1,0,14.220976332738882,0,1,1,1,0,20,1,0,0,0,0,0,0,0,0,0,0,0,1,0,0,0,0,0,0.0,0,1,1,0,0,0,0,0,0,0,0,1,0,0,0,0,0,0,0,0,0,0,0
19680,Alice: Madness Returns,1,5.564520407322694,9.99,0,9.99,0,9.99,0,0,0,0,0,14.220976332738882,0,0,0,2,0,20,0,0,0,0,1,0,0,0,0,0,0,1,0,0,0,1,0,0,0.0,0,0,0,0,0,0,1,0,0,0,1,1,1,0,0,0,0,0,0,1,0,0,1
493900,Dungeons 3,1,4.143134726391533,29.99,1,5.99,0,5.99,0,0,0,0,0,14.220976332738882,0,0,0,2,0,20,0,0,1,0,0,0,0,0,1,0,0,0,0,0,0,0,0,0,0.8002667555851951,0,1,0,0,0,0,0,0,0,0,0,0,0,0,0,0,0,0,0,0,0,0,1
2593370,The Hungry Lamb: Traveling in the Late Ming Dynasty,1,5.204006687076795,9.99,0,9.99,0,9.99,0,1,0,0,0,14.220976332738882,0,0,0,3,0,20,0,0,0,0,1,0,0,0,0,0,1,0,0,0,1,0,0,0,0.0,0,0,0,0,0,0,0,0,0,0,0,0,1,0,1,1,0,0,0,1,0,0,0
298240,War Trigger 3,0,2.302585092994046,0.0,1,0.0,0,0.0,0,1,0,1,1,13.527829818844937,0,1,1,5,1,20,0,0,0,1,0,1,0,0,0,0,0,0,0,1,0,1,1,0,0.0,0,0,0,0,0,1,0,1,1,0,0,1,1,0,0,0,0,0,0,0,0,0,0
247000,Talisman: Digital Classic Edition,1,4.634728988229636,6.99,1,2.09,0,2.09,0,1,0,1,0,13.527829818844937,0,1,0,3,0,20,0,0,0,0,0,0,0,0,0,0,1,0,0,0,1,0,0,0,0.7010014306151645,0,0,0,0,0,0,0,0,0,0,0,0,1,0,0,0,0,0,0,0,0,0,0
1116960,UNDEFEATED,1,3.1354942159291497,0.0,1,0.0,0,0.0,0,1,0,0,1,13.527829818844937,0,1,0,3,1,16,0,0,1,0,0,0,0,0,0,0,0,0,0,1,0,1,1,0,0.0,0,1,1,0,0,0,0,0,0,0,0,1,0,0,0,0,0,0,0,0,0,0,0
240760,Wasteland 2: Director's Cut,1,2.3978952727983707,29.99,0,29.99,0,29.99,0,1,0,0,0,13.527829818844937,0,1,0,4,1,20,0,0,0,0,0,0,0,0,0,0,1,0,1,0,1,0,0,0,0.0,0,0,0,0,0,0,0,0,0,0,1,0,1,0,0,0,0,0,0,1,0,0,0
493490,City Car Driving,1,6.184148890937483,24.99,1,24.99,0,24.99,0,1,0,0,0,13.527829818844937,0,1,0,3,1,20,0,0,0,0,0,0,0,0,0,0,0,0,0,0,0,0,0,0,0.0,0,0,0,0,0,0,0,0,0,1,0,0,1,0,0,1,0,1,1,0,0,0,1
46500,Syberia,1,3.258096538021482,12.99,0,12.99,0,12.99,0,0,0,0,0,13.527829818844937,1,0,0,2,0,19,0,1,0,0,1,0,0,1,0,0,0,0,0,0,0,0,0,0,0.0,0,0,0,0,0,0,0,0,1,0,1,0,1,0,0,0,1,0,0,1,0,0,0
1812620,DSX,0,8.541300266759471,7.99,0,7.99,0,7.99,0,1,0,0,0,13.527829818844937,0,1,0,5,0,6,0,0,0,0,0,0,0,0,0,0,0,0,0,0,0,1,0,0,0.0,0,0,0,0,0,0,0,0,0,0,0,0,0,0,0,0,0,0,0,1,0,0,0
1226470,Shadow Arena,0,0.0,0.0,1,0.0,0,0.0,1,0,1,1,1,13.527829818844937,0,0,1,6,0,20,0,0,0,1,0,0,0,0,0,1,1,0,0,1,1,1,1,0,0.0,0,1,0,1,0,0,0,0,0,0,0,1,0,0,0,0,0,0,0,0,0,0,0
2990,FlatOut 2,1,4.454347296253507,9.99,1,1.99,0,1.99,0,0,0,0,0,13.527829818844937,0,0,0,1,0,20,0,0,1,0,0,0,0,0,0,0,0,0,0,0,0,0,0,0,0.8008008008008007,0,0,0,0,0,0,0,0,0,0,0,1,0,0,0,0,0,0,0,0,0,0,0
312670,Strange Brigade,1,2.9444389791664403,49.99,1,49.99,0,49.99,0,0,0,0,0,13.527829818844937,1,0,1,2,1,20,0,0,1,0,0,0,0,0,1,0,0,0,1,0,0,1,0,0,0.0,0,1,0,0,0,0,0,1,0,0,0,1,1,0,0,0,0,0,0,1,0,1,1
384190,ABZU,1,2.3978952727983707,19.99,0,19.99,0,19.99,0,1,0,0,0,13.527829818844937,0,1,0,4,1,20,0,1,0,0,1,0,0,0,0,0,0,1,0,0,0,0,0,0,0.0,0,0,0,0,0,0,0,0,1,0,1,0,1,0,0,0,0,1,0,1,1,0,0
875210,Kingdom Heroes 8,0,5.552959584921617,29.99,0,29.99,1,29.99,0,0,0,0,0,13.527829818844937,0,0,0,4,0,20,0,0,0,0,0,0,0,0,0,0,1,0,0,0,1,1,0,1,0.0,0,0,0,0,0,1,0,0,0,1,0,1,0,0,1,0,0,0,0,0,0,0,0
1985810,Call of Duty: Black Ops Cold War,1,6.4692503167957724,59.99,1,14.99,0,14.99,0,0,0,1,0,13.527829818844937,0,0,1,1,0,20,0,0,0,0,1,1,0,0,0,0,0,1,0,0,0,1,0,0,0.7501250208368061,0,1,0,0,1,1,0,1,0,0,0,1,0,0,0,0,0,0,0,0,0,1,0
861650,Session: Skate Sim,1,5.572154032177765,39.99,1,39.99,0,39.99,0,1,0,0,0,13.527829818844937,0,1,0,4,0,20,0,0,1,1,0,0,1,0,0,0,0,0,0,0,0,0,0,1,0.0,0,0,0,0,0,0,0,0,0,1,0,1,0,0,0,0,0,1,0,0,0,0,0
445980,Wizard of Legend,1,4.2626798770413155,15.99,1,15.99,1,15.99,0,1,0,0,0,13.527829818844937,0,1,1,3,0,20,1,0,0,0,0,0,1,0,0,0,1,0,0,0,0,1,0,0,0.0,0,0,0,0,0,0,0,0,0,0,0,1,1,0,0,0,0,0,0,1,0,0,0
2140020,Stronghold: Definitive Edition,1,5.4680601411351315,14.99,1,14.99,1,14.99,0,0,0,0,0,13.527829818844937,0,0,0,2,1,20,0,0,1,0,0,0,0,0,0,0,0,0,0,0,0,0,0,0,0.0,0,0,1,0,0,0,0,0,0,0,1,0,0,0,1,0,0,0,0,0,0,0,0
501300,What Remains of Edith Finch,1,4.2626798770413155,19.99,0,19.99,0,19.99,0,1,0,0,0,13.527829818844937,1,1,0,2,0,20,0,1,0,0,1,0,0,0,0,0,0,1,0,0,0,0,0,0,0.0,0,0,0,0,0,0,0,0,0,0,1,0,1,0,0,1,0,0,0,1,0,0,1
65540,Gothic 1,1,4.6443908991413725,19.99,0,19.99,0,19.99,0,0,0,0,0,13.527829818844937,0,0,0,2,1,20,0,1,0,0,1,0,1,1,0,0,1,1,0,0,1,1,0,0,0.0,0,0,0,0,0,0,0,0,0,0,1,1,1,1,0,0,0,0,0,0,0,0,0
1162520,Richman10,0,5.545177444479562,13.99,1,8.39,0,8.39,0,0,0,0,0,13.527829818844937,0,0,1,2,0,10,0,0,0,0,0,0,0,0,0,0,0,0,0,0,0,0,0,0,0.4002859185132237,0,0,0,0,0,0,0,0,1,0,0,0,0,0,0,0,0,0,0,0,0,0,0
409160,"Dr. Langeskov, The Tiger, and The Terribly Cursed Emerald: A Whirlwind Heist",1,1.0986122886681098,0.0,0,0.0,0,0.0,0,1,0,0,1,13.527829818844937,1,1,0,2,0,20,0,0,1,0,1,0,0,0,1,0,0,0,0,1,0,0,1,0,0.0,0,0,0,0,0,0,0,0,0,0,1,1,1,0,0,1,0,0,0,0,0,0,0
319910,Trine 3: The Artifacts of Power,0,2.302585092994046,21.99,1,4.39,0,4.39,0,1,0,0,0,13.527829818844937,1,1,1,4,0,20,0,0,0,0,0,0,0,0,0,0,1,0,0,0,1,1,0,0,0.8003638017280582,0,0,0,0,0,0,1,0,0,0,1,1,1,0,0,0,0,0,0,1,0,0,0
562810,MONOPOLY PLUS,0,3.6888794541139363,0.0,1,0.0,0,0.0,0,0,0,1,1,13.527829818844937,0,0,0,1,0,20,0,0,1,0,0,0,0,0,0,0,0,1,0,0,0,0,0,0,0.0,0,0,0,0,0,0,0,0,1,0,0,0,0,0,0,0,0,1,0,0,1,0,0
301910,Saints Row: Gat out of Hell,1,2.3978952727983707,14.99,1,14.99,0,14.99,0,0,0,0,0,13.527829818844937,0,0,1,1,1,20,0,0,1,0,0,0,0,0,1,0,0,1,0,0,0,1,0,0,0.0,0,1,1,0,0,0,0,1,0,0,1,1,1,0,0,0,0,0,0,0,0,1,0
955900,Amazing Cultivation Simulator,1,6.395261598115449,24.99,0,24.99,1,24.99,0,0,0,0,0,13.527829818844937,0,1,0,0,1,20,0,0,0,1,0,0,0,0,0,0,1,0,1,0,0,0,0,0,0.0,0,0,1,0,0,0,0,0,0,0,0,0,0,0,0,1,0,0,0,0,0,0,0
1543030,Sword and Fairy 7,1,4.23410650459726,29.99,0,29.99,0,29.99,0,0,0,0,0,13.527829818844937,0,0,0,3,1,20,0,1,0,0,1,0,0,0,0,0,1,0,0,0,1,1,0,0,0.0,0,0,0,0,0,0,0,0,0,0,1,1,1,0,0,0,0,0,0,1,0,0,0
17450,Dragon Age: Origins,1,2.0794415416798357,29.99,0,29.99,0,29.99,0,0,0,0,0,13.527829818844937,0,0,0,1,1,20,0,0,0,0,1,0,0,0,0,0,1,1,0,0,1,0,0,1,0.0,0,0,0,0,0,0,0,0,0,0,1,1,1,1,0,0,0,0,0,0,0,0,0
1084600,My Time at Sandrock,1,7.31455283232408,39.99,1,11.99,0,11.99,0,1,0,0,0,13.527829818844937,0,1,0,5,1,20,0,0,0,0,0,0,0,0,0,0,1,0,0,0,1,0,0,1,0.7001750437609402,1,0,1,0,0,0,0,0,1,0,0,0,1,0,0,0,0,0,0,1,0,0,0
677120,Heroes of Hammerwatch,1,3.9318256327243257,14.99,1,2.99,1,2.99,0,1,0,0,0,13.527829818844937,0,1,1,3,0,20,1,0,0,0,0,0,0,0,0,0,1,1,0,0,1,1,0,0,0.800533689126084,0,1,0,0,0,0,0,0,0,0,0,1,1,0,0,0,0,0,0,0,0,0,0
960910,Heavy Rain,1,5.298317366548036,19.99,0,19.99,0,19.99,0,0,0,0,0,13.527829818844937,0,0,0,2,0,20,0,0,0,0,1,0,0,0,0,0,0,0,0,0,0,1,0,0,0.0,0,0,0,0,0,0,0,0,0,0,1,0,1,1,0,0,0,0,0,1,0,1,0
367450,Poly Bridge,1,4.204692619390966,9.99,0,9.99,0,9.99,0,1,0,0,0,13.527829818844937,1,1,0,2,0,20,0,1,1,0,0,0,1,0,0,0,0,0,0,0,0,0,0,0,0.0,1,0,1,0,0,0,0,0,0,0,0,0,0,1,0,0,0,1,0,0,1,0,0
388090,Five Nights at Freddy's 4,1,3.1354942159291497,7.99,0,7.99,0,7.99,0,1,0,0,0,13.527829818844937,0,1,0,3,0,20,0,0,0,0,1,0,1,0,0,0,0,0,1,0,0,1,0,0,0.0,0,0,0,0,0,0,0,0,0,0,1,1,0,0,0,1,1,1,0,0,0,0,1
2138710,Sifu,1,5.978885764901122,39.99,0,39.99,0,39.99,0,1,0,0,0,13.527829818844937,0,1,0,2,0,20,0,0,0,0,0,0,1,0,0,0,0,0,0,0,0,1,0,0,0.0,0,0,0,0,0,1,0,0,0,0,0,1,0,0,0,0,0,0,0,0,0,0,0
489520,Minion Masters,1,5.739792912179234,0.0,1,0.0,0,0.0,0,1,0,1,1,13.527829818844937,0,0,1,6,0,20,0,0,0,0,0,0,0,0,0,0,0,0,0,1,1,1,1,0,0.0,0,1,0,0,0,0,0,0,0,0,0,0,0,0,0,0,0,0,0,1,1,0,0
1549180,Propnight,0,0.6931471805599453,0.0,1,0.0,0,0.0,0,0,0,1,1,13.527829818844937,0,0,1,3,0,20,0,0,1,0,0,0,0,0,0,0,0,0,1,0,0,1,0,0,0.0,0,1,0,0,0,0,0,0,1,0,0,1,1,0,0,0,0,0,0,1,0,0,1
1659420,UNCHARTED: Legacy of Thieves Collection,1,6.148468295917647,49.99,1,49.99,0,49.99,0,0,0,0,0,13.527829818844937,1,0,0,1,0,20,0,0,1,0,1,0,0,0,0,0,0,1,0,0,0,0,0,0,0.0,0,0,0,0,0,0,1,1,0,0,1,1,1,0,0,0,0,0,0,1,0,0,0
704450,Neverwinter Nights: Enhanced Edition,1,6.625392368007956,19.99,1,19.99,0,19.99,0,0,0,0,0,13.527829818844937,0,0,1,1,0,20,0,0,0,0,1,0,0,0,0,0,1,0,0,0,1,0,0,1,0.0,0,1,0,0,0,0,0,0,0,0,1,1,1,0,0,0,0,0,1,0,0,0,0
690830,Foundation,1,6.739336627357174,34.99,0,34.99,0,34.99,0,1,0,0,0,13.527829818844937,0,1,0,3,1,20,0,0,0,1,0,0,0,0,0,0,0,0,1,0,0,0,0,0,0.0,0,0,1,0,0,0,0,0,0,0,1,0,0,1,0,0,0,0,0,0,0,0,0
1361000,In Silence,1,3.295836866004329,9.99,1,9.99,0,9.99,0,0,0,1,0,13.527829818844937,1,0,1,1,0,20,0,0,0,0,0,0,0,0,0,0,0,0,1,0,0,1,0,0,0.0,0,1,0,0,0,0,0,0,0,0,1,1,1,0,0,1,0,0,0,0,0,0,1
650700,Yume Nikki,1,3.6109179126442243,0.0,0,0.0,1,0.0,0,1,0,0,1,13.527829818844937,0,1,0,4,0,20,1,0,0,0,0,0,0,0,0,0,0,0,0,1,0,0,1,0,0.0,0,0,0,0,0,0,0,0,1,0,1,0,1,0,0,1,0,0,0,1,0,0,1
323910,SteamVR Performance Test,1,2.833213344056216,0.0,0,0.0,0,0.0,0,0,0,0,1,13.527829818844937,0,0,0,1,0,17,0,0,0,0,1,0,0,0,0,0,0,0,0,0,0,0,1,0,0.0,0,0,0,0,0,0,0,0,0,0,0,0,0,0,0,0,0,0,0,0,0,0,1
386070,Planetary Annihilation: TITANS,1,4.634728988229636,29.99,1,29.99,0,29.99,0,1,0,1,0,13.527829818844937,0,1,1,3,0,20,0,0,0,0,0,0,0,0,0,0,0,0,0,0,0,1,0,0,0.0,0,1,0,0,0,1,0,0,0,0,0,0,0,0,0,0,0,0,0,0,0,0,0
1336490,Against the Storm,1,6.8658910748834385,29.99,0,29.99,0,29.99,0,0,0,0,0,13.527829818844937,0,0,0,2,1,20,0,0,0,0,0,0,0,0,0,0,0,0,1,0,0,0,0,0,0.0,0,0,1,0,0,0,0,0,0,0,0,0,0,0,0,0,0,0,1,0,0,0,0
230230,Divinity: Original Sin (Classic),1,2.6390573296152584,39.99,1,39.99,0,39.99,0,1,0,0,0,13.527829818844937,0,1,1,4,1,20,0,0,0,0,1,0,0,0,0,0,1,0,0,0,1,0,0,0,0.0,0,1,0,0,0,0,0,0,0,0,1,0,1,0,0,0,0,0,0,1,0,0,0
1850740,Ghost Watchers,1,4.564348191467836,14.99,1,14.99,0,14.99,0,0,0,0,0,13.527829818844937,1,0,1,1,0,20,0,0,0,1,0,0,0,0,0,0,0,0,0,0,0,0,0,0,0.0,0,1,0,0,0,0,0,0,0,1,0,0,1,0,0,0,0,0,0,1,0,0,1
1149460,ICARUS,1,7.30854279753919,34.99,1,8.74,0,8.74,0,0,0,0,0,13.527829818844937,0,0,1,3,1,20,0,0,0,0,0,0,0,0,0,0,0,0,1,0,0,1,0,0,0.7502143469562732,1,1,1,0,0,0,0,0,0,1,0,0,1,0,0,0,0,0,0,1,0,0,0
838380,DEAD OR ALIVE 6,1,4.1588830833596715,59.99,1,59.99,0,59.99,0,0,0,1,0,13.527829818844937,0,0,0,1,0,20,0,0,0,0,1,0,0,0,0,0,0,1,0,0,0,1,1,0,0.0,0,0,0,0,0,0,0,0,0,0,0,1,0,0,0,0,0,0,0,0,0,1,0
1207650,Suzerain,1,5.556828061699537,19.99,0,5.99,0,5.99,0,1,0,0,0,13.527829818844937,0,0,0,3,0,20,0,0,0,0,1,0,0,0,0,0,1,0,0,0,1,0,0,0,0.7003501750875437,0,0,0,0,0,0,0,0,0,0,0,0,1,1,0,0,1,0,0,1,0,0,0
203750,Binary Domain,1,2.1972245773362196,14.99,1,14.99,0,14.99,0,0,0,0,0,13.527829818844937,0,0,1,1,0,20,0,1,0,0,1,0,0,0,0,0,1,1,0,0,0,1,0,0,0.0,0,0,0,0,0,0,0,1,0,0,1,1,1,0,0,0,0,0,0,0,0,0,0
835860,Dreadnought,0,0.0,0.0,1,0.0,0,0.0,1,0,1,1,1,13.527829818844937,0,0,1,2,1,15,0,0,0,0,0,0,0,0,0,0,0,0,0,0,0,1,1,0,0.0,0,0,0,0,0,0,0,1,0,0,0,1,0,0,0,0,0,0,0,0,0,0,0
2408820,Luma Island,1,6.1903154058531475,19.99,1,19.99,0,19.99,0,1,0,0,0,13.527829818844937,0,0,1,5,1,20,0,0,0,0,0,0,0,0,0,0,1,0,0,0,1,0,0,1,0.0,1,1,0,0,0,0,0,0,1,0,0,0,1,0,0,0,0,0,0,1,0,0,0
1669000,Age of Wonders 4,1,7.443078374348516,49.99,1,49.99,0,49.99,0,0,0,0,0,13.527829818844937,0,0,1,2,0,20,0,0,0,0,0,0,0,0,0,0,1,1,0,0,1,0,0,1,0.0,0,0,0,0,0,0,0,0,0,0,0,0,0,1,0,0,0,0,1,0,0,0,0
970830,The Dungeon Of Naheulbeuk: The Amulet Of Chaos,1,4.605170185988092,34.99,0,5.24,0,5.24,0,1,0,0,0,13.527829818844937,0,1,0,5,0,20,0,1,1,0,1,0,1,0,0,0,1,0,0,0,1,1,0,1,0.850242926550443,0,0,0,0,0,0,0,0,0,0,1,1,1,0,0,0,0,0,0,1,0,0,0
368360,60 Seconds!,1,3.332204510175204,8.99,0,8.99,1,8.99,0,1,0,0,0,13.527829818844937,0,0,0,5,0,20,0,0,1,0,1,0,1,0,0,0,0,0,1,0,0,0,0,0,0.0,0,0,0,0,0,0,0,0,1,0,0,0,0,1,0,0,1,0,0,1,0,0,0
1692250,F1 22,0,5.459585514144159,0.0,1,0.0,0,0.0,0,0,0,1,1,13.527829818844937,0,0,1,2,1,20,0,0,0,0,0,0,0,0,0,0,0,1,0,0,0,0,0,0,0.0,0,1,0,0,0,0,0,0,0,1,0,1,0,0,0,0,0,0,0,0,0,0,0
376210,The Isle,1,8.690642169706594,19.99,1,19.99,0,19.99,1,1,1,0,0,13.527829818844937,0,1,1,6,1,20,0,0,0,1,0,0,0,0,0,0,1,0,1,0,0,1,0,0,0.0,0,0,1,1,0,0,0,0,0,1,0,1,1,0,0,0,0,0,0,1,0,0,1
374280,Hired Ops,0,4.6913478822291435,0.0,1,0.0,0,0.0,1,0,1,1,1,13.527829818844937,0,0,1,3,0,20,0,0,0,1,0,1,0,0,0,0,0,0,0,1,0,1,1,0,0.0,0,0,0,0,1,0,0,1,0,0,1,1,0,1,0,0,0,0,0,0,0,0,0
476620,Call of Duty: WWII,0,4.330733340286331,59.99,1,14.99,0,14.99,1,0,0,0,0,13.527829818844937,0,0,1,1,1,20,0,0,0,0,1,1,0,0,0,0,0,1,0,0,0,1,0,0,0.7501250208368061,0,0,0,0,0,1,0,1,0,0,0,1,0,0,1,1,0,0,0,0,0,1,1
253030,Race The Sun,1,1.9459101490553132,9.99,0,9.99,0,9.99,0,1,0,0,0,13.527829818844937,0,0,0,3,0,20,0,0,0,0,0,0,1,0,0,0,0,0,1,0,0,1,0,0,0.0,0,0,0,0,0,0,0,0,0,0,1,1,0,0,0,0,0,0,0,0,0,0,0
985890,Streets of Rage 4,1,4.290459441148391,24.99,1,24.99,1,24.99,0,1,0,0,0,13.527829818844937,0,1,1,2,0,20,0,1,0,0,0,0,0,1,0,0,0,0,0,0,0,1,0,0,0.0,0,1,0,0,0,0,0,0,0,0,0,1,1,0,0,0,0,0,0,0,1,0,0
212800,Super Crate Box,1,2.1972245773362196,0.0,1,0.0,1,0.0,0,1,0,0,1,13.527829818844937,0,1,1,3,0,20,1,1,0,0,0,0,1,0,0,0,0,0,0,1,0,1,1,0,0.0,0,0,0,0,0,0,1,1,0,0,0,1,0,0,0,0,0,1,0,0,0,0,0
28000,Kane & Lynch 2: Dog Days,0,2.4849066497880004,9.99,1,9.99,0,9.99,0,0,0,0,0,13.527829818844937,0,0,1,1,1,20,0,1,0,0,1,0,0,0,0,0,0,1,0,0,0,1,0,0,0.0,0,0,0,0,0,0,0,1,0,0,1,1,1,0,0,1,0,0,0,0,0,1,0
1030210,Torchlight III,0,3.8066624897703196,39.99,1,39.99,0,39.99,0,0,0,0,0,13.527829818844937,0,0,1,3,1,18,0,0,0,1,0,0,0,0,0,0,1,0,0,0,1,1,0,1,0.0,0,1,0,0,0,0,0,0,0,0,0,1,1,0,0,0,0,0,0,1,0,0,0
488860,MADNESS: Project Nexus,1,5.25227342804663,24.99,0,24.99,0,24.99,0,1,0,0,0,13.527829818844937,0,0,1,2,0,20,0,0,1,0,0,0,0,0,0,0,0,0,0,0,0,1,0,1,0.0,0,0,0,0,0,0,0,1,0,0,1,1,0,0,0,0,0,0,0,0,0,1,0
468920,Ultimate Fishing Simulator,1,3.6375861597263857,19.99,1,19.99,0,19.99,0,0,0,0,0,13.527829818844937,0,0,0,3,1,20,0,0,0,0,0,1,0,0,0,0,0,0,0,0,0,0,0,0,0.0,0,1,1,0,0,0,0,0,1,1,1,0,0,0,0,0,0,1,0,0,0,0,0
394230,Battleborn,0,0.6931471805599453,0.0,1,0.0,0,0.0,0,0,0,1,1,13.527829818844937,0,0,1,1,0,20,0,0,1,0,0,1,0,0,1,0,1,1,0,0,0,1,1,0,0.0,0,1,0,0,0,0,0,1,0,0,0,1,0,0,0,0,0,0,0,0,0,0,0
375230,"Warhammer 40,000: Eternal Crusade",0,0.0,0.0,1,0.0,0,0.0,1,0,1,1,1,13.527829818844937,0,0,1,4,0,20,0,0,0,0,0,0,1,0,0,0,0,0,0,1,0,1,1,1,0.0,0,0,0,0,0,0,0,1,0,0,0,1,1,0,0,0,0,0,0,1,0,1,0
1693980,Dead Space,1,5.749392985908253,59.99,0,59.99,0,59.99,0,0,0,0,0,13.527829818844937,0,0,0,2,0,20,0,0,0,0,0,0,0,0,0,0,0,1,1,0,0,1,0,0,0.0,0,0,0,0,0,0,0,1,0,0,1,1,1,0,0,1,0,0,0,1,0,1,1
1971870,Mortal Kombat 1,0,7.047517221357296,49.99,1,9.99,0,9.99,0,0,0,1,0,13.527829818844937,0,0,0,1,0,20,0,0,0,0,1,0,0,0,0,0,0,0,0,0,0,1,0,1,0.8001600320064013,0,0,0,0,0,0,0,0,0,0,1,1,0,0,0,0,0,0,0,0,0,1,1
1432860,Sun Haven,1,6.483107351457199,24.99,1,24.99,0,24.99,0,1,0,0,0,13.527829818844937,0,0,0,5,0,20,1,0,0,0,0,0,0,0,0,0,1,0,0,0,1,0,0,1,0.0,1,0,0,0,0,0,0,0,1,0,0,0,1,0,0,0,0,0,0,1,0,0,0
1249800,Xuan-Yuan Sword VII,0,1.6094379124341003,34.99,1,34.99,0,34.99,0,0,0,0,0,13.527829818844937,0,0,0,3,1,19,0,1,0,0,1,0,0,0,0,0,1,0,0,0,1,1,0,0,0.0,0,0,0,0,0,0,0,0,0,0,1,1,1,1,1,0,0,0,0,1,0,0,0
1388880,Doki Doki Literature Club Plus!,1,4.343805421853684,14.99,0,14.99,1,14.99,0,1,0,0,0,13.527829818844937,0,1,0,2,0,20,0,0,0,0,1,0,0,0,0,0,0,0,0,0,0,0,0,0,0.0,0,0,0,0,0,0,0,0,1,0,0,0,0,0,0,1,0,0,0,0,0,1,0
228300,Remember Me,1,2.8903717578961645,29.99,0,29.99,0,29.99,0,0,0,0,0,13.527829818844937,0,0,0,2,0,20,0,1,0,0,1,0,0,0,0,0,0,1,0,0,0,1,0,0,0.0,0,0,0,0,0,0,1,0,0,0,1,1,1,0,0,0,0,0,0,1,0,0,0
814540,Changed,1,3.4657359027997265,4.99,0,4.99,1,4.99,0,1,0,0,0,13.527829818844937,1,1,0,3,0,20,1,1,0,0,1,0,1,0,0,0,1,0,0,0,1,0,0,0,0.0,0,0,0,0,0,0,0,0,0,0,0,1,1,1,0,1,0,0,0,1,0,0,1
1209040,Cyber Hunter,1,0.6931471805599453,0.0,1,0.0,0,0.0,1,0,1,1,1,13.527829818844937,0,0,1,3,1,20,0,0,0,0,0,1,0,0,0,0,0,0,1,1,0,1,1,1,0.0,0,0,0,0,0,0,0,1,0,0,0,1,0,0,0,0,0,0,0,0,0,0,0
242640,Styx: Master of Shadows,1,3.6375861597263857,19.99,1,19.99,0,19.99,0,0,0,0,0,13.527829818844937,0,1,0,1,1,20,0,1,0,0,1,0,1,0,0,0,1,0,0,0,0,1,0,0,0.0,0,0,0,0,0,0,0,0,0,0,1,1,1,0,0,0,0,0,0,0,0,1,0
813630,Supraland,1,4.6443908991413725,19.99,0,19.99,0,19.99,0,1,0,0,0,13.527829818844937,1,0,0,4,1,20,0,0,1,0,0,1,0,0,0,0,0,0,0,0,1,1,0,0,0.0,0,0,0,0,0,0,1,1,0,0,0,1,1,0,0,0,0,1,0,1,1,0,0
1397920,Mr.Mine,1,6.818924065275521,0.0,0,0.0,1,0.0,0,1,0,0,1,13.527829818844937,0,1,0,7,0,20,1,0,0,0,0,0,0,0,1,0,1,0,0,1,1,0,1,0,0.0,1,0,0,0,0,0,0,0,1,0,0,0,1,0,0,0,0,0,0,1,0,0,0
1105670,The Last Spell,1,6.052089168924417,24.99,0,24.99,1,24.99,0,1,0,0,0,13.527829818844937,0,0,0,4,0,20,1,0,0,0,0,0,0,0,0,0,1,0,0,0,1,1,0,0,0.0,0,0,0,0,0,0,0,0,0,0,0,0,0,0,0,0,0,0,0,0,0,0,0
298260,Only If,0,1.0986122886681098,0.0,1,0.0,0,0.0,0,1,0,0,1,13.527829818844937,1,1,1,3,1,20,0,0,1,0,0,1,0,0,1,0,0,0,1,1,0,0,1,0,0.0,0,0,0,0,0,0,0,0,0,0,1,1,1,0,0,0,0,0,0,1,0,0,1
2141730,Backrooms: Escape Together,1,6.345636360828596,9.99,1,9.99,0,9.99,0,1,0,0,0,13.527829818844937,1,0,1,5,0,20,0,0,0,1,0,0,0,0,0,0,0,0,0,0,0,1,0,0,0.0,0,1,0,1,0,0,0,0,1,1,1,1,1,0,0,1,0,0,0,1,0,0,1
1451190,Undisputed,0,6.222576268071369,49.99,1,49.99,0,49.99,0,0,0,1,0,13.527829818844937,0,0,0,3,0,20,0,0,0,1,0,0,0,0,0,0,0,1,0,0,0,1,0,1,0.0,0,0,0,0,0,0,0,0,0,1,0,1,0,0,0,0,0,0,0,0,0,0,0
40390,Risen 2: Dark Waters,1,3.4965075614664802,9.99,1,9.99,0,9.99,0,0,0,0,0,13.527829818844937,0,0,0,1,1,18,0,1,0,0,1,0,0,0,0,0,1,1,0,0,1,0,0,0,0.0,0,0,1,0,0,0,0,0,0,0,1,1,1,0,0,0,0,0,0,0,0,0,0
287980,Mini Metro,1,4.787491742782046,9.99,0,9.99,1,9.99,0,1,0,0,0,13.527829818844937,1,1,0,3,0,20,0,1,0,0,0,0,1,0,0,0,0,0,0,0,0,0,0,0,0.0,0,0,0,0,0,0,0,0,0,0,0,0,0,0,0,0,0,0,0,0,0,0,0
1088710,Yakuza 3 Remastered,1,4.624972813284271,19.99,0,19.99,0,19.99,0,0,0,0,0,13.527829818844937,0,0,0,2,1,20,0,1,1,0,1,0,0,0,1,0,1,1,0,0,0,1,0,0,0.0,0,0,0,0,0,0,0,0,0,0,0,1,1,0,0,0,0,0,0,1,0,1,0
2427700,Backpack Battles,1,7.499423290592229,14.99,1,11.99,1,11.99,0,0,0,1,0,13.527829818844937,0,1,0,1,0,20,0,0,0,1,0,0,0,0,0,0,0,0,0,0,0,0,0,0,0.200133422281521,0,0,0,0,0,0,0,0,0,0,0,0,0,0,0,0,0,0,0,0,0,0,0
760060,Mutant Year Zero: Road to Eden,1,4.1588830833596715,34.99,0,34.99,0,34.99,0,0,0,0,0,13.527829818844937,0,0,0,2,0,20,0,0,1,0,0,0,1,0,0,0,1,0,1,0,1,0,0,0,0.0,0,0,0,0,0,0,0,0,0,0,1,1,1,0,0,0,0,0,0,0,0,0,1
1003590,Tetris Effect: Connected,1,4.605170185988092,39.99,1,39.99,0,39.99,0,1,0,1,0,13.527829818844937,1,1,0,2,0,20,0,0,0,0,0,0,0,0,0,0,0,0,0,0,0,0,0,0,0.0,0,1,0,0,0,0,0,0,1,0,1,0,0,0,0,0,0,1,0,0,0,0,0
1989270,Slay the Princess — The Pristine Cut,1,4.90527477843843,17.99,0,17.99,0,17.99,0,1,0,0,0,13.527829818844937,0,0,0,4,0,20,0,0,0,0,1,0,0,0,0,0,1,0,0,0,1,0,0,0,0.0,0,0,0,0,0,0,0,0,0,0,0,0,1,1,0,1,1,0,0,1,0,0,1
731040,The Invincible,1,3.1354942159291497,29.99,0,29.99,0,29.99,0,1,0,0,0,13.527829818844937,0,0,0,3,0,20,0,0,0,0,1,0,0,0,0,0,0,0,0,0,0,1,0,0,0.0,0,0,0,0,0,0,0,0,0,0,0,0,1,1,0,0,0,0,0,1,0,0,0
297130,Titan Souls,1,3.1780538303479458,14.99,0,14.99,1,14.99,0,1,0,0,0,13.527829818844937,1,1,0,3,0,20,1,1,0,0,0,0,1,0,0,0,0,1,0,0,0,1,0,0,0.0,0,0,0,0,0,0,0,0,0,0,1,1,1,0,0,0,0,0,0,1,0,0,0
7520,Two Worlds II HD,0,3.332204510175204,24.99,1,7.49,0,7.49,0,0,0,0,0,13.527829818844937,0,0,1,1,1,20,0,0,0,0,1,0,0,0,0,0,1,0,0,0,1,0,0,0,0.700280112044818,1,0,1,0,0,0,0,0,0,0,1,1,1,0,0,0,0,0,0,0,0,0,0
885970,Total War: ROME REMASTERED,1,6.639875833826536,29.99,1,29.99,0,29.99,0,0,0,0,0,13.527829818844937,0,0,0,1,0,20,0,0,0,0,0,0,0,1,0,0,0,1,0,0,0,0,0,0,0.0,0,0,0,0,0,1,0,0,0,0,0,1,0,0,1,0,0,0,0,0,0,0,0
1359090,Zero Hour,1,4.330733340286331,9.99,1,9.99,0,9.99,0,0,0,1,0,13.527829818844937,0,0,1,3,0,20,0,0,0,0,0,1,0,0,0,0,0,0,0,0,0,1,0,0,0.0,0,1,0,0,1,0,0,1,0,1,0,1,0,0,0,0,0,0,0,0,0,0,0
895870,Project Wingman,1,4.574710978503383,24.99,0,24.99,0,24.99,0,1,0,0,0,13.527829818844937,0,1,0,3,0,20,0,1,0,0,1,0,0,0,0,0,0,0,0,0,0,1,0,0,0.0,0,0,0,0,1,1,0,1,0,1,0,1,0,0,0,0,0,0,0,0,0,0,0
1233570,Mirror's Edge Catalyst,1,3.6888794541139363,19.99,1,19.99,0,19.99,0,0,0,0,0,13.527829818844937,0,0,0,2,1,20,0,0,0,0,0,0,0,0,0,0,0,1,0,0,0,1,0,0,0.0,0,0,0,0,0,0,1,0,0,0,1,1,1,0,0,0,0,0,0,1,0,0,0
249230,Risen 3 - Titan Lords,1,3.8501476017100584,14.99,0,14.99,0,14.99,0,0,0,0,0,13.527829818844937,0,0,0,1,1,20,0,0,0,0,1,0,0,1,0,0,1,1,0,0,1,0,0,0,0.0,0,0,1,0,0,0,0,0,0,0,1,1,1,0,0,0,0,0,0,0,0,0,0
847370,Sunset Overdrive,1,4.30406509320417,19.99,0,19.99,0,19.99,0,0,0,0,0,13.527829818844937,0,0,0,2,1,20,0,1,1,0,0,0,0,0,1,0,0,1,0,0,0,1,0,1,0.0,0,0,1,0,0,0,0,1,0,0,0,1,1,0,0,0,0,0,0,1,1,1,0
241540,State of Decay,1,2.0794415416798357,0.0,1,0.0,0,0.0,0,0,0,0,1,13.527829818844937,0,1,1,3,1,20,0,0,0,0,0,0,0,0,0,0,1,1,1,0,1,1,0,0,0.0,0,0,1,0,0,0,0,0,0,0,1,1,1,0,0,0,0,0,0,0,0,0,1
1592190,BONELAB,1,5.159055299214529,39.99,0,39.99,0,39.99,0,0,0,0,0,13.527829818844937,1,1,0,3,0,20,0,0,0,0,1,1,0,0,0,0,0,0,0,0,0,1,0,0,0.0,0,0,1,0,0,0,0,1,0,0,1,1,0,0,0,0,0,0,0,1,0,1,0
1333350,Angel Legion,1,6.111467339502679,0.0,1,0.0,0,0.0,0,0,0,0,1,13.527829818844937,0,0,1,4,0,20,0,0,0,0,0,0,0,0,0,1,1,0,0,1,1,0,1,1,0.0,0,0,0,0,0,0,0,0,0,0,0,0,1,0,0,0,0,0,0,1,0,0,0
342180,Arizona Sunshine VR Legacy,1,3.4011973816621555,14.99,1,14.99,0,14.99,0,1,0,0,0,13.527829818844937,0,1,1,3,1,20,0,0,0,0,0,1,0,0,0,0,0,0,1,0,0,1,0,0,0.0,0,1,0,0,0,0,0,1,0,0,0,1,1,0,0,0,0,0,0,1,0,1,1
206190,Gunpoint,1,2.4849066497880004,9.99,0,9.99,1,9.99,0,1,0,0,0,13.527829818844937,1,1,0,3,0,20,1,1,1,0,1,0,0,0,1,0,0,0,0,0,0,1,0,0,0.0,0,0,0,0,0,0,1,0,0,0,0,1,1,0,0,0,0,0,0,0,0,0,0
609320,FAR: Lone Sails,1,4.727387818712341,14.99,0,14.99,0,14.99,0,1,0,0,0,13.527829818844937,1,1,0,3,0,20,0,0,0,0,1,0,0,0,0,0,0,0,1,0,0,1,0,0,0.0,0,0,0,0,0,0,1,0,0,0,1,1,1,0,0,0,0,0,0,1,0,0,0
1288310,Firework,1,3.713572066704308,9.99,0,9.99,1,9.99,0,1,0,0,0,13.527829818844937,1,1,0,1,0,20,0,0,0,0,0,0,0,0,0,0,1,0,0,0,0,0,0,0,0.0,0,0,0,0,0,0,0,0,0,0,1,0,0,0,0,1,0,0,0,0,0,0,1
264200,One Finger Death Punch,1,2.302585092994046,4.99,0,4.99,1,4.99,0,1,0,0,0,13.527829818844937,0,1,0,3,0,20,0,1,1,0,0,0,1,0,0,0,0,0,0,0,0,1,0,0,0.0,0,0,0,0,0,0,0,0,1,0,0,1,0,0,0,0,0,0,0,0,0,0,0
427410,Abiotic Factor,1,7.285506548522785,34.99,1,34.99,0,34.99,0,0,0,0,0,13.527829818844937,0,0,0,4,0,20,0,0,0,1,0,1,0,0,0,0,0,0,1,0,1,1,0,0,0.0,1,1,1,0,0,0,0,0,0,0,0,0,1,0,0,0,0,0,0,1,0,0,0
1881700,Undawn,0,6.113682179832232,0.0,1,0.0,0,0.0,1,0,1,1,1,13.527829818844937,0,0,1,4,1,20,0,0,0,0,0,0,0,0,0,1,1,0,1,1,1,0,1,1,0.0,1,0,1,0,0,0,0,1,0,0,0,0,1,0,0,0,0,0,0,1,0,0,0
24790,Command & Conquer 3: Tiberium Wars,1,5.6240175061873385,19.88,1,19.88,0,19.88,0,0,0,0,0,13.527829818844937,0,0,0,2,0,20,0,1,0,0,1,0,0,1,0,0,0,1,0,0,0,1,0,0,0.0,0,0,0,0,0,1,0,0,0,0,1,1,0,0,0,0,0,1,0,0,0,0,0
673610,Airport CEO,1,5.209486152841421,24.99,0,24.99,1,24.99,0,1,0,0,0,13.527829818844937,0,0,0,3,0,20,0,0,0,0,0,0,0,0,0,0,0,0,0,0,0,0,0,0,0.0,0,0,1,0,0,0,0,0,0,1,0,0,0,0,0,0,0,0,1,0,0,0,0
1120810,Eastern Exorcist,1,1.9459101490553132,17.99,0,17.99,1,17.99,0,0,0,0,0,13.527829818844937,0,1,0,3,0,20,0,0,0,1,0,0,1,0,0,0,1,0,0,0,1,1,0,0,0.0,0,0,0,0,0,0,1,0,0,0,0,1,1,0,0,0,0,0,0,1,0,1,0
1390350,Webbed,1,3.1780538303479458,9.99,0,9.99,1,9.99,0,1,0,0,0,13.527829818844937,1,1,0,3,0,20,1,0,0,0,0,0,0,0,0,0,0,0,0,0,0,1,0,0,0.0,0,0,0,0,0,0,1,0,0,0,1,1,0,0,0,0,0,1,0,1,1,0,0
1010750,Blood Fresh Supply,1,3.713572066704308,9.99,1,9.99,0,9.99,0,0,0,0,0,13.527829818844937,0,0,1,1,0,20,1,0,0,0,0,1,0,0,0,0,0,0,0,0,0,1,0,0,0.0,0,1,0,0,0,0,0,1,0,0,1,1,0,0,0,0,0,0,0,0,0,0,1
1469280,SuchArt: Creative Space,1,2.833213344056216,0.0,1,0.0,0,0.0,0,1,0,0,1,13.527829818844937,0,1,0,6,0,20,0,0,1,0,0,0,0,0,0,0,0,0,0,1,0,1,1,0,0.0,0,0,1,0,0,0,0,0,1,1,0,0,1,0,0,0,0,1,0,1,0,0,0
620590,Ancestors Legacy,1,3.5553480614894135,34.99,1,6.99,0,6.99,0,0,0,0,0,13.527829818844937,0,0,1,1,0,20,0,1,0,0,0,0,0,0,0,0,0,0,0,0,0,0,0,0,0.8002286367533581,0,0,0,0,0,1,0,0,0,0,1,1,0,0,1,0,0,0,0,0,0,1,0
331470,Everlasting Summer,1,5.765191102784844,0.0,0,0.0,1,0.0,0,1,0,0,1,13.527829818844937,0,1,0,4,0,20,0,1,0,0,1,0,0,1,1,0,0,0,0,1,0,0,1,0,0.0,0,0,0,0,0,0,0,0,1,0,0,0,1,1,0,0,0,0,0,1,0,0,0
529180,Dark and Light,0,3.58351893845611,17.99,1,17.99,0,17.99,1,0,1,1,0,13.527829818844937,0,0,0,6,1,20,0,0,0,1,0,0,0,0,0,1,1,0,1,0,1,1,0,0,0.0,1,0,1,1,0,0,0,0,0,0,0,1,1,0,0,0,0,0,0,1,0,0,0
2208920,Assassin's Creed Valhalla,0,7.22983877815125,59.99,1,59.99,0,59.99,0,0,0,0,0,13.527829818844937,0,0,0,3,1,20,0,0,0,0,1,0,0,0,0,0,1,1,0,0,1,1,0,1,0.0,0,0,0,0,0,0,0,0,0,0,1,1,1,0,1,0,0,0,0,1,0,1,0
1178490,港詭實錄ParanormalHK,1,5.14166355650266,12.99,1,12.99,0,12.99,0,1,0,0,0,13.527829818844937,1,1,1,2,0,20,0,0,1,0,0,1,0,0,0,0,0,0,0,0,0,0,0,0,0.0,0,0,0,0,0,0,0,0,0,0,1,1,1,0,0,1,0,0,0,1,0,0,1
1449690,The Walking Dead: The Telltale Definitive Series,1,6.519147287940395,49.99,0,49.99,0,49.99,0,0,0,0,0,13.527829818844937,0,0,0,1,0,20,0,0,0,0,1,0,0,0,0,0,0,0,0,0,0,0,0,0,0.0,0,0,0,0,0,0,0,0,0,0,1,0,1,1,0,0,1,0,0,1,0,0,1
2406770,Bodycam,1,6.0473721790462776,33.32,1,33.32,0,33.32,0,1,1,1,0,13.527829818844937,0,0,1,6,1,20,0,0,0,1,0,1,0,0,0,0,0,0,0,0,0,1,0,0,0.0,0,0,0,1,1,0,0,1,0,1,0,1,0,0,0,0,0,0,0,0,0,0,1
891040,Pool 2D - Poolians,1,5.572154032177765,0.0,1,0.0,1,0.0,1,1,1,1,1,13.527829818844937,0,1,1,6,0,20,0,0,1,0,0,0,0,0,0,0,0,0,0,1,0,0,1,0,0.0,0,0,0,0,0,0,0,0,1,0,0,0,0,0,0,1,0,0,0,0,0,0,0
519190,Next Day: Survival,0,1.3862943611198906,9.99,1,9.99,0,9.99,0,1,0,1,0,13.527829818844937,0,1,1,3,1,20,0,0,0,1,0,0,0,0,0,1,1,0,1,0,1,1,0,0,0.0,1,0,1,0,0,0,0,1,0,0,1,1,1,0,0,0,0,0,0,0,0,0,0
321360,Primal Carnage: Extinction,1,3.5553480614894135,12.99,1,12.99,0,12.99,0,1,0,1,0,13.527829818844937,0,0,0,2,0,20,0,0,0,0,0,1,0,0,0,0,0,0,0,0,0,1,0,1,0.0,0,1,0,0,0,0,0,1,0,0,0,1,0,0,0,0,0,0,0,0,0,1,0
606880,GreedFall,1,4.248495242049359,34.99,1,3.49,0,3.49,0,0,0,0,0,13.527829818844937,0,0,0,1,1,20,0,0,0,0,1,0,0,0,0,0,1,1,0,0,1,0,0,1,0.9002572163475279,0,0,0,0,0,0,0,0,0,0,1,1,1,1,0,0,0,0,0,0,0,0,0
690510,Immortal Soul: Black Survival,1,0.6931471805599453,0.0,1,0.0,0,0.0,0,1,0,1,1,13.527829818844937,0,1,0,3,0,20,0,0,0,1,0,0,0,0,0,0,1,0,1,1,0,0,1,0,0.0,1,1,0,0,0,0,0,0,0,0,0,0,1,0,0,1,0,0,0,0,0,0,1
1147690,NGU IDLE,1,8.12651816878071,0.0,0,0.0,0,0.0,0,1,0,0,1,13.527829818844937,0,1,0,4,0,12,0,0,1,0,1,0,0,0,0,0,1,0,0,1,0,0,1,0,0.0,0,0,0,0,0,0,0,0,0,0,0,0,1,0,0,1,0,0,0,1,0,0,0
45760,Ultra Street Fighter IV,1,5.241747015059643,29.99,1,29.99,1,29.99,0,0,0,0,0,13.527829818844937,0,0,0,1,0,20,0,1,0,0,0,0,1,1,0,0,0,1,0,0,0,1,0,0,0.0,0,0,0,0,0,0,0,0,0,0,0,1,1,0,0,0,0,0,0,0,0,0,0
274920,FaceRig,1,4.663439094112067,0.0,0,0.0,0,0.0,0,0,0,0,1,13.527829818844937,0,1,0,2,0,20,0,0,1,1,0,1,0,0,1,0,0,0,0,0,0,0,0,0,0.0,0,0,0,0,0,0,0,0,0,0,0,1,0,0,0,0,0,1,0,0,0,0,0
638230,Journey,1,4.110873864173311,14.99,1,14.99,0,14.99,0,1,0,0,0,13.527829818844937,0,1,1,2,0,20,0,1,0,0,1,0,0,1,0,0,0,1,0,0,0,0,0,0,0.0,0,0,0,0,0,0,0,0,0,0,1,0,1,0,0,0,0,1,0,1,0,0,0
1970580,Backpack Hero,1,5.517452896464707,19.99,0,19.99,1,19.99,0,1,0,0,0,13.527829818844937,0,0,0,5,0,20,0,0,0,0,0,0,0,0,0,0,0,0,0,0,1,0,0,0,0.0,0,0,0,0,0,0,0,0,1,0,0,0,0,1,0,0,0,0,1,1,0,0,0
1017900,Age of Empires: Definitive Edition,1,6.327936783729195,19.99,1,19.99,0,19.99,0,0,0,0,0,13.527829818844937,0,0,1,1,0,20,0,1,0,0,1,0,0,1,0,0,0,1,0,0,0,0,0,0,0.0,0,0,0,0,0,1,0,0,0,0,1,1,1,0,1,0,0,0,0,0,0,0,0
370240,NBA 2K16,0,3.4339872044851463,0.0,1,0.0,0,0.0,0,0,0,0,1,13.527829818844937,0,0,1,1,1,15,0,1,0,0,0,0,0,0,0,0,1,1,0,0,0,0,1,0,0.0,0,1,0,0,0,0,0,0,0,1,1,1,0,0,0,0,0,0,0,0,0,0,0
1015500,WWE 2K20,0,1.6094379124341003,0.0,1,0.0,0,0.0,0,0,0,0,1,13.527829818844937,0,0,0,2,0,6,0,0,0,0,0,0,0,0,0,0,0,1,0,0,0,0,0,1,0.0,0,0,0,0,0,0,0,0,0,0,0,0,0,0,0,0,0,0,0,0,0,0,0
1898300,ASKA,1,6.553933404025811,24.99,1,24.99,0,24.99,0,0,0,0,0,13.527829818844937,0,0,1,4,0,20,0,0,0,1,0,0,0,0,0,0,0,0,1,0,0,0,0,1,0.0,1,1,1,1,0,0,0,0,0,0,0,0,1,0,0,0,0,0,0,1,0,0,0
327030,Worms W.M.D,1,5.204006687076795,29.99,1,29.99,1,29.99,0,0,0,0,0,13.527829818844937,0,0,1,2,0,20,0,0,1,0,0,0,0,1,1,0,0,1,0,0,0,1,0,0,0.0,0,0,0,0,0,1,1,1,0,0,0,1,1,0,0,0,0,0,0,0,0,0,0
446150,GUNS UP!,1,0.0,0.0,1,0.0,0,0.0,1,0,0,0,1,13.527829818844937,0,0,0,4,0,13,0,0,0,1,0,0,0,0,0,0,0,0,0,1,0,1,1,0,0.0,0,0,0,0,0,1,0,1,1,0,0,1,0,0,0,0,0,0,0,0,0,0,0
1127500,Mini Motorways,1,5.796057750765372,9.99,0,9.99,0,9.99,0,0,0,0,0,13.527829818844937,1,1,0,3,0,20,0,1,0,0,0,0,0,0,0,0,0,0,0,0,0,0,0,0,0.0,0,0,0,0,0,0,0,0,1,0,0,0,0,0,0,0,0,1,0,0,0,0,0
331600,One Piece Pirate Warriors 3,1,3.4965075614664802,51.98,1,5.19,0,5.19,0,0,0,0,0,13.527829818844937,0,0,1,1,1,20,0,1,1,0,1,0,0,0,1,0,0,1,0,0,0,1,0,0,0.9001539053482109,0,0,0,0,0,0,0,0,0,0,0,1,1,0,0,0,0,0,0,0,0,0,0
48240,Anno 2070,0,4.110873864173311,19.99,1,19.99,0,19.99,0,0,0,0,0,13.527829818844937,0,0,1,1,0,20,0,1,0,0,1,0,0,0,0,0,0,1,0,0,0,0,0,0,0.0,0,1,1,0,0,0,0,0,0,0,0,0,0,0,0,0,0,0,0,0,0,0,0
8000,Tomb Raider: Anniversary,1,3.4011973816621555,8.99,1,0.98,0,0.98,0,0,0,0,0,13.527829818844937,1,0,0,2,0,20,0,0,0,0,1,0,0,1,0,0,0,0,0,0,0,1,0,0,0.8909899888765295,0,0,0,0,0,0,1,1,0,0,1,1,1,0,0,0,0,0,0,1,0,0,0
400630,Wuppo: Definitive Edition,1,1.791759469228055,14.99,0,14.99,1,14.99,0,1,0,0,0,13.527829818844937,1,0,1,4,0,20,0,1,1,0,1,0,1,0,0,0,0,0,0,0,1,1,0,0,0.0,0,0,0,0,0,0,1,0,0,0,0,1,0,0,0,0,0,1,0,1,1,0,0
418340,RWBY: Grimm Eclipse,1,1.6094379124341003,19.99,1,11.99,0,11.99,0,1,0,0,0,13.527829818844937,0,1,1,3,0,20,0,1,0,1,0,0,0,0,0,0,0,0,0,0,0,1,0,0,0.40020010005002493,0,1,0,0,0,0,0,0,0,0,0,1,1,0,0,0,0,0,0,1,0,0,0
212480,Sonic & All-Stars Racing Transformed Collection,1,3.7376696182833684,19.99,1,19.99,0,19.99,0,0,0,0,0,13.527829818844937,0,0,1,2,0,20,0,1,0,0,0,0,0,0,0,0,0,1,0,0,0,0,0,0,0.0,0,1,0,0,0,0,0,0,0,0,0,1,1,0,0,0,0,1,0,0,1,0,0
2103140,Magicraft,1,6.398594934535208,15.99,1,15.99,0,15.99,0,1,0,0,0,13.527829818844937,0,1,0,4,0,20,0,0,0,1,0,0,0,0,0,0,1,0,0,0,1,1,0,0,0.0,1,0,0,0,0,0,0,0,0,0,0,1,1,0,0,0,0,0,0,1,0,0,0
1644960,NBA 2K22,0,6.095824562432225,0.0,1,0.0,0,0.0,0,0,0,0,1,13.527829818844937,0,0,1,2,0,20,0,0,0,0,0,0,0,0,0,0,0,1,0,0,0,0,0,1,0.0,0,1,0,0,0,0,0,0,0,1,0,0,0,0,0,0,0,0,0,0,0,0,0
1341290,We Were Here Forever,1,5.214935757608986,17.99,1,17.99,0,17.99,0,1,0,0,0,13.527829818844937,1,0,1,3,0,20,0,0,0,0,1,0,0,0,0,0,0,0,0,0,0,0,0,0,0.0,0,1,0,0,0,0,0,0,1,0,1,0,1,0,0,1,0,0,0,1,0,0,1
330840,Game of Thrones - A Telltale Games Series,1,0.6931471805599453,0.0,0,0.0,0,0.0,0,0,0,0,1,13.527829818844937,0,0,0,1,0,20,0,0,0,0,1,0,0,0,0,0,0,0,0,0,0,0,0,0,0.0,0,0,0,0,0,1,0,0,0,0,1,0,1,1,0,0,1,0,0,1,0,0,0
567630,Blood of Steel,1,4.709530201312334,0.0,1,0.0,0,0.0,1,0,1,1,1,13.527829818844937,0,0,0,4,0,20,0,0,0,0,0,0,0,0,0,0,1,0,0,1,0,1,1,0,0.0,0,1,1,0,0,1,0,0,0,0,0,1,1,0,1,0,0,0,0,0,0,0,0
3244220,A Game About Digging A Hole,1,5.517452896464707,4.99,0,4.99,0,4.99,0,1,0,0,0,13.527829818844937,0,0,0,2,0,20,0,0,0,0,0,0,0,0,0,0,0,0,0,0,0,0,0,0,0.0,1,0,1,0,0,0,0,0,0,0,1,0,1,0,0,0,0,0,0,1,1,0,1
1040200,Crime Scene Cleaner,1,6.391917113392602,29.99,0,29.99,0,29.99,0,0,0,0,0,13.527829818844937,0,1,0,2,0,20,0,0,1,0,0,0,0,0,0,0,0,0,0,0,0,1,0,0,0.0,0,0,0,0,0,0,0,0,0,1,1,1,1,0,0,0,0,0,0,0,0,1,0
263060,Blockstorm,1,0.0,0.0,1,0.0,0,0.0,1,1,0,0,1,13.527829818844937,0,1,0,2,1,20,1,0,0,0,0,1,0,0,0,0,0,0,0,0,0,1,1,1,0.0,0,0,1,0,0,0,0,1,0,0,0,1,0,0,0,0,0,0,0,0,0,0,0
324810,TOXIKK,1,4.219507705176107,0.0,1,0.0,0,0.0,1,1,0,1,1,13.527829818844937,0,1,1,3,1,20,0,0,0,1,0,1,0,1,0,0,0,0,0,1,0,1,1,0,0.0,0,0,0,0,0,0,0,1,0,0,0,1,0,0,0,0,0,0,0,0,0,0,0
1584090,Touhou Mystia's Izakaya,1,6.748759547491679,5.99,0,5.99,1,5.99,0,1,0,0,0,13.527829818844937,0,0,0,4,0,20,1,0,0,0,1,0,0,0,1,0,1,0,0,0,1,0,0,0,0.0,0,0,0,0,0,0,0,0,1,0,0,0,0,0,0,0,0,0,0,0,0,0,0
1601580,Frostpunk 2,1,6.26530121273771,44.99,0,44.99,0,44.99,0,0,0,0,0,13.527829818844937,0,0,0,2,0,20,0,1,0,0,0,0,0,0,0,0,0,0,1,0,0,0,0,0,0.0,0,0,0,0,0,0,0,0,0,0,1,0,0,1,0,1,0,0,0,0,0,1,0
393420,Hurtworld,1,3.044522437723423,24.99,1,24.99,0,24.99,0,0,0,1,0,13.527829818844937,0,1,1,3,1,20,0,0,0,1,0,1,0,0,0,0,0,0,1,0,0,1,0,0,0.0,1,0,1,0,0,0,0,1,0,0,0,1,1,0,0,0,0,0,0,1,0,0,0
1267910,Melvor Idle,1,8.423321975806166,9.99,0,9.99,1,9.99,0,1,0,0,0,13.527829818844937,0,1,0,4,0,20,0,0,0,1,0,0,0,0,0,0,1,0,0,0,1,0,0,0,0.0,1,0,0,0,0,0,0,0,1,0,0,0,1,0,0,0,1,0,0,1,1,0,0
48220,Might & Magic: Heroes VI,0,4.718498871295094,9.99,1,9.99,0,9.99,0,0,0,0,0,13.527829818844937,0,0,0,2,0,12,0,0,0,0,0,0,0,0,0,0,1,1,0,0,1,0,0,0,0.0,0,0,0,0,0,0,0,0,0,0,0,0,1,0,0,0,0,0,0,0,0,0,0
207170,Legend of Grimrock,1,2.1972245773362196,14.99,0,14.99,0,14.99,0,1,0,0,0,13.527829818844937,1,1,0,3,0,20,0,0,0,0,0,0,1,0,0,0,1,0,0,0,1,0,0,1,0.0,0,0,0,0,0,0,0,0,0,0,1,1,1,0,0,0,0,0,1,1,0,0,0
40300,Risen,1,3.912023005428146,14.99,0,14.99,0,14.99,0,0,0,0,0,13.527829818844937,0,0,0,1,1,20,0,1,0,0,1,0,1,1,0,0,1,1,0,0,1,0,0,1,0.0,0,0,1,0,0,0,0,0,0,0,1,1,1,0,0,0,0,0,0,0,0,0,0
2290180,Riders Republic,1,5.147494476813453,39.99,1,39.99,0,39.99,1,0,1,1,0,13.527829818844937,0,0,1,2,1,18,0,0,0,0,0,0,0,0,0,0,0,0,0,0,0,0,0,0,0.0,0,1,0,0,0,0,0,0,0,0,0,0,0,0,0,0,0,0,0,0,1,0,0
385800,NEKOPARA Vol. 0,1,3.044522437723423,2.99,0,2.99,1,2.99,0,1,0,0,0,13.527829818844937,0,1,0,2,0,20,0,1,1,0,1,0,0,0,0,0,0,0,0,0,0,0,0,0,0.0,0,0,0,0,0,0,0,0,1,0,0,0,0,0,0,0,0,0,0,0,0,0,0
237990,The Banner Saga,1,3.2188758248682006,24.99,0,24.99,1,24.99,0,1,0,0,0,13.527829818844937,0,1,0,3,0,20,0,1,0,0,1,0,0,0,0,0,1,0,0,0,1,0,0,0,0.0,0,0,0,0,0,0,0,0,0,0,1,0,1,1,0,0,0,0,0,0,0,0,0
427190,DEAD RISING,1,3.713572066704308,9.99,1,9.99,0,9.99,0,0,0,0,0,13.527829818844937,0,0,0,2,1,20,0,1,1,0,0,0,1,1,1,0,0,1,1,0,0,1,0,0,0.0,0,0,1,0,0,0,0,0,0,0,0,1,1,0,0,0,0,0,0,1,0,0,1
1301210,Knockout City,1,0.0,0.0,1,0.0,0,0.0,0,1,0,1,1,13.527829818844937,0,1,1,5,0,20,0,0,0,0,0,0,0,0,0,0,0,0,0,1,0,1,1,1,0.0,0,0,0,0,0,0,0,0,0,0,0,1,1,0,0,0,0,0,0,1,0,0,0
294860,Valkyria Chronicles,1,3.6375861597263857,19.99,0,19.99,0,19.99,0,0,0,0,0,13.527829818844937,0,0,0,3,0,20,0,1,0,0,1,0,0,1,0,0,1,1,0,0,1,1,0,0,0.0,0,0,0,0,0,1,0,0,0,0,0,1,0,0,0,0,0,0,0,0,0,0,0
25000,Overgrowth,1,3.367295829986474,19.99,1,19.99,0,19.99,0,1,0,0,0,13.527829818844937,0,1,0,2,1,20,0,0,1,0,0,0,1,0,0,0,0,0,0,0,0,1,0,0,0.0,0,0,1,0,0,0,0,0,0,0,0,1,1,0,0,0,0,0,1,0,0,0,0
2198150,Tiny Glade,1,5.676753802268282,14.99,0,14.99,0,14.99,0,1,0,0,0,13.527829818844937,0,1,0,3,0,20,0,0,0,0,0,0,0,0,0,0,0,0,0,0,0,0,0,0,0.0,0,0,1,0,0,0,0,0,1,0,1,0,0,0,0,0,0,1,0,0,1,0,0
746850,Cloudpunk,1,2.772588722239781,19.99,0,19.99,0,19.99,0,1,0,0,0,13.527829818844937,0,1,0,3,1,20,0,1,0,0,1,0,0,0,0,0,1,0,0,0,1,0,0,0,0.0,0,0,0,0,0,0,0,0,0,0,1,1,1,0,0,0,0,0,0,1,0,0,0
6020,STAR WARS Jedi Knight - Jedi Academy,1,4.9344739331306915,9.99,1,9.99,0,9.99,0,0,0,0,0,13.527829818844937,0,0,0,1,0,20,0,1,0,0,1,1,0,1,0,0,1,0,0,0,0,1,0,1,0.0,0,0,0,0,0,0,0,1,0,0,0,1,1,0,0,0,0,0,1,0,0,0,0
743450,Monster Prom,1,4.23410650459726,11.99,1,2.39,0,2.39,0,1,0,0,0,13.527829818844937,0,1,0,2,0,20,0,1,1,0,1,0,0,0,1,0,0,0,0,0,0,0,0,0,0.8006672226855712,0,1,0,0,0,0,0,0,0,0,0,0,0,1,0,0,0,0,0,0,0,0,0
610370,Desperados III,1,4.762173934797756,39.99,0,39.99,0,39.99,0,0,0,0,0,13.527829818844937,0,1,0,1,0,20,0,1,0,0,0,0,1,0,0,0,0,1,1,0,0,0,0,0,0.0,0,0,0,0,0,0,0,0,0,0,1,1,1,0,1,0,0,0,0,0,0,1,0
24740,Burnout Paradise: The Ultimate Box,1,2.833213344056216,0.0,1,0.0,0,0.0,0,0,0,0,1,13.527829818844937,0,0,1,1,1,20,0,1,1,0,0,0,0,0,0,0,0,1,0,0,0,0,0,0,0.0,0,1,1,0,0,0,0,0,0,0,0,1,0,0,0,0,0,0,0,0,0,0,0
16450,F.E.A.R. 2: Project Origin,1,3.7376696182833684,14.99,1,14.99,0,14.99,0,0,0,0,0,13.527829818844937,0,0,1,1,0,20,0,0,0,0,1,1,0,1,0,0,0,0,0,0,0,1,0,0,0.0,0,0,0,0,0,0,0,1,0,0,1,1,0,0,0,1,0,0,0,0,0,1,1
24720,SPORE Galactic Adventures,1,4.919980925828125,19.99,1,19.99,0,19.99,0,0,0,0,0,13.527829818844937,0,0,0,2,1,20,0,0,1,0,0,0,0,0,1,0,1,1,0,0,0,1,0,1,0.0,1,0,1,0,0,0,0,0,0,0,1,1,1,0,0,0,0,0,0,0,0,0,0
17500,Zombie Panic! Source,1,2.6390573296152584,0.0,1,0.0,0,0.0,0,1,0,0,1,13.527829818844937,0,1,1,5,0,20,0,0,0,0,0,1,0,0,0,0,0,0,1,1,0,1,1,0,0.0,0,1,0,0,0,0,0,1,1,0,1,1,1,0,0,0,0,0,0,1,0,0,1
21000,LEGO Batman: The Videogame,1,4.77912349311153,19.99,1,19.99,0,19.99,0,0,0,0,0,13.527829818844937,1,0,1,2,1,20,0,0,1,0,0,0,0,1,1,0,0,1,0,0,0,1,0,1,0.0,0,0,0,0,0,0,0,0,0,0,0,1,1,0,0,0,0,1,0,1,0,0,0
537800,Bomber Crew,1,4.110873864173311,15.99,0,15.99,0,15.99,0,0,0,0,0,13.527829818844937,0,1,0,2,0,20,0,0,0,0,0,0,1,0,0,0,0,0,1,0,0,0,0,0,0.0,0,0,0,0,1,1,0,0,0,0,1,1,0,0,0,0,0,0,0,0,0,0,0
546050,Puyo PuyoTetris,1,3.4965075614664802,19.99,1,19.99,1,19.99,0,0,0,0,0,13.527829818844937,1,0,0,2,0,20,0,1,1,0,0,0,1,1,1,0,0,1,0,0,0,1,0,0,0.0,0,0,0,0,0,0,0,0,1,0,0,1,0,0,0,0,0,0,0,0,1,0,0
115800,Owlboy,1,2.0794415416798357,19.99,0,19.99,1,19.99,0,1,0,0,0,13.527829818844937,0,1,0,3,0,20,1,1,1,0,1,0,0,0,0,0,0,0,0,0,0,1,0,0,0.0,0,0,0,0,0,0,1,0,0,0,1,1,1,0,0,0,0,0,0,1,0,0,0
564710,Soda Dungeon,1,4.290459441148391,0.0,1,0.0,1,0.0,0,0,0,0,1,13.527829818844937,0,1,0,3,0,20,1,1,0,0,0,0,0,0,1,0,1,0,0,1,1,0,1,0,0.0,0,0,0,0,0,0,0,0,1,0,0,1,1,0,0,0,1,0,0,0,0,0,0
405310,LEGO MARVEL's Avengers,1,4.584967478670572,19.99,1,19.99,0,19.99,0,0,0,0,0,13.527829818844937,1,0,1,2,1,20,0,0,1,0,0,0,0,0,1,0,0,0,0,0,0,1,0,0,0.0,0,1,0,0,0,0,0,0,0,0,1,1,1,0,0,0,0,1,0,1,0,0,0
641320,Cooking Simulator,1,4.31748811353631,19.99,0,4.99,0,4.99,0,0,0,0,0,13.527829818844937,0,0,1,2,0,20,0,0,1,0,0,0,0,0,1,0,0,0,0,0,0,0,0,0,0.7503751875937968,1,0,1,0,0,0,0,0,1,1,0,1,0,0,0,0,0,1,0,0,0,0,0
1013320,Firestone: Online Idle RPG,1,7.487733761436444,0.0,1,0.0,1,0.0,1,1,1,1,1,13.527829818844937,0,1,1,9,0,20,0,0,0,0,0,0,0,0,0,1,1,0,0,1,1,1,1,0,0.0,0,1,0,0,0,0,0,0,1,0,0,1,0,0,0,0,0,0,0,1,0,1,0
1647160,Deepest Sword,1,2.772588722239781,0.0,0,0.0,1,0.0,0,1,0,0,1,13.527829818844937,1,1,0,1,0,20,1,0,1,0,0,0,0,0,0,0,0,0,0,0,0,0,1,0,0.0,0,0,0,0,0,0,1,0,0,0,0,1,0,0,0,0,0,0,0,0,0,0,0
1102190,Monster Train,1,6.39024066706535,24.99,0,24.99,0,24.99,0,0,0,1,0,13.527829818844937,0,0,0,1,0,20,0,0,0,0,0,0,1,0,0,0,1,0,0,0,0,0,0,0,0.0,0,0,0,0,0,0,0,0,0,0,0,0,0,1,0,0,0,0,0,0,1,0,0
895400,Deadside,1,6.54965074223381,24.99,1,24.99,0,24.99,1,1,1,1,0,13.527829818844937,0,0,1,4,1,20,0,0,0,0,0,1,0,0,0,0,0,0,1,0,0,1,0,0,0.0,1,1,0,0,0,0,0,1,0,1,0,1,1,0,0,0,0,0,0,1,0,0,0
506610,Five Nights at Freddy's: Sister Location,1,3.4339872044851463,7.99,0,7.99,0,7.99,0,1,0,0,0,13.527829818844937,0,1,0,3,0,20,0,0,1,0,1,0,1,0,0,0,0,0,1,0,0,1,0,0,0.0,0,0,0,0,0,0,0,0,0,0,1,0,1,0,0,1,0,0,0,0,0,0,1
218640,Lucius,1,3.044522437723423,9.99,0,9.99,0,9.99,0,1,0,0,0,13.527829818844937,1,1,0,3,1,20,0,0,1,0,1,0,1,0,0,0,0,0,0,0,0,1,0,0,0.0,0,0,0,0,0,0,0,0,0,0,1,1,1,0,0,1,0,0,0,1,0,1,1
332570,Amazing Frog?,1,4.189654742026425,19.99,0,19.99,0,19.99,0,1,0,0,0,13.527829818844937,0,1,0,4,1,20,0,0,1,1,0,0,0,0,0,0,0,0,0,0,0,1,0,1,0.0,0,0,1,1,0,0,0,0,0,0,0,1,1,0,0,0,0,0,0,1,0,0,0
384300,CPUCores :: Maximize Your FPS,1,4.59511985013459,16.99,0,16.99,0,16.99,0,0,0,0,0,13.527829818844937,0,1,0,2,0,11,0,0,0,0,0,1,0,0,0,0,0,0,0,0,0,0,0,0,0.0,0,0,0,0,0,0,0,0,0,0,0,1,0,0,0,0,0,0,0,0,0,0,0
22100,Mount & Blade,1,3.9512437185814275,9.99,1,9.99,0,9.99,0,1,0,0,0,13.527829818844937,0,1,0,2,1,20,0,0,0,0,0,0,0,0,0,0,1,0,0,0,1,0,0,1,0.0,0,0,1,0,0,1,0,0,0,0,0,1,1,0,1,0,0,0,1,0,0,0,0
221680,Rocksmith 2014 Edition REMASTERED LEARN & PLAY,1,6.52795791762255,9.99,1,9.99,0,9.99,0,0,0,0,0,13.527829818844937,0,0,1,2,0,14,0,1,0,0,0,0,1,0,0,0,0,1,0,0,0,0,0,0,0.0,0,0,0,0,0,0,0,0,1,0,0,0,0,0,0,0,0,0,1,0,0,0,0
694280,Zombie Army 4: Dead War,1,6.068425588244111,49.99,1,49.99,0,49.99,0,0,0,0,0,13.527829818844937,0,0,1,1,1,20,0,0,0,0,0,0,0,0,0,0,0,0,0,0,0,1,0,0,0.0,0,0,0,0,0,0,0,1,0,0,0,1,1,0,0,0,0,0,0,0,0,1,1
396750,EVERSPACE,1,3.8066624897703196,19.99,0,19.99,0,19.99,0,1,0,0,0,13.527829818844937,0,1,0,2,0,20,0,1,0,0,0,0,1,0,0,0,0,0,1,0,0,1,0,0,0.0,0,0,0,0,0,0,0,1,0,0,0,1,0,0,0,0,0,0,0,0,0,0,0
493540,Figment,1,1.6094379124341003,19.99,1,3.99,0,3.99,0,1,0,0,0,13.527829818844937,1,1,0,4,0,20,0,1,1,0,1,0,0,0,0,0,0,0,0,0,0,1,0,0,0.80040020010005,0,0,0,0,0,0,0,0,1,0,1,1,1,0,0,0,0,0,0,1,1,0,0
320240,We Happy Few,1,4.060443010546419,59.99,0,59.99,0,59.99,0,1,0,0,0,13.527829818844937,0,1,0,3,1,20,0,0,0,1,1,0,0,0,0,0,0,0,1,0,0,1,0,0,0.0,1,0,0,0,0,0,0,0,0,0,1,1,1,0,0,1,0,0,0,1,0,0,1
1911390,Knightfall: A Daring Journey,1,2.1972245773362196,0.0,1,0.0,0,0.0,0,1,0,1,1,13.527829818844937,0,1,1,4,0,20,0,0,1,0,0,0,0,0,0,0,0,0,0,1,0,1,0,0,0.0,0,1,0,0,0,0,0,1,0,0,0,1,1,0,0,0,0,0,0,0,0,0,0
1372280,MELTY BLOOD: TYPE LUMINA,1,3.7612001156935624,49.99,1,49.99,1,49.99,0,0,0,1,0,13.527829818844937,0,0,0,1,0,20,1,0,0,0,1,0,0,0,0,0,0,0,0,0,0,1,0,0,0.0,0,0,0,0,0,0,0,0,0,0,0,1,0,0,0,0,0,0,0,0,0,0,0
412830,STEINS;GATE,1,5.062595033026967,29.99,0,29.99,0,29.99,0,0,0,0,0,13.527829818844937,0,0,0,1,0,20,0,1,0,0,1,0,0,0,0,0,0,0,0,0,0,0,0,0,0.0,0,0,0,0,0,0,0,0,0,0,1,0,1,1,0,1,0,0,0,1,0,0,1
71340,Sonic Generations Collection,1,3.58351893845611,51.79,0,51.79,1,51.79,0,0,0,0,0,13.527829818844937,0,0,0,1,0,20,0,1,1,0,0,0,0,1,0,0,0,1,0,0,0,1,0,0,0.0,0,0,0,0,0,0,1,0,0,0,0,1,1,0,0,0,0,1,1,0,1,0,0
402570,Atlas Reactor,1,0.6931471805599453,0.0,1,0.0,0,0.0,0,0,0,1,1,13.527829818844937,0,0,1,2,0,20,0,0,1,1,0,0,0,0,0,0,0,0,1,1,0,0,1,0,0.0,0,1,0,0,0,0,0,1,0,0,0,1,0,0,0,0,0,0,0,0,0,0,0
248390,Craft The World,1,5.717027701406222,18.99,1,18.99,1,18.99,0,1,0,0,0,13.527829818844937,0,1,0,4,1,20,0,0,0,0,0,0,0,0,0,0,1,0,1,0,1,0,0,0,0.0,1,0,1,0,0,0,0,0,0,0,0,0,1,0,0,0,0,0,0,0,0,0,0
239070,Hammerwatch,1,1.791759469228055,9.99,1,9.99,1,9.99,0,1,0,0,0,13.527829818844937,0,1,1,4,0,20,1,0,0,0,0,0,0,0,0,0,1,1,0,0,1,1,0,0,0.0,0,1,0,0,0,0,0,0,0,0,0,1,1,0,0,0,0,0,0,1,0,0,0
1139980,Travellers Rest,1,6.898714534329988,17.99,0,13.49,0,13.49,0,1,0,0,0,13.527829818844937,0,1,0,6,0,20,1,0,0,1,0,0,0,0,0,0,1,0,0,0,1,0,0,0,0.25013896609227343,1,0,0,1,0,0,0,0,1,0,0,0,1,0,0,0,0,0,0,1,1,0,0
2239150,Thronefall,1,5.924255797414532,12.99,0,12.99,0,12.99,0,1,0,0,0,13.527829818844937,0,1,0,3,0,20,0,0,0,1,0,0,0,0,0,0,0,0,0,0,0,1,0,0,0.0,0,0,0,0,0,0,0,0,0,0,0,1,0,0,0,0,0,0,0,0,1,0,0
1241510,The Test,1,1.3862943611198906,1.99,0,1.19,0,1.19,0,1,0,0,0,13.527829818844937,0,0,0,5,0,20,1,0,0,0,1,0,0,0,0,0,1,0,0,0,1,0,0,0,0.4020100502512563,0,0,0,0,0,0,0,0,1,0,1,0,0,1,0,1,0,0,0,1,0,0,1
300550,Shadowrun: Dragonfall - Director's Cut,1,3.5263605246161616,14.99,0,14.99,0,14.99,0,1,0,0,0,13.527829818844937,0,1,0,4,0,20,0,0,0,0,1,0,0,0,0,0,1,1,0,0,1,0,0,0,0.0,0,0,0,0,0,0,0,0,0,0,1,0,1,0,0,0,0,0,1,1,0,0,0
204030,Fable - The Lost Chapters,1,3.4339872044851463,9.99,0,9.99,0,9.99,0,0,0,0,0,13.527829818844937,0,0,0,3,1,20,0,1,0,0,1,0,0,1,1,0,1,1,0,0,1,1,0,1,0.0,0,0,0,0,0,0,0,0,0,0,1,1,1,1,0,0,0,0,0,1,0,0,0
605740,"Flashing Lights - Police, Firefighting, Emergency Services (EMS) Simulator",1,5.7430031878094825,24.99,1,24.99,0,24.99,1,1,1,0,0,13.527829818844937,0,0,0,5,1,20,0,0,0,0,0,1,0,0,0,0,1,0,0,0,1,1,0,0,0.0,0,0,1,0,0,0,0,1,0,1,0,1,1,0,0,0,0,0,0,0,0,0,0
2027330,GoreBox,1,6.234410725718371,8.99,0,8.99,0,8.99,0,1,0,1,0,13.527829818844937,0,0,0,4,0,20,0,0,0,0,0,1,0,0,0,0,0,0,0,0,0,1,0,0,0.0,0,0,1,0,0,0,0,1,1,0,1,1,0,0,0,0,0,0,0,0,1,1,0
1715130,Crysis Remastered,1,4.430816798843313,29.99,1,29.99,0,29.99,0,0,0,0,0,13.527829818844937,0,0,0,1,1,20,0,0,0,0,0,1,0,0,0,0,0,0,1,0,0,1,0,0,0.0,0,0,1,0,0,0,0,1,0,1,1,1,1,0,0,0,0,0,0,0,0,1,0
1649240,Returnal,1,4.442651256490317,59.99,1,59.99,0,59.99,0,0,0,0,0,13.527829818844937,0,0,1,1,0,20,0,0,0,0,0,0,1,0,0,0,0,1,0,0,0,1,0,0,0.0,0,1,0,0,0,0,0,1,0,0,1,1,0,0,0,1,0,0,0,0,0,0,1
866800,The Walking Dead: The Final Season,1,4.543294782270004,19.99,0,19.99,0,19.99,0,0,0,0,0,13.527829818844937,0,0,0,1,0,20,0,0,0,0,1,0,0,0,0,0,0,0,1,0,0,0,0,0,0.0,0,0,0,0,0,0,0,0,0,0,1,1,1,1,0,0,1,0,0,1,0,1,1
247020,"Cook, Serve, Delicious!",1,2.0794415416798357,12.99,1,12.99,1,12.99,0,1,0,0,0,13.527829818844937,0,1,1,4,0,20,0,0,1,0,0,0,1,0,1,0,0,0,0,0,0,1,0,0,0.0,0,0,0,0,0,0,0,0,0,0,0,0,0,0,0,0,0,1,0,0,0,0,0
285920,TerraTech,1,5.568344503761097,24.99,1,6.24,0,6.24,0,1,0,1,0,13.527829818844937,0,1,0,2,1,20,0,0,0,1,0,0,0,0,0,0,0,0,1,0,0,1,0,0,0.7503001200480193,1,1,1,0,0,0,0,0,0,0,0,1,1,0,0,0,0,0,0,0,0,0,0
268750,Magicite,1,2.5649493574615367,9.99,1,9.99,1,9.99,0,1,0,0,0,13.527829818844937,0,1,1,4,0,20,1,0,0,0,0,0,1,0,0,0,1,0,1,0,1,1,0,0,0.0,1,1,1,0,0,0,1,0,0,0,0,1,1,0,0,0,0,0,0,1,0,0,0
1171690,Wayfinder,0,4.174387269895637,24.99,1,24.99,0,24.99,0,0,0,0,0,13.527829818844937,0,0,1,3,1,20,0,0,0,0,0,0,0,0,0,0,1,0,0,0,1,1,0,0,0.0,0,1,0,0,0,0,0,0,0,0,1,1,1,0,0,0,0,0,0,1,0,0,0
12150,Max Payne 2: The Fall of Max Payne,1,3.6109179126442243,9.99,0,9.99,0,9.99,0,0,0,0,0,13.527829818844937,0,0,0,1,0,20,0,1,0,0,1,0,0,1,0,0,0,1,0,0,0,1,0,0,0.0,0,0,0,0,0,0,0,1,0,0,1,1,1,0,0,0,0,0,0,0,0,0,0
1475380,TheDawn,1,0.6931471805599453,0.0,0,0.0,0,0.0,0,1,0,0,1,13.527829818844937,0,0,0,4,0,20,0,0,0,0,0,0,0,0,0,0,0,0,0,1,0,1,1,0,0.0,0,0,0,0,0,0,0,1,0,0,1,1,1,0,0,0,0,0,0,1,0,0,0
242550,Rayman Legends,1,4.276666119016055,29.99,0,29.99,1,29.99,0,0,0,0,0,13.527829818844937,0,0,1,2,0,20,0,1,1,0,0,0,1,0,1,0,0,1,0,0,0,1,0,0,0.0,0,0,0,0,0,0,1,0,0,0,1,1,1,0,0,0,0,1,0,1,0,0,0
321960,Might & Magic Heroes VII,0,5.429345628954441,29.99,1,29.99,0,29.99,0,0,0,0,0,13.527829818844937,0,0,1,2,1,15,0,0,0,0,1,0,0,1,0,0,1,1,0,0,1,0,0,0,0.0,0,0,0,0,0,0,0,0,0,0,1,0,1,0,0,0,0,0,0,0,0,0,0
578330,LEGO City Undercover,1,4.7535901911063645,19.99,1,19.99,0,19.99,0,0,0,0,0,13.527829818844937,0,0,1,1,1,20,0,0,1,0,0,0,0,0,1,0,0,0,0,0,0,1,0,0,0.0,0,0,1,0,0,0,0,0,0,0,0,1,1,0,0,0,0,1,0,0,0,0,0
421020,DiRT 4,1,3.713572066704308,0.0,1,0.0,0,0.0,0,0,0,0,1,13.527829818844937,0,0,1,3,1,20,0,1,0,0,0,0,1,0,0,0,0,0,0,0,0,0,0,0,0.0,0,1,0,0,0,0,0,0,0,1,1,1,1,0,0,0,0,0,0,0,0,0,0
222730,Reus,1,1.6094379124341003,9.99,1,9.99,1,9.99,0,1,0,0,0,13.527829818844937,1,1,0,3,0,20,0,1,1,0,0,0,0,0,0,0,0,0,0,0,0,0,0,0,0.0,0,0,1,0,0,0,0,0,0,0,0,0,0,0,0,0,0,1,0,0,0,0,0
1061090,Jump King,1,4.110873864173311,12.99,0,12.99,1,12.99,0,1,0,0,0,13.527829818844937,0,1,0,3,0,20,1,0,1,0,0,0,1,0,0,0,0,0,0,0,0,1,0,0,0.0,0,0,0,0,0,0,1,0,0,0,1,1,1,0,0,1,0,0,0,1,0,0,1
589290,Holdfast: Nations At War,1,5.4116460518550396,19.99,1,9.99,0,9.99,0,1,1,1,0,13.527829818844937,0,0,0,6,0,20,0,0,0,0,0,1,0,0,0,0,0,0,0,0,1,1,0,0,0.5002501250625312,0,0,0,0,1,1,0,1,0,0,0,1,0,0,1,0,0,0,0,0,0,0,0
445220,Avorion,1,6.428105272684596,24.99,0,24.99,0,24.99,0,1,0,0,0,13.527829818844937,0,0,0,3,1,20,0,0,0,0,0,0,0,0,0,0,0,0,0,0,0,1,0,0,0.0,0,0,1,0,0,0,0,0,0,0,0,0,0,0,0,0,0,0,0,0,0,0,0
921570,OCTOPATH TRAVELER,1,5.407171771460119,59.99,0,59.99,0,59.99,0,0,0,0,0,13.527829818844937,0,0,0,1,1,20,1,1,0,0,1,0,0,0,0,0,1,1,0,0,1,0,0,0,0.0,0,0,1,0,0,0,0,0,0,0,0,0,1,1,0,0,0,0,0,0,0,0,0
531640,Eternal Card Game,1,4.912654885736052,0.0,1,0.0,0,0.0,1,0,1,1,1,13.527829818844937,0,0,0,4,0,14,0,0,0,1,0,0,0,0,0,0,0,0,0,1,0,0,1,0,0.0,0,0,0,0,0,0,0,0,1,0,0,0,0,0,0,0,0,0,0,0,0,0,0
2163330,Yet Another Zombie Survivors,1,6.159095388491933,14.99,0,14.99,0,14.99,0,1,0,0,0,13.527829818844937,0,1,0,4,0,20,0,0,0,1,0,0,0,0,0,0,0,0,1,0,1,1,0,0,0.0,0,0,0,0,0,0,0,0,1,0,0,1,0,0,0,0,0,0,0,0,0,0,0
449960,Book of Demons,1,2.5649493574615367,24.99,0,24.99,0,24.99,0,1,0,0,0,13.527829818844937,0,0,0,5,0,20,0,0,0,0,0,0,0,0,0,0,1,0,0,0,1,1,0,0,0.0,0,0,0,0,0,0,0,0,1,0,1,1,1,0,0,0,0,0,0,1,0,0,0
2369390,Far Cry 6,1,6.4425401664681985,59.99,1,59.99,0,59.99,0,0,0,0,0,13.527829818844937,0,0,1,2,1,20,0,0,0,0,0,1,0,0,0,0,0,1,0,0,0,1,0,0,0.0,1,1,1,0,0,0,0,1,0,0,1,1,1,0,0,0,0,0,0,1,0,0,0
679900,Swords & Souls: Neverseen,1,5.241747015059643,14.99,0,5.24,1,5.24,0,1,0,0,0,13.527829818844937,0,1,0,4,0,20,0,0,1,0,0,0,0,0,0,0,1,0,0,0,1,1,0,1,0.6504336224149433,0,0,0,0,0,0,0,0,0,0,0,1,0,0,0,0,0,0,0,1,1,0,0
1213740,She Will Punish Them,1,3.258096538021482,15.99,0,15.99,0,15.99,0,1,0,0,0,13.527829818844937,0,1,0,4,0,20,0,0,0,1,0,0,1,0,0,0,0,0,0,0,1,1,0,0,0.0,0,0,0,1,0,0,0,0,0,0,1,1,0,0,0,0,0,0,0,0,0,1,0
653530,Return of the Obra Dinn,1,5.117993812416755,19.99,0,19.99,0,19.99,0,1,0,0,0,13.527829818844937,1,1,0,2,0,20,0,1,0,0,1,0,1,0,0,0,0,0,0,0,0,0,0,0,0.0,0,0,0,0,0,0,0,0,0,0,1,0,1,0,1,0,0,0,0,1,0,1,1
672680,Call of War: World War 2,1,5.641907070938114,0.0,1,0.0,1,0.0,1,0,1,1,1,13.527829818844937,0,0,1,4,0,20,0,0,0,0,0,0,0,0,0,0,0,0,0,1,0,0,1,0,0.0,0,0,0,0,1,1,0,0,0,0,0,0,0,0,1,0,0,0,0,0,0,0,0
1316680,VLADiK BRUTAL,1,2.995732273553991,11.99,0,11.99,0,11.99,0,1,0,0,0,13.527829818844937,1,0,0,4,0,20,0,0,0,0,0,1,0,0,0,0,0,0,0,0,0,1,0,0,0.0,0,0,0,0,0,0,0,1,1,1,0,1,1,0,0,0,0,0,0,1,0,0,1
234670,NARUTO SHIPPUDEN: Ultimate Ninja STORM 3 Full Burst HD,1,3.1780538303479458,19.99,1,9.99,0,9.99,0,0,0,1,0,13.527829818844937,0,0,1,2,1,20,0,1,0,0,0,0,0,0,0,0,1,1,0,0,0,1,0,0,0.5002501250625312,0,0,0,0,0,0,0,0,0,0,1,1,1,0,0,0,0,0,0,1,0,0,0
589360,Ni no Kuni II: Revenant Kingdom,1,4.543294782270004,59.99,1,59.99,0,59.99,0,0,0,0,0,13.527829818844937,0,0,0,2,1,20,0,1,0,0,1,0,0,0,0,0,1,1,1,0,1,0,0,0,0.0,0,0,0,0,0,0,0,0,0,0,0,1,1,0,0,0,0,0,0,1,0,0,0
1225570,Unravel Two,1,3.8501476017100584,19.99,1,19.99,1,19.99,0,0,0,0,0,13.527829818844937,1,1,1,2,0,20,0,0,0,0,0,0,0,0,0,0,0,1,0,0,0,1,0,0,0.0,0,1,0,0,0,0,1,0,0,0,1,1,1,0,0,0,0,1,0,1,1,0,0
719040,Wasteland 3,1,5.393627546352362,39.99,0,39.99,0,39.99,0,0,0,0,0,13.527829818844937,0,0,1,2,1,20,0,0,0,0,1,0,0,0,0,0,1,0,0,0,1,0,0,1,0.0,0,1,0,0,0,0,0,0,0,0,0,0,0,1,0,0,0,0,0,0,0,1,0
1063660,Bendy and the Dark Revival,1,4.143134726391533,19.99,0,19.99,0,19.99,0,0,0,0,0,13.527829818844937,1,1,0,2,0,20,0,1,0,0,1,0,0,0,0,0,0,0,1,0,0,1,0,0,0.0,0,0,0,0,0,0,0,0,0,0,1,1,1,0,0,0,0,0,0,1,0,0,1
2181930,DR LIVESEY ROM AND DEATH EDITION,1,1.791759469228055,2.99,0,0.65,1,0.65,0,1,0,0,0,13.527829818844937,0,0,0,5,0,20,0,0,0,0,0,0,1,0,1,0,1,0,0,0,1,1,0,0,0.782608695652174,0,0,0,0,0,0,0,0,0,0,1,1,1,0,0,0,0,0,0,1,0,0,0
667970,VTOL VR,1,5.407171771460119,29.99,1,29.99,0,29.99,0,1,0,0,0,13.527829818844937,0,0,0,3,0,20,0,0,0,0,0,0,0,0,0,0,0,0,0,0,0,1,0,0,0.0,0,0,1,0,1,1,0,0,0,1,0,1,0,0,0,0,0,0,0,0,0,0,0
946050,Soda Dungeon 2,1,5.521460917862246,0.0,0,0.0,1,0.0,0,1,0,0,1,13.527829818844937,0,1,0,4,0,20,1,0,0,0,0,0,0,0,1,0,1,0,0,1,1,0,1,0,0.0,0,0,0,0,0,0,0,0,1,0,0,1,1,0,0,0,0,0,0,0,0,0,0
223100,Homefront: The Revolution,0,3.295836866004329,19.99,1,19.99,0,19.99,0,0,0,0,0,13.527829818844937,0,0,1,2,1,20,0,0,0,0,1,1,0,0,0,0,0,1,1,0,0,1,0,0,0.0,1,1,0,0,1,1,0,1,0,0,1,1,1,0,0,0,0,0,0,1,0,1,0
250760,Shovel Knight: Treasure Trove,1,4.248495242049359,39.99,0,39.99,1,39.99,0,1,0,0,0,13.527829818844937,0,1,0,3,0,20,1,1,1,0,0,0,1,0,1,0,1,0,0,0,0,1,0,0,0.0,0,0,0,0,0,0,1,0,0,0,0,1,1,0,0,0,0,0,0,1,0,0,0
252410,SteamWorld Dig,1,2.833213344056216,9.99,0,9.99,1,9.99,0,1,0,0,0,13.527829818844937,0,1,0,3,0,20,0,1,0,0,0,0,0,0,0,0,1,0,0,0,0,1,0,0,0.0,0,0,1,0,0,0,1,0,0,0,0,1,1,0,0,0,0,0,0,1,0,0,0
292120,FINAL FANTASY XIII,1,5.659482215759621,15.99,0,15.99,0,15.99,0,0,0,0,0,13.527829818844937,0,0,0,1,0,20,0,1,0,0,1,0,1,0,0,0,1,1,0,0,1,0,0,0,0.0,0,0,0,0,0,0,0,0,0,0,1,1,1,0,0,0,0,0,0,0,0,0,0
393080,Call of Duty: Modern Warfare Remastered (2017),0,4.897839799950911,39.99,1,19.99,0,19.99,0,0,0,0,0,13.527829818844937,0,0,1,1,0,20,0,0,0,0,1,1,0,1,0,0,0,1,0,0,0,1,0,0,0.5001250312578145,0,0,0,0,1,1,0,1,0,0,1,1,0,0,0,0,0,0,0,0,0,1,0
289950,Construction Simulator 2015,1,3.044522437723423,14.99,1,14.99,0,14.99,0,0,0,0,0,13.527829818844937,0,0,1,2,1,20,0,0,0,0,0,0,0,0,0,0,0,0,0,0,0,0,0,0,0.0,1,0,1,0,0,0,0,0,1,1,0,1,0,0,0,0,0,1,1,0,0,0,0
987840,Expeditions: Rome,1,4.290459441148391,44.99,0,44.99,0,44.99,0,0,0,0,0,13.527829818844937,0,0,0,2,0,20,0,0,0,0,1,0,0,0,0,0,1,1,0,0,1,0,0,1,0.0,0,0,0,0,0,0,0,0,0,0,1,0,0,1,1,0,0,0,0,0,0,0,0
894020,Death's Door,1,4.007333185232471,19.99,0,3.99,0,3.99,0,1,0,0,0,13.527829818844937,0,1,0,4,0,20,0,0,0,0,0,0,0,0,0,0,1,1,0,0,1,1,0,0,0.80040020010005,0,0,0,0,0,0,0,0,0,0,0,1,1,0,0,0,0,0,0,1,1,0,0
515180,Bus Simulator 18,1,3.828641396489095,14.99,1,14.99,0,14.99,0,0,0,0,0,13.527829818844937,0,0,1,1,1,15,0,0,0,0,0,0,0,0,0,0,0,0,0,0,0,0,0,0,0.0,0,0,0,0,0,0,0,0,0,1,0,1,0,0,0,0,0,0,1,0,0,0,0
332310,LEGO Worlds,1,3.784189633918261,29.99,1,29.99,0,29.99,0,0,0,0,0,13.527829818844937,0,0,1,1,1,20,0,0,1,1,0,0,0,0,1,0,0,1,0,0,0,0,0,0,0.0,0,0,1,0,0,0,0,0,0,0,0,1,1,0,0,0,0,1,0,1,0,0,0
991780,Notes of Soul,1,4.48863636973214,29.99,1,29.99,0,29.99,1,1,1,0,0,13.527829818844937,0,1,1,9,0,19,0,0,1,1,0,0,0,0,0,0,1,0,0,0,1,1,0,0,0.0,0,1,0,1,0,0,0,0,1,0,0,1,1,0,0,0,0,0,0,1,0,0,1
397060,Faeria,1,3.295836866004329,19.99,1,19.99,0,19.99,1,1,1,0,0,13.527829818844937,0,1,0,5,0,20,0,0,0,1,0,0,0,0,0,0,1,0,1,0,1,0,0,0,0.0,0,0,0,0,0,0,0,0,0,0,0,1,1,0,0,0,0,0,0,1,0,0,0
780290,Gloomhaven,1,6.066108090103747,34.99,0,34.99,0,34.99,0,0,0,0,0,13.527829818844937,0,0,0,3,0,20,0,0,0,0,0,0,1,0,0,0,1,0,0,0,1,0,0,0,0.0,0,1,0,0,0,0,0,0,0,0,0,0,0,0,0,0,0,0,0,1,0,0,0
1092660,Blair Witch,1,1.9459101490553132,29.99,1,5.99,0,5.99,0,1,0,0,0,13.527829818844937,0,1,1,2,0,20,0,0,0,0,1,0,0,0,0,0,0,0,1,0,0,0,0,0,0.8002667555851951,0,0,0,0,0,0,0,0,0,0,1,0,1,0,0,1,0,0,0,1,0,1,1
1656780,Hero's Hour,1,4.418840607796598,17.99,1,17.99,1,17.99,0,0,0,1,0,13.527829818844937,0,0,0,2,0,20,1,0,0,0,0,0,0,0,0,0,1,0,0,0,1,0,0,0,0.0,0,0,0,0,0,0,0,0,0,0,1,0,0,0,0,0,0,0,0,0,0,0,0
1016800,Chernobylite Complete Edition,1,4.343805421853684,29.99,0,5.99,0,5.99,0,1,0,0,0,13.527829818844937,0,1,0,5,0,20,0,0,0,0,0,0,0,0,0,0,1,0,1,0,1,1,0,0,0.8002667555851951,1,0,0,0,0,0,0,0,0,1,1,0,1,0,0,0,0,0,0,1,0,0,1
916840,The Walking Dead: Saints & Sinners,1,3.295836866004329,19.99,1,9.99,0,9.99,0,1,0,0,0,13.527829818844937,0,1,0,6,1,20,0,0,0,0,0,1,0,0,0,0,1,0,1,0,1,1,0,0,0.5002501250625312,0,0,0,0,0,0,0,1,0,0,0,1,1,1,0,0,0,0,0,1,0,1,1
1088090,Day of Dragons,0,5.293304824724492,19.99,1,19.99,0,19.99,1,1,1,1,0,13.527829818844937,0,0,0,5,1,20,0,0,0,1,0,0,0,0,0,1,1,0,1,0,1,0,0,0,0.0,0,0,1,1,0,0,0,0,0,1,0,0,0,0,0,0,0,0,0,0,0,0,0
1238040,Dragon Age II: Ultimate Edition,1,4.948759890378168,29.99,0,29.99,0,29.99,0,0,0,0,0,13.527829818844937,0,0,0,3,1,20,0,0,0,0,1,0,0,0,0,0,1,1,0,0,1,1,0,1,0.0,0,0,0,0,0,0,0,0,0,0,0,1,1,1,0,0,0,0,0,1,0,1,0
1029780,Going Medieval,1,6.570882962339584,29.99,0,29.99,0,29.99,0,1,0,0,0,13.527829818844937,0,1,0,4,0,20,0,0,0,1,0,0,0,0,0,0,1,0,1,0,1,0,0,0,0.0,1,0,1,0,0,0,0,0,0,0,0,0,0,0,0,0,0,0,1,0,0,0,0
1817230,Hi-Fi RUSH,1,4.477336814478207,29.99,0,29.99,0,29.99,0,0,0,0,0,13.527829818844937,0,0,0,1,0,20,0,1,0,0,0,0,0,0,1,0,0,0,0,0,0,1,0,0,0.0,0,0,0,0,0,0,1,0,0,0,0,1,1,0,0,0,0,0,0,0,1,0,0
807120,Iratus: Lord of the Dead,1,4.727387818712341,29.99,0,2.99,1,2.99,0,1,0,0,0,13.527829818844937,0,1,0,3,0,20,0,0,0,0,0,0,1,0,0,0,1,1,0,0,1,0,0,0,0.9003001000333445,0,0,0,0,0,0,0,0,0,0,0,0,0,0,0,0,0,0,0,0,0,1,0
521890,Hello Neighbor,1,4.852030263919617,29.99,0,29.99,0,29.99,0,1,0,0,0,13.527829818844937,0,0,0,3,0,20,0,0,1,0,1,1,1,0,0,0,0,1,1,0,0,0,0,0,0.0,0,0,1,0,0,0,0,0,0,0,0,1,0,0,0,1,0,1,0,1,0,0,1
1149620,Gas Station Simulator,1,6.8658910748834385,19.99,1,19.99,0,19.99,0,1,0,0,0,13.527829818844937,0,0,0,3,1,20,0,0,1,0,0,0,0,0,0,0,0,0,0,0,0,0,0,0,0.0,0,0,0,0,0,0,0,0,1,1,0,0,0,1,0,0,0,1,0,0,0,0,0
2231380,Tom Clancy's Ghost Recon Breakpoint,1,7.266128779556451,59.99,1,59.99,0,59.99,0,0,0,0,0,13.527829818844937,0,0,1,2,1,20,0,0,0,0,1,1,0,0,0,0,0,1,0,0,0,1,0,1,0.0,0,1,0,0,1,0,0,1,0,1,0,1,1,0,0,0,0,0,0,1,0,1,0
2066020,Soulstone Survivors,1,6.51471269087253,14.99,0,10.49,0,10.49,0,1,0,0,0,13.527829818844937,0,0,0,3,0,20,0,0,0,1,0,0,0,0,0,0,1,0,0,0,1,1,0,1,0.3002001334222815,1,0,0,0,0,0,0,0,0,0,0,1,0,0,0,0,0,0,0,0,1,0,0
774181,Rhythm Doctor,1,4.110873864173311,19.99,0,19.99,1,19.99,0,1,0,0,0,13.527829818844937,0,1,1,5,0,20,1,0,1,1,1,0,0,0,1,0,0,0,0,1,0,1,0,0,0.0,0,0,0,0,0,0,0,0,1,0,0,1,1,0,0,0,0,0,0,0,0,0,0
973760,Thronebreaker: The Witcher Tales,1,4.727387818712341,19.99,1,19.99,0,19.99,0,0,0,0,0,13.527829818844937,1,0,0,2,1,20,0,1,0,0,1,0,0,0,0,0,1,0,0,0,1,0,0,0,0.0,0,0,0,0,0,0,0,0,0,0,1,0,1,1,0,0,0,0,0,1,0,0,0
1771980,The Operator,1,3.7376696182833684,13.99,0,13.99,0,13.99,0,1,0,0,0,13.527829818844937,1,0,0,3,0,20,0,0,0,0,1,0,0,0,0,0,1,0,0,0,0,0,0,0,0.0,0,0,0,0,0,0,0,0,0,0,1,0,1,0,0,0,1,0,0,1,0,0,0
1088850,Marvel's Guardians of the Galaxy,1,5.393627546352362,59.99,1,59.99,0,59.99,0,0,0,0,0,13.527829818844937,0,0,0,2,1,20,0,1,0,0,1,0,0,0,1,0,1,0,0,0,0,1,0,0,0.0,0,0,0,0,0,0,0,1,0,0,1,1,1,1,0,0,0,0,0,1,0,0,0
795100,Friday the 13th: Killer Puzzle,1,1.9459101490553132,0.0,1,0.0,0,0.0,0,1,0,0,1,13.527829818844937,1,1,0,4,0,20,0,0,1,0,0,0,1,0,0,0,0,0,0,1,0,0,1,0,0.0,0,0,0,0,0,0,0,0,1,0,1,1,0,0,0,0,0,0,0,0,0,1,1
973580,Sniper Ghost Warrior Contracts,1,4.499809670330265,29.99,1,29.99,0,29.99,0,0,0,1,0,13.527829818844937,0,0,0,1,1,20,0,0,0,0,0,1,1,0,0,0,0,0,0,0,0,1,0,0,0.0,0,0,0,0,1,0,0,1,0,1,1,1,0,0,0,0,0,0,0,0,0,1,0
1238060,Dead Space 3,1,4.406719247264253,19.99,1,19.99,0,19.99,0,0,0,0,0,13.527829818844937,0,0,1,1,0,20,0,0,0,0,0,0,0,0,0,0,0,1,1,0,0,1,0,0,0.0,1,1,0,0,0,0,0,1,0,0,0,1,0,0,0,0,0,0,0,0,0,1,1
351640,Eternal Senia,1,1.0986122886681098,0.0,0,0.0,1,0.0,0,1,0,0,1,13.527829818844937,1,1,0,4,0,20,1,1,0,0,1,0,0,0,0,0,1,0,0,1,1,1,1,0,0.0,0,0,0,0,0,0,0,0,0,0,0,1,0,0,0,0,0,0,0,0,0,0,0
451340,Gold Mining Simulator,1,5.117993812416755,19.99,0,19.99,0,19.99,0,1,0,0,0,13.527829818844937,0,1,1,2,1,20,0,0,1,0,0,0,1,0,0,0,0,0,0,0,0,0,0,0,0.0,0,0,1,0,0,0,0,0,0,1,0,0,1,0,0,0,0,0,0,0,0,0,0
629820,Maneater,1,4.844187086458591,39.99,0,39.99,0,39.99,0,1,0,0,0,13.527829818844937,0,0,0,4,1,20,0,0,0,0,0,0,0,0,0,0,1,0,0,0,1,1,0,0,0.0,0,0,0,0,0,0,0,0,0,0,1,1,1,0,0,0,0,0,0,1,0,1,0
298630,The Escapists,1,3.828641396489095,17.99,1,17.99,1,17.99,0,1,0,0,0,13.527829818844937,1,1,1,5,0,20,1,0,1,0,0,0,1,0,1,0,1,1,1,0,0,1,0,0,0.0,1,0,1,0,0,0,0,0,0,0,0,1,1,0,0,0,0,0,0,1,0,0,0
700600,Evil Genius 2: World Domination,0,5.0238805208462765,39.99,1,39.99,0,39.99,0,0,0,0,0,13.527829818844937,0,0,0,2,0,20,0,1,1,0,0,0,0,0,1,0,0,0,0,0,0,0,0,0,0.0,0,0,1,0,0,0,0,0,0,0,0,0,0,0,0,0,0,0,0,0,0,1,0
354140,Five Nights at Freddy's 3,1,2.8903717578961645,7.99,0,7.99,1,7.99,0,1,0,0,0,13.527829818844937,0,1,0,3,0,20,0,1,0,0,0,0,1,0,0,0,0,0,1,0,0,1,0,0,0.0,0,0,0,0,0,0,0,0,0,0,1,1,0,0,0,1,1,0,0,0,0,0,1
936790,Life is Strange: True Colors,1,3.9512437185814275,59.99,0,59.99,0,59.99,0,0,0,0,0,13.527829818844937,0,0,0,2,0,20,0,0,0,0,1,0,0,0,0,0,0,1,0,0,0,1,0,0,0.0,0,0,0,0,0,0,0,0,0,0,1,1,1,1,0,0,0,0,0,1,0,0,0
501590,Bulletstorm: Full Clip Edition,1,2.995732273553991,39.99,1,39.99,0,39.99,0,0,0,0,0,13.527829818844937,0,0,1,2,0,20,0,1,1,0,1,1,0,0,1,0,0,0,0,0,0,1,0,0,0.0,0,0,0,0,0,0,0,1,0,0,1,1,1,0,0,0,0,0,0,1,0,1,0
1282690,Crysis 3,1,2.302585092994046,0.0,1,0.0,0,0.0,0,0,0,0,1,13.527829818844937,0,0,1,3,1,20,0,1,0,0,1,1,0,0,0,0,0,1,0,0,0,1,0,0,0.0,0,1,0,0,0,0,0,1,0,0,0,1,1,0,0,0,0,0,0,1,0,1,0
365300,Transmissions: Element 120,1,1.3862943611198906,0.0,1,0.0,0,0.0,0,1,0,0,1,13.527829818844937,1,1,1,3,1,20,0,0,0,0,0,1,0,0,0,0,0,0,1,1,0,1,1,0,0.0,0,0,0,0,0,0,0,1,0,0,1,1,1,0,0,0,0,0,0,0,0,0,1
428690,Youtubers Life,1,3.871201010907891,19.99,0,9.99,0,9.99,0,1,0,0,0,13.527829818844937,0,1,0,5,1,20,0,0,1,0,0,0,0,0,1,0,0,0,0,0,0,0,0,1,0.5002501250625312,0,0,1,0,0,0,0,0,1,1,0,0,1,0,0,0,0,1,0,1,0,0,0
2532550,LIZARDS MUST DIE,1,1.791759469228055,3.99,0,0.99,0,0.99,0,1,1,0,0,13.527829818844937,0,0,0,4,1,20,0,0,0,0,0,0,1,0,0,0,1,0,0,0,0,1,0,0,0.7518796992481203,0,0,0,0,0,0,0,0,0,1,1,1,0,0,1,0,0,0,0,1,0,0,0
266510,Hand of Fate,1,1.9459101490553132,19.99,0,19.99,0,19.99,0,1,0,0,0,13.527829818844937,0,1,0,3,0,20,0,0,0,0,0,0,1,0,0,0,1,0,0,0,1,1,0,0,0.0,0,0,0,0,0,0,0,0,0,0,1,1,1,0,0,0,0,0,0,0,0,0,0
673880,"Warhammer 40,000: Mechanicus",1,5.198497031265826,29.99,0,3.59,0,3.59,0,0,0,0,0,13.527829818844937,0,1,0,1,0,20,0,1,0,0,1,0,1,0,0,0,1,0,0,0,0,0,0,1,0.8802934311437146,0,0,0,0,0,0,0,0,0,0,1,0,0,0,0,0,0,0,0,0,0,0,0
2124490,SILENT HILL 2,1,6.244166900663736,69.99,0,27.99,0,27.99,0,0,0,0,0,13.527829818844937,0,0,0,2,0,20,0,1,0,0,1,0,0,1,0,0,0,1,0,0,0,1,0,0,0.6000857265323618,0,0,0,0,0,0,0,0,0,0,1,1,1,0,0,1,0,0,0,1,0,1,1
573100,Battlefleet Gothic: Armada 2,1,5.529429087511423,19.99,1,3.99,0,3.99,0,0,0,0,0,13.527829818844937,0,0,1,1,0,17,0,0,0,0,0,0,0,0,0,0,0,1,0,0,0,0,0,0,0.80040020010005,0,0,0,0,0,1,0,0,0,0,1,0,0,0,0,0,0,0,0,0,0,1,0
528230,SYNTHETIK: Legion Rising,1,4.204692619390966,19.99,1,19.99,0,19.99,0,1,0,0,0,13.527829818844937,0,1,1,2,0,20,0,1,0,0,0,0,1,0,0,0,0,0,0,0,0,1,0,0,0.0,0,1,0,0,0,0,0,1,0,0,0,1,0,0,0,0,0,0,0,0,0,0,0
307110,We Need To Go Deeper,1,2.70805020110221,15.99,1,15.99,1,15.99,0,1,0,0,0,13.527829818844937,0,0,1,3,0,20,0,0,0,0,0,0,0,0,0,0,0,0,0,0,0,1,0,0,0.0,0,1,0,0,0,0,0,0,0,0,0,1,1,0,0,0,0,0,0,0,0,0,0
320300,Car Mechanic Simulator 2015,1,3.258096538021482,19.99,1,19.99,0,19.99,0,0,0,0,0,13.527829818844937,1,0,0,2,1,20,0,1,1,0,0,0,0,0,0,0,0,0,0,0,0,0,0,0,0.0,0,0,1,0,0,0,0,0,0,1,1,1,0,0,0,0,0,0,0,0,0,0,0
368340,CrossCode,1,4.356708826689592,19.99,0,19.99,1,19.99,0,1,0,0,0,13.527829818844937,1,1,0,4,1,20,1,1,0,0,1,0,1,0,0,0,1,0,0,0,1,1,0,0,0.0,0,0,0,0,0,0,0,0,0,0,0,1,1,0,0,0,0,0,0,1,0,0,0
351970,Tales of Zestiria,1,3.4011973816621555,49.99,1,49.99,0,49.99,0,0,0,0,0,13.527829818844937,0,0,1,1,1,20,0,1,0,0,1,0,0,0,0,0,1,1,0,0,1,0,0,1,0.0,0,0,0,0,0,0,0,0,0,0,1,1,1,0,0,0,0,0,0,0,0,0,0
1105510,Yakuza 5 Remastered,1,5.0106352940962555,19.99,0,19.99,0,19.99,0,0,0,0,0,13.527829818844937,0,0,0,2,1,20,0,1,1,0,1,0,0,0,1,0,1,1,0,0,0,1,0,0,0.0,0,0,0,0,0,0,0,0,0,0,0,1,1,0,0,0,0,0,0,1,0,1,0
1189630,Path Of Wuxia,1,4.248495242049359,34.99,0,34.99,0,34.99,0,1,0,0,0,13.527829818844937,0,1,0,2,0,14,0,0,0,1,1,0,0,0,0,0,1,0,0,0,1,0,0,1,0.0,0,0,0,0,0,0,0,0,0,0,0,0,0,1,0,0,0,0,0,0,0,0,0
2384580,DYNASTY WARRIORS: ORIGINS,1,7.181591944611865,69.99,0,69.99,0,69.99,0,0,0,0,0,13.527829818844937,0,0,0,3,0,20,0,0,0,0,1,0,0,0,0,0,1,1,0,0,1,1,0,0,0.0,0,0,0,0,0,1,0,0,0,0,0,1,0,0,1,0,0,0,0,0,0,0,0
330830,Tales from the Borderlands,1,3.5553480614894135,19.99,0,19.99,0,19.99,0,0,0,0,0,13.527829818844937,0,0,0,1,0,20,0,1,1,0,1,0,0,0,1,0,1,1,0,0,0,0,0,0,0.0,0,0,0,0,0,0,0,0,0,0,1,1,1,1,0,0,1,0,0,1,0,0,0
2218750,Halls of Torment,1,5.8916442118257715,6.66,0,4.99,1,4.99,0,1,0,0,0,13.527829818844937,0,0,0,3,0,20,1,0,0,0,0,0,0,0,0,0,1,0,0,0,1,1,0,0,0.25075075075075076,0,0,0,0,0,0,0,0,0,0,1,1,0,0,0,0,0,0,0,0,0,0,0
1343240,Thymesia,1,3.1354942159291497,24.99,0,24.99,0,24.99,0,0,0,0,0,13.527829818844937,0,0,0,1,0,20,0,0,0,0,0,0,1,0,0,0,1,1,0,0,0,1,0,0,0.0,0,0,0,0,0,0,0,0,0,0,1,1,0,0,0,0,0,0,0,0,0,0,1
658850,Do Not Feed the Monkeys,1,4.543294782270004,15.99,0,15.99,1,15.99,0,1,0,0,0,13.527829818844937,0,0,0,3,0,20,1,0,1,0,1,0,0,0,0,0,0,0,0,0,0,0,0,0,0.0,0,0,0,0,0,0,0,0,0,0,1,0,1,1,0,0,1,0,0,0,0,0,0
1934680,Age of Mythology: Retold,1,7.352441100243583,29.99,1,29.99,0,29.99,0,0,0,1,0,13.527829818844937,0,0,1,1,0,20,0,0,0,0,1,0,0,0,0,0,0,1,0,0,0,0,0,0,0.0,0,1,0,0,0,0,0,0,0,0,0,0,0,0,0,0,0,0,1,0,0,0,0
1859910,Legend of Mortal,1,5.6937321388027,19.99,0,19.99,1,19.99,0,1,0,0,0,13.527829818844937,0,1,0,4,0,20,0,0,1,0,0,0,0,0,0,0,1,0,0,0,1,0,0,0,0.0,0,0,0,0,0,0,0,0,0,0,1,1,1,1,0,0,0,0,0,1,0,0,0
865360,We Were Here Together,1,5.187385805840755,12.99,1,12.99,0,12.99,0,1,0,0,0,13.527829818844937,1,1,1,3,0,20,0,0,0,0,1,0,0,0,0,0,0,0,0,0,0,0,0,0,0.0,0,1,0,0,0,0,0,0,1,0,1,0,1,0,0,1,0,0,0,1,0,0,1
1170950,Mortal Online 2,0,6.089044875446846,39.99,1,39.99,0,39.99,1,1,1,1,0,13.527829818844937,0,0,0,4,1,20,0,0,0,0,0,0,0,0,0,1,1,0,1,0,1,1,0,1,0.0,1,0,1,0,0,0,0,0,0,0,0,0,1,0,0,0,0,0,0,0,0,0,0
405640,Pony Island,1,2.302585092994046,4.99,0,4.99,1,4.99,0,1,0,0,0,13.527829818844937,1,1,0,1,0,20,1,1,1,0,1,0,0,0,0,0,0,0,0,0,0,0,0,0,0.0,0,0,0,0,0,0,0,0,0,0,1,0,0,0,0,1,0,0,0,0,0,0,1
345180,Victor Vran ARPG,1,2.1972245773362196,19.99,1,19.99,0,19.99,0,1,0,0,0,13.527829818844937,0,1,1,4,0,20,0,0,0,0,0,0,1,0,0,0,1,0,0,0,1,1,0,0,0.0,0,1,0,0,0,0,0,0,0,0,0,1,1,0,0,0,0,0,0,1,0,0,0
611660,Fallout 4 VR,0,3.713572066704308,59.99,0,59.99,0,59.99,0,0,0,0,0,13.527829818844937,0,0,0,1,1,20,0,1,0,0,0,1,0,0,0,0,1,1,1,0,1,0,0,1,0.0,0,0,0,0,0,0,0,1,0,0,1,1,1,0,0,0,0,0,0,0,0,1,0
274900,Murder Miners,1,2.5649493574615367,2.99,1,2.99,0,2.99,0,1,0,1,0,13.527829818844937,0,1,1,3,0,20,0,0,0,0,0,1,0,0,0,0,0,0,0,0,0,1,0,0,0.0,0,0,1,0,0,0,0,1,1,0,0,1,0,0,0,0,0,0,0,0,0,0,0
360830,Yooka-Laylee,1,2.70805020110221,19.99,1,19.99,0,19.99,0,1,0,0,0,13.527829818844937,0,1,0,3,1,20,0,1,1,0,0,0,0,0,1,0,0,0,0,0,0,1,0,0,0.0,0,0,0,0,0,0,1,0,0,0,0,1,1,0,0,0,0,1,0,1,1,0,0
851100,Touhou Luna Nights,1,2.772588722239781,17.99,0,17.99,1,17.99,0,1,0,0,0,13.527829818844937,0,1,0,3,0,20,1,1,0,0,0,0,1,0,0,0,1,0,0,0,0,1,0,0,0.0,0,0,0,0,0,0,1,0,0,0,0,1,1,0,0,0,0,0,0,1,0,0,0
1173770,FINAL FANTASY,1,4.499809670330265,11.99,0,11.99,1,11.99,0,0,0,0,0,13.527829818844937,0,0,0,1,0,20,1,0,0,0,1,0,0,0,0,0,1,1,0,0,1,0,0,0,0.0,0,0,0,0,0,0,0,0,0,0,0,0,1,0,0,0,0,0,0,0,0,0,0
834530,Yakuza Kiwami,1,5.241747015059643,19.99,0,10.99,0,10.99,0,0,0,0,0,13.527829818844937,0,0,0,3,1,20,0,1,1,0,1,0,0,0,1,0,1,1,0,0,1,1,0,0,0.45022511255627806,0,0,0,0,0,0,0,0,0,0,1,1,1,0,0,0,0,0,0,1,0,1,0
557180,League of Maidens,0,2.772588722239781,0.0,0,0.0,0,0.0,0,1,0,0,1,13.527829818844937,0,0,0,8,0,20,0,0,0,1,0,0,0,0,0,0,1,0,0,0,1,1,1,1,0.0,0,0,0,1,0,0,0,0,1,0,0,1,1,0,0,0,0,0,0,1,0,1,0
288160,The Room,1,3.7612001156935624,4.99,1,4.99,0,4.99,0,1,0,0,0,13.527829818844937,1,1,0,2,0,20,0,0,0,0,1,0,0,0,0,0,0,0,0,0,0,0,0,0,0.0,0,0,0,0,0,0,0,0,0,0,1,0,1,0,0,0,1,0,0,1,0,0,1
1113560,NieR Replicant ver.1.22474487139...,1,5.337538079701318,59.99,0,59.99,0,59.99,0,0,0,0,0,13.527829818844937,0,0,0,3,0,20,0,1,0,0,1,0,0,0,0,0,1,1,0,0,1,1,0,0,0.0,0,0,0,0,0,0,0,0,0,0,1,1,1,0,0,0,0,0,0,1,0,1,0
2378900,The Coffin of Andy and Leyley,1,5.627621113690637,11.99,0,11.99,0,11.99,0,0,0,0,0,13.527829818844937,1,0,0,3,0,20,0,0,0,1,1,0,0,0,0,0,1,0,0,0,1,0,0,0,0.0,0,0,0,1,0,0,0,0,0,0,0,0,1,1,0,0,0,0,0,1,0,0,1
32360,The Secret of Monkey Island: Special Edition,1,2.833213344056216,9.99,0,9.99,1,9.99,0,0,0,0,0,13.527829818844937,1,0,0,1,0,20,1,1,1,0,1,0,0,1,1,0,0,0,0,0,0,0,0,0,0.0,0,0,0,0,0,0,0,0,0,0,1,0,1,0,0,0,1,1,0,1,0,0,0
2114740,Blasphemous 2,1,5.313205979041787,29.99,0,29.99,1,29.99,0,1,0,0,0,13.527829818844937,0,0,0,3,0,20,1,0,0,0,1,0,1,0,0,0,0,1,0,0,0,1,0,0,0.0,0,0,0,0,0,0,1,0,0,0,0,0,1,0,0,0,0,0,0,1,0,0,1
3017860,DOOM: The Dark Ages,1,8.165932137321585,69.99,0,69.99,0,69.99,0,0,0,0,0,13.527829818844937,0,0,0,1,0,20,0,0,0,0,1,1,0,0,0,0,0,1,0,0,0,1,0,0,0.0,0,0,0,0,0,0,0,1,0,0,1,1,1,0,0,0,0,0,0,0,0,0,0
1275350,Ninja Kiwi Archive,1,4.499809670330265,0.0,1,0.0,1,0.0,0,0,0,1,1,13.527829818844937,0,0,1,3,0,20,1,0,0,0,0,0,0,0,0,0,0,0,1,0,0,1,0,0,0.0,0,1,0,0,0,0,1,0,1,0,0,1,0,0,0,0,0,0,0,0,0,0,0
385760,NBA 2K17,0,4.007333185232471,0.0,1,0.0,0,0.0,0,0,0,0,1,13.527829818844937,0,0,0,1,0,14,0,1,0,0,0,0,0,0,0,0,0,1,0,0,0,0,1,1,0.0,0,0,0,0,0,0,0,0,0,1,0,1,0,0,0,0,0,1,0,0,0,0,0
2058190,Lost Judgment,1,5.455321115357702,39.99,0,39.99,0,39.99,0,0,0,0,0,13.527829818844937,0,0,0,3,0,20,0,0,0,0,0,0,0,0,0,0,0,1,0,0,1,1,0,0,0.0,0,0,0,0,0,0,0,0,0,1,0,1,1,0,0,0,0,0,0,1,0,0,0
360940,The Mean Greens - Plastic Warfare,1,1.6094379124341003,9.99,1,9.99,0,9.99,0,1,0,0,0,13.527829818844937,0,1,1,2,0,20,0,1,1,0,0,1,0,0,0,0,0,0,0,0,0,1,0,0,0.0,0,1,0,0,1,0,0,1,0,0,1,1,0,0,0,0,0,1,0,0,1,0,0
503940,Railway Empire,1,4.962844630259907,29.99,0,5.99,0,5.99,0,0,0,0,0,13.527829818844937,0,0,0,2,0,20,0,0,0,0,0,0,0,0,0,0,0,0,0,0,0,0,0,0,0.8002667555851951,1,0,1,0,0,0,0,0,0,0,0,0,0,0,1,0,0,1,0,0,0,0,0
424030,War of Rights,1,5.700443573390687,29.99,1,29.99,0,29.99,1,1,1,0,0,13.527829818844937,0,1,0,6,0,20,0,0,0,1,0,1,0,0,0,0,0,0,0,0,0,1,0,0,0.0,0,0,0,1,1,1,0,1,0,1,0,1,0,0,1,0,0,0,0,0,0,1,0
1244090,Sea of Stars: Sunset Edition,1,6.234410725718371,34.99,1,34.99,1,34.99,0,1,0,0,0,13.527829818844937,0,1,1,3,0,20,1,0,1,0,1,0,0,0,0,0,1,0,0,0,1,0,0,0,0.0,0,0,0,0,0,0,0,0,0,0,0,0,1,0,0,0,0,0,0,1,0,0,0
539470,Police Stories,1,2.9444389791664403,19.99,1,2.99,1,2.99,0,1,0,0,0,13.527829818844937,0,1,1,4,0,20,1,0,0,0,0,0,1,0,0,0,0,0,0,0,0,1,0,0,0.8504252126063032,0,1,0,0,0,0,0,1,0,1,1,1,0,0,0,0,0,0,0,0,0,1,0
252150,Grimm,1,1.3862943611198906,0.0,0,0.0,0,0.0,0,1,0,0,1,13.527829818844937,1,1,0,2,0,20,0,0,1,0,0,0,0,0,1,0,0,0,0,0,0,0,1,0,0.0,0,0,0,0,0,0,1,0,1,0,0,1,1,0,0,0,0,0,0,0,0,0,1
22350,BRINK,0,3.1354942159291497,0.0,1,0.0,0,0.0,0,0,0,0,1,13.527829818844937,0,0,1,2,1,20,0,0,0,0,0,1,0,0,0,0,0,1,0,1,0,1,1,1,0.0,0,1,0,0,0,0,0,1,0,0,1,1,1,0,0,0,0,0,0,0,0,0,0
761620,Beholder 2,1,4.343805421853684,17.99,0,17.99,1,17.99,0,1,0,0,0,13.527829818844937,0,1,0,4,0,20,0,0,0,0,1,0,0,0,0,0,0,0,0,0,0,0,0,0,0.0,0,0,0,0,0,0,0,0,0,0,1,0,1,1,0,1,1,0,0,1,0,1,0
1128000,Cube World,0,2.3978952727983707,19.99,1,19.99,0,19.99,0,1,0,0,0,13.527829818844937,0,1,1,3,1,20,1,1,0,0,0,0,0,0,0,0,1,0,1,0,1,0,0,0,0.0,1,1,1,0,0,0,0,0,0,0,0,0,1,0,0,0,0,0,0,1,0,0,0
753650,Due Process,1,3.4011973816621555,9.99,1,9.99,0,9.99,0,1,0,1,0,13.527829818844937,0,0,0,6,0,20,1,0,0,1,0,1,0,0,0,0,0,0,0,0,0,1,0,1,0.0,0,1,0,1,0,0,0,1,0,0,0,0,1,0,0,0,0,0,0,1,0,0,0
2849080,Kingdom Rush 5: Alliance TD,1,5.958424693029782,19.99,0,19.99,1,19.99,0,1,0,0,0,13.527829818844937,0,1,0,2,0,17,0,0,1,0,0,0,0,0,1,0,0,0,0,0,0,0,0,0,0.0,0,0,0,0,0,0,0,0,0,0,0,1,1,0,0,0,0,0,0,0,0,0,0
939850,The Dark Pictures Anthology: Man of Medan,1,3.7376696182833684,19.99,1,19.99,0,19.99,0,0,0,0,0,13.527829818844937,0,0,1,1,0,20,0,0,0,0,1,0,0,0,0,0,0,0,0,0,0,0,0,0,0.0,0,0,0,0,0,0,0,0,0,0,1,1,1,1,0,1,0,0,0,1,0,1,1
2300,DOOM II,1,2.833213344056216,0.0,1,0.0,0,0.0,0,0,0,0,1,13.527829818844937,0,0,0,1,0,20,1,1,0,0,0,1,0,1,0,0,0,0,0,0,0,1,0,0,0.0,0,0,0,0,0,0,0,1,0,0,0,1,0,0,0,0,0,0,1,0,0,1,1
397340,SimplePlanes,1,4.406719247264253,12.99,0,12.99,0,12.99,0,1,0,0,0,13.527829818844937,0,0,0,2,1,20,0,0,1,0,0,0,0,0,0,0,0,0,0,0,0,0,0,0,0.0,0,0,1,0,1,0,0,0,0,0,0,1,0,0,0,0,0,0,1,0,0,0,0
255220,GRID Autosport,1,2.772588722239781,0.0,1,0.0,0,0.0,0,0,0,0,1,13.527829818844937,0,0,1,2,0,20,0,1,0,0,0,0,0,0,0,0,0,0,0,0,0,0,0,0,0.0,0,0,0,0,0,0,0,0,0,1,1,1,1,0,0,0,0,0,0,0,0,0,0
774801,Crab Champions,1,6.680854678790215,9.99,1,9.99,0,9.99,0,1,0,0,0,13.527829818844937,0,0,1,5,0,20,0,0,0,1,0,0,0,0,0,0,0,0,0,0,0,1,0,0,0.0,0,0,0,1,0,0,1,1,1,0,0,1,0,1,0,0,0,0,0,1,0,0,0
464060,RUINER,1,1.791759469228055,19.99,0,19.99,0,19.99,0,1,0,0,0,13.527829818844937,0,1,0,2,1,20,0,1,0,0,0,0,1,0,0,0,0,1,0,0,0,1,0,0,0.0,0,0,0,0,0,0,0,1,0,0,1,1,0,0,0,0,0,0,0,0,0,1,0
49600,Beat Hazard,1,1.6094379124341003,9.99,1,9.99,1,9.99,0,1,0,0,0,13.527829818844937,0,1,1,3,0,20,0,0,0,0,0,0,0,0,0,0,0,0,0,0,0,1,0,0,0.0,0,0,0,0,0,0,0,1,1,0,1,1,0,0,0,0,0,0,0,0,1,0,0
1158160,Coral Island,1,7.192182058713246,29.99,0,29.99,0,29.99,0,1,0,0,0,13.527829818844937,0,1,0,6,1,20,0,0,0,0,0,0,0,0,0,0,1,0,0,0,1,0,0,1,0.0,1,0,1,0,0,0,0,0,1,0,0,0,1,0,0,0,0,0,0,1,0,0,0
728530,SD GUNDAM G GENERATION CROSS RAYS,1,5.429345628954441,59.99,0,29.99,0,29.99,0,0,0,0,0,13.527829818844937,0,0,0,2,0,20,0,0,0,0,1,0,0,0,0,0,1,0,0,0,1,0,0,1,0.5000833472245375,0,0,0,0,0,0,0,0,0,0,0,0,0,0,0,0,0,0,0,0,0,0,0
2135150,Elin,1,7.15305163493748,19.99,1,19.99,1,19.99,0,1,0,0,0,13.527829818844937,0,0,0,5,1,20,1,0,0,1,0,0,1,0,0,0,1,0,0,0,1,0,0,1,0.0,0,0,1,1,0,0,0,0,0,0,0,0,0,0,0,0,0,0,0,0,0,0,0
2142790,Fields of Mistria,1,7.388327859577107,13.99,0,13.99,1,13.99,0,1,0,0,0,13.527829818844937,0,0,0,3,1,20,1,0,0,1,0,0,0,0,0,0,1,0,0,0,1,0,0,0,0.0,1,0,1,0,0,0,0,0,0,0,0,0,0,0,0,0,0,0,0,0,0,0,0
252870,PULSAR: Lost Colony,1,3.091042453358316,19.99,1,19.99,0,19.99,0,1,0,0,0,13.527829818844937,0,0,1,5,1,20,0,0,0,0,0,1,0,0,0,0,1,0,0,0,1,1,0,1,0.0,0,1,0,0,0,0,0,0,0,0,0,1,1,0,0,0,0,0,0,1,0,0,0
1843760,Rogue Tower,1,4.997212273764115,14.99,0,14.99,0,14.99,0,0,0,0,0,13.527829818844937,0,1,0,2,0,18,0,0,0,0,0,0,0,0,0,0,0,0,0,0,0,0,0,0,0.0,0,0,0,0,0,0,0,0,1,0,0,0,0,0,0,0,0,0,0,0,1,0,0
360170,How to Survive 2,0,2.3978952727983707,14.99,1,14.99,0,14.99,0,0,0,0,0,13.527829818844937,0,0,1,3,1,20,0,0,0,1,0,0,0,0,0,0,1,1,1,0,1,1,0,0,0.0,1,0,0,0,0,0,0,1,0,0,0,1,1,0,0,0,0,0,0,1,0,0,0
644830,The Surge 2,1,4.406719247264253,29.99,1,2.99,0,2.99,0,0,0,0,0,13.527829818844937,0,0,1,2,1,20,0,0,0,0,1,0,1,0,0,0,1,1,0,0,1,1,0,1,0.9003001000333445,0,0,0,0,0,0,0,0,0,0,0,1,0,0,0,0,0,0,0,0,0,1,0
248820,Risk of Rain (2013),1,3.258096538021482,9.99,1,9.99,1,9.99,0,1,0,0,0,13.527829818844937,0,1,1,3,0,20,1,1,0,0,0,0,1,0,0,0,1,0,1,0,1,1,0,0,0.0,0,1,0,0,0,0,1,0,0,0,0,1,0,0,0,0,0,0,0,0,0,0,0
1681430,RoboCop: Rogue City,1,5.476463551931511,39.99,0,39.99,0,39.99,0,0,0,0,0,13.527829818844937,0,0,0,2,0,20,0,0,0,0,1,1,0,0,0,0,1,0,0,0,0,1,0,0,0.0,0,0,0,0,0,0,0,1,0,0,1,1,1,0,0,0,0,0,0,1,0,1,0
462770,Pyre,1,2.3978952727983707,19.99,0,19.99,0,19.99,0,1,0,0,0,13.527829818844937,0,1,0,3,0,20,0,1,0,0,1,0,0,0,0,0,1,0,0,0,1,1,0,0,0.0,0,0,0,0,0,0,0,0,0,0,1,1,1,1,0,0,0,0,0,0,1,0,0
681280,Descenders,1,5.25227342804663,24.99,1,24.99,0,24.99,0,0,0,0,0,13.527829818844937,0,0,0,3,1,20,0,1,0,0,0,0,1,0,0,0,0,0,0,0,0,1,0,0,0.0,0,0,0,0,0,0,0,0,0,0,0,1,0,0,0,0,0,0,1,0,0,0,0
774241,Warhammer: Chaosbane,0,2.70805020110221,29.99,1,29.99,0,29.99,0,0,0,0,0,13.527829818844937,0,0,1,3,0,20,0,0,0,0,0,0,0,0,0,0,1,0,0,0,1,1,0,1,0.0,0,1,0,0,0,0,0,0,0,0,0,1,1,0,0,0,0,0,0,1,0,1,0
95400,ibb & obb,1,3.4011973816621555,11.99,1,11.99,1,11.99,0,1,0,0,0,13.527829818844937,1,1,1,3,0,20,0,1,1,0,0,0,1,0,0,0,0,0,0,0,0,1,0,0,0.0,0,1,0,0,0,0,1,0,0,0,0,1,1,0,0,1,0,1,0,1,0,0,0
276810,Mordheim: City of the Damned,1,4.727387818712341,19.99,1,19.99,0,19.99,0,0,0,0,0,13.527829818844937,0,1,0,2,0,20,0,0,0,0,0,0,0,0,0,0,1,0,0,0,1,0,0,0,0.0,0,0,0,0,0,0,0,0,0,0,0,0,0,0,0,0,0,0,0,0,0,0,0
548570,RAGE 2,0,3.7612001156935624,39.99,1,39.99,0,39.99,0,0,0,0,0,13.527829818844937,0,0,0,1,1,20,0,0,1,0,0,1,0,0,0,0,0,1,0,0,0,1,0,0,0.0,0,0,1,0,0,0,0,1,0,0,0,1,1,0,0,0,0,0,0,0,0,1,0
593600,PixARK,1,5.111987788356544,19.99,1,19.99,0,19.99,1,0,1,1,0,13.527829818844937,0,0,1,6,1,20,1,0,0,0,0,1,0,0,0,0,1,0,1,0,1,1,0,0,0.0,1,0,1,0,0,0,0,0,1,0,0,1,1,0,0,0,0,0,0,1,0,0,0
1041320,Lords Mobile,0,6.985641817639208,0.0,1,0.0,0,0.0,1,0,1,0,1,13.527829818844937,0,0,0,4,0,20,0,0,0,0,0,0,0,0,0,1,1,0,0,1,1,0,1,0,0.0,0,0,0,0,0,1,0,0,0,0,0,0,0,0,0,0,0,1,0,0,0,0,0
1547000,Grand Theft Auto: San Andreas – The Definitive Edition,1,5.802118375377063,59.99,0,59.99,0,59.99,0,0,0,0,0,13.527829818844937,0,0,0,2,1,20,0,0,0,0,1,0,0,1,0,0,0,1,0,0,0,1,0,0,0.0,0,0,1,0,0,0,0,0,0,0,0,1,1,0,0,1,0,0,0,1,0,1,0
473690,Absolver,1,3.1354942159291497,29.99,1,29.99,0,29.99,1,1,0,1,0,13.527829818844937,0,1,1,3,1,20,0,0,0,0,0,0,1,0,0,1,1,1,0,0,0,1,0,1,0.0,0,1,0,0,0,0,0,0,0,0,1,1,1,0,0,0,0,0,0,1,0,0,0
413420,Danganronpa 2: Goodbye Despair,1,5.293304824724492,19.99,0,19.99,0,19.99,0,0,0,0,0,13.527829818844937,1,0,0,1,0,20,0,1,1,0,1,0,0,0,1,0,0,0,0,0,0,0,0,0,0.0,0,0,0,0,0,0,0,0,0,0,1,0,1,0,0,1,0,0,0,1,0,0,1
447530,VA-11 Hall-A: Cyberpunk Bartender Action,1,4.143134726391533,14.99,0,14.99,1,14.99,0,1,0,0,0,13.527829818844937,0,0,0,3,0,20,1,0,1,0,1,0,0,0,0,0,0,0,0,0,0,0,0,0,0.0,0,0,0,0,0,0,0,0,0,0,0,0,1,1,0,0,1,0,0,1,0,0,0
248610,Door Kickers,1,2.9444389791664403,19.99,1,19.99,1,19.99,0,1,0,0,0,13.527829818844937,1,1,1,4,0,20,0,0,0,0,0,0,1,0,0,0,0,0,0,0,0,1,0,0,0.0,0,0,0,0,0,0,0,1,0,0,0,1,0,0,0,0,0,0,1,0,0,0,0
256290,Child of Light,1,2.5649493574615367,14.99,0,14.99,1,14.99,0,0,0,0,0,13.527829818844937,0,1,0,1,0,20,0,1,0,0,1,0,0,0,0,0,1,1,0,0,1,0,0,0,0.0,0,0,0,0,0,0,1,0,0,0,1,1,1,0,0,0,0,0,0,0,0,0,0
758190,Dragon Cliff,1,5.37989735354046,9.99,0,9.99,1,9.99,0,1,0,0,0,13.527829818844937,0,1,0,6,0,20,1,0,0,0,0,0,0,0,0,0,1,0,0,0,1,0,0,0,0.0,0,0,0,0,0,0,0,0,1,0,0,0,1,0,0,0,0,0,0,1,0,0,0
1195460,Last Year,0,2.1972245773362196,0.0,1,0.0,0,0.0,0,0,0,1,1,13.527829818844937,0,1,1,2,0,20,0,0,0,0,0,0,0,0,0,0,0,0,1,1,0,1,1,1,0.0,0,0,0,0,0,0,0,0,0,0,1,1,0,0,0,0,0,0,0,0,0,1,1
2381590,Only Up,1,3.1354942159291497,0.0,1,0.0,0,0.0,0,1,0,0,1,13.527829818844937,0,0,0,4,1,20,0,0,0,0,1,0,1,0,0,0,0,0,0,0,0,0,0,0,0.0,0,0,0,0,0,0,1,0,1,0,1,0,1,0,0,1,0,0,0,1,0,0,0
260230,Valiant Hearts: The Great War / Soldats Inconnus : Mémoires de la Grande Guerre,1,3.258096538021482,14.99,0,14.99,1,14.99,0,0,0,0,0,13.527829818844937,1,1,0,1,0,20,0,1,0,0,1,0,0,0,0,0,0,1,0,0,0,0,0,0,0.0,0,0,0,0,0,1,1,0,0,0,1,1,1,0,1,0,0,0,0,1,0,0,0
296470,Mount Your Friends,1,0.6931471805599453,4.99,1,4.99,1,4.99,0,1,0,0,0,13.527829818844937,0,1,1,3,0,20,0,0,1,0,0,0,0,0,1,0,0,0,0,0,0,0,0,0,0.0,0,1,0,0,0,0,0,0,0,0,0,1,0,0,0,1,0,0,0,0,0,0,0
219830,King Arthur's Gold,1,2.4849066497880004,0.0,1,0.0,1,0.0,0,1,0,0,1,13.527829818844937,0,1,1,3,0,20,1,0,1,0,0,0,0,0,0,0,0,0,0,1,0,1,1,0,0.0,0,0,1,0,0,0,1,0,0,0,0,1,0,0,0,0,0,0,0,0,0,0,0
200210,Realm of the Mad God Exalt,1,7.5251007461258,0.0,1,0.0,1,0.0,1,1,1,0,1,13.527829818844937,0,1,1,6,0,20,1,0,0,0,0,0,1,0,0,1,1,0,0,1,1,1,1,0,0.0,0,1,0,0,0,0,0,0,0,0,0,1,1,0,0,0,0,0,0,1,0,0,0
824550,SD GUNDAM BATTLE ALLIANCE,0,2.1972245773362196,59.99,1,14.99,0,14.99,0,0,0,0,0,13.527829818844937,0,0,1,2,0,20,0,0,0,0,0,0,0,0,0,0,1,1,0,0,1,1,0,0,0.7501250208368061,0,1,0,0,0,0,0,0,0,0,0,1,0,0,0,0,0,0,0,0,0,0,0
1135690,Unpacking,1,5.564520407322694,19.99,0,19.99,1,19.99,0,1,0,0,0,13.527829818844937,1,1,0,3,0,20,1,0,0,0,1,0,0,0,0,0,0,0,0,0,0,0,0,0,0.0,0,0,0,0,0,0,0,0,1,0,1,0,0,0,0,0,1,1,0,0,1,0,0
2437170,SMITE 2,0,8.512381634419015,0.0,1,0.0,0,0.0,1,0,1,1,1,13.527829818844937,0,0,1,8,0,20,0,0,0,1,0,0,0,0,0,1,1,0,0,1,1,1,0,0,0.0,0,1,0,1,0,0,0,0,1,0,0,1,1,0,0,0,0,0,0,1,0,0,0
2140510,Town of Salem 2,1,5.948034989180646,0.0,1,0.0,0,0.0,0,0,0,1,1,13.527829818844937,0,0,0,5,0,20,0,0,0,0,0,0,0,0,0,0,1,0,0,1,1,1,1,0,0.0,0,0,0,0,0,0,0,0,1,0,0,0,0,1,0,1,0,0,0,0,0,0,0
78000,Bejeweled 3,1,5.961005339623274,4.99,0,4.99,1,4.99,0,0,0,0,0,13.527829818844937,1,1,0,2,0,15,0,1,0,0,0,0,0,1,0,0,0,0,0,0,0,0,0,0,0.0,0,0,0,0,0,0,0,0,1,0,0,0,0,0,0,0,0,1,0,0,1,0,0
503560,911 Operator,1,4.477336814478207,14.99,0,14.99,1,14.99,0,1,0,0,0,13.527829818844937,0,1,0,4,0,20,0,0,0,0,0,0,0,0,0,0,0,0,0,0,0,0,0,0,0.0,0,0,0,0,0,0,0,0,1,1,1,0,0,1,0,0,0,0,1,0,0,0,0
429050,Feed and Grow: Fish,1,5.247024072160486,14.99,1,14.99,0,14.99,0,1,0,0,0,13.527829818844937,0,1,1,4,1,20,0,1,1,1,0,0,0,0,0,0,0,0,1,0,0,1,0,0,0.0,0,0,1,1,0,0,0,0,0,1,1,1,1,0,0,0,0,0,0,0,1,0,0
909080,Cube Escape: Paradox,1,5.1298987149230735,0.0,1,0.0,1,0.0,0,1,0,0,1,13.527829818844937,1,1,1,3,0,20,0,1,0,0,1,0,0,0,0,0,0,0,0,1,0,0,1,0,0.0,0,0,0,0,0,0,0,0,0,0,1,0,1,0,0,1,1,0,0,1,0,0,1
1496790,Gotham Knights,0,5.3230099791384085,59.99,1,59.99,0,59.99,0,0,0,0,0,13.527829818844937,0,0,1,3,1,20,0,0,0,0,1,0,0,0,0,0,1,0,0,0,1,1,0,1,0.0,0,1,0,0,0,0,0,0,0,0,1,1,1,0,0,0,0,0,0,1,0,0,0
285330,RollerCoaster Tycoon 2: Triple Thrill Pack,1,4.574710978503383,9.99,1,9.99,1,9.99,0,0,0,0,0,13.527829818844937,0,0,0,2,0,20,1,1,1,0,0,0,0,1,0,0,0,0,0,0,0,0,0,0,0.0,0,0,1,0,0,0,0,0,0,0,0,0,0,0,0,0,0,1,0,0,0,0,0
1782120,ZERO Sievert,1,5.568344503761097,19.99,0,19.99,0,19.99,0,1,0,0,0,13.527829818844937,0,1,0,3,1,20,1,0,0,1,0,0,0,0,0,0,0,0,1,0,0,1,0,0,0.0,0,0,0,0,0,0,0,1,0,0,1,1,1,0,0,0,0,0,0,1,0,0,0
1259980,RIDE 4,1,5.3471075307174685,39.99,1,39.99,0,39.99,0,0,0,1,0,13.527829818844937,0,0,0,3,1,19,0,0,0,0,0,0,1,0,0,0,0,0,0,0,0,0,0,0,0.0,0,0,0,0,0,0,0,0,0,1,0,0,0,0,0,0,0,0,0,0,0,0,0
732690,FIVE NIGHTS AT FREDDY'S: HELP WANTED,1,3.4011973816621555,29.99,0,29.99,0,29.99,0,0,0,0,0,13.527829818844937,1,1,0,2,0,20,0,0,1,0,1,0,1,0,0,0,0,0,1,0,0,1,0,0,0.0,0,0,0,0,0,0,0,0,1,0,1,1,0,0,0,1,0,0,0,0,0,0,1
311290,SpellForce 3 Reforced,1,2.5649493574615367,39.99,1,39.99,0,39.99,0,0,0,0,0,13.527829818844937,0,0,1,2,1,20,0,1,0,0,1,0,0,0,0,0,1,1,0,0,1,0,0,1,0.0,0,0,0,0,0,0,0,0,0,0,1,1,1,0,0,0,0,0,0,0,0,0,0
954740,Terminator: Resistance,1,3.6888794541139363,39.99,0,39.99,0,39.99,0,0,0,0,0,13.527829818844937,0,0,0,3,1,20,0,1,0,0,1,1,0,0,0,0,1,0,0,0,1,1,0,0,0.0,1,0,0,0,0,0,0,1,0,0,1,1,1,1,0,0,0,0,0,1,0,1,0
784080,MechWarrior 5: Mercenaries,1,6.456769655572163,29.99,0,29.99,0,29.99,0,0,0,0,0,13.527829818844937,0,0,1,2,0,20,0,0,0,0,0,1,0,0,0,0,0,0,0,0,0,1,0,0,0.0,0,1,0,0,0,0,0,1,0,0,0,1,0,0,0,0,0,0,1,0,0,0,0
2336220,Feed the Cups,0,7.057897937411856,15.99,1,15.99,1,15.99,0,1,0,0,0,13.527829818844937,0,0,1,4,0,20,0,0,1,1,0,0,0,0,0,0,0,0,0,0,0,0,0,0,0.0,1,1,0,1,0,0,0,0,1,0,0,1,0,0,0,0,0,0,0,0,0,0,0
362490,Exanima,1,4.442651256490317,14.99,0,14.99,0,14.99,0,1,0,0,0,13.527829818844937,0,1,0,6,0,20,0,0,0,1,0,0,1,0,0,0,1,0,0,0,1,1,0,1,0.0,0,0,0,1,0,0,0,0,0,0,1,1,1,0,0,0,0,0,0,1,0,0,1
2772750,Age of History 3,1,6.1779441140506,9.99,0,9.99,1,9.99,0,0,0,0,0,13.527829818844937,0,0,0,2,0,20,0,0,0,0,0,0,0,0,0,0,0,0,0,0,0,0,0,0,0.0,0,0,0,0,0,1,0,0,0,1,0,0,0,0,0,0,0,0,1,0,0,0,0
784150,Workers & Resources: Soviet Republic,1,7.85979918056211,39.99,0,39.99,0,39.99,0,0,0,0,0,13.527829818844937,0,0,0,2,1,20,0,0,0,0,0,0,0,0,0,0,0,0,1,0,0,0,0,0,0.0,0,0,1,0,0,0,0,0,0,0,0,0,0,0,1,0,0,0,1,0,0,0,0
434050,Duke Nukem 3D: 20th Anniversary World Tour,1,3.6888794541139363,19.99,1,19.99,0,19.99,0,0,0,0,0,13.527829818844937,0,0,1,2,0,20,0,1,1,0,0,1,0,1,1,0,0,0,0,0,0,1,0,0,0.0,0,0,0,0,0,0,0,1,0,0,0,1,1,0,0,0,0,0,0,1,0,0,0
232910,TrackMania² Stadium,1,3.8066624897703196,9.99,1,9.99,0,9.99,0,0,0,0,0,13.527829818844937,0,0,0,2,0,19,0,1,0,0,0,0,0,0,0,0,0,1,0,0,0,0,0,0,0.0,0,0,1,0,0,0,0,0,0,0,0,1,0,0,0,0,0,0,0,0,0,0,0
382310,Eco,1,6.541029999189903,29.99,1,29.99,0,29.99,0,1,0,0,0,13.527829818844937,0,0,0,4,1,20,0,0,0,1,0,0,0,0,0,0,0,0,1,0,0,0,0,0,0.0,1,0,1,1,0,0,0,0,0,0,0,0,0,0,0,0,0,0,0,1,0,0,0
398710,Timberman,1,2.0794415416798357,0.99,1,0.99,1,0.99,0,1,0,0,0,13.527829818844937,0,1,0,3,0,15,1,0,1,0,0,0,1,0,0,0,0,0,0,0,0,1,0,0,0.0,0,0,0,0,0,0,0,0,1,0,0,1,0,0,0,0,0,0,0,0,0,0,0
272510,NARUTO SHIPPUDEN: Ultimate Ninja STORM Revolution,1,2.4849066497880004,29.99,1,9.89,0,9.89,0,0,0,1,0,13.527829818844937,0,0,1,2,0,20,0,1,0,0,0,0,0,0,1,0,0,1,0,0,0,1,0,0,0.6702234078026008,0,1,0,0,0,0,0,0,0,0,0,1,1,0,0,0,0,0,0,1,0,0,0
2095300,Breakout 13,1,3.1354942159291497,9.99,0,9.99,0,9.99,0,1,0,0,0,13.527829818844937,1,0,0,3,0,20,0,0,0,0,1,0,0,0,0,0,1,0,0,0,1,0,0,0,0.0,0,0,0,0,0,0,0,0,0,1,0,0,0,1,0,1,1,0,0,1,0,0,1
94400,Nidhogg,1,1.9459101490553132,9.99,1,9.99,1,9.99,0,1,0,1,0,13.527829818844937,0,1,0,3,0,20,1,1,1,0,0,0,0,0,0,0,0,0,0,0,0,1,0,0,0.0,0,0,0,0,0,0,1,0,0,0,0,1,0,0,0,0,0,0,0,0,0,0,0
248860,NEO Scavenger,1,3.4011973816621555,14.99,0,3.74,0,3.74,0,1,0,0,0,13.527829818844937,0,1,0,3,1,20,0,0,0,0,0,0,1,0,0,0,1,0,1,0,1,0,0,0,0.7505003335557038,1,0,1,0,0,0,0,0,0,1,0,0,1,0,0,0,0,0,0,0,0,0,0
1235140,Yakuza: Like a Dragon,1,6.154858094016418,19.99,0,19.99,0,19.99,0,0,0,0,0,13.527829818844937,0,0,0,3,1,20,0,1,1,0,1,0,0,0,1,0,1,1,0,0,1,1,0,0,0.0,0,0,0,0,0,0,0,0,0,0,0,1,1,0,0,0,0,0,0,1,0,1,0
1562700,SANABI,1,5.081404364984463,14.99,0,14.99,1,14.99,0,1,0,0,0,13.527829818844937,0,1,0,3,0,20,1,1,0,0,1,0,1,0,0,0,0,0,0,0,0,1,0,0,0.0,0,0,0,0,0,0,1,0,0,0,1,1,1,0,0,0,0,0,0,1,0,0,0
764790,The Messenger,1,3.58351893845611,19.99,0,19.99,1,19.99,0,1,0,0,0,13.527829818844937,0,1,0,2,0,20,1,1,1,0,0,0,1,0,1,0,0,1,0,0,0,1,0,0,0.0,0,0,0,0,0,0,1,0,0,0,0,1,1,0,0,0,0,0,0,0,0,0,0
231160,The Swapper,1,1.9459101490553132,14.99,0,14.99,1,14.99,0,1,0,0,0,13.527829818844937,1,1,0,3,0,20,0,1,0,0,1,0,1,0,0,0,0,0,0,0,0,1,0,0,0.0,0,0,0,0,0,0,1,0,0,0,1,1,1,0,0,1,0,0,0,1,0,0,0
1206610,Rubber Bandits,1,4.007333185232471,9.99,1,9.99,0,9.99,0,1,0,1,0,13.527829818844937,0,0,1,3,0,20,0,0,1,0,0,0,0,0,1,0,0,0,0,0,0,1,0,0,0.0,0,1,0,0,0,0,0,0,1,0,0,1,0,0,0,0,0,1,0,0,0,0,0
2144740,Ghostrunner 2,1,4.174387269895637,39.99,0,39.99,0,39.99,0,0,0,0,0,13.527829818844937,0,0,0,3,0,20,0,0,0,0,0,0,1,0,0,0,0,1,0,0,0,1,0,0,0.0,0,0,0,0,0,0,0,0,0,0,0,1,1,0,0,0,0,0,0,1,0,1,0
799960,Wizard101,1,6.569481420414296,0.0,0,0.0,0,0.0,1,0,1,1,1,13.527829818844937,0,0,0,6,1,20,0,0,1,0,0,0,0,0,0,1,1,0,0,1,1,0,1,1,0.0,1,0,0,0,0,0,0,0,1,0,0,0,1,0,0,0,0,1,0,1,1,0,0
343780,Cat Goes Fishing,1,4.770684624465665,6.99,1,6.99,1,6.99,0,1,0,0,0,13.527829818844937,1,1,0,3,0,20,0,0,1,0,0,0,1,0,0,0,0,0,0,0,0,0,0,0,0.0,0,0,0,0,0,0,0,0,1,0,0,1,1,0,0,1,0,1,0,0,0,0,0
234080,Castlevania: Lords of Shadow – Ultimate Edition,1,3.6635616461296463,29.99,0,29.99,0,29.99,0,0,0,0,0,13.527829818844937,0,0,0,2,0,20,0,1,0,0,1,0,0,0,0,0,0,1,0,0,0,1,0,0,0.0,0,0,0,0,0,0,0,0,0,0,1,1,1,0,0,0,0,0,0,1,0,0,0
994730,Banner of the Maid,1,4.060443010546419,16.99,0,16.99,1,16.99,0,1,0,0,0,13.527829818844937,0,1,0,3,0,20,1,0,0,0,0,0,0,0,0,0,1,0,0,0,1,0,0,0,0.0,0,0,0,0,0,0,0,0,0,0,0,0,0,0,1,0,0,0,0,0,0,0,0
745920,Temtem,1,5.303304908059076,44.99,1,44.99,0,44.99,0,1,1,1,0,13.527829818844937,0,0,1,4,0,20,0,0,0,0,1,0,0,0,0,1,1,0,0,0,1,0,0,1,0.0,0,0,0,0,0,0,0,0,0,0,0,0,1,0,0,0,0,0,0,1,1,0,0
281610,Homeworld: Deserts of Kharak,1,3.1780538303479458,49.99,1,49.99,0,49.99,0,0,0,0,0,13.527829818844937,0,0,1,1,0,17,0,1,0,0,1,0,0,0,0,0,0,0,0,0,0,0,0,0,0.0,0,0,0,0,0,0,0,0,0,0,1,1,1,0,0,0,0,0,0,0,0,0,0
2488620,F1 24,1,7.63433723562832,69.99,1,69.99,0,69.99,0,0,0,1,0,13.527829818844937,0,0,1,2,0,20,0,1,0,1,0,0,0,0,0,0,0,1,0,0,0,0,0,1,0.0,0,1,0,0,0,0,0,0,0,1,0,1,0,0,0,0,0,0,0,0,0,0,0
1064610,Neon Beats,1,1.0986122886681098,0.0,0,0.0,1,0.0,0,1,0,0,1,13.527829818844937,0,1,0,2,0,18,0,1,0,0,0,0,1,0,0,0,0,0,0,1,0,0,1,0,0.0,0,0,0,0,0,0,1,0,0,0,0,0,0,0,0,0,0,0,0,0,0,0,0
2600,Vampire: The Masquerade - Bloodlines,1,4.653960350157523,19.99,0,9.99,0,9.99,0,0,0,0,0,13.527829818844937,0,0,0,1,0,20,0,1,0,0,1,0,0,1,0,0,1,1,0,0,0,1,0,0,0.5002501250625312,0,0,0,0,0,0,0,0,0,0,1,1,1,0,0,0,0,0,0,0,0,0,1
598980,The Coin Game,1,3.5553480614894135,19.99,1,19.99,0,19.99,0,1,0,0,0,13.527829818844937,0,1,0,4,1,20,0,0,1,1,0,0,0,0,0,0,0,0,1,0,0,0,0,1,0.0,0,0,1,0,0,0,0,0,1,1,1,0,1,0,0,0,0,1,0,1,0,0,0
616560,Ultimate Epic Battle Simulator,1,2.8903717578961645,14.99,0,14.99,0,14.99,0,1,0,0,0,13.527829818844937,0,1,0,5,1,20,0,0,1,1,0,0,0,0,0,0,0,0,1,0,0,1,0,0,0.0,0,0,1,0,0,1,0,0,0,0,1,1,1,0,0,0,0,0,0,1,0,1,0
371970,Barony,1,5.968707559985366,19.99,0,19.99,0,19.99,0,1,0,0,0,13.527829818844937,0,1,1,4,0,20,1,0,0,0,0,0,1,0,0,0,1,0,0,0,1,1,0,0,0.0,0,1,0,0,0,0,0,0,0,0,0,0,0,0,0,0,0,0,1,1,0,0,0
718670,Cultist Simulator,1,6.368187186350492,19.99,0,19.99,0,19.99,0,1,0,0,0,13.527829818844937,0,0,0,3,0,20,0,0,0,0,1,0,0,0,0,0,0,0,0,0,1,0,0,0,0.0,1,0,0,0,0,0,0,0,0,0,0,0,0,1,0,0,0,0,0,0,0,0,0
443810,This Is the Police,1,4.02535169073515,14.99,0,14.99,0,14.99,0,1,0,0,0,13.527829818844937,0,1,0,3,0,20,0,1,0,0,1,0,0,0,0,0,0,1,0,0,0,0,0,0,0.0,0,0,0,0,0,0,0,0,0,0,1,0,1,1,0,0,0,0,0,1,0,0,0
401680,POSTAL Redux,1,2.70805020110221,8.99,1,8.99,0,8.99,0,1,0,0,0,13.527829818844937,0,0,1,2,0,20,1,0,0,0,0,0,0,0,0,0,0,0,0,0,0,1,0,0,0.0,0,1,0,0,0,0,0,1,0,0,0,1,0,0,0,1,0,0,0,0,0,1,1
40100,Supreme Commander 2,1,5.209486152841421,12.99,1,12.99,0,12.99,0,0,0,0,0,13.527829818844937,0,0,1,1,0,20,0,1,0,0,0,0,0,1,0,0,0,1,0,0,0,0,0,0,0.0,0,0,1,0,1,1,0,0,0,0,0,1,0,0,0,0,0,0,0,0,0,0,0
1243830,Overcooked! All You Can Eat,1,5.786897381366708,39.99,1,39.99,0,39.99,0,1,0,1,0,13.527829818844937,0,1,1,4,0,20,0,0,1,0,0,0,0,0,0,0,0,0,0,0,0,0,0,0,0.0,0,1,0,0,0,0,0,0,1,0,0,0,0,0,0,0,0,1,0,0,1,0,0
418500,Rising Storm 2: Vietnam,1,0.0,24.99,1,24.99,0,24.99,1,0,1,0,0,13.527829818844937,0,1,0,4,0,20,0,0,0,0,0,1,0,0,0,0,0,0,0,0,0,1,0,0,0.0,0,0,0,0,1,1,0,1,0,1,1,1,0,0,1,0,0,0,0,0,0,1,0
2707900,NIGHT-RUNNERS PROLOGUE,1,4.68213122712422,0.0,0,0.0,0,0.0,0,0,0,0,1,13.527829818844937,0,0,0,2,1,20,0,0,0,0,0,0,0,0,0,0,1,0,0,0,0,0,0,1,0.0,0,0,0,0,0,0,0,0,0,1,1,0,0,0,0,0,0,0,0,0,0,0,1
459220,Halo Wars: Definitive Edition,1,5.236441962829949,19.99,1,19.99,0,19.99,0,0,0,0,0,13.527829818844937,0,0,1,1,0,20,0,1,0,0,1,0,0,1,0,0,0,1,0,0,0,0,0,0,0.0,0,1,1,0,1,1,0,1,0,0,1,1,0,0,0,0,0,0,0,0,0,0,0
1180660,Tell Me Why,1,5.796057750765372,0.0,0,0.0,0,0.0,0,0,0,0,1,13.527829818844937,0,0,0,2,0,20,0,0,0,0,1,0,0,0,0,0,0,1,0,1,0,0,0,0,0.0,0,0,0,0,0,0,0,0,0,0,1,0,1,1,0,0,0,0,0,1,0,0,0
39150,FINAL FANTASY VIII,1,4.605170185988092,11.99,0,11.99,0,11.99,0,0,0,0,0,13.527829818844937,0,0,0,1,1,20,0,1,0,0,1,0,0,1,0,0,1,1,0,0,1,0,0,0,0.0,0,0,0,0,0,0,0,0,0,0,1,1,1,0,0,0,0,0,0,0,0,0,0
220780,Thomas Was Alone,1,1.0986122886681098,9.99,0,9.99,1,9.99,0,1,0,0,0,13.527829818844937,0,1,0,1,0,20,0,0,0,0,1,0,0,0,0,0,0,0,0,0,0,0,0,0,0.0,0,0,0,0,0,0,1,0,0,0,1,0,0,0,0,0,0,1,0,0,1,0,0
335670,LISA: The Painful,1,3.1780538303479458,19.99,0,19.99,1,19.99,0,1,0,0,0,13.527829818844937,0,1,0,3,0,20,1,0,1,0,1,0,0,0,1,0,1,0,0,0,1,0,0,0,0.0,0,0,0,0,0,0,0,0,0,0,1,0,1,1,0,1,0,0,0,1,0,0,1
1227690,Severed Steel,1,4.248495242049359,24.99,0,24.99,0,24.99,0,1,0,0,0,13.527829818844937,0,1,0,2,0,20,0,0,0,0,0,1,0,0,0,0,0,0,0,0,0,1,0,0,0.0,0,0,0,0,0,0,0,1,0,0,0,1,0,0,0,0,0,0,0,0,0,1,0
927350,Hood: Outlaws & Legends,0,0.0,0.0,1,0.0,0,0.0,1,0,1,1,1,13.527829818844937,0,0,1,4,0,20,0,0,0,0,0,1,0,0,0,0,1,1,0,0,1,1,0,0,0.0,0,1,0,0,0,0,0,0,0,0,0,1,1,0,0,0,0,0,0,1,0,1,0
587620,Okami HD,1,4.394449154672439,19.99,0,19.99,0,19.99,0,0,0,0,0,13.527829818844937,0,0,0,1,1,20,0,1,0,0,1,0,0,1,0,0,1,1,0,0,0,0,0,0,0.0,0,0,0,0,0,0,0,0,0,0,1,1,1,0,0,0,0,0,0,1,1,0,0
369990,"Gremlins, Inc.",1,4.859812404361672,19.99,1,19.99,1,19.99,0,1,0,0,0,13.527829818844937,0,0,0,2,0,20,0,1,0,0,0,0,0,0,1,0,0,0,0,0,0,0,0,0,0.0,0,0,0,0,0,0,0,0,0,0,1,0,0,0,0,0,0,0,1,0,0,0,0
11450,Overlord,1,3.332204510175204,4.99,1,4.99,0,4.99,0,0,0,0,0,13.527829818844937,1,0,0,1,1,20,0,0,1,0,1,0,0,0,1,0,1,0,0,0,1,0,0,0,0.0,0,0,0,0,0,0,0,0,0,0,1,1,1,0,0,0,0,0,0,0,0,0,0
954850,Kerbal Space Program 2,0,4.143134726391533,49.99,1,49.99,0,49.99,0,1,0,0,0,13.527829818844937,0,1,0,3,1,20,0,0,1,1,0,0,1,0,0,0,0,0,0,0,0,0,0,0,0.0,0,0,1,1,0,0,0,0,0,1,1,0,1,0,0,0,0,0,1,0,0,0,0
1046030,ISLANDERS,1,3.8501476017100584,4.99,1,4.99,0,4.99,0,1,0,0,0,13.527829818844937,1,1,0,3,0,20,0,0,0,0,0,0,0,0,0,0,0,0,0,0,0,0,0,0,0.0,0,0,0,0,0,0,0,0,1,0,1,0,0,0,0,0,0,0,0,0,1,0,0
293260,Card Hunter,1,3.4339872044851463,0.0,1,0.0,0,0.0,0,0,0,0,1,13.527829818844937,0,1,1,3,0,20,0,0,0,0,0,0,0,0,1,0,1,0,0,1,1,0,1,0,0.0,0,0,0,0,0,0,0,0,0,0,0,0,0,0,0,0,0,0,0,0,0,0,0
1677770,The Case of the Golden Idol,1,3.9512437185814275,17.99,0,17.99,1,17.99,0,1,0,0,0,13.527829818844937,1,0,0,2,0,20,1,0,0,0,1,0,0,0,0,0,0,0,0,0,0,0,0,0,0.0,0,0,0,0,0,0,0,0,0,0,1,0,1,1,1,0,1,0,0,1,0,0,0
39510,Gothic II: Gold Edition,1,6.003887067106539,19.99,0,19.99,0,19.99,0,0,0,0,0,13.527829818844937,0,0,0,2,1,20,0,1,0,0,1,0,1,1,0,0,1,1,0,0,1,1,0,0,0.0,0,0,0,0,0,0,0,0,0,0,1,1,1,0,0,0,0,0,0,0,0,0,0
1182620,Impostor Factory,1,2.5649493574615367,9.99,0,9.99,1,9.99,0,1,0,0,0,13.527829818844937,0,0,0,4,0,20,1,0,1,0,1,0,0,0,1,0,1,0,0,0,1,0,0,0,0.0,0,0,0,0,0,0,0,0,1,0,1,0,1,0,0,1,0,0,0,1,0,0,0
429570,The Walking Dead: Michonne - A Telltale Miniseries,1,2.4849066497880004,14.99,0,14.99,0,14.99,0,0,0,0,0,13.527829818844937,0,0,0,1,0,20,0,1,0,0,1,0,0,0,0,0,0,0,1,0,0,0,0,0,0.0,0,0,0,0,0,0,0,0,0,0,1,1,1,1,0,0,1,0,0,1,0,1,1
622650,Bendy and the Ink Machine,1,4.465908118654584,19.99,0,19.99,0,19.99,0,1,0,0,0,13.527829818844937,1,1,0,4,0,20,0,1,1,0,1,0,0,0,0,0,0,0,0,0,0,1,1,0,0.0,0,0,0,0,0,0,0,0,0,0,1,1,1,0,0,1,0,0,0,1,0,1,1
1367550,Kingdom Rush Vengeance - Tower Defense,1,5.262690188904886,19.99,0,19.99,1,19.99,0,0,0,0,0,13.527829818844937,0,0,0,1,0,20,0,0,0,0,0,0,1,0,0,0,0,0,0,0,0,0,0,0,0.0,0,0,0,0,0,0,0,0,0,0,0,1,1,1,0,0,0,1,0,0,1,0,0
1611600,WARNO,1,6.773080375655535,39.99,1,39.99,0,39.99,1,1,0,1,0,13.527829818844937,0,0,1,4,0,20,0,0,0,0,0,0,0,0,0,0,0,0,0,0,0,1,0,0,0.0,0,0,0,0,1,1,0,0,0,1,0,0,0,0,1,0,0,0,1,0,0,0,0
1182900,A Plague Tale: Requiem,1,4.919980925828125,49.99,0,14.99,0,14.99,0,0,0,0,0,13.527829818844937,0,0,0,2,0,20,0,0,0,0,0,0,0,0,0,0,0,1,0,0,0,1,0,0,0.700140028005601,0,0,0,0,0,0,0,0,0,1,1,1,1,0,1,0,0,0,0,1,0,0,0
613830,CHRONO TRIGGER,1,5.153291594497779,14.99,0,14.99,1,14.99,0,0,0,0,0,13.527829818844937,0,0,0,1,0,20,1,1,0,0,1,0,0,1,0,0,1,1,0,0,1,0,0,0,0.0,0,0,0,0,0,0,0,0,0,0,0,1,1,0,0,0,0,0,0,0,0,0,0
505230,Pathologic 2,1,4.356708826689592,34.99,0,34.99,0,34.99,0,1,0,0,0,13.527829818844937,0,1,0,3,1,20,0,0,0,0,1,0,1,0,0,0,1,1,1,0,1,0,0,0,0.0,0,0,0,0,0,0,0,0,0,0,1,0,1,1,0,1,0,0,0,1,0,0,0
712100,A Total War Saga: THRONES OF BRITANNIA,1,5.4510384535657,19.99,1,19.99,0,19.99,0,0,0,0,0,13.527829818844937,0,0,1,2,0,20,0,0,0,0,0,0,0,0,0,0,0,0,0,0,0,1,0,0,0.0,0,0,1,0,1,1,0,0,0,0,1,1,0,0,1,0,0,0,0,0,0,0,0
1012790,Into the Radius VR,1,3.5263605246161616,29.99,0,29.99,0,29.99,0,1,0,0,0,13.527829818844937,0,1,0,2,1,20,0,0,0,0,0,1,0,0,0,0,0,0,1,0,0,1,0,0,0.0,0,0,0,0,0,0,0,1,0,1,1,1,0,0,0,0,0,0,0,0,0,0,1
253430,CastleMiner Z,1,3.8501476017100584,5.99,1,5.99,0,5.99,0,1,0,1,0,13.527829818844937,0,1,1,3,1,20,0,0,0,0,0,1,0,0,0,0,0,0,1,0,0,1,0,0,0.0,1,1,1,0,0,0,0,1,0,0,0,1,1,0,0,0,0,0,0,1,0,0,1
1948980,Hero's Adventure: Road to Passion,1,6.871091294610546,17.99,0,17.99,1,17.99,0,1,0,0,0,13.527829818844937,0,1,0,4,1,20,1,0,0,0,0,0,0,0,0,0,1,0,0,0,1,0,0,0,0.0,0,0,0,0,0,0,0,0,0,0,0,0,1,0,0,0,0,0,0,1,0,0,0
597220,West of Loathing,1,3.9889840465642745,10.99,0,10.99,1,10.99,0,1,0,0,0,13.527829818844937,1,1,0,3,1,20,0,1,1,0,1,0,0,0,1,0,1,0,0,0,1,0,0,1,0.0,0,0,0,0,0,0,0,0,0,0,0,0,1,1,0,0,1,0,0,1,0,0,0
647830,LEGO Marvel Super Heroes 2,1,4.976733742420574,19.99,1,19.99,0,19.99,0,0,0,0,0,13.527829818844937,1,0,1,1,1,20,0,0,1,0,1,0,0,0,1,0,0,0,0,0,0,1,0,1,0.0,0,0,1,0,0,0,0,0,0,0,0,1,1,0,0,0,0,1,0,0,0,0,0
552620,ATOM RPG: Post-apocalyptic indie game,1,4.330733340286331,14.99,0,14.99,0,14.99,0,0,0,0,0,13.527829818844937,1,1,0,1,1,20,0,0,0,0,1,0,0,0,0,0,1,0,1,0,1,0,0,0,0.0,0,0,1,0,0,0,0,0,0,0,1,0,0,0,0,0,0,0,0,0,0,0,0
621830,WRC 7 FIA World Rally Championship,1,6.184148890937483,19.99,1,19.99,0,19.99,1,0,0,1,0,13.527829818844937,0,0,1,1,1,20,0,0,0,0,0,0,0,0,0,0,0,0,0,0,0,0,0,0,0.0,0,0,0,0,0,0,0,0,0,1,0,0,0,0,0,0,0,0,0,0,0,0,0
2060130,Return to Monkey Island,1,3.044522437723423,24.99,0,24.99,1,24.99,0,0,0,0,0,13.527829818844937,1,0,0,2,0,20,0,0,1,0,1,0,0,0,1,0,0,1,0,0,0,0,0,0,0.0,0,0,0,0,0,0,0,0,1,0,0,0,1,1,0,0,1,1,0,1,1,0,0
1414850,Nickelodeon All-Star Brawl,1,2.5649493574615367,49.99,1,49.99,1,49.99,0,0,0,1,0,13.527829818844937,0,0,0,1,0,20,0,0,1,0,0,0,0,0,1,0,0,0,0,0,0,1,0,0,0.0,0,0,0,0,0,0,0,0,0,0,0,1,0,0,0,0,0,1,0,0,0,0,0
265300,Lords Of The Fallen 2014,0,2.9444389791664403,29.99,0,29.99,0,29.99,0,0,0,0,0,13.527829818844937,0,0,0,2,1,20,0,0,0,0,1,0,1,0,0,0,1,0,0,0,1,1,0,0,0.0,0,0,0,0,0,0,0,0,0,0,1,1,1,0,0,0,0,0,0,0,0,1,0
816090,Space Hulk: Deathwing Enhanced Edition,1,3.8501476017100584,29.99,1,29.99,0,29.99,0,0,0,0,0,13.527829818844937,0,0,1,2,0,20,0,0,0,0,0,1,0,0,0,0,1,1,0,0,0,1,0,0,0.0,0,1,0,0,0,0,0,1,0,0,1,1,1,0,0,0,0,0,0,1,0,1,1
1180380,Stay Out,0,6.903747257584598,0.0,1,0.0,0,0.0,0,1,1,1,1,13.527829818844937,0,0,1,6,1,20,0,0,0,1,0,0,0,0,0,1,1,0,1,1,1,1,1,1,0.0,0,1,0,1,0,0,0,1,0,0,1,1,0,0,0,0,0,0,0,0,0,0,1
1434950,HighFleet,1,3.9512437185814275,29.99,0,29.99,0,29.99,0,1,0,0,0,13.527829818844937,0,1,0,4,0,20,0,0,0,0,0,0,0,0,0,0,0,0,0,0,0,1,0,0,0.0,0,0,0,0,1,0,0,0,0,0,0,1,1,1,0,0,0,0,0,1,0,0,0
1676840,For The King II,0,5.926926025970411,24.99,1,8.49,0,8.49,0,1,0,1,0,13.527829818844937,0,0,1,4,1,20,0,0,0,0,0,0,0,0,0,0,1,0,0,0,1,0,0,0,0.6602641056422569,0,1,0,0,0,0,0,0,0,0,0,0,1,0,0,0,0,0,0,1,0,0,0
15120,Tom Clancy's Rainbow Six Vegas 2,1,3.044522437723423,9.99,1,9.99,0,9.99,0,0,0,0,0,13.527829818844937,0,0,1,1,0,20,0,0,0,0,0,1,1,1,0,0,0,1,0,0,0,1,0,1,0.0,0,1,0,0,0,0,0,1,0,1,1,1,1,0,0,0,0,0,0,0,0,0,0
934700,Dead Island 2,1,6.931471805599453,49.99,0,49.99,0,49.99,0,0,0,0,0,13.527829818844937,0,0,1,2,0,20,0,0,0,0,0,1,0,0,0,0,0,1,0,0,0,1,0,1,0.0,1,0,0,0,0,0,0,0,0,0,0,1,1,0,0,0,0,0,0,1,0,0,1
253230,A Hat in Time,1,4.882801922586371,29.99,0,29.99,0,29.99,0,1,0,0,0,13.527829818844937,0,1,1,2,1,20,0,1,1,0,0,0,0,0,1,0,0,0,0,0,0,0,0,0,0.0,0,0,0,0,0,0,1,0,0,0,0,1,1,0,0,0,0,1,1,1,1,0,0
230190,War for the Overworld,1,4.0943445622221,29.99,0,29.99,0,29.99,0,1,0,0,0,13.527829818844937,0,1,0,3,0,20,0,0,1,0,0,0,0,0,1,0,0,0,0,0,0,0,0,0,0.0,0,0,1,0,0,0,0,0,0,0,0,0,0,0,0,0,0,0,0,0,0,0,0
604240,Shotgun Farmers,1,3.091042453358316,9.99,1,3.99,0,3.99,0,1,0,1,0,13.527829818844937,0,1,1,2,0,20,0,0,1,0,0,1,0,0,0,0,0,0,0,0,0,1,0,1,0.6006006006006006,0,1,0,0,0,0,0,1,0,0,0,1,0,0,0,0,0,0,0,0,1,0,0
2088570,Tiny Rogues,1,5.111987788356544,9.99,0,9.99,1,9.99,0,1,0,0,0,13.527829818844937,0,1,0,5,0,20,1,0,0,1,0,0,1,0,0,0,1,0,0,0,1,1,0,0,0.0,0,0,0,1,0,0,0,0,0,0,0,0,1,0,0,0,0,0,0,1,0,0,0
1331550,Big Ambitions,1,6.133398042996649,25.99,0,25.99,0,25.99,0,1,0,0,0,13.527829818844937,0,0,0,2,1,20,0,0,0,1,0,0,0,0,0,0,1,0,0,0,0,0,0,0,0.0,0,0,1,0,0,0,0,0,0,0,0,0,0,0,0,0,0,0,0,0,0,0,0
250600,The Plan,1,1.0986122886681098,0.0,0,0.0,1,0.0,0,1,0,0,1,13.527829818844937,0,1,0,3,0,20,0,1,1,0,0,0,0,0,0,0,0,0,0,1,0,0,1,0,0.0,0,0,0,0,0,0,0,0,1,0,1,0,1,0,0,0,0,0,0,0,0,0,0
601840,Griftlands,1,4.31748811353631,19.99,0,19.99,1,19.99,0,1,0,0,0,13.527829818844937,0,0,0,1,0,20,0,0,0,0,1,0,0,0,0,0,1,0,0,0,0,0,0,0,0.0,0,0,0,0,0,0,0,0,0,0,0,0,0,1,0,0,0,0,0,0,0,0,0
32510,LEGO Star Wars III - The Clone Wars,1,5.081404364984463,19.99,1,19.99,0,19.99,0,0,0,0,0,13.527829818844937,1,0,1,2,1,20,0,1,1,0,0,0,0,0,1,0,0,0,0,0,0,1,0,0,0.0,0,1,0,0,0,0,0,0,0,0,0,1,1,0,0,0,0,1,0,1,0,0,0
2334730,Death Must Die,1,6.214608098422191,6.99,0,6.99,1,6.99,0,1,0,0,0,13.527829818844937,0,0,0,5,0,20,1,0,0,1,0,0,0,0,0,0,1,0,0,0,1,1,0,0,0.0,0,0,0,1,0,0,0,0,1,0,0,1,0,0,0,0,0,0,0,0,0,0,0
268130,Heat Signature,1,3.091042453358316,14.99,0,14.99,1,14.99,0,1,0,0,0,13.527829818844937,0,1,0,4,1,20,0,0,0,0,0,0,0,0,0,0,0,0,0,0,0,1,0,0,0.0,0,0,0,0,0,0,0,0,0,0,0,1,1,0,0,0,0,0,0,1,0,0,0
22490,Fallout: New Vegas,1,5.765191102784844,9.99,0,9.99,0,9.99,0,0,0,0,0,13.527829818844937,0,0,0,2,1,20,0,0,0,0,1,1,0,0,0,0,1,1,1,0,1,1,0,1,0.0,0,0,1,0,0,0,0,1,0,0,1,1,1,0,0,0,0,0,1,0,0,0,0
1097200,Twelve Minutes,1,3.295836866004329,24.99,0,7.49,0,7.49,0,1,0,0,0,13.527829818844937,1,1,0,2,0,20,0,1,0,0,1,0,0,0,0,0,0,1,0,0,0,0,0,0,0.700280112044818,0,0,0,0,0,0,0,0,0,0,1,0,1,0,0,0,1,0,0,1,0,1,0
692890,Roboquest,1,6.063785208687608,24.99,1,24.99,0,24.99,0,1,0,0,0,13.527829818844937,0,1,1,2,0,20,0,0,0,0,0,1,0,0,0,0,0,0,0,0,0,1,0,0,0.0,0,1,0,0,0,0,0,1,0,0,0,1,0,0,0,0,0,0,0,0,1,0,0
242680,Nuclear Throne,1,4.6443908991413725,11.99,0,11.99,1,11.99,0,1,0,0,0,13.527829818844937,0,1,0,3,0,20,1,1,0,0,0,0,1,0,0,0,1,0,0,0,1,1,0,0,0.0,0,0,0,0,0,0,0,1,0,0,0,1,0,0,0,0,0,0,0,0,0,0,0
790740,Tick Tock: A Tale for Two,1,3.2188758248682006,5.99,1,5.99,1,5.99,0,1,0,0,0,13.527829818844937,1,1,1,3,0,20,0,0,0,0,1,0,0,0,0,0,0,0,0,0,0,0,0,0,0.0,0,1,0,0,0,0,0,0,1,0,1,0,1,0,0,1,1,1,0,1,0,0,1
398850,Epistory - Typing Chronicles,1,2.1972245773362196,14.99,0,4.49,0,4.49,0,1,0,0,0,13.527829818844937,0,1,0,3,1,20,0,1,0,0,1,0,0,0,0,0,1,0,0,0,0,1,0,0,0.7004669779853235,0,0,0,0,0,0,0,0,0,0,1,1,1,0,0,0,0,0,1,1,1,0,0
2273430,BlazBlue Entropy Effect,1,7.003065458786462,19.99,0,19.99,1,19.99,0,1,0,0,0,13.527829818844937,0,1,0,3,0,20,1,0,0,0,1,0,0,0,0,0,0,0,0,0,0,1,0,0,0.0,0,0,0,0,0,0,1,0,0,0,0,1,1,0,0,0,0,0,0,1,0,0,0
1056600,Home Sweet Home : Survive,0,0.6931471805599453,0.0,1,0.0,0,0.0,0,1,0,1,1,13.527829818844937,0,1,1,4,0,20,0,0,1,1,0,0,0,0,0,0,0,0,1,0,0,1,1,0,0.0,0,1,0,1,0,0,0,0,0,1,1,1,0,0,0,0,0,0,0,0,0,1,1
2828860,The Forever Winter,1,5.940171252720432,29.99,0,29.99,0,29.99,0,0,0,0,0,13.527829818844937,0,0,0,2,0,20,0,0,0,1,0,0,1,0,0,0,0,0,0,0,0,1,0,1,0.0,0,0,0,1,0,0,0,1,0,0,0,1,0,1,0,0,0,0,0,0,0,0,1
233980,UnEpic,1,2.302585092994046,12.99,1,12.99,1,12.99,0,1,0,0,0,13.527829818844937,0,1,1,3,0,20,1,0,1,0,0,0,0,0,1,0,1,0,0,0,1,1,0,0,0.0,0,1,0,0,0,0,1,0,0,0,0,1,1,0,0,0,0,0,0,0,0,0,0
667530,Drunken Wrestlers 2,1,4.060443010546419,3.99,1,3.99,0,3.99,0,1,0,1,0,13.527829818844937,0,0,0,6,0,20,0,0,1,1,0,0,0,0,0,0,0,0,0,0,0,1,1,1,0.0,0,0,0,1,0,0,0,0,1,0,0,1,0,0,0,0,0,0,1,0,1,0,0
1895880,Ratchet & Clank: Rift Apart,1,4.564348191467836,59.99,0,59.99,0,59.99,0,0,0,0,0,13.527829818844937,0,0,1,2,1,20,0,0,1,0,1,0,0,0,0,0,0,1,0,0,0,1,0,0,0.0,0,0,0,0,0,0,1,1,0,0,0,1,1,0,0,0,0,1,0,1,1,0,0
384180,Prominence Poker,1,5.0689042022202315,0.0,1,0.0,0,0.0,1,0,1,0,1,13.527829818844937,0,0,0,5,0,11,0,0,0,1,0,0,0,0,0,0,0,0,0,1,0,0,1,1,0.0,0,0,0,0,0,0,0,0,1,0,1,0,0,0,0,0,0,0,0,0,0,0,0
353380,Steam Link,1,0.6931471805599453,0.0,0,0.0,0,0.0,0,0,0,1,1,13.527829818844937,0,0,0,0,0,20,1,1,0,0,0,0,0,0,1,0,1,0,1,0,0,0,0,0,0.0,0,0,0,0,0,0,0,1,0,0,0,0,0,0,0,0,0,0,0,0,0,1,0
769560,月圆之夜 (Night of Full Moon),1,6.1903154058531475,0.0,0,0.0,0,0.0,0,1,0,0,1,13.527829818844937,0,1,0,4,0,14,0,0,0,0,0,0,0,0,0,0,1,0,0,1,0,0,1,0,0.0,0,0,0,0,0,0,0,0,0,0,0,0,1,0,0,0,0,0,0,1,0,0,0
453090,Parkitect,1,4.31748811353631,29.99,1,29.99,0,29.99,0,1,0,0,0,13.527829818844937,0,0,1,4,0,20,0,0,0,0,0,0,0,0,0,0,0,0,0,0,0,0,0,0,0.0,0,0,1,0,0,0,0,0,1,0,0,0,0,0,0,0,0,1,1,0,0,0,0
933820,Endzone - A World Apart,1,4.605170185988092,24.99,0,24.99,0,24.99,0,1,0,0,0,13.527829818844937,0,1,0,3,0,20,0,0,0,1,0,0,1,0,0,0,0,0,1,0,0,0,0,0,0.0,0,0,1,0,0,0,0,0,0,1,1,0,0,0,0,0,0,0,0,0,0,0,0
498240,Batman - The Telltale Series,1,4.1588830833596715,14.99,0,14.99,0,14.99,0,0,0,0,0,13.527829818844937,0,0,0,1,0,20,0,0,0,0,1,0,0,0,0,0,0,0,0,0,0,0,0,0,0.0,0,0,0,0,0,0,0,0,0,0,1,1,1,1,0,0,1,0,0,1,0,1,0
1170880,Grimm's Hollow,1,1.6094379124341003,0.0,0,0.0,1,0.0,0,1,0,0,1,13.527829818844937,0,1,0,4,0,20,1,1,0,0,1,0,0,0,0,0,1,0,0,1,1,0,1,0,0.0,0,0,0,0,0,0,0,0,0,0,1,0,1,0,0,0,0,0,0,1,0,0,1
410340,Liftoff: FPV Drone Racing,1,6.049733455231958,19.99,1,19.99,0,19.99,0,1,0,0,0,13.527829818844937,0,1,0,4,0,20,0,0,0,1,0,0,0,0,0,0,0,0,0,0,0,0,0,0,0.0,1,0,0,0,0,0,0,0,0,1,1,0,0,0,0,0,0,0,0,0,0,0,0
495910,Dungeon Fighter Online,0,5.159055299214529,0.0,1,0.0,0,0.0,1,0,1,0,1,13.527829818844937,0,0,0,5,0,20,0,0,0,0,1,0,0,0,0,0,1,0,0,1,1,1,1,1,0.0,0,1,0,0,0,0,0,0,0,0,0,1,1,0,0,0,0,0,0,1,0,0,0
1645820,SurrounDead,1,7.534228326274089,11.99,0,11.99,0,11.99,0,1,0,0,0,13.527829818844937,0,1,1,5,1,20,0,0,0,1,0,0,0,0,0,0,1,0,1,0,1,1,0,0,0.0,0,0,0,1,0,0,0,1,0,0,0,1,1,0,0,0,0,0,0,1,0,0,0
597760,Yuppie Psycho: Executive Edition,1,3.367295829986474,16.99,0,5.94,1,5.94,0,1,0,0,0,13.527829818844937,1,0,0,2,0,20,1,0,0,0,1,0,0,0,0,0,0,0,0,0,0,0,0,0,0.6503825779870511,0,0,0,0,0,0,0,0,0,0,0,0,1,1,0,1,0,0,0,1,0,0,1
486310,Meadow - A Shelter Game,1,2.0794415416798357,6.99,1,6.99,0,6.99,1,1,1,0,0,13.527829818844937,0,1,1,3,1,20,0,1,0,0,0,0,0,0,0,0,1,0,0,0,0,0,0,0,0.0,0,0,1,0,0,0,0,0,0,0,1,0,1,0,0,0,0,1,0,1,1,0,0
1488200,Symphony of War: The Nephilim Saga,1,6.016157159698354,19.99,0,19.99,1,19.99,0,1,0,0,0,13.527829818844937,0,1,0,4,0,20,1,0,0,0,1,0,0,0,0,0,1,0,0,0,1,0,0,0,0.0,0,0,0,0,0,0,0,0,0,0,0,0,1,0,0,0,0,0,0,1,0,0,0
108200,Ticket to Ride: Classic Edition,1,4.61512051684126,0.0,1,0.0,1,0.0,0,1,0,0,1,13.527829818844937,0,1,0,3,0,20,0,0,0,0,0,0,0,0,0,0,0,0,0,0,0,0,0,0,0.0,0,0,0,0,0,0,0,0,1,0,0,0,0,0,0,0,0,1,0,0,0,0,0
1649080,Two Point Campus,1,5.2574953720277815,29.99,0,29.99,0,29.99,0,1,0,0,0,13.527829818844937,0,1,0,4,0,20,0,0,1,0,0,0,0,0,1,0,0,1,0,0,0,0,0,0,0.0,0,0,1,0,0,0,0,0,1,0,0,0,0,0,0,0,0,1,0,0,0,0,0
1144400,Senren＊Banka,1,6.008813185442595,34.99,0,34.99,0,34.99,0,0,0,0,0,13.527829818844937,0,0,0,2,0,20,0,1,0,0,1,0,0,0,1,0,1,0,0,0,0,0,0,0,0.0,0,0,0,0,0,0,0,0,1,0,0,1,1,1,0,0,0,1,0,1,0,0,0
572890,Pikuniku,1,3.8918202981106265,12.99,1,12.99,1,12.99,0,1,0,0,0,13.527829818844937,1,1,1,4,0,20,0,1,1,0,0,0,0,0,1,0,0,1,0,0,0,1,0,0,0.0,0,0,0,0,0,0,1,0,1,0,0,1,1,0,0,0,0,1,0,1,1,0,0
1608070,CRISIS CORE –FINAL FANTASY VII– REUNION,1,4.0943445622221,49.99,0,49.99,0,49.99,0,0,0,0,0,13.527829818844937,0,0,0,2,0,20,0,0,0,0,1,0,0,0,0,0,1,1,0,0,1,1,0,0,0.0,0,0,0,0,0,0,0,0,0,1,0,1,1,0,0,0,0,0,0,0,0,0,0
1071870,Biped,1,5.707110264748875,14.99,1,14.99,0,14.99,0,1,0,0,0,13.527829818844937,0,1,1,5,1,20,0,0,1,0,0,0,0,0,0,0,0,0,0,0,0,1,0,1,0.0,0,0,0,0,0,0,0,0,1,0,0,1,0,0,0,0,0,1,0,1,0,0,0
1766740,Choo-Choo Charles,1,3.4657359027997265,19.99,0,1.99,0,1.99,0,1,0,0,0,13.527829818844937,0,1,1,3,1,20,0,0,0,0,0,1,0,0,0,0,0,0,0,0,0,1,0,0,0.9004502251125563,0,0,0,0,0,0,0,1,0,0,1,1,1,1,0,1,0,0,0,1,0,0,1
1330470,F.I.S.T.: Forged In Shadow Torch,1,2.4849066497880004,15.99,0,15.99,0,15.99,0,1,0,0,0,13.527829818844937,0,1,0,6,0,20,0,0,0,0,1,0,0,0,0,0,0,0,0,0,1,1,0,0,0.0,0,0,0,0,0,0,1,0,0,0,0,1,1,0,0,0,0,0,0,1,0,0,0
1273400,Construction Simulator,1,5.739792912179234,24.99,1,24.99,0,24.99,0,0,0,0,0,13.527829818844937,0,0,0,2,1,20,0,0,0,0,0,0,0,0,0,0,0,0,0,0,0,0,0,0,0.0,0,1,0,0,0,0,0,0,1,1,0,0,0,0,0,0,0,1,0,0,0,0,0
1372810,Teamfight Manager,1,4.820281565605037,9.99,1,9.99,1,9.99,0,1,0,0,0,13.527829818844937,0,1,0,3,0,14,1,0,0,0,0,0,0,0,0,0,0,0,0,0,0,0,0,0,0.0,0,0,0,0,0,0,0,0,0,0,0,0,0,1,0,0,0,0,0,0,0,0,0
438640,LEGO STAR WARS: The Force Awakens,1,3.367295829986474,19.99,1,19.99,0,19.99,0,0,0,0,0,13.527829818844937,1,0,1,2,1,20,0,0,1,0,1,0,0,0,1,0,0,0,0,0,0,1,0,0,0.0,0,0,0,0,0,0,0,0,0,0,0,1,1,0,0,0,0,1,0,1,0,0,0
458710,Kingdom Rush Frontiers - Tower Defense,1,5.225746673713202,9.99,0,9.99,1,9.99,0,0,0,0,0,13.527829818844937,0,1,0,1,0,20,1,1,1,0,0,0,1,0,0,0,0,0,0,0,0,0,0,0,0.0,0,0,0,0,0,0,0,0,0,0,0,1,1,1,0,0,0,0,0,0,1,0,0
611670,The Elder Scrolls V: Skyrim VR,1,5.488937726156687,59.99,0,59.99,0,59.99,0,0,0,0,0,13.527829818844937,0,0,0,1,1,20,0,1,0,0,1,0,0,0,0,0,1,1,0,0,1,0,0,1,0.0,0,0,0,0,0,0,0,0,0,0,1,1,1,0,0,0,0,0,1,0,0,0,0
588030,Derail Valley,1,5.796057750765372,39.99,0,39.99,0,39.99,0,1,0,0,0,13.527829818844937,0,1,0,4,1,20,0,0,0,1,0,0,0,0,0,0,0,0,0,0,0,0,0,0,0.0,0,0,1,1,0,0,0,0,0,1,0,0,1,0,0,0,0,0,0,1,0,0,0
356570,Party Hard,1,3.6888794541139363,9.99,0,9.99,1,9.99,0,1,0,0,0,13.527829818844937,0,1,0,3,0,20,1,1,1,0,1,0,1,0,1,0,0,1,0,0,0,1,0,0,0.0,0,0,0,0,0,0,0,0,0,0,0,1,0,0,0,0,0,0,0,0,0,1,1
290300,Rebel Galaxy,1,3.2188758248682006,19.99,0,3.99,1,3.99,0,1,0,0,0,13.527829818844937,0,1,0,5,1,20,0,1,0,0,0,0,0,0,0,0,1,0,0,0,1,1,0,0,0.80040020010005,0,0,1,0,0,0,0,1,0,0,1,1,1,0,0,0,0,0,0,1,0,0,0
1421250,Tiny Bunny,1,3.6375861597263857,10.99,0,10.99,1,10.99,0,1,0,0,0,13.527829818844937,0,1,0,2,0,20,0,1,0,1,1,0,0,0,0,0,0,0,0,0,0,0,0,0,0.0,0,0,0,0,0,0,0,0,0,0,1,0,1,1,0,1,1,0,0,1,0,1,1
882790,Fate Seeker,1,3.258096538021482,21.09,0,21.09,0,21.09,0,0,0,0,0,13.527829818844937,1,0,0,1,0,11,0,0,0,0,0,0,0,0,0,0,1,0,0,0,1,0,0,0,0.0,0,0,0,0,0,0,0,0,0,0,0,1,1,0,0,0,0,0,0,0,0,0,0
897330,Coloring Pixels,1,6.226536669287466,0.0,0,0.0,1,0.0,0,1,0,0,1,13.527829818844937,1,1,0,3,0,17,1,1,0,0,0,0,0,0,0,0,0,0,0,1,0,0,1,0,0.0,0,0,0,0,0,0,0,0,1,0,0,0,0,0,0,0,0,1,0,0,1,0,0
2187290,Wall World,1,4.430816798843313,6.99,0,6.99,1,6.99,0,1,0,0,0,13.527829818844937,0,0,0,4,0,20,1,0,0,0,0,0,1,0,0,0,0,0,0,0,0,1,0,0,0.0,0,0,0,0,0,0,0,0,0,0,0,1,0,0,0,0,0,0,0,1,0,0,0
480430,Hide and Shriek,1,2.1972245773362196,0.0,1,0.0,0,0.0,0,0,0,0,1,13.527829818844937,0,1,1,2,0,20,0,0,1,0,0,0,0,0,0,0,0,0,0,1,0,1,1,0,0.0,0,0,0,0,0,0,0,0,0,0,1,1,1,0,0,1,0,0,0,0,0,0,1
814370,Monster Sanctuary,1,5.117993812416755,19.99,0,19.99,1,19.99,0,1,0,1,0,13.527829818844937,0,1,0,5,0,20,1,0,0,0,1,0,1,0,0,0,1,1,0,0,1,1,0,0,0.0,0,0,0,0,0,0,1,0,0,0,0,0,1,0,0,0,0,0,0,1,0,0,0
619150,while True: learn(),1,2.4849066497880004,12.99,0,12.99,1,12.99,0,1,0,0,0,13.527829818844937,1,1,0,2,0,19,0,0,0,0,0,0,0,0,0,0,0,0,0,0,0,0,0,0,0.0,0,0,1,0,0,0,0,0,0,0,0,0,0,0,0,0,0,0,0,0,0,0,0
222940,THE KING OF FIGHTERS XIII STEAM EDITION,1,3.4011973816621555,0.0,1,0.0,1,0.0,0,0,0,0,1,13.527829818844937,0,0,0,1,0,19,1,1,0,0,0,0,1,1,0,0,0,0,0,0,0,1,0,0,0.0,0,0,0,0,0,0,0,0,0,0,0,1,0,0,0,0,0,0,0,0,0,0,0
315210,Suicide Squad: Kill the Justice League,0,5.075173815233827,69.99,1,69.99,0,69.99,0,0,0,0,0,13.527829818844937,0,0,0,1,1,20,0,0,0,0,0,0,0,0,0,0,0,0,0,0,0,1,0,0,0.0,0,1,0,0,0,0,0,1,0,0,0,1,0,0,0,1,0,0,0,0,0,1,0
1374490,RuneScape: Dragonwilds,1,6.747586526829315,29.99,1,29.99,0,29.99,0,0,0,0,0,13.527829818844937,0,0,1,4,1,20,0,0,0,1,0,0,1,0,0,0,1,0,1,0,1,1,0,0,0.0,1,1,1,1,0,0,0,0,0,0,0,1,1,0,0,0,0,0,0,1,0,0,0
1458140,Pacific Drive,1,6.008813185442595,29.99,0,9.89,0,9.89,0,1,0,0,0,13.527829818844937,0,0,0,5,0,20,0,0,0,0,1,0,0,0,0,0,0,0,1,0,0,1,0,0,0.6702234078026008,1,0,1,0,0,0,0,0,0,0,1,1,1,0,0,0,0,0,0,1,0,0,0
2515020,FINAL FANTASY XVI,1,6.6039438246004725,49.99,0,49.99,0,49.99,0,0,0,0,0,13.527829818844937,0,0,0,2,0,20,0,1,0,0,1,0,0,0,0,0,1,1,0,0,1,1,0,0,0.0,0,0,0,0,0,0,0,0,0,0,1,1,0,0,0,0,0,0,0,0,0,1,0
303210,The Beginner's Guide,1,2.0794415416798357,9.99,0,9.99,0,9.99,0,1,0,0,0,13.527829818844937,1,1,0,2,0,20,0,1,0,0,1,0,0,0,0,0,0,0,0,0,0,0,0,0,0.0,0,0,0,0,0,0,0,0,0,0,1,0,1,0,0,1,0,0,0,1,0,0,0
3480,Peggle Deluxe,1,5.676753802268282,4.99,1,4.99,1,4.99,0,0,0,0,0,13.527829818844937,1,0,0,1,0,20,0,1,1,0,0,0,1,1,0,0,0,0,0,0,0,0,0,0,0.0,0,0,0,0,0,0,0,0,1,0,0,0,0,0,0,0,0,1,0,0,0,0,0
734750,PickCrafter,1,4.584967478670572,0.0,0,0.0,0,0.0,0,1,0,0,1,13.527829818844937,0,1,0,7,0,20,1,0,0,0,0,0,0,0,0,0,1,0,0,1,1,0,1,0,0.0,1,0,0,0,0,0,0,0,1,0,0,0,0,0,0,0,0,0,0,1,0,0,0
314650,SpaceEngine,1,4.969813299576001,29.99,0,29.99,0,29.99,0,1,0,0,0,13.527829818844937,0,1,0,4,1,20,0,0,0,1,0,0,0,0,0,0,0,0,0,0,0,0,0,0,0.0,0,0,1,1,0,0,0,0,1,1,1,0,0,0,0,0,0,0,0,0,1,0,0
1787090,MyDockFinder,1,7.776954403322442,4.99,0,4.99,0,4.99,0,0,0,0,0,13.527829818844937,0,1,0,1,0,3,0,0,0,0,0,0,0,0,0,0,0,0,0,0,0,0,0,0,0.0,0,0,0,0,0,0,0,0,0,0,0,0,0,0,0,0,0,0,0,0,0,0,0
2457220,Avowed,1,5.062595033026967,49.99,0,49.99,0,49.99,0,0,0,0,0,13.527829818844937,0,0,0,1,1,20,0,0,0,0,1,0,0,0,0,0,1,1,0,0,1,0,0,1,0.0,0,0,0,0,0,0,0,0,0,0,1,1,1,1,0,0,0,0,0,0,1,1,0
1577120,The Quarry,1,5.54907608489522,59.99,1,59.99,0,59.99,0,0,0,0,0,13.527829818844937,0,0,1,1,0,20,0,0,0,0,1,0,0,0,0,0,0,0,0,0,0,0,0,0,0.0,0,0,0,0,0,0,0,0,0,1,0,0,1,1,0,1,0,0,0,1,0,1,1
8140,Tomb Raider: Underworld,1,2.995732273553991,8.99,1,8.99,0,8.99,0,0,0,0,0,13.527829818844937,1,0,0,2,1,20,0,0,0,0,1,0,0,1,0,0,0,0,0,0,0,1,0,0,0.0,0,0,0,0,0,0,1,1,0,0,1,1,1,0,0,0,0,0,0,1,0,0,0
469820,Genital Jousting,1,1.9459101490553132,6.99,1,6.99,0,6.99,0,1,0,0,0,13.527829818844937,0,1,1,2,0,20,0,1,1,0,1,0,0,0,1,0,0,1,0,0,0,1,0,0,0.0,0,0,0,0,0,0,0,0,0,0,0,1,0,0,0,0,0,0,0,0,0,1,0
637100,Sonic Forces,0,2.833213344056216,39.99,0,39.99,1,39.99,0,0,0,0,0,13.527829818844937,0,0,0,2,0,20,0,1,1,0,1,0,0,0,0,0,0,1,0,0,0,1,0,1,0.0,0,0,0,0,0,1,1,0,0,0,0,1,1,0,0,1,0,1,0,1,1,0,0
70300,VVVVVV,1,2.4849066497880004,4.99,0,4.99,1,4.99,0,1,0,0,0,13.527829818844937,1,1,0,2,1,20,1,1,0,0,0,0,1,0,0,0,0,0,0,0,0,1,0,0,0.0,0,0,0,0,0,0,1,0,0,0,0,1,1,0,0,0,0,0,0,0,0,0,0
70600,Worms Ultimate Mayhem,1,3.1780538303479458,14.99,1,14.99,0,14.99,0,0,0,0,0,13.527829818844937,0,0,1,1,0,20,0,0,1,0,0,0,0,1,1,0,0,0,0,0,0,0,0,0,0.0,0,1,0,0,0,0,0,1,0,0,0,1,0,0,0,0,0,0,0,0,0,0,0
322190,SteamWorld Heist,1,3.332204510175204,14.99,0,14.99,1,14.99,0,0,0,0,0,13.527829818844937,0,1,0,2,0,20,0,1,0,0,0,0,0,0,1,0,1,0,0,0,1,0,0,0,0.0,0,0,0,0,0,0,0,0,0,0,1,1,1,0,0,0,0,0,0,0,0,0,0
1216710,Cyber Manhunt,1,3.6635616461296463,9.99,0,9.99,1,9.99,0,1,0,0,0,13.527829818844937,1,1,0,3,0,20,0,0,0,1,1,0,0,0,0,0,1,0,0,0,1,0,0,0,0.0,0,0,0,0,0,0,0,0,0,0,1,0,0,0,0,1,0,0,0,0,0,0,0
1401590,Disney Dreamlight Valley,1,8.185350223178686,39.99,0,39.99,0,39.99,0,0,0,0,0,13.527829818844937,0,0,0,5,0,20,0,0,0,0,1,0,0,0,0,0,0,0,0,0,1,1,0,1,0.0,1,0,1,0,0,0,0,0,1,0,0,0,1,0,0,0,0,1,0,1,0,0,0
1282590,Train Sim World 2,1,3.6109179126442243,19.99,1,19.99,0,19.99,0,0,0,0,0,13.527829818844937,0,0,1,1,1,20,0,0,0,0,0,0,1,0,0,0,0,0,0,0,0,0,0,0,0.0,0,0,0,0,0,0,0,0,0,1,1,0,1,0,0,0,0,1,0,0,0,0,0
928600,F1 2019,1,4.204692619390966,0.0,1,0.0,0,0.0,0,0,0,0,1,13.527829818844937,0,0,0,3,0,11,0,0,0,0,0,0,0,0,0,0,0,0,0,0,0,0,0,0,0.0,0,0,0,0,0,0,0,0,0,1,0,0,0,0,0,0,0,0,0,0,0,0,0
1115690,"Yes, Your Grace",1,3.6109179126442243,19.99,0,19.99,0,19.99,0,1,0,0,0,13.527829818844937,0,1,0,6,0,20,1,0,0,0,1,0,0,0,0,0,1,0,0,0,1,0,0,0,0.0,0,0,0,0,0,0,0,0,1,0,0,0,0,1,1,0,0,0,0,1,0,0,0
1111460,小白兔电商~Bunny e-Shop,1,2.3978952727983707,10.99,0,10.99,1,10.99,0,1,0,0,0,13.527829818844937,0,1,0,3,0,20,0,0,0,0,1,0,0,0,0,0,1,0,0,0,0,0,0,0,0.0,0,0,0,0,0,0,0,0,0,0,0,0,1,0,0,0,0,0,0,1,0,0,0
3330,Zuma Deluxe,1,6.490723534502507,4.99,0,4.99,1,4.99,0,0,0,0,0,13.527829818844937,1,1,0,1,0,20,0,0,1,0,0,0,1,1,0,0,0,0,0,0,0,0,0,0,0.0,0,0,0,0,0,0,0,1,1,0,0,1,0,0,0,0,0,1,0,0,1,0,0
1164940,Trepang2,1,4.795790545596741,29.99,0,29.99,0,29.99,0,1,0,0,0,13.527829818844937,0,1,0,2,0,20,0,0,0,0,0,1,1,0,0,0,0,1,0,0,0,1,0,0,0.0,0,0,0,0,0,0,0,1,0,0,1,1,0,0,0,1,0,0,0,0,0,1,1
1294660,Divine Knockout (DKO),0,0.0,0.0,1,0.0,0,0.0,0,0,0,1,1,13.527829818844937,0,0,0,1,0,20,0,0,0,1,0,0,0,0,0,0,0,0,0,0,0,1,1,0,0.0,0,0,0,0,0,0,0,0,0,0,0,1,0,0,0,0,0,0,0,0,1,0,0
674140,Bugsnax,1,4.584967478670572,24.99,0,24.99,0,24.99,0,1,0,0,0,13.527829818844937,1,0,0,4,0,20,0,0,0,0,1,0,0,0,1,0,0,0,0,0,0,1,0,0,0.0,0,0,1,0,0,0,0,0,1,0,0,1,1,0,0,0,0,1,0,1,1,0,0
394690,Tower Unite,1,5.645446897643238,19.99,1,19.99,0,19.99,1,1,1,0,0,13.527829818844937,0,1,0,6,1,20,0,1,1,1,0,1,0,0,0,0,0,0,0,0,0,1,0,1,0.0,0,0,1,0,0,0,0,0,1,0,0,1,1,0,0,0,0,0,0,1,0,0,0
474750,Reigns,1,2.3978952727983707,2.99,0,2.99,1,2.99,0,1,0,0,0,13.527829818844937,0,1,0,4,0,20,0,1,1,0,1,0,1,0,1,0,1,1,0,0,1,0,0,0,0.0,0,0,0,0,0,0,0,0,0,0,0,0,1,1,0,0,0,0,0,1,0,0,0
1240210,There Is No Game: Wrong Dimension,1,3.5553480614894135,12.99,0,12.99,1,12.99,0,1,0,0,0,13.527829818844937,1,1,0,3,0,20,1,1,1,0,1,0,0,0,1,0,1,0,0,0,0,0,0,0,0.0,0,0,0,0,0,0,0,0,1,0,0,1,1,0,0,0,1,0,0,1,0,0,0
1227530,Partisans 1941,1,3.912023005428146,29.99,0,4.49,0,4.49,0,1,0,0,0,13.527829818844937,0,1,0,2,0,20,0,0,0,0,0,0,1,0,0,0,0,1,0,0,0,0,0,1,0.8502834278092698,0,0,0,0,0,1,0,0,0,0,1,1,0,0,1,0,0,0,0,0,0,0,0
298050,Master of Orion,1,5.723585101952381,24.99,1,24.99,0,24.99,0,0,0,0,0,13.527829818844937,0,0,1,1,0,16,0,0,0,1,0,0,0,1,0,0,0,0,0,0,0,0,0,0,0.0,0,0,0,0,0,0,0,0,0,0,1,1,0,0,0,0,0,0,0,0,0,0,0
241560,The Crew,0,1.3862943611198906,0.0,1,0.0,0,0.0,1,0,1,0,1,13.527829818844937,0,0,1,3,1,20,0,1,0,0,0,0,0,0,0,0,1,1,0,0,0,1,0,0,0.0,0,1,1,0,0,0,0,0,0,0,1,1,0,0,0,0,0,0,0,0,0,0,0
408900,Unfortunate Spacemen,1,1.0986122886681098,0.0,1,0.0,0,0.0,0,1,0,1,1,13.527829818844937,0,0,1,4,0,20,0,0,1,0,0,0,0,0,1,0,0,0,1,1,0,1,1,0,0.0,0,1,0,0,0,0,0,1,0,0,0,1,0,0,0,1,0,0,0,0,0,0,1
1150440,Aliens: Dark Descent,1,5.6240175061873385,39.99,0,11.99,0,11.99,0,0,0,0,0,13.527829818844937,0,0,0,2,0,20,0,0,0,0,0,0,0,0,0,0,0,1,1,0,0,1,0,0,0.7001750437609402,0,0,0,0,0,0,0,0,0,0,0,1,0,0,0,0,0,0,0,0,0,1,1
1329500,SpiderHeck,1,4.204692619390966,14.99,1,14.99,1,14.99,0,1,0,1,0,13.527829818844937,0,0,1,3,0,20,0,0,1,0,0,0,0,0,1,0,0,1,0,0,0,1,0,0,0.0,0,1,0,0,0,0,0,0,1,0,0,1,0,0,0,0,0,0,0,0,1,0,0
665360,Comedy Night,1,2.8903717578961645,4.99,1,4.99,0,4.99,0,1,0,1,0,13.527829818844937,0,0,1,4,0,20,0,0,1,0,0,0,0,0,1,0,1,0,0,0,1,0,0,1,0.0,0,1,0,0,0,0,0,0,1,0,1,0,0,0,0,0,0,0,0,0,0,0,0
1049890,Little Witch Nobeta,1,2.3978952727983707,24.99,0,24.99,0,24.99,0,1,0,0,0,13.527829818844937,0,1,0,2,0,20,0,0,1,1,0,0,1,0,0,0,1,0,0,0,0,1,0,0,0.0,0,0,0,0,0,0,0,0,0,0,0,1,1,0,0,0,0,0,0,0,0,0,0
71250,Sonic Adventure DX,1,4.48863636973214,7.99,0,7.99,0,7.99,0,0,0,0,0,13.527829818844937,0,0,0,0,1,20,0,1,0,0,1,0,0,1,0,0,0,1,0,0,0,0,0,0,0.0,0,0,0,0,0,0,1,0,0,0,0,1,1,0,0,0,0,1,1,0,0,0,0
707030,POSTAL 4: No Regerts,1,3.091042453358316,19.99,0,19.99,0,19.99,0,0,0,0,0,13.527829818844937,0,0,0,2,1,20,0,0,1,0,1,1,0,0,1,0,0,0,1,0,0,1,0,0,0.0,0,0,1,0,0,0,0,1,0,0,0,1,1,0,0,0,0,0,0,1,0,0,0
1465460,Infection Free Zone,1,6.693323668269949,24.99,0,24.99,0,24.99,0,1,0,0,0,13.527829818844937,0,0,0,5,0,20,0,0,0,1,0,0,0,0,0,0,0,0,1,0,0,1,0,0,0.0,0,0,1,1,0,0,0,0,0,0,1,0,0,0,0,0,0,0,0,0,0,0,0
91700,E.Y.E: Divine Cybermancy,1,2.6390573296152584,9.99,1,9.99,0,9.99,0,1,0,0,0,13.527829818844937,0,1,1,3,0,20,0,0,0,0,1,1,0,0,0,0,1,0,0,0,1,1,0,0,0.0,0,1,0,0,0,0,0,1,0,0,1,1,1,0,0,0,0,0,0,0,0,0,0
1874490,Potionomics,1,4.02535169073515,24.99,0,14.99,0,14.99,0,1,0,0,0,13.527829818844937,0,1,0,4,0,20,0,0,0,0,0,0,0,0,0,0,1,0,0,0,1,0,0,0,0.4001600640256102,1,0,0,0,0,0,0,0,0,0,0,0,0,0,0,0,0,0,0,0,0,0,0
221260,Little Inferno,1,3.1354942159291497,14.99,0,14.99,1,14.99,0,1,0,0,0,13.527829818844937,1,1,0,3,0,20,0,1,1,0,1,0,0,0,1,0,0,0,0,0,0,0,0,0,0.0,0,0,1,0,0,0,0,0,1,0,1,0,1,0,0,0,1,0,0,1,0,0,0
1578650,Citizen Sleeper,1,3.6109179126442243,19.99,0,19.99,0,19.99,0,1,0,0,0,13.527829818844937,0,1,0,3,0,20,0,0,0,0,1,0,0,0,0,0,1,0,0,0,1,0,0,0,0.0,0,0,0,0,0,0,0,0,0,0,1,0,1,0,0,0,0,0,0,1,0,0,0
258520,The Vanishing of Ethan Carter,1,1.6094379124341003,19.99,0,19.99,0,19.99,0,1,0,0,0,13.527829818844937,1,1,0,2,1,20,0,1,0,0,1,0,0,0,0,0,0,0,0,0,0,0,0,0,0.0,0,0,0,0,0,0,0,0,0,0,1,0,1,0,0,1,1,0,0,1,0,0,1
927380,Yakuza Kiwami 2,1,5.225746673713202,19.99,0,10.99,0,10.99,0,0,0,0,0,13.527829818844937,0,0,0,3,1,20,0,1,1,0,1,0,0,0,1,0,1,1,0,0,1,1,0,0,0.45022511255627806,0,0,0,0,0,0,0,0,0,0,0,1,1,0,0,0,0,0,0,1,0,1,0
313690,LEGO Batman 3: Beyond Gotham,1,4.343805421853684,19.99,1,19.99,0,19.99,0,0,0,0,0,13.527829818844937,1,0,1,2,1,20,0,0,1,0,0,0,0,0,1,0,0,0,0,0,0,1,0,0,0.0,0,1,1,0,0,0,0,0,0,0,0,1,1,0,0,0,0,1,0,1,0,0,0
420110,NEKOPARA Vol. 2,1,2.70805020110221,9.99,0,9.99,1,9.99,0,1,0,0,0,13.527829818844937,0,1,0,2,0,20,0,1,0,0,1,0,0,0,1,0,0,0,0,0,0,0,0,0,0.0,0,0,0,0,0,0,0,0,1,0,1,0,1,0,0,0,0,0,0,0,0,0,0
1876890,Wandering Sword,1,7.426549072397305,24.99,0,24.99,0,24.99,0,1,0,0,0,13.527829818844937,0,0,0,4,1,20,1,0,0,0,1,0,0,0,0,0,1,0,0,0,1,0,0,0,0.0,0,0,0,0,0,0,0,0,0,0,0,0,1,0,0,0,0,0,0,1,0,0,0
1110910,Mortal Shell,0,2.302585092994046,29.99,1,29.99,0,29.99,0,0,0,0,0,13.527829818844937,0,1,1,2,1,20,0,0,0,0,0,0,1,0,0,0,1,0,0,0,1,1,0,0,0.0,0,0,0,0,0,0,0,0,0,0,1,1,1,0,0,0,0,0,0,0,0,1,1
990630,The Last Campfire,1,5.214935757608986,14.99,0,1.49,0,1.49,0,1,0,0,0,13.527829818844937,1,1,0,2,0,20,0,0,0,0,1,0,0,0,0,0,0,0,0,0,0,0,0,0,0.9006004002668445,0,0,0,0,0,0,0,0,0,0,1,0,1,0,0,0,0,1,0,1,0,0,0
496240,Onward,0,3.4339872044851463,24.99,1,24.99,0,24.99,0,1,0,1,0,13.527829818844937,0,1,0,4,0,20,0,0,0,1,0,1,0,0,0,0,0,0,0,0,0,1,0,0,0.0,0,1,0,0,1,1,0,1,0,1,0,1,0,0,0,0,0,0,0,0,0,1,0
362930,Garfield Kart,1,3.8066624897703196,4.99,1,4.99,0,4.99,0,0,0,0,0,13.527829818844937,0,0,1,1,0,20,0,0,0,0,0,0,0,1,1,0,0,0,0,0,0,0,0,0,0.0,0,0,0,0,0,0,1,0,0,0,0,1,0,0,0,0,0,1,0,0,0,0,0
293760,Automation - The Car Company Tycoon Game,1,6.318968113746434,29.99,0,29.99,0,29.99,0,1,0,0,0,13.527829818844937,0,1,0,5,0,20,0,0,0,1,0,0,0,0,0,0,0,0,0,0,0,0,0,0,0.0,1,0,1,1,0,0,0,0,0,1,0,0,0,0,0,0,0,0,1,0,0,0,0
1281590,The Dark Pictures Anthology: House of Ashes,1,3.8066624897703196,29.99,0,29.99,0,29.99,0,0,0,0,0,13.527829818844937,0,0,0,1,0,20,0,0,0,0,1,0,0,0,0,0,0,0,0,0,0,0,0,0,0.0,0,0,0,0,1,0,0,0,0,0,1,0,1,1,0,1,0,0,0,1,0,0,1
2072450,Like a Dragon: Infinite Wealth,1,6.486160788944089,69.99,0,69.99,0,69.99,0,0,0,0,0,13.527829818844937,0,0,0,3,0,20,0,1,1,0,1,0,0,0,1,0,1,1,0,0,1,1,0,0,0.0,0,0,0,0,0,0,0,0,0,0,0,1,1,0,0,0,0,0,0,1,1,1,0
790820,Valkyria Chronicles 4 Complete Edition,1,4.127134385045092,49.99,0,49.99,0,49.99,0,0,0,0,0,13.527829818844937,0,0,0,3,0,20,0,1,0,0,1,0,0,0,0,0,1,1,0,0,1,1,0,0,0.0,0,0,0,0,0,1,0,0,0,0,0,1,0,0,0,0,0,0,0,0,0,1,0
1840080,Homeworld 3,0,3.4965075614664802,59.99,1,59.99,0,59.99,0,0,0,0,0,13.527829818844937,0,0,1,2,0,20,0,0,0,0,1,0,0,0,0,0,0,0,0,0,0,0,0,0,0.0,0,0,0,0,0,0,0,0,0,0,1,0,0,0,0,0,0,0,0,0,0,0,0
1466640,Road 96,1,4.976733742420574,19.96,0,4.99,0,4.99,0,1,0,0,0,13.527829818844937,0,0,0,3,0,20,0,0,0,0,1,0,0,0,0,0,0,1,0,0,0,1,0,0,0.75,0,0,0,0,0,0,0,0,0,0,1,1,1,1,0,0,0,0,0,1,1,0,0
2620,Call of Duty (2003),1,4.110873864173311,19.99,1,9.99,0,9.99,0,0,0,0,0,13.527829818844937,0,0,1,1,0,20,0,0,0,0,1,1,1,1,0,0,0,1,0,0,0,1,0,0,0.5002501250625312,0,0,0,0,1,1,0,1,0,1,1,1,0,0,1,0,0,0,0,0,0,1,0
311260,The Guild 3,0,4.07753744390572,29.99,1,29.99,0,29.99,0,0,0,0,0,13.527829818844937,0,0,0,3,1,20,0,0,0,1,0,0,0,0,0,0,1,1,1,0,1,0,0,0,0.0,0,0,1,0,0,0,0,0,0,0,0,0,1,0,1,0,0,0,0,0,0,0,0
1000360,Hellish Quart,1,3.828641396489095,17.99,0,17.99,0,17.99,0,0,0,0,0,13.527829818844937,0,0,0,2,0,20,0,0,0,1,0,0,0,0,0,0,0,0,0,0,0,1,0,0,0.0,0,0,0,1,0,0,0,0,0,1,0,1,0,0,1,0,0,0,1,0,0,0,0
12130,Manhunt,1,2.772588722239781,9.99,0,9.99,0,9.99,0,0,0,0,0,13.527829818844937,0,0,0,1,0,20,0,1,0,0,0,0,1,1,0,0,0,1,1,0,0,1,0,0,0.0,0,0,0,0,0,0,0,1,0,0,1,1,0,0,0,1,0,0,0,0,0,1,1
1009560,The Tenants,1,4.543294782270004,19.99,0,19.99,0,19.99,0,1,0,0,0,13.527829818844937,0,1,0,3,0,20,0,0,0,1,0,0,0,0,0,0,0,0,0,0,0,0,0,0,0.0,0,0,1,0,0,0,0,0,1,0,0,0,0,0,0,0,0,0,0,0,0,0,0
415200,Motorsport Manager,1,5.924255797414532,19.99,1,19.99,0,19.99,0,0,0,0,0,13.527829818844937,0,0,0,4,0,12,0,1,0,0,0,0,1,0,0,0,0,0,0,0,0,0,0,0,0.0,0,0,0,0,0,0,0,0,0,0,0,1,0,0,0,0,0,0,0,0,0,0,0
777130,Blush Blush,1,5.768320995793772,0.0,0,0.0,0,0.0,0,1,0,0,1,13.527829818844937,0,1,0,4,0,20,0,0,1,1,0,0,0,0,0,0,0,0,0,1,0,0,1,0,0.0,0,0,0,0,0,0,0,0,1,0,0,0,0,0,0,0,0,0,0,0,0,0,0
313340,Mountain,1,3.713572066704308,0.99,0,0.99,0,0.99,0,1,0,0,0,13.527829818844937,0,1,0,4,0,20,0,1,1,0,0,0,1,0,0,0,1,0,0,0,1,0,0,0,0.0,0,0,0,0,0,0,0,0,1,1,0,0,0,0,0,0,0,0,0,0,0,0,0
2415010,A Date with Death,1,5.231108616854587,0.0,0,0.0,0,0.0,0,1,0,0,1,13.527829818844937,0,0,0,3,0,20,0,0,1,0,1,0,0,0,1,0,0,0,0,1,0,0,1,1,0.0,0,0,0,0,0,0,0,0,0,0,0,0,0,1,0,0,0,0,0,0,0,0,0
599390,Battle for Wesnoth,1,4.983606621708336,0.0,1,0.0,1,0.0,0,1,0,0,1,13.527829818844937,0,1,0,3,0,20,1,0,0,0,1,0,0,0,0,0,1,0,0,1,0,0,1,0,0.0,0,0,0,0,0,0,0,0,0,0,0,0,0,0,0,0,0,0,0,0,0,0,0
400910,Rabi-Ribi,1,3.6109179126442243,17.99,0,17.99,1,17.99,0,1,0,0,0,13.527829818844937,0,1,0,4,0,20,1,0,0,0,0,0,1,0,0,0,0,0,0,0,0,1,0,0,0.0,0,0,0,0,0,0,1,0,1,0,0,1,1,0,0,0,0,0,0,1,1,0,0
463530,Empires of the Undergrowth,1,5.991464547107982,29.99,0,29.99,0,29.99,0,0,0,0,0,13.527829818844937,0,0,0,2,1,20,0,0,0,0,0,0,0,0,0,0,0,0,1,0,0,0,0,0,0.0,0,0,1,0,0,0,0,0,0,0,0,0,0,0,1,0,0,0,1,0,0,0,0
25890,Hearts of Iron III,1,3.912023005428146,9.99,1,9.99,0,9.99,0,0,0,0,0,13.527829818844937,0,0,0,1,0,18,0,1,0,0,0,0,1,0,0,0,0,1,0,0,0,0,0,0,0.0,0,0,1,0,1,1,0,0,0,0,0,0,0,0,1,0,0,0,0,0,0,0,0
732430,Superflight,1,2.5649493574615367,2.99,0,2.99,0,2.99,0,1,0,0,0,13.527829818844937,0,1,0,5,1,20,0,0,0,0,0,0,1,0,0,0,0,0,0,0,0,1,0,0,0.0,0,0,0,0,0,0,0,0,1,0,1,1,0,0,0,0,0,0,0,0,0,0,0
232430,Gone Home,1,1.3862943611198906,14.99,0,14.99,0,14.99,0,1,0,0,0,13.527829818844937,0,1,0,2,0,20,0,1,0,0,1,0,0,0,0,0,0,0,0,0,0,0,0,0,0.0,0,0,0,0,0,0,0,0,0,0,1,0,1,0,0,0,1,0,0,1,0,0,0
494840,UBOAT,1,6.452048954437226,29.99,0,29.99,0,29.99,0,1,0,0,0,13.527829818844937,0,0,0,5,1,20,0,0,0,0,0,0,0,0,0,0,0,0,1,0,1,1,0,0,0.0,0,0,1,0,1,1,0,1,0,1,0,1,0,0,1,0,0,0,1,0,0,0,0
773951,Freeman: Guerrilla Warfare,0,2.8903717578961645,24.99,0,24.99,0,24.99,0,1,0,0,0,13.527829818844937,0,1,0,4,1,20,0,0,0,1,0,1,0,0,0,0,1,0,0,0,1,1,0,0,0.0,0,0,1,0,1,1,0,1,0,1,0,1,0,0,0,0,0,0,0,0,0,1,0
799600,Cosmoteer: Starship Architect & Commander,1,6.180016653652572,19.99,1,13.99,1,13.99,0,0,0,0,0,13.527829818844937,0,1,0,3,0,20,1,0,0,1,0,0,1,0,0,0,0,0,1,0,0,0,0,0,0.30015007503751867,0,1,0,1,0,0,0,0,0,0,1,0,1,0,0,0,0,0,0,0,0,0,0
236430,DARK SOULS II,1,5.288267030694535,39.99,1,39.99,0,39.99,0,0,0,1,0,13.527829818844937,0,0,1,2,1,20,0,0,0,0,0,0,1,0,0,0,1,0,0,0,1,1,0,0,0.0,0,0,0,0,0,0,0,0,0,0,1,1,1,0,0,0,0,0,0,0,0,0,0
285310,RollerCoaster Tycoon: Deluxe,1,5.4680601411351315,5.99,1,5.99,0,5.99,0,0,0,0,0,13.527829818844937,0,0,0,2,1,20,0,1,1,0,0,0,0,1,0,0,0,0,0,0,0,0,0,0,0.0,0,0,1,0,0,0,0,0,0,0,0,0,0,0,0,0,0,1,0,0,1,0,0
874260,The Forgotten City,1,3.9512437185814275,24.99,0,4.99,0,4.99,0,1,0,0,0,13.527829818844937,0,1,0,3,1,20,0,1,0,0,1,0,0,0,0,0,1,0,0,0,1,0,0,0,0.8003201280512205,0,0,0,0,0,0,0,0,0,0,1,0,1,1,0,0,0,0,0,1,0,0,0
263760,Turbo Dismount,1,2.3978952727983707,9.99,0,9.99,0,9.99,0,1,0,0,0,13.527829818844937,0,1,0,3,0,20,0,1,1,0,0,0,0,0,1,0,0,0,0,0,0,1,0,0,0.0,0,0,1,0,0,0,0,0,0,0,0,1,1,0,0,0,0,1,1,0,0,0,0
898750,Super Robot Wars 30,1,5.648974238161206,59.99,0,59.99,1,59.99,0,0,0,0,0,13.527829818844937,0,0,0,3,0,20,0,0,0,0,1,0,0,0,0,0,1,1,0,0,1,0,0,0,0.0,0,0,0,0,0,0,0,0,0,0,0,0,0,0,0,0,0,0,0,0,0,0,0
245280,ENSLAVED: Odyssey to the West Premium Edition,1,2.995732273553991,19.99,0,19.99,0,19.99,0,0,0,0,0,13.527829818844937,0,0,0,2,0,20,0,1,0,0,1,0,0,0,0,0,0,1,0,0,0,1,0,0,0.0,0,0,0,0,0,0,1,0,0,0,1,1,1,0,0,0,0,0,0,1,0,0,0
756800,Contraband Police,1,6.063785208687608,29.99,0,29.99,0,29.99,0,0,0,0,0,13.527829818844937,0,1,0,3,1,20,0,0,0,0,1,1,0,0,0,0,0,0,1,0,0,1,0,0,0.0,0,0,0,0,0,0,0,0,0,1,1,1,0,0,0,0,0,0,0,1,0,0,0
1222370,Necromunda: Hired Gun,0,3.4965075614664802,39.99,0,5.99,0,5.99,0,0,0,0,0,13.527829818844937,0,1,0,2,1,20,0,0,0,0,0,1,0,0,0,0,0,1,0,0,0,1,0,1,0.8502125531382845,0,0,0,0,0,0,0,1,0,0,0,1,1,0,0,0,0,0,0,1,0,1,0
2651280,Marvel's Spider-Man 2,1,7.207118856207756,59.99,1,59.99,0,59.99,0,0,0,0,0,13.527829818844937,0,0,0,2,1,20,0,1,0,0,1,0,0,0,0,0,0,1,0,0,0,1,0,0,0.0,0,0,0,0,0,0,0,0,0,0,1,1,1,0,0,0,0,0,0,1,0,0,0
1186640,Pumpkin Jack,1,1.9459101490553132,29.99,0,29.99,0,29.99,0,1,0,0,0,13.527829818844937,1,1,0,3,0,20,0,1,1,0,0,0,0,0,1,0,0,0,0,0,0,1,0,0,0.0,0,0,0,0,0,0,1,0,0,0,1,1,1,0,0,0,0,0,0,1,1,0,0
253250,Stonehearth,1,4.23410650459726,19.99,1,19.99,0,19.99,0,1,0,0,0,13.527829818844937,0,1,0,3,1,20,0,0,0,1,0,0,0,0,0,0,1,0,1,0,0,0,0,0,0.0,1,0,1,0,0,0,0,0,0,0,0,0,1,0,0,0,0,0,0,0,0,0,0
914620,Mist Survival,1,4.672828834461906,10.99,0,8.24,0,8.24,0,1,0,0,0,13.527829818844937,0,1,0,5,1,20,0,0,0,1,0,1,0,0,0,0,0,0,1,0,0,1,0,0,0.2502274795268426,1,0,1,1,0,0,0,0,0,0,0,1,1,0,0,0,0,0,0,1,0,1,1
1486920,Tempest Rising,1,6.270988431858299,39.99,1,39.99,0,39.99,0,0,0,1,0,13.527829818844937,0,0,0,2,0,20,0,1,0,0,0,0,0,0,0,0,0,0,0,0,0,1,0,0,0.0,0,0,0,0,1,1,0,0,0,0,0,1,0,0,0,0,0,0,0,0,0,0,0
427100,Fernbus Simulator,1,4.2626798770413155,29.99,0,29.99,0,29.99,0,0,0,0,0,13.527829818844937,0,0,0,2,1,20,0,0,0,0,1,0,0,0,0,0,0,0,0,0,0,0,0,0,0.0,0,1,0,0,0,0,0,0,1,1,1,0,1,0,0,0,0,0,1,0,1,0,0
2109460,VillageRhapsody,1,4.727387818712341,2.99,0,2.99,1,2.99,0,1,0,0,0,13.527829818844937,0,0,0,4,0,20,1,0,0,0,1,0,0,0,0,0,1,0,0,0,1,0,0,0,0.0,0,0,0,0,0,0,0,0,1,0,0,0,0,0,0,0,0,0,0,0,0,0,0
1070330,Russian Life Simulator,1,4.969813299576001,0.99,1,0.99,1,0.99,0,1,0,0,0,13.527829818844937,0,1,0,5,0,20,0,0,0,0,1,0,0,0,0,0,0,0,0,0,0,1,0,0,0.0,0,0,0,0,0,0,0,0,0,0,1,1,1,0,0,0,0,1,0,0,0,0,0
2446550,STAR WARS: Battlefront Classic Collection,0,3.5263605246161616,35.01,0,26.25,0,26.25,0,0,0,0,0,13.527829818844937,0,0,0,1,0,20,0,0,0,0,0,1,0,0,0,0,0,0,0,0,0,1,0,0,0.2502142245072836,0,0,0,0,1,1,0,1,0,0,0,1,0,0,0,0,0,0,0,0,0,0,0
2080690,Sunkenland,1,6.159095388491933,19.99,1,19.99,0,19.99,0,1,0,0,0,13.527829818844937,0,0,1,3,1,20,0,0,0,1,0,1,0,0,0,0,0,0,1,0,0,1,0,0,0.0,1,0,1,1,0,0,0,1,0,1,0,1,1,0,0,0,0,0,0,0,0,0,0
388880,Oxenfree,1,2.4849066497880004,9.99,0,9.99,1,9.99,0,1,0,0,0,13.527829818844937,0,1,0,2,0,20,0,1,0,0,1,0,0,0,0,0,0,0,0,0,0,0,0,0,0.0,0,0,0,0,0,0,0,0,0,0,1,0,1,1,0,1,0,0,0,1,0,0,1
555220,Detention,1,2.302585092994046,11.99,0,11.99,0,11.99,0,1,0,0,0,13.527829818844937,1,1,0,2,0,20,0,1,0,0,1,0,0,0,0,0,0,0,0,0,0,0,0,0,0.0,0,0,0,0,0,0,0,0,0,0,1,0,1,0,0,1,1,0,0,1,0,1,1
482400,System Shock,1,4.465908118654584,39.99,0,39.99,0,39.99,0,0,0,0,0,13.527829818844937,0,0,0,2,0,20,0,0,0,0,1,1,0,0,0,0,1,0,1,0,0,1,0,0,0.0,0,0,0,0,0,0,0,1,0,0,1,1,1,0,0,0,0,0,0,1,0,1,1
49540,Aliens: Colonial Marines Collection,0,2.6390573296152584,29.99,1,29.99,0,29.99,0,0,0,0,0,13.527829818844937,0,0,1,1,0,20,0,1,0,0,0,1,0,0,0,0,0,1,1,0,0,1,0,1,0.0,0,1,0,0,0,0,0,1,0,0,1,1,1,0,0,0,0,0,0,0,0,0,1
1157390,King Arthur: Knight's Tale,1,5.44673737166631,44.99,0,44.99,0,44.99,0,0,0,0,0,13.527829818844937,0,0,0,2,0,20,0,0,0,0,0,0,0,0,0,0,1,0,0,0,1,0,0,0,0.0,0,0,0,0,0,0,0,0,0,0,0,0,0,1,0,0,0,0,0,0,0,0,0
1493640,Banishers: Ghosts of New Eden,1,4.465908118654584,49.99,0,14.99,0,14.99,0,0,0,0,0,13.527829818844937,0,0,0,3,0,20,0,0,0,0,1,0,0,0,0,0,1,1,0,0,1,1,0,0,0.700140028005601,0,0,0,0,0,0,0,0,0,0,1,1,1,1,0,0,0,0,0,1,0,0,1
420290,Blackwake,1,3.9318256327243257,0.0,1,0.0,0,0.0,0,1,0,0,1,13.527829818844937,0,1,1,5,1,20,0,0,1,1,0,1,0,0,0,0,0,0,0,1,0,1,0,0,0.0,0,0,0,0,0,0,0,0,1,0,1,1,1,0,0,0,0,0,0,0,0,1,0
737800,F1 2018,1,4.770684624465665,0.0,1,0.0,0,0.0,0,0,0,0,1,13.527829818844937,0,0,1,3,0,16,0,0,1,0,0,0,0,0,0,0,0,0,0,0,0,0,0,0,0.0,0,0,0,0,0,0,0,0,0,1,0,1,0,0,0,0,0,0,0,0,0,0,0
1562420,FOREWARNED,1,3.58351893845611,12.99,1,12.99,0,12.99,0,1,0,1,0,13.527829818844937,0,0,1,3,0,20,0,0,0,0,0,0,0,0,0,0,0,0,1,0,0,1,0,0,0.0,0,1,0,0,0,0,0,0,0,0,1,1,1,0,0,1,0,0,0,1,0,0,1
1307890,Kingdoms Reborn,1,5.2574953720277815,19.99,1,19.99,0,19.99,0,1,0,1,0,13.527829818844937,0,0,1,4,1,20,0,0,0,1,0,0,0,0,0,0,0,0,1,0,0,0,0,0,0.0,0,0,0,1,0,0,0,0,0,0,0,0,0,0,0,0,0,0,0,0,0,0,0
1574580,Strange Horticulture,1,4.90527477843843,15.99,0,15.99,1,15.99,0,1,0,0,0,13.527829818844937,1,0,0,3,0,20,0,0,0,0,1,0,0,0,0,0,0,0,0,0,0,0,0,0,0.0,0,0,0,0,0,0,0,0,0,0,1,0,1,1,0,0,1,0,0,1,1,0,0
3320,Insaniquarium Deluxe,1,4.110873864173311,4.99,0,4.99,0,4.99,0,0,0,0,0,13.527829818844937,0,0,0,1,0,20,0,1,1,0,0,0,1,1,0,0,0,0,0,0,0,0,0,0,0.0,0,0,0,0,0,0,0,0,1,0,0,1,0,0,0,1,1,1,0,0,1,0,0
9050,DOOM 3,1,3.912023005428146,0.0,1,0.0,0,0.0,0,0,0,0,1,13.527829818844937,0,0,1,1,0,20,0,0,0,0,0,1,0,1,0,0,0,0,0,0,0,1,0,0,0.0,0,0,0,0,0,0,0,1,0,0,1,1,0,0,0,0,0,0,1,0,0,1,1
1594940,Little Witch in the Woods,1,4.04305126783455,19.99,0,19.99,0,19.99,0,1,0,0,0,13.527829818844937,1,1,0,5,1,20,1,0,0,1,1,0,0,0,0,0,1,0,0,0,1,0,0,0,0.0,1,0,0,0,0,0,0,0,1,0,0,0,1,0,0,0,0,0,0,1,0,0,0
2870,X Rebirth,0,2.0794415416798357,29.99,0,29.99,0,29.99,0,0,0,0,0,13.527829818844937,0,0,0,2,1,20,0,1,0,0,0,0,0,0,0,0,0,0,0,0,0,1,0,0,0.0,0,0,1,0,0,0,0,1,0,0,1,1,1,0,0,0,0,0,1,0,0,0,0
435120,Rusty Lake Hotel,1,4.394449154672439,1.99,0,1.99,1,1.99,0,1,0,0,0,13.527829818844937,1,1,0,2,0,20,0,0,0,0,1,0,0,0,0,0,0,0,0,0,0,0,0,0,0.0,0,0,0,0,0,0,0,0,0,0,1,0,1,0,0,1,1,0,0,1,0,0,1
211400,Deadlight,1,1.0986122886681098,14.99,0,14.99,1,14.99,0,1,0,0,0,13.527829818844937,1,1,0,3,0,20,0,1,0,0,1,0,0,0,0,0,0,1,1,0,0,1,0,0,0.0,0,0,0,0,0,0,1,0,0,0,1,1,1,0,0,0,0,0,0,1,0,0,1
1811990,Wildfrost,1,4.74493212836325,19.99,0,19.99,0,19.99,0,1,0,0,0,13.527829818844937,0,0,0,2,0,20,0,0,0,0,0,0,1,0,0,0,0,0,0,0,0,0,0,0,0.0,0,0,0,0,0,0,0,0,0,0,0,0,0,0,0,0,0,0,0,0,1,0,0
70400,Recettear: An Item Shop's Tale,1,2.5649493574615367,19.99,0,19.99,1,19.99,0,1,0,0,0,13.527829818844937,0,1,0,2,0,20,0,0,0,0,0,0,0,0,1,0,1,0,0,0,1,0,0,0,0.0,0,0,0,0,0,0,0,0,0,0,0,1,1,0,0,0,0,0,0,0,0,0,0
1283220,Devolverland Expo,1,0.0,0.0,1,0.0,0,0.0,0,1,0,0,1,13.527829818844937,0,1,1,4,0,20,0,0,1,0,0,1,0,0,0,0,0,1,0,1,0,1,1,0,0.0,0,0,0,0,0,0,0,1,0,0,1,1,1,0,0,1,0,0,0,1,0,1,1
7000,Tomb Raider: Legend,1,3.1780538303479458,6.99,0,6.99,0,6.99,0,0,0,0,0,13.527829818844937,1,0,0,2,0,19,0,1,0,0,1,0,0,1,0,0,0,0,0,0,0,1,0,0,0.0,0,0,0,0,0,0,1,1,0,0,1,1,1,0,0,0,0,0,0,1,0,0,0
1286350,BPM: BULLETS PER MINUTE,1,3.2188758248682006,19.99,0,19.99,0,19.99,0,1,0,0,0,13.527829818844937,0,1,0,3,0,20,0,1,0,0,0,1,1,0,0,0,0,0,0,0,0,1,0,0,0.0,0,0,0,0,0,0,0,1,0,0,0,1,1,0,0,0,0,0,0,1,0,0,0
433950,Bit Blaster XL,1,1.3862943611198906,0.99,0,0.99,1,0.99,0,1,0,0,0,13.527829818844937,0,0,0,3,0,20,1,0,0,0,0,0,1,0,0,0,0,0,1,0,0,1,0,0,0.0,0,0,0,0,0,0,0,1,1,0,0,1,0,0,0,0,0,1,0,0,0,0,0
1238080,Burnout Paradise Remastered,0,3.5263605246161616,19.99,1,19.99,0,19.99,0,0,0,0,0,13.527829818844937,0,0,1,3,1,16,0,1,0,0,0,0,0,0,0,0,0,1,0,0,0,1,0,0,0.0,0,0,0,0,0,0,0,0,0,0,0,1,1,0,0,0,0,0,0,1,0,0,0
570780,古剑奇谭(GuJian),1,3.7612001156935624,11.99,0,11.99,0,11.99,0,0,0,0,0,13.527829818844937,0,0,0,1,0,7,0,1,0,0,1,0,0,0,0,0,1,0,0,0,1,0,0,0,0.0,0,0,0,0,0,0,0,0,0,0,0,0,1,0,0,0,0,0,0,0,0,0,0
1392820,Milk inside a bag of milk inside a bag of milk,1,2.6390573296152584,1.49,0,1.49,0,1.49,0,1,0,0,0,13.527829818844937,0,1,0,2,0,20,1,0,0,0,1,0,0,0,0,0,0,0,0,0,0,0,0,0,0.0,0,0,0,0,0,0,0,0,0,0,0,0,1,0,0,1,0,0,0,1,0,0,1
45740,Dead Rising 2,1,4.174387269895637,19.99,1,4.99,0,4.99,0,0,0,0,0,13.527829818844937,0,0,1,2,1,20,0,0,1,0,0,0,0,0,1,0,1,1,1,0,0,1,0,1,0.7503751875937968,1,1,1,0,0,0,0,0,0,0,0,1,1,0,0,0,0,0,0,1,0,0,1
261180,Lethal League,1,2.302585092994046,13.99,1,13.99,1,13.99,0,1,0,0,0,13.527829818844937,0,1,0,3,0,20,1,1,1,0,0,0,0,0,0,0,0,0,0,0,0,1,0,0,0.0,0,1,0,0,0,0,0,0,0,0,0,1,0,0,0,0,0,0,0,0,0,0,0
1928980,Nightingale,0,5.0106352940962555,29.99,1,29.99,0,29.99,0,0,0,0,0,13.527829818844937,0,0,1,4,1,20,0,0,0,1,0,0,0,0,0,0,1,0,1,0,1,1,0,0,0.0,1,1,0,1,0,0,0,0,0,1,0,1,1,0,0,0,0,0,0,1,0,0,0
2909400,FINAL FANTASY VII REBIRTH,1,7.506042178518122,49.99,0,49.99,0,49.99,0,0,0,0,0,13.527829818844937,0,0,0,3,1,20,0,0,0,0,1,0,0,0,0,0,1,1,0,0,1,1,0,0,0.0,0,0,0,0,0,0,0,0,0,1,1,1,1,0,0,0,0,0,0,1,0,0,0
1948800,Yi Xian: The Cultivation Card Game,1,6.635946555686647,0.0,1,0.0,1,0.0,0,1,0,1,1,13.527829818844937,0,1,0,4,0,20,1,0,0,0,0,0,0,0,0,0,0,0,0,1,0,0,1,0,0.0,0,0,0,0,0,0,0,0,1,0,0,0,0,0,0,0,0,0,0,0,0,0,0
1048540,Kao the Kangaroo: Round 2 (2003 re-release),1,1.791759469228055,1.99,1,0.79,0,0.79,0,0,0,0,0,13.527829818844937,0,1,0,4,0,17,0,0,1,0,0,0,1,1,0,0,0,0,0,0,0,1,0,0,0.6030150753768844,0,0,0,0,0,0,1,0,1,0,0,1,1,0,0,0,0,1,0,1,0,0,0
1363430,Propagation VR,1,2.995732273553991,0.0,1,0.0,0,0.0,0,0,0,0,1,13.527829818844937,0,1,1,1,0,18,0,0,0,0,0,1,0,0,0,0,0,0,1,0,0,1,1,0,0.0,0,1,0,0,0,0,0,1,0,0,0,1,0,0,0,0,0,0,0,0,0,1,1
460810,Vanquish,1,2.5649493574615367,19.99,0,19.99,0,19.99,0,0,0,0,0,13.527829818844937,0,0,0,1,0,20,0,1,0,0,0,0,0,1,0,0,0,1,0,0,0,1,0,0,0.0,0,0,0,0,0,0,0,1,0,0,0,1,1,0,0,0,0,0,0,0,0,1,0
1801110,BOKURA,1,4.060443010546419,5.49,1,5.49,1,5.49,0,1,0,0,0,13.527829818844937,0,1,1,4,0,20,1,0,0,1,1,0,0,0,0,0,0,0,0,0,0,1,0,0,0.0,0,1,0,0,0,0,0,0,1,0,1,1,1,0,0,1,0,0,0,1,0,0,0
407130,Tank Mechanic Simulator,1,3.7376696182833684,19.99,0,19.99,0,19.99,0,1,0,0,0,13.527829818844937,0,1,0,5,0,20,0,0,0,0,0,0,0,0,0,0,0,0,0,0,0,1,0,0,0.0,1,0,0,0,0,0,0,0,1,1,1,1,1,0,0,0,0,1,0,1,0,0,0
282900,Hyperdimension Neptunia Re;Birth1,1,3.044522437723423,14.99,0,14.99,0,14.99,0,0,0,0,0,13.527829818844937,0,0,0,2,0,20,0,1,1,0,1,0,0,0,1,0,1,0,0,0,1,0,0,0,0.0,0,0,0,0,0,0,0,0,0,0,0,1,1,0,0,0,0,0,0,0,0,0,0
1085510,Garfield Kart - Furious Racing,1,3.044522437723423,14.99,1,14.99,0,14.99,0,0,0,0,0,13.527829818844937,0,0,0,1,0,20,0,1,1,0,0,0,0,1,1,0,0,0,0,0,0,0,0,0,0.0,0,0,0,0,0,0,0,0,0,0,0,1,0,0,0,0,0,1,0,0,0,0,0
1123770,Curse of the Dead Gods,1,4.442651256490317,19.99,0,3.99,0,3.99,0,0,0,0,0,13.527829818844937,0,1,0,2,0,20,0,1,0,0,0,0,1,0,0,0,0,1,0,0,0,1,0,0,0.80040020010005,0,0,0,0,0,0,0,0,0,0,0,1,1,0,0,0,0,0,0,1,0,0,1
690530,灵魂筹码 Soul at Stake,1,0.6931471805599453,17.99,1,17.99,0,17.99,0,1,0,1,0,13.527829818844937,0,1,1,4,0,20,0,0,0,1,0,0,0,0,0,0,1,0,1,0,1,1,0,0,0.0,0,1,0,1,0,0,0,0,0,0,1,1,0,0,0,1,0,0,0,0,0,1,1
1275670,Outcore: Desktop Adventure,1,3.58351893845611,0.0,0,0.0,1,0.0,0,1,0,0,1,13.527829818844937,1,1,0,6,0,20,1,0,1,0,1,0,0,0,1,0,1,0,0,1,1,1,1,0,0.0,0,0,0,0,0,0,1,0,0,0,0,1,1,1,0,1,0,0,0,1,1,0,0
2365810,Pseudoregalia,1,3.7376696182833684,5.99,0,5.99,0,5.99,0,1,0,0,0,13.527829818844937,0,1,0,3,0,20,0,0,0,0,0,0,0,0,0,0,0,0,0,0,0,1,0,0,0.0,0,0,0,0,0,0,1,0,0,0,0,0,1,0,0,0,0,0,0,1,0,0,0
986130,Shadows of Doubt,1,5.659482215759621,24.99,0,24.99,0,24.99,0,1,0,0,0,13.527829818844937,1,1,0,4,1,20,1,0,0,0,0,0,0,0,0,0,1,0,0,0,1,1,0,0,0.0,0,0,1,0,0,0,0,0,0,0,1,1,1,0,0,0,0,0,0,1,0,0,0
351920,Crazy Machines 3,1,2.4849066497880004,9.99,1,0.99,0,0.99,0,0,0,0,0,13.527829818844937,1,0,0,2,0,10,0,0,0,0,0,0,1,0,0,0,0,1,0,0,0,0,0,0,0.9009009009009009,0,0,1,0,0,0,0,0,0,0,0,0,0,0,0,0,0,0,0,0,0,0,0
1293160,The Medium,1,1.9459101490553132,49.99,0,12.49,0,12.49,0,0,0,0,0,13.527829818844937,1,1,0,1,0,20,0,1,0,0,1,0,0,0,0,0,0,0,0,0,0,0,0,0,0.7501500300060012,0,0,0,0,0,0,0,0,0,0,1,1,1,0,0,1,0,0,0,1,0,1,1
671510,DESOLATE,0,2.0794415416798357,14.99,0,2.99,0,2.99,0,0,0,0,0,13.527829818844937,0,0,0,3,1,20,0,0,0,1,0,0,1,0,0,0,0,0,1,0,1,1,0,0,0.800533689126084,1,0,1,0,0,0,0,0,0,0,1,1,1,0,0,1,0,0,0,1,0,0,1
607080,Psychonauts 2,1,4.584967478670572,59.99,0,59.99,0,59.99,0,0,0,0,0,13.527829818844937,0,0,0,2,0,20,0,1,1,0,1,0,0,0,1,0,0,0,0,0,0,1,0,0,0.0,0,0,0,0,0,0,1,0,0,0,0,1,1,0,0,0,0,0,0,1,1,0,0
357190,ULTIMATE MARVEL VS. CAPCOM 3,1,5.438079308923196,24.99,1,4.99,1,4.99,0,0,0,0,0,13.527829818844937,0,0,0,1,0,18,0,1,1,0,0,0,0,0,0,0,0,0,0,0,0,1,0,0,0.8003201280512205,0,0,0,0,0,0,0,0,0,0,0,1,0,0,0,1,0,0,0,0,0,0,0
1296610,Peglin,1,6.354370040797351,19.99,0,19.99,1,19.99,0,1,0,0,0,13.527829818844937,0,1,0,4,0,20,1,0,0,1,0,0,0,0,0,0,1,0,0,0,1,0,0,0,0.0,0,0,0,0,0,0,0,0,1,0,0,0,0,0,0,0,0,0,0,0,0,0,0
977880,Eastward,1,3.8918202981106265,24.99,0,24.99,1,24.99,0,1,0,0,0,13.527829818844937,0,1,0,4,0,20,1,0,0,0,1,0,0,0,1,0,1,0,0,0,1,1,0,0,0.0,0,0,0,0,0,0,0,0,0,0,1,1,1,0,0,0,0,0,0,1,0,0,0
1364020,Boundary,0,0.0,0.0,1,0.0,0,0.0,0,0,0,1,1,13.527829818844937,0,0,0,2,0,20,0,0,0,1,0,1,0,0,0,0,0,0,0,0,0,1,0,0,0.0,0,0,0,1,1,0,0,1,0,1,0,1,0,0,0,0,0,0,1,0,0,0,0
824270,KovaaK's,1,7.450079569807499,9.99,1,9.99,0,9.99,0,1,0,0,0,13.527829818844937,0,1,0,3,0,11,0,0,0,0,0,1,0,0,0,0,0,0,0,0,0,1,0,0,0.0,0,0,0,0,0,0,0,1,0,0,0,1,0,0,0,0,0,0,0,0,0,0,1
2015270,Rotwood,1,4.204692619390966,29.99,1,29.99,1,29.99,0,0,0,0,0,13.527829818844937,0,0,1,3,0,20,0,0,0,1,0,0,0,0,0,0,1,0,0,0,1,1,0,0,0.0,0,1,0,0,0,0,0,0,0,0,0,1,1,0,0,0,0,1,0,1,0,0,0
318600,The Flame in the Flood,1,1.791759469228055,14.99,0,14.99,0,14.99,0,1,0,0,0,13.527829818844937,0,1,0,3,1,20,0,1,0,0,0,0,1,0,0,0,0,0,1,0,0,1,0,0,0.0,1,0,0,0,0,0,0,0,0,0,1,1,1,0,0,0,0,0,0,1,0,0,0
1079260,Fireworks Mania - An Explosive Simulator,1,3.5553480614894135,14.99,1,14.99,0,14.99,0,1,0,0,0,13.527829818844937,0,1,0,4,0,20,0,0,1,0,0,1,0,0,1,0,0,0,0,0,0,1,0,0,0.0,0,0,1,0,0,0,0,0,1,0,1,1,0,0,0,0,0,0,1,0,0,0,0
214770,Guacamelee! Gold Edition,1,1.3862943611198906,14.99,0,14.99,1,14.99,0,1,0,0,0,13.527829818844937,0,1,1,3,0,20,0,1,1,0,0,0,0,0,1,0,0,0,0,0,0,1,0,0,0.0,0,0,0,0,0,0,1,0,0,0,0,1,1,0,0,0,0,0,0,1,1,0,0
418030,Subsistence,1,5.198497031265826,13.99,1,13.99,0,13.99,0,0,0,0,0,13.527829818844937,0,1,1,2,1,20,0,0,0,1,0,1,1,0,0,0,0,0,1,0,0,1,0,0,0.0,1,1,1,1,0,0,0,1,0,0,0,1,1,0,0,0,0,0,0,0,0,0,0
402710,Osiris: New Dawn,0,2.6390573296152584,0.0,1,0.0,0,0.0,0,1,0,0,1,13.527829818844937,0,1,1,4,1,20,0,0,0,0,0,0,0,0,0,0,0,0,1,0,1,1,0,0,0.0,1,0,1,0,0,0,0,0,0,0,0,1,1,0,0,0,0,0,0,1,0,0,1
673750,Super Bunny Man,1,4.882801922586371,14.99,1,14.99,0,14.99,0,1,0,1,0,13.527829818844937,0,0,1,2,0,20,0,0,1,0,0,0,0,0,1,0,0,0,0,0,0,1,0,0,0.0,0,1,1,0,0,0,1,0,0,0,0,1,1,0,0,0,0,0,0,0,0,0,0
1281800,Samsara Room,1,3.8918202981106265,0.0,1,0.0,1,0.0,0,1,0,0,1,13.527829818844937,1,1,0,3,0,18,0,0,0,0,1,0,0,0,0,0,0,0,0,1,0,0,1,0,0.0,0,0,0,0,0,0,0,0,0,0,1,0,1,0,0,1,1,0,0,1,0,0,1
1353300,Idle Slayer,1,7.170888478512505,0.0,1,0.0,1,0.0,0,1,0,0,1,13.527829818844937,0,1,0,4,0,20,1,0,0,0,0,0,0,0,0,0,1,0,0,1,0,0,1,0,0.0,0,0,0,0,0,0,0,0,1,0,0,0,0,0,0,0,0,0,0,0,0,0,0
562860,Ion Fury,1,3.332204510175204,24.99,0,24.99,0,24.99,0,1,0,0,0,13.527829818844937,0,1,0,2,0,20,0,1,0,0,0,1,0,1,0,0,0,0,0,0,0,1,0,0,0.0,0,0,0,0,0,0,0,1,0,0,0,1,0,0,0,0,0,0,0,0,0,1,0
1504570,Cultivation Tales,0,2.0794415416798357,19.99,1,19.99,0,19.99,1,1,0,1,0,13.527829818844937,0,0,0,5,1,20,0,0,0,0,0,0,0,0,0,0,1,0,1,0,1,1,0,0,0.0,0,1,1,0,0,0,0,0,0,0,0,1,1,0,0,0,0,0,0,1,0,0,0
1218210,Coromon,1,5.5254529391317835,19.99,1,19.99,1,19.99,0,1,0,1,0,13.527829818844937,0,0,0,4,0,20,1,0,0,0,1,0,1,0,0,0,1,0,0,0,1,0,0,1,0.0,0,0,0,0,0,0,0,0,0,0,0,0,1,0,0,0,0,0,0,1,1,0,0
872670,SCP: 5K,1,4.882801922586371,19.99,1,19.99,0,19.99,0,1,1,0,0,13.527829818844937,0,0,1,5,0,20,0,0,0,1,1,1,0,0,0,0,0,0,0,0,0,1,0,0,0.0,0,0,0,1,1,0,0,1,0,1,0,1,0,0,0,0,0,0,0,0,0,0,1
333600,NEKOPARA Vol. 1,1,3.5553480614894135,9.99,0,9.99,0,9.99,0,1,0,0,0,13.527829818844937,0,1,0,2,0,20,0,1,1,0,1,0,0,0,0,0,0,0,0,0,0,0,0,0,0.0,0,0,0,0,0,0,0,0,1,0,1,0,0,0,0,0,0,0,0,0,0,0,0
785740,This Is the Police 2,1,3.6635616461296463,14.99,0,14.99,0,14.99,0,1,0,0,0,13.527829818844937,0,1,0,3,0,18,0,1,0,0,1,0,0,0,0,0,0,1,0,0,0,0,0,0,0.0,0,0,0,0,0,0,0,0,0,0,1,0,1,1,0,0,0,0,0,1,0,0,0
723780,Modern Combat Versus,0,0.0,0.0,1,0.0,0,0.0,1,0,0,1,1,13.527829818844937,0,0,1,3,1,20,0,0,1,0,0,1,0,0,0,0,0,0,0,1,0,1,1,0,0.0,0,1,0,0,0,0,0,1,0,0,0,1,1,0,0,0,0,0,0,1,0,0,1
1571440,Lunch Lady,1,3.295836866004329,4.99,1,4.99,0,4.99,0,1,0,0,0,13.527829818844937,0,0,1,3,0,20,0,0,0,0,0,1,0,0,0,0,0,0,0,0,0,1,0,0,0.0,0,1,0,0,0,0,0,0,0,0,0,1,0,1,0,1,0,0,0,1,0,0,1
1275890,Baldi's Basics Plus,1,4.5217885770490405,9.99,0,9.99,0,9.99,0,1,0,0,0,13.527829818844937,0,1,0,4,0,20,0,0,1,1,0,0,0,0,0,0,0,0,0,0,0,1,0,0,0.0,0,0,0,1,0,0,0,0,0,0,0,1,0,0,0,0,0,0,0,0,0,0,1
1135230,Ember Knights,1,4.859812404361672,19.99,1,7.99,1,7.99,0,0,0,0,0,13.527829818844937,0,0,1,3,0,20,1,0,0,0,0,0,0,0,0,0,1,0,0,0,1,1,0,0,0.6003001500750375,0,1,0,0,0,0,0,0,0,0,0,1,1,1,0,0,0,0,0,1,0,0,0
1963040,The Lost Village,1,4.189654742026425,11.99,0,11.99,0,11.99,0,1,0,0,0,13.527829818844937,0,0,0,5,0,20,0,0,0,0,0,0,0,0,0,0,1,0,0,0,1,0,0,0,0.0,0,0,1,0,0,0,0,0,0,0,0,0,1,0,0,0,0,0,0,1,0,0,0
344760,Reign Of Kings,0,1.791759469228055,9.99,1,9.99,0,9.99,0,1,0,1,0,13.527829818844937,0,1,1,5,1,20,0,0,0,1,0,0,0,0,0,0,1,0,1,0,1,1,0,0,0.0,1,1,1,0,0,0,0,0,0,1,0,1,1,0,0,0,0,0,0,1,0,0,0
675260,Batman: The Enemy Within - The Telltale Series,1,3.9318256327243257,14.99,0,14.99,0,14.99,0,0,0,0,0,13.527829818844937,0,0,0,1,0,20,0,0,0,0,1,0,0,0,0,0,0,0,0,0,0,0,0,0,0.0,0,0,0,0,0,0,0,0,0,0,1,1,1,1,0,0,1,0,0,1,0,1,0
893180,Catherine Classic,1,3.7612001156935624,19.99,0,19.99,0,19.99,0,0,0,0,0,13.527829818844937,1,0,0,1,0,20,0,1,0,0,1,0,1,0,0,0,0,1,0,0,0,0,0,0,0.0,0,0,0,0,0,0,0,0,0,0,0,0,1,1,0,1,0,0,0,1,0,1,1
919640,Steel Division 2,1,5.594711379601839,39.99,1,39.99,0,39.99,0,1,0,0,0,13.527829818844937,0,1,1,4,0,20,0,0,0,0,0,0,0,0,0,0,0,0,0,0,0,1,0,0,0.0,0,0,1,0,1,1,0,0,0,1,0,0,0,0,1,0,0,0,1,0,0,0,0
1276790,Ruined King: A League of Legends Story,1,3.8501476017100584,29.99,0,29.99,0,29.99,0,1,0,0,0,13.527829818844937,0,1,0,2,0,15,0,1,0,0,1,0,0,0,0,0,1,0,0,0,1,0,0,0,0.0,0,0,0,0,0,0,0,0,0,0,0,1,1,0,0,0,0,0,0,0,0,0,1
12360,FlatOut: Ultimate Carnage Collector's Edition,1,3.7612001156935624,19.99,1,3.99,0,3.99,0,0,0,0,0,13.527829818844937,0,0,1,1,0,17,0,1,1,0,0,0,0,1,0,0,0,0,0,0,0,0,0,0,0.80040020010005,0,0,0,0,0,0,0,0,0,0,0,1,0,0,0,0,0,0,0,0,0,0,0
316790,Grim Fandango Remastered,1,2.995732273553991,14.99,0,14.99,0,14.99,0,0,0,0,0,13.527829818844937,1,1,0,1,0,20,0,1,1,0,1,0,1,1,1,0,0,0,0,0,0,0,0,0,0.0,0,0,0,0,0,0,0,0,0,0,1,0,1,0,0,0,1,0,0,1,0,0,0
1583230,High On Life,1,5.703782474656201,39.99,0,39.99,0,39.99,0,0,0,0,0,13.527829818844937,0,0,0,2,1,20,0,0,1,0,1,1,0,0,1,0,0,0,0,0,0,1,0,0,0.0,0,0,0,0,0,0,0,1,0,0,0,1,1,0,0,0,0,0,0,1,1,1,0
624270,The Painscreek Killings,1,2.5649493574615367,19.99,0,4.99,0,4.99,0,1,0,0,0,13.527829818844937,1,0,0,2,1,20,0,0,0,0,1,0,0,0,0,0,0,0,0,0,0,0,0,0,0.7503751875937968,0,0,0,0,0,0,0,0,0,1,1,0,1,0,0,0,0,0,0,1,0,0,1
1098292,DOOM Eternal: The Ancient Gods - Part One,0,0.0,9.99,0,9.99,0,9.99,0,0,0,0,0,13.527829818844937,0,0,0,1,0,12,0,1,0,0,0,1,1,0,0,0,0,1,0,0,0,1,0,0,0.0,0,0,0,0,0,0,0,1,0,0,0,1,1,0,0,0,0,0,0,0,0,1,0
656350,UnderMine,1,4.59511985013459,19.99,1,19.99,1,19.99,0,1,0,0,0,13.527829818844937,0,1,0,4,0,20,1,0,1,0,1,0,0,0,0,0,1,0,0,0,1,1,0,0,0.0,0,0,0,0,0,0,0,0,0,0,0,1,1,1,0,0,0,0,0,1,0,0,0
1761390,Hatsune Miku: Project DIVA Mega Mix+,1,5.602118820879701,39.39,0,39.39,0,39.39,0,0,0,0,0,13.527829818844937,0,0,0,1,0,20,0,1,0,0,0,0,0,0,0,0,0,1,0,0,0,1,0,1,0.0,0,0,0,0,0,0,0,0,0,0,0,1,0,0,0,0,0,1,0,0,0,0,0
406970,The Uncertain: Last Quiet Day,1,0.6931471805599453,9.99,0,9.99,0,9.99,0,1,0,0,0,13.527829818844937,1,1,0,2,0,20,0,1,0,0,1,0,0,0,0,0,0,0,0,0,0,0,0,0,0.0,0,0,0,0,0,0,0,0,0,0,1,0,1,1,0,0,1,0,0,1,0,0,1
677160,We Were Here Too,1,4.3694478524670215,9.99,1,9.99,0,9.99,0,1,0,0,0,13.527829818844937,1,1,1,3,0,20,0,0,0,0,0,0,0,0,0,0,0,0,0,0,0,0,0,0,0.0,0,1,0,0,0,0,0,0,1,0,1,0,1,0,0,1,0,0,0,1,0,0,1
337340,Finding Paradise,1,2.833213344056216,9.99,0,9.99,1,9.99,0,1,0,0,0,13.527829818844937,0,0,0,3,0,20,1,0,1,0,1,0,0,0,1,0,1,0,0,0,1,0,0,0,0.0,0,0,0,0,0,0,0,0,0,0,1,0,1,0,0,0,0,0,0,1,0,0,0
24800,Command & Conquer: Red Alert 3 - Uprising,1,5.680172609017068,19.88,1,19.88,0,19.88,0,0,0,0,0,13.527829818844937,0,0,1,3,0,20,0,0,0,0,0,0,0,0,0,0,0,1,0,1,0,1,1,0,0.0,0,0,0,0,1,1,0,0,0,0,1,1,0,0,0,0,0,1,0,0,0,0,0
200940,Sonic CD,1,1.3862943611198906,0.0,0,0.0,1,0.0,0,0,0,0,1,13.527829818844937,0,0,0,0,0,20,1,1,0,0,0,0,0,1,0,0,0,1,0,0,0,0,0,0,0.0,0,0,0,0,0,0,1,0,0,0,0,1,1,0,0,0,0,1,0,0,1,0,0
1335790,Operation: Tango,1,3.4339872044851463,19.99,1,19.99,0,19.99,0,0,0,0,0,13.527829818844937,1,0,1,2,0,20,0,0,0,0,0,0,0,0,0,0,0,0,0,0,0,0,0,0,0.0,0,1,0,0,0,0,0,0,1,0,0,0,1,0,0,0,0,1,0,1,1,0,0
295790,Never Alone (Kisima Ingitchuna),1,1.6094379124341003,14.99,0,14.99,0,14.99,0,1,0,0,0,13.527829818844937,1,1,1,4,0,20,0,1,0,0,1,0,0,0,0,0,0,0,0,0,0,1,0,0,0.0,0,0,0,0,0,0,1,0,1,0,1,1,1,0,0,0,0,0,0,1,0,0,0
355790,Styx: Shards of Darkness,1,3.5553480614894135,19.99,1,19.99,0,19.99,0,0,0,0,0,13.527829818844937,0,0,1,2,1,20,0,0,0,0,1,0,1,0,1,0,1,0,0,0,0,1,0,0,0.0,0,0,0,0,0,0,0,0,0,0,1,1,1,0,0,0,0,0,0,1,0,1,0
267530,The LEGO Movie - Videogame,1,3.4339872044851463,19.99,1,19.99,0,19.99,0,0,0,0,0,13.527829818844937,0,0,1,2,1,20,0,0,1,0,0,0,0,0,1,0,1,1,0,0,0,1,0,0,0.0,0,0,1,0,0,0,1,0,0,0,0,1,1,0,0,0,0,1,0,1,0,0,0
24780,SimCity 4 Deluxe Edition,1,5.805134968916488,19.99,1,19.99,0,19.99,0,0,0,0,0,13.527829818844937,0,0,0,2,0,20,0,0,0,0,0,0,0,1,0,0,0,0,0,0,0,0,0,0,0.0,0,0,1,0,0,0,0,0,0,1,1,0,0,0,0,0,0,1,1,0,0,0,0
1000010,Crown Trick,1,2.70805020110221,19.99,0,19.99,1,19.99,0,1,0,0,0,13.527829818844937,0,0,0,4,0,20,0,0,0,0,0,0,1,0,0,0,1,0,0,0,1,0,0,0,0.0,0,0,0,0,0,0,0,0,0,0,0,0,1,0,0,0,0,0,0,1,0,0,0
900270,Reventure,1,2.8903717578961645,12.34,0,12.34,1,12.34,0,1,0,0,0,13.527829818844937,0,1,0,2,0,20,1,1,0,0,0,0,0,0,1,0,0,0,0,0,0,0,0,0,0.0,0,0,0,0,0,0,1,0,0,0,0,0,1,1,0,0,0,0,0,1,0,1,0
2683150,Ale & Tale Tavern,1,5.25227342804663,14.99,1,5.99,0,5.99,0,1,0,0,0,13.527829818844937,0,1,1,5,0,20,0,0,0,0,0,0,0,0,0,0,0,0,0,0,0,1,0,0,0.600400266844563,0,1,1,0,0,0,0,0,1,0,0,1,1,0,0,0,0,1,0,1,0,0,0
1880330,Sanfu,1,2.833213344056216,10.99,0,10.99,1,10.99,0,1,0,0,0,13.527829818844937,1,0,0,3,0,20,0,0,0,0,1,0,0,0,0,0,1,0,0,0,1,0,0,0,0.0,0,0,0,0,0,0,0,0,0,0,1,0,1,0,0,0,0,0,0,1,1,0,1
1072420,DRAGON QUEST BUILDERS 2,1,6.054439346269371,49.99,1,49.99,0,49.99,0,0,0,0,0,13.527829818844937,0,0,1,3,1,20,0,0,0,0,0,0,0,0,0,0,1,1,1,0,1,1,0,1,0.0,1,0,1,0,0,0,1,0,0,0,0,1,1,0,0,0,0,0,0,1,1,0,0
586140,BlazBlue Centralfiction,1,5.402677381872279,39.99,1,39.99,0,39.99,0,0,0,0,0,13.527829818844937,0,0,0,1,0,20,0,1,0,0,1,0,1,0,0,0,0,0,0,0,0,1,0,0,0.0,0,0,0,0,0,0,0,0,0,0,0,1,0,0,0,0,0,0,0,0,0,0,0
1519350,Madden NFL 22,0,3.2188758248682006,0.0,1,0.0,0,0.0,0,0,0,1,1,13.527829818844937,0,0,0,4,0,20,0,0,0,0,0,0,0,0,0,0,0,1,0,0,0,0,0,0,0.0,0,1,0,0,0,0,0,0,1,1,0,0,0,0,0,0,0,0,0,0,0,0,0
1367590,Tormented Souls,1,2.8903717578961645,19.99,0,19.99,0,19.99,0,0,0,0,0,13.527829818844937,1,0,0,2,0,20,0,0,0,0,1,0,0,0,0,0,0,0,1,0,0,1,0,0,0.0,0,0,0,0,0,0,0,0,0,0,1,1,1,0,0,1,0,0,0,1,0,0,1
812810,missed messages.,1,1.0986122886681098,0.0,0,0.0,0,0.0,0,1,0,0,1,13.527829818844937,0,1,0,4,0,20,0,1,0,0,1,0,0,0,0,0,0,0,0,1,0,0,1,0,0.0,0,0,0,0,0,0,0,0,1,0,1,0,0,1,0,1,0,0,0,0,0,0,1
1604000,Milk outside a bag of milk outside a bag of milk,1,3.1780538303479458,8.99,0,8.99,1,8.99,0,1,0,0,0,13.527829818844937,0,1,0,2,0,20,1,1,0,0,1,0,0,0,0,0,0,0,0,0,0,0,0,0,0.0,0,0,0,0,0,0,0,0,1,0,0,0,0,1,0,1,1,0,0,0,0,0,1
332500,GRAV,0,0.6931471805599453,19.99,1,19.99,0,19.99,1,1,0,0,0,13.527829818844937,0,1,1,5,1,20,0,0,0,1,0,0,0,0,0,0,1,0,1,0,1,1,0,0,0.0,1,0,1,1,0,0,0,1,0,0,0,1,1,0,0,0,0,0,0,1,0,0,0
1615290,Ravenous Devils,1,3.258096538021482,4.99,0,4.99,0,4.99,0,1,0,0,0,13.527829818844937,0,0,0,3,0,20,0,0,0,0,0,0,0,0,0,0,0,0,0,0,0,0,0,0,0.0,0,0,0,0,0,0,0,0,1,0,0,0,0,0,0,0,0,0,0,0,0,1,1
311730,DEAD OR ALIVE 5 Last Round: Core Fighters,0,3.6109179126442243,0.0,1,0.0,0,0.0,0,0,0,1,1,13.527829818844937,0,0,0,1,0,20,0,1,0,0,0,0,0,0,0,0,0,1,0,0,0,1,1,0,0.0,0,0,0,0,0,0,0,0,0,0,0,1,0,0,0,0,0,0,1,0,0,0,0
383270,Hue,1,2.70805020110221,14.99,0,14.99,1,14.99,0,1,0,0,0,13.527829818844937,1,1,0,2,0,15,0,1,0,0,1,0,0,0,0,0,0,0,0,0,0,0,0,0,0.0,0,0,0,0,0,0,1,0,0,0,0,0,1,0,0,0,0,0,0,1,1,0,0
1286580,Ship of Fools,1,4.219507705176107,21.99,1,21.99,1,21.99,0,1,0,0,0,13.527829818844937,0,1,1,2,0,20,0,1,0,0,0,0,0,0,0,0,0,1,0,0,0,1,0,0,0.0,0,1,0,0,0,0,0,0,0,0,0,1,0,0,0,0,0,0,0,0,1,0,0
1371580,Myth of Empires,0,7.630946580890459,29.99,1,29.99,0,29.99,0,0,0,0,0,13.527829818844937,0,0,1,0,1,20,0,0,0,0,0,0,0,0,0,1,1,0,1,0,0,0,0,1,0.0,0,1,1,0,0,1,0,1,0,0,0,0,0,0,0,0,0,0,0,0,0,0,0
239250,Castlevania: Lords of Shadow 2,1,2.8903717578961645,39.99,0,39.99,0,39.99,0,0,0,0,0,13.527829818844937,0,0,0,2,0,20,0,1,0,0,1,0,0,0,0,0,1,1,0,0,0,1,0,0,0.0,0,0,0,0,0,0,0,0,0,0,1,1,1,0,0,0,0,0,0,1,0,1,1
792300,The Beast Inside,1,3.58351893845611,24.99,1,24.99,0,24.99,0,1,0,0,0,13.527829818844937,0,1,0,3,1,20,0,1,0,0,1,0,0,0,0,0,0,0,1,0,0,1,0,0,0.0,0,0,0,0,0,0,0,0,0,1,1,1,1,0,0,1,0,0,0,1,0,1,1
375950,Viridi,1,4.718498871295094,0.0,0,0.0,0,0.0,0,1,0,0,1,13.527829818844937,1,1,0,4,0,18,0,1,0,0,0,0,0,0,0,0,0,0,0,1,0,0,1,0,0.0,0,0,1,0,0,0,0,0,1,0,1,0,0,0,0,0,0,1,0,0,0,0,0
1166290,Death and Taxes,1,3.4339872044851463,12.99,0,12.99,1,12.99,0,1,0,0,0,13.527829818844937,1,1,0,5,0,20,0,0,0,0,1,0,0,0,0,0,0,0,0,0,0,0,0,1,0.0,0,0,0,0,0,0,0,0,1,0,1,0,1,1,0,0,1,0,0,1,0,0,0
426000,HunieCam Studio,1,4.0943445622221,6.99,0,6.99,1,6.99,0,1,0,0,0,13.527829818844937,0,1,0,2,0,20,0,0,1,0,0,0,0,0,1,0,0,0,0,0,0,0,0,0,0.0,0,0,0,0,0,0,0,0,0,0,0,0,0,0,0,0,0,0,0,0,0,0,0
2475490,Mouthwashing,1,4.248495242049359,12.99,0,12.99,0,12.99,0,1,0,0,0,13.527829818844937,0,1,0,2,0,20,0,0,0,0,1,0,0,0,0,0,0,0,0,0,0,0,0,0,0.0,0,0,0,0,0,0,0,0,0,0,1,0,1,0,0,1,0,0,0,1,0,0,1
1849250,EA SPORTS WRC,0,5.572154032177765,49.99,1,49.99,0,49.99,0,0,0,1,0,13.527829818844937,0,0,0,3,0,12,0,0,0,1,0,0,0,0,0,0,0,1,0,0,0,0,0,0,0.0,0,0,0,0,0,0,0,0,0,1,0,0,0,0,0,0,0,0,0,0,0,0,0
1237320,Sonic Frontiers,1,4.976733742420574,39.99,0,39.99,0,39.99,0,0,0,0,0,13.527829818844937,0,0,0,2,1,20,0,1,0,0,1,0,0,0,1,0,0,1,0,0,0,1,0,0,0.0,0,0,0,0,0,0,1,0,0,0,0,1,1,0,0,0,0,0,0,1,1,0,0
730310,DYNASTY WARRIORS 9,0,3.4011973816621555,44.99,1,44.99,0,44.99,0,0,0,0,0,13.527829818844937,0,0,1,1,1,17,0,1,0,0,0,0,0,0,0,0,1,1,0,0,0,1,0,0,0.0,0,1,0,0,0,0,0,0,0,0,0,1,1,0,1,0,0,0,0,0,0,0,0
643270,OLDTV,1,0.6931471805599453,0.0,0,0.0,1,0.0,0,1,0,0,1,13.527829818844937,1,1,0,2,0,16,0,1,0,0,0,0,1,0,0,0,0,0,0,1,0,0,1,0,0.0,0,0,0,0,0,0,0,0,0,0,1,0,0,0,0,1,0,0,0,0,0,0,0
1119980,In Sound Mind,1,2.772588722239781,34.99,0,3.49,0,3.49,0,1,0,0,0,13.527829818844937,1,1,0,2,0,20,0,0,0,0,1,1,0,0,0,0,0,0,0,0,0,1,0,0,0.9002572163475279,0,0,0,0,0,0,1,1,0,0,1,1,0,0,0,1,0,0,0,0,0,0,1
714120,Little Misfortune,1,2.833213344056216,19.99,0,19.99,1,19.99,0,1,0,0,0,13.527829818844937,1,1,0,3,0,20,0,1,1,0,1,0,0,0,0,0,0,0,0,0,0,0,0,0,0.0,0,0,0,0,0,0,0,0,1,0,1,0,1,1,0,1,1,0,0,1,0,0,1
1812450,Bellwright,1,7.133295954896068,29.99,1,19.79,0,19.79,0,0,0,0,0,13.527829818844937,0,0,1,5,1,20,0,0,0,1,0,0,0,0,0,0,1,0,1,0,1,1,0,0,0.3401133711237079,1,1,0,1,0,1,0,0,0,0,0,1,0,0,0,0,0,0,0,0,0,0,0
207690,Botanicula,1,2.0794415416798357,14.99,0,14.99,1,14.99,0,1,0,0,0,13.527829818844937,1,0,0,3,0,20,0,0,1,0,1,0,0,0,1,0,0,0,0,0,0,0,0,0,0.0,0,0,0,0,0,0,0,0,1,0,1,0,1,0,0,0,1,1,0,1,1,0,0
236370,Interstellar Marines,0,0.6931471805599453,9.99,1,9.99,0,9.99,0,1,0,0,0,13.527829818844937,0,1,1,5,0,20,0,0,0,1,0,1,0,0,0,0,1,0,0,0,1,1,0,0,0.0,0,1,0,1,0,0,0,1,0,1,1,1,0,0,0,0,0,0,0,0,0,0,1
1178030,Star Fetchers,1,1.3862943611198906,0.0,0,0.0,1,0.0,0,1,0,0,1,13.527829818844937,0,1,0,4,0,20,1,1,1,0,1,0,0,0,1,0,0,0,0,1,0,1,1,0,0.0,0,0,0,0,0,0,0,0,0,0,1,1,1,0,0,0,0,0,0,1,0,1,0
699170,Fell Seal: Arbiter's Mark,1,3.871201010907891,29.99,0,29.99,1,29.99,0,1,0,0,0,13.527829818844937,0,1,0,3,0,20,0,0,0,0,1,0,0,0,0,0,1,0,0,0,1,0,0,1,0.0,0,0,0,0,0,0,0,0,0,0,0,0,0,0,0,0,0,0,0,0,0,0,0
250340,Blockland,1,3.295836866004329,9.99,1,9.99,0,9.99,0,1,0,0,0,13.527829818844937,0,1,1,3,1,20,0,0,1,0,0,1,0,0,0,0,1,0,0,0,0,1,0,0,0.0,0,0,1,0,0,0,0,1,0,0,0,1,1,0,0,0,0,0,1,0,0,0,1
365960,rFactor 2,1,5.480638923341991,29.99,1,29.99,0,29.99,0,0,0,0,0,13.527829818844937,0,0,0,3,0,14,0,0,0,0,0,0,0,0,0,0,0,0,0,0,0,0,0,0,0.0,0,0,0,0,0,0,0,0,0,1,0,0,0,0,0,0,0,0,1,0,0,0,0
251150,The Legend of Heroes: Trails in the Sky,1,4.248495242049359,19.99,0,9.99,0,9.99,0,0,0,0,0,13.527829818844937,0,0,0,1,0,20,0,1,0,0,1,0,0,1,0,0,1,0,0,0,1,0,0,0,0.5002501250625312,0,0,0,0,0,0,0,0,0,0,0,1,1,0,0,0,0,0,0,0,0,0,0
2302660,Homicipher,1,4.143134726391533,13.99,0,13.99,0,13.99,0,1,0,0,0,13.527829818844937,0,0,0,2,0,20,0,0,0,0,0,0,0,0,0,0,0,0,0,0,0,0,0,0,0.0,0,0,0,0,0,0,0,0,0,0,1,0,1,1,0,0,0,0,0,1,0,0,1
2695940,PANICORE,1,5.209486152841421,9.99,1,9.99,0,9.99,0,1,0,0,0,13.527829818844937,0,1,1,3,0,20,0,0,0,0,0,0,0,0,0,0,0,0,1,0,0,1,0,0,0.0,0,1,0,0,0,0,0,0,0,0,1,1,1,0,0,1,0,0,0,1,0,0,1
1342330,Mad Games Tycoon 2,1,4.8283137373023015,24.99,1,24.99,0,24.99,0,1,0,1,0,13.527829818844937,0,0,0,4,0,20,0,0,0,0,0,0,0,0,0,0,0,0,0,0,0,0,0,1,0.0,1,0,1,0,0,0,0,0,1,0,0,0,0,0,0,0,0,0,0,0,0,0,0
1032430,Blood Trail,1,4.31748811353631,24.99,1,24.99,0,24.99,0,0,0,0,0,13.527829818844937,0,0,0,2,0,20,0,0,1,1,0,1,0,0,0,0,0,0,0,0,0,1,0,0,0.0,0,0,1,1,0,0,0,1,0,1,1,1,0,0,0,1,0,1,0,0,0,1,1
40960,Stronghold 2: Steam Edition,1,4.859812404361672,14.99,0,14.99,0,14.99,0,0,0,0,0,13.527829818844937,0,0,0,2,1,20,0,0,0,0,0,0,0,0,0,0,0,0,0,0,0,0,0,0,0.0,0,0,1,0,1,1,0,0,0,0,0,0,0,0,1,0,0,0,0,0,0,0,0
688420,Bad North: Jotunn Edition,1,4.174387269895637,14.99,0,2.99,0,2.99,0,1,0,0,0,13.527829818844937,0,0,0,3,0,20,0,0,0,0,0,0,0,0,0,0,0,1,1,0,0,1,0,0,0.800533689126084,0,0,0,0,0,1,0,0,0,0,0,0,0,0,0,0,0,0,0,0,0,0,0
1150760,Gloomwood,1,3.6888794541139363,19.99,0,19.99,0,19.99,0,1,0,0,0,13.527829818844937,0,0,0,3,0,20,0,0,0,1,0,1,0,0,0,0,0,0,0,0,0,1,0,0,0.0,0,0,0,1,0,0,0,1,0,0,1,1,0,0,0,0,0,0,0,0,0,0,0
2531310,The Last of Us Part II Remastered,1,8.39072252736229,49.99,0,49.99,0,49.99,0,0,0,0,0,13.527829818844937,0,0,0,2,0,20,0,0,0,0,1,0,0,0,0,0,0,1,1,0,0,1,0,0,0.0,0,0,0,0,0,0,0,0,0,1,1,1,1,0,0,0,0,0,0,1,0,0,1
924140,Hand Simulator: Survival,1,1.791759469228055,2.99,1,2.99,0,2.99,1,1,1,1,0,13.527829818844937,0,1,0,6,0,20,0,0,1,0,0,1,0,0,0,0,1,0,1,0,1,1,0,0,0.0,0,0,0,0,1,1,0,1,0,1,0,1,1,0,0,0,0,0,0,1,0,0,0
425580,The Room Two,1,3.4339872044851463,4.99,0,4.99,0,4.99,0,1,0,0,0,13.527829818844937,1,1,0,2,0,19,0,1,0,0,1,0,0,0,0,0,0,0,0,0,0,0,0,0,0.0,0,0,0,0,0,0,0,0,0,0,1,0,1,0,0,1,1,0,0,1,0,0,1
1129190,Our Life: Beginnings & Always,1,5.472270673671475,0.0,0,0.0,0,0.0,0,1,0,0,1,13.527829818844937,0,1,0,3,0,20,0,0,1,0,0,0,0,0,1,0,0,0,0,1,0,0,1,1,0.0,0,0,0,0,0,0,0,0,1,0,0,0,0,1,0,0,0,0,0,0,0,0,0
952070,RESIDENT EVIL RESISTANCE,0,3.2188758248682006,59.99,1,11.99,0,11.99,0,0,0,0,0,13.527829818844937,0,0,1,1,0,10,0,0,0,0,0,0,0,0,0,0,0,1,0,0,0,1,0,0,0.8001333555592598,0,1,0,0,0,0,0,0,0,0,0,1,0,0,0,0,0,0,0,0,0,0,1
34900,Bad Rats: the Rats' Revenge,1,1.9459101490553132,1.99,0,1.99,0,1.99,0,1,0,0,0,13.527829818844937,1,1,1,1,0,20,0,0,0,0,0,0,0,0,0,0,0,0,0,0,0,0,0,0,0.0,0,0,0,0,0,0,0,0,0,0,0,0,0,1,0,0,0,0,0,0,0,1,0
965200,Walking Zombie 2,1,4.700480365792417,0.0,1,0.0,0,0.0,0,1,0,0,1,13.527829818844937,0,0,0,4,1,20,1,0,0,0,1,1,0,0,0,0,1,0,1,0,1,1,0,0,0.0,1,0,1,0,0,0,0,1,0,0,0,1,1,0,0,0,0,0,0,1,0,0,0
800270,Terraforming Mars,1,5.8916442118257715,19.99,1,19.99,0,19.99,0,0,0,1,0,13.527829818844937,0,0,0,1,0,20,0,0,0,0,0,0,1,0,0,0,0,0,0,0,0,0,0,0,0.0,0,0,0,0,0,0,0,0,0,0,0,0,0,0,0,0,0,0,0,0,0,0,0
298900,Space Hulk: Deathwing,0,1.3862943611198906,29.99,1,29.99,0,29.99,0,0,0,0,0,12.765691290604371,0,0,1,2,0,20,0,0,0,0,0,1,0,0,0,0,1,1,1,0,0,1,0,0,0.0,0,1,0,0,0,0,0,1,0,0,1,1,1,0,0,0,0,0,0,1,0,0,1
328080,Rise to Ruins,1,3.295836866004329,14.99,0,14.99,1,14.99,0,1,0,0,0,12.765691290604371,0,1,0,3,0,20,1,1,0,1,0,0,0,0,0,0,0,0,1,0,0,0,0,0,0.0,0,0,1,0,0,0,0,0,0,0,0,0,0,0,0,0,0,0,0,0,0,0,0
2445690,Lost Castle 2,1,7.022868086082641,17.99,1,17.99,1,17.99,0,1,0,0,0,12.765691290604371,0,1,1,4,0,20,0,0,1,1,0,0,0,0,0,0,1,0,0,0,1,1,0,0,0.0,0,1,0,0,0,0,0,0,0,0,0,1,1,0,0,0,0,0,0,1,0,0,0
757320,Atomicrops,1,4.672828834461906,14.99,0,14.99,0,14.99,0,1,0,0,0,12.765691290604371,0,1,0,2,1,20,1,0,0,0,0,0,0,0,0,0,0,1,1,0,0,1,0,0,0.0,0,0,0,0,0,0,0,0,0,0,0,1,0,0,0,0,0,0,0,0,1,0,0
200900,Cave Story+,1,2.0794415416798357,14.99,0,14.99,1,14.99,0,1,0,0,0,12.765691290604371,0,1,0,3,0,20,1,1,0,0,1,0,1,1,0,0,0,0,0,0,0,1,0,0,0.0,0,0,0,0,0,0,1,1,0,0,0,1,1,0,0,0,0,0,0,1,0,0,0
920490,Driver Booster for Steam,1,6.717804695023691,0.0,0,0.0,0,0.0,0,0,0,0,1,12.765691290604371,0,0,0,1,0,3,0,0,0,0,0,0,0,0,0,0,0,0,0,0,0,0,1,0,0.0,0,0,0,0,0,0,0,0,0,0,0,0,0,0,0,0,0,0,0,0,0,0,0
1220010,Home Behind 2,1,5.176149732573829,19.99,0,7.59,1,7.59,0,1,0,0,0,12.765691290604371,0,1,0,5,0,20,0,0,0,0,1,0,0,0,0,0,1,0,1,0,1,0,0,1,0.6203101550775387,0,0,0,0,0,0,0,0,0,0,0,0,1,0,0,0,0,0,0,1,0,0,0
757310,Sable,1,2.9444389791664403,24.99,0,24.99,0,24.99,0,1,0,0,0,12.765691290604371,1,0,0,3,1,20,0,0,0,0,1,0,0,0,0,0,1,1,0,0,1,0,0,0,0.0,0,0,0,0,0,0,1,0,0,0,1,0,1,1,0,0,0,0,0,1,0,0,0
2666510,Rusty's Retirement,1,7.078341579557671,6.99,0,6.99,1,6.99,0,1,0,0,0,12.765691290604371,0,1,0,4,0,20,1,0,0,0,0,0,0,0,0,0,0,0,0,0,0,0,0,0,0.0,0,0,0,0,0,0,0,0,1,0,0,0,0,0,0,0,0,0,0,0,0,0,0
1433140,The Texas Chain Saw Massacre,0,5.820082930352362,14.99,1,14.99,0,14.99,0,1,0,1,0,12.765691290604371,0,1,0,2,0,20,0,0,0,0,0,0,0,0,0,0,0,0,1,0,0,1,0,0,0.0,0,0,0,0,0,0,0,0,0,0,1,1,0,0,0,1,0,0,0,0,0,1,1
1024380,Second Extinction,0,1.0986122886681098,0.0,1,0.0,0,0.0,0,0,0,0,1,12.765691290604371,0,0,1,2,1,20,0,0,0,1,0,1,0,0,0,0,0,0,1,0,0,1,0,0,0.0,0,1,0,1,0,0,0,1,0,0,0,0,1,0,0,0,0,0,0,0,0,1,0
816340,Kingdom Rush Origins - Tower Defense,1,4.919980925828125,14.99,0,14.99,1,14.99,0,1,0,0,0,12.765691290604371,0,1,0,2,0,20,1,0,0,0,0,0,1,0,0,0,1,0,0,0,0,0,0,0,0.0,0,0,0,0,0,0,0,0,0,0,0,1,1,1,0,0,0,0,0,0,0,0,0
1003890,Blacksad: Under the Skin,1,1.6094379124341003,19.99,0,19.99,0,19.99,0,0,0,0,0,12.765691290604371,1,0,0,1,0,20,0,0,0,0,1,0,0,0,0,0,0,0,0,0,0,0,0,0,0.0,0,0,0,0,0,0,0,0,0,0,1,0,1,1,0,0,1,0,0,1,0,1,0
684410,Bridge Constructor Portal,1,3.713572066704308,9.99,0,9.99,1,9.99,0,0,0,0,0,12.765691290604371,1,1,1,2,0,20,0,0,1,0,0,0,1,0,1,0,0,0,0,0,0,0,0,0,0.0,0,0,1,0,0,0,0,0,0,0,0,0,0,0,0,0,0,1,0,0,0,0,0
209650,Call of Duty: Advanced Warfare - Gold Edition,0,4.1588830833596715,39.99,1,15.99,0,15.99,0,0,0,1,0,12.765691290604371,0,0,1,1,0,20,0,0,0,0,0,1,0,0,0,0,0,1,0,0,0,1,0,0,0.6001500375093773,0,1,0,0,1,1,0,1,0,0,0,1,0,0,0,0,0,0,0,0,0,0,0
1318690,shapez,1,5.796057750765372,9.99,0,0.99,1,0.99,0,1,0,0,0,12.765691290604371,1,1,0,4,1,20,0,0,0,0,0,0,0,0,0,0,0,0,0,0,0,0,0,0,0.9009009009009009,1,0,1,0,0,0,0,0,1,0,0,0,0,0,0,0,0,1,1,0,0,0,0
1404850,Luck be a Landlord,1,5.0106352940962555,9.99,0,9.99,1,9.99,0,1,0,0,0,12.765691290604371,0,1,0,3,0,20,1,0,0,1,0,0,0,0,0,0,0,0,0,0,0,0,0,0,0.0,0,0,0,0,0,0,0,0,0,0,0,0,0,0,0,0,0,0,0,0,0,0,0
245470,Democracy 3,1,2.3978952727983707,24.99,0,24.99,1,24.99,0,1,0,0,0,12.765691290604371,0,1,0,3,0,20,0,0,1,0,0,0,1,0,0,0,0,0,0,0,0,0,0,0,0.0,0,0,1,0,0,0,0,0,0,0,0,0,0,0,0,0,0,0,1,0,0,0,0
530070,Train Sim World 2020,1,2.1972245773362196,12.99,1,12.99,0,12.99,0,0,0,0,0,12.765691290604371,0,0,0,1,1,20,0,0,0,0,0,0,0,0,0,0,0,0,0,0,0,0,0,0,0.0,0,0,0,0,0,0,0,0,0,1,1,1,1,0,0,0,0,1,0,0,0,0,0
274500,Brigador: Up-Armored Edition,1,2.1972245773362196,24.99,0,24.99,0,24.99,0,1,0,0,0,12.765691290604371,0,1,0,2,0,20,0,0,0,0,0,0,1,0,0,0,0,0,0,0,0,1,0,0,0.0,0,0,0,0,0,0,0,1,0,0,1,1,0,0,0,0,0,0,0,0,0,0,0
861540,Dicey Dungeons,1,4.276666119016055,14.99,0,14.99,0,14.99,0,1,0,0,0,12.765691290604371,0,1,0,2,0,20,0,1,0,0,0,0,0,0,0,0,1,0,0,0,0,0,0,0,0.0,0,0,0,0,0,0,0,0,0,0,0,0,0,0,0,0,0,0,0,0,1,0,0
60,Ricochet,1,1.6094379124341003,4.99,1,4.99,0,4.99,0,0,0,0,0,12.765691290604371,0,0,0,1,0,20,0,1,0,0,0,1,0,1,0,0,0,1,0,0,0,1,0,0,0.0,0,0,0,0,0,0,1,1,0,0,0,1,0,0,0,1,0,0,0,0,0,0,0
520440,GUILTY GEAR Xrd REV 2,1,4.948759890378168,29.99,1,29.99,1,29.99,0,0,0,1,0,12.765691290604371,0,0,0,1,0,20,0,1,0,0,1,0,1,0,0,0,0,0,0,0,0,1,0,0,0.0,0,0,0,0,0,0,0,0,0,0,0,1,0,0,0,0,0,0,0,0,0,0,0
526160,The Wild Eight,0,2.0794415416798357,24.99,1,2.49,0,2.49,0,1,0,0,0,12.765691290604371,0,1,1,5,1,20,0,0,0,0,0,0,1,0,0,0,1,0,1,0,1,1,0,0,0.9003601440576231,1,1,1,0,0,0,0,0,0,0,1,1,1,0,0,0,0,0,0,1,0,0,1
2993780,FANTASY LIFE i: The Girl Who Steals Time,1,9.878118461185586,59.99,1,59.99,0,59.99,0,0,0,0,0,12.765691290604371,0,0,1,1,1,20,0,0,0,0,0,0,0,0,0,0,1,0,0,0,1,0,0,1,0.0,1,1,0,0,0,0,0,0,0,0,0,1,0,0,0,0,0,0,0,0,0,0,0
976590,Bus Simulator 21 Next Stop,0,4.174387269895637,24.99,1,24.99,0,24.99,0,0,0,0,0,12.765691290604371,0,0,1,1,1,20,0,0,0,0,0,0,0,0,0,0,0,0,0,0,0,0,0,1,0.0,0,1,0,0,0,0,0,0,0,1,0,0,0,0,0,0,0,1,0,0,1,0,0
518150,Intruder,1,2.302585092994046,19.99,1,19.99,0,19.99,0,0,0,1,0,12.765691290604371,0,1,1,1,0,18,0,0,1,1,0,1,0,0,0,0,0,0,0,0,0,0,0,0,0.0,0,0,0,1,0,0,0,1,0,0,0,1,0,0,0,1,0,0,0,0,0,1,0
1229380,Everhood,1,2.995732273553991,9.99,0,9.99,1,9.99,0,1,0,0,0,12.765691290604371,0,1,0,4,0,20,1,1,0,0,1,0,0,0,0,0,1,0,0,0,1,1,0,0,0.0,0,0,0,0,0,0,0,0,0,0,0,1,1,0,0,0,0,0,0,1,1,0,0
98800,Dungeons of Dredmor,1,2.9444389791664403,7.99,0,7.99,1,7.99,0,1,0,0,0,12.765691290604371,0,1,0,3,0,20,0,0,1,0,0,0,1,0,1,0,1,0,0,0,1,0,0,0,0.0,1,0,0,0,0,0,0,0,1,0,0,0,1,0,0,0,0,0,1,0,0,0,0
360740,Downwell,1,2.833213344056216,2.99,0,2.99,1,2.99,0,1,0,0,0,12.765691290604371,0,1,0,4,0,20,1,1,0,0,0,0,1,0,0,0,0,1,0,0,0,1,0,0,0.0,0,0,0,0,0,0,1,0,1,0,0,1,1,0,0,0,0,0,0,1,0,0,0
435530,The Final Station,1,3.258096538021482,14.99,0,14.99,1,14.99,0,1,0,0,0,12.765691290604371,0,1,0,3,0,20,1,1,0,0,1,0,0,0,0,0,0,1,1,0,0,1,0,0,0.0,0,0,0,0,0,0,1,1,0,0,1,1,1,0,0,0,0,0,0,1,0,0,1
264140,Pixel Piracy,0,1.6094379124341003,14.99,0,14.99,0,14.99,0,1,0,0,0,12.765691290604371,0,0,0,4,1,20,1,0,0,0,0,0,0,0,0,0,1,0,0,0,1,0,0,0,0.0,0,0,1,0,0,0,0,0,0,0,0,1,0,0,0,0,0,0,0,1,0,0,0
1016120,PGA TOUR 2K21,1,4.543294782270004,0.0,0,0.0,0,0.0,0,0,0,0,1,12.765691290604371,0,0,0,2,0,8,0,0,0,0,0,0,0,0,0,0,0,1,0,0,0,0,0,1,0.0,0,0,0,0,0,0,0,0,0,0,0,1,0,0,0,0,0,0,0,0,0,0,0
2071280,Ravenswatch,1,7.8551570058813445,24.99,1,24.99,0,24.99,0,0,0,0,0,12.765691290604371,0,1,1,2,0,20,0,0,0,1,0,0,1,0,0,0,1,0,0,0,0,1,0,0,0.0,0,1,0,0,0,0,0,0,0,0,1,1,1,0,0,0,0,0,0,1,0,0,0
1563180,Internet Cafe Simulator 2,1,3.828641396489095,19.99,1,5.99,0,5.99,0,1,0,0,0,12.765691290604371,0,1,0,6,1,20,0,0,1,0,0,0,0,0,0,0,0,0,0,0,0,1,0,0,0.7003501750875437,0,0,1,0,0,0,0,0,1,1,1,0,0,0,0,0,0,0,0,1,0,0,0
829590,CryoFall,1,4.624972813284271,19.99,0,1.99,1,1.99,0,1,1,1,0,12.765691290604371,0,0,0,7,1,20,0,0,0,0,0,0,0,0,0,0,1,1,1,0,1,1,0,1,0.9004502251125563,1,0,1,0,0,0,0,0,0,0,0,0,0,0,0,0,0,0,0,1,0,0,0
1283410,Tails of Iron,1,3.6888794541139363,24.99,0,4.99,1,4.99,0,1,0,0,0,12.765691290604371,0,0,0,3,0,20,0,0,0,0,1,0,1,0,0,0,1,0,0,0,0,1,0,1,0.8003201280512205,0,0,0,0,0,0,0,0,0,0,1,1,1,0,0,0,0,0,0,1,0,0,0
1525700,Tavern Master,1,5.37989735354046,14.99,0,14.99,0,14.99,0,0,0,0,0,12.765691290604371,0,1,0,2,0,20,0,0,0,0,0,0,0,0,0,0,0,0,0,0,0,0,0,0,0.0,1,0,0,0,0,0,0,0,0,0,1,0,1,0,1,0,0,0,0,0,0,0,0
1583320,Pro Soccer Online,1,6.53813982376767,4.99,1,4.99,0,4.99,0,0,0,1,0,12.765691290604371,0,0,0,1,0,20,0,0,0,1,0,0,0,0,0,0,0,0,0,0,0,0,1,1,0.0,0,0,0,0,0,0,0,0,0,0,0,1,0,0,0,1,0,0,0,0,0,0,0
1533420,Neon White,1,5.081404364984463,24.99,0,24.99,0,24.99,0,1,0,0,0,12.765691290604371,0,1,0,3,0,20,0,1,0,0,1,1,0,0,0,0,0,1,0,0,0,1,0,0,0.0,0,0,0,0,0,0,1,1,0,0,0,1,1,0,0,0,0,0,0,1,0,0,0
333950,Medieval Engineers,0,3.2188758248682006,9.99,1,9.99,0,9.99,0,1,0,0,0,12.765691290604371,0,1,1,4,1,20,0,0,0,1,0,0,0,0,0,0,0,0,1,0,0,1,0,0,0.0,1,0,1,0,0,0,0,0,0,1,1,1,1,0,0,0,0,0,0,0,0,0,0
293780,Crawl,1,2.1972245773362196,14.99,1,14.99,1,14.99,0,1,0,0,0,12.765691290604371,0,1,1,3,0,20,1,1,0,0,0,0,0,0,0,0,1,0,0,0,1,1,0,0,0.0,0,0,0,0,0,0,0,0,0,0,0,1,0,0,0,0,0,0,0,0,0,0,1
333640,Caves of Qud,1,6.054439346269371,29.99,0,29.99,0,29.99,0,1,0,0,0,12.765691290604371,0,0,0,4,1,20,1,0,0,0,1,0,1,0,0,0,1,0,1,0,1,0,0,1,0.0,0,0,0,0,0,0,0,0,0,0,1,0,0,1,0,0,0,0,1,1,0,0,0
2194530,Yog-Sothoth’s Yard,1,5.424950017481403,10.99,0,10.99,0,10.99,0,1,0,0,0,12.765691290604371,0,0,0,3,0,20,0,0,0,0,1,0,0,0,0,0,1,0,0,0,1,0,0,0,0.0,0,0,0,0,0,0,0,0,0,0,0,0,0,0,0,0,0,0,0,0,0,0,1
868360,Project Hospital,1,5.961005339623274,24.99,0,24.99,1,24.99,0,1,0,0,0,12.765691290604371,0,1,0,3,0,20,0,0,0,0,0,0,0,0,0,0,0,0,0,0,0,0,0,1,0.0,0,0,1,0,0,0,0,0,0,1,0,0,0,0,0,0,0,0,1,0,0,0,0
1148590,DOOM 64,1,4.07753744390572,4.99,0,4.99,0,4.99,0,0,0,0,0,12.765691290604371,0,0,0,1,0,20,1,1,0,0,0,1,0,1,0,0,0,1,0,0,0,1,0,0,0.0,0,0,0,0,0,0,0,1,0,0,1,1,0,0,0,0,0,0,0,0,0,1,1
456670,Hand of Fate 2,1,2.772588722239781,29.99,0,29.99,0,29.99,0,1,0,0,0,12.765691290604371,0,1,0,3,0,20,0,0,0,0,0,0,0,0,0,0,1,0,0,0,1,1,0,0,0.0,0,0,0,0,0,0,0,0,0,0,1,1,0,1,0,0,0,0,0,0,0,0,0
897450,The Survivalists,1,3.8918202981106265,26.99,1,5.39,1,5.39,0,1,0,0,0,12.765691290604371,0,0,1,4,1,20,1,0,0,0,0,0,0,0,0,0,0,1,1,0,0,1,0,1,0.8002964060763246,1,1,1,0,0,0,0,0,1,0,0,1,1,0,0,0,0,0,0,1,0,0,0
1084160,Jagged Alliance 3,1,5.8971538676367405,44.99,0,44.99,0,44.99,0,0,0,0,0,12.765691290604371,0,0,1,2,0,20,0,0,0,0,0,0,0,1,0,0,1,1,0,0,0,1,0,0,0.0,0,1,0,0,1,0,0,0,0,0,0,1,0,0,0,0,0,0,0,0,0,0,0
589780,The Red Strings Club,1,2.1972245773362196,14.99,0,14.99,1,14.99,0,1,0,0,0,12.765691290604371,1,1,0,2,0,20,1,1,0,0,1,0,0,0,0,0,0,1,0,0,0,0,0,0,0.0,0,0,0,0,0,0,0,0,0,0,1,0,1,1,0,0,1,0,0,1,0,1,0
979110,Space Haven,1,5.472270673671475,24.99,0,24.99,0,24.99,0,1,0,0,0,12.765691290604371,0,1,0,4,1,20,1,0,0,1,0,0,0,0,0,0,0,0,1,0,1,0,0,0,0.0,1,0,1,0,0,0,0,0,0,0,0,0,0,0,0,0,0,0,0,0,0,0,0
2495450,Winter Memories,1,5.594711379601839,19.99,0,19.99,1,19.99,0,0,0,0,0,12.765691290604371,0,0,0,4,0,20,1,0,0,0,0,1,0,0,0,0,1,0,0,0,1,0,0,0,0.0,0,0,0,0,0,0,0,1,1,0,0,0,1,0,0,0,0,0,0,1,0,0,0
3920,Sid Meier's Pirates!,1,4.6913478822291435,9.99,0,9.99,0,9.99,0,0,0,0,0,12.765691290604371,0,0,0,1,1,20,0,0,0,0,0,0,0,1,0,0,1,1,0,0,1,0,0,0,0.0,0,0,1,0,0,0,0,0,0,0,1,1,1,0,1,0,0,0,0,0,0,0,0
753420,Dungreed,1,4.820281565605037,9.99,1,9.99,1,9.99,0,1,0,0,0,12.765691290604371,0,1,0,2,0,20,1,1,0,0,0,0,1,0,0,0,1,0,0,0,0,1,0,0,0.0,0,0,0,0,0,0,1,0,0,0,0,1,1,0,0,0,0,0,0,0,0,0,0
2768430,ATLYSS,1,5.697093486505405,9.99,1,9.99,0,9.99,0,1,0,1,0,12.765691290604371,0,0,0,6,0,20,0,0,0,1,0,0,0,0,0,0,1,0,0,0,1,1,0,1,0.0,0,0,0,1,0,0,0,0,1,0,1,1,1,0,0,0,0,0,0,1,0,0,0
299740,Miscreated,0,3.6375861597263857,29.99,1,29.99,0,29.99,1,1,1,1,0,12.765691290604371,0,1,1,7,1,20,0,0,0,1,0,1,0,0,0,0,0,0,1,0,1,1,0,0,0.0,1,0,1,0,0,0,0,0,0,0,0,1,0,0,0,0,0,0,0,1,0,0,1
514900,>observer_,1,1.3862943611198906,29.99,0,29.99,0,29.99,0,1,0,0,0,12.765691290604371,0,1,0,2,0,20,0,0,0,0,1,0,0,0,0,0,0,0,1,0,0,0,0,0,0.0,0,0,0,0,0,0,0,0,0,0,1,0,1,0,0,1,0,0,0,1,0,1,1
470310,TROUBLESHOOTER: Abandoned Children,1,4.465908118654584,24.99,0,24.99,1,24.99,0,1,0,0,0,12.765691290604371,0,0,0,4,0,20,0,0,0,0,1,0,0,0,0,0,1,0,0,0,1,0,0,0,0.0,0,0,0,0,0,0,0,0,1,0,1,0,0,0,0,0,0,0,0,0,1,0,0
1255630,WWE 2K22,1,3.5263605246161616,0.0,1,0.0,0,0.0,0,0,0,1,1,12.765691290604371,0,0,1,2,0,18,0,0,1,0,0,0,0,0,0,0,0,1,0,0,0,0,0,1,0.0,0,1,0,0,0,0,0,0,0,0,0,1,0,0,0,0,0,0,0,0,0,1,1
382560,Hot Lava,1,2.833213344056216,19.99,1,19.99,0,19.99,0,1,0,1,0,12.765691290604371,0,1,0,4,0,20,0,1,0,0,0,0,1,0,0,0,0,0,0,0,0,1,0,0,0.0,0,0,0,0,0,0,1,0,0,0,0,1,1,0,0,0,0,0,0,1,0,0,0
571310,SteamWorld Dig 2,1,3.1354942159291497,19.99,0,19.99,1,19.99,0,1,0,0,0,12.765691290604371,0,1,0,3,0,20,0,1,0,0,0,0,0,0,0,0,1,0,0,0,0,1,0,0,0.0,0,0,0,0,0,0,1,0,0,0,0,1,1,0,0,0,0,1,0,1,1,0,0
2646460,Soulmask,1,7.923348211930154,29.99,1,19.49,0,19.49,0,1,0,1,0,12.765691290604371,0,0,0,4,1,20,0,0,0,1,0,0,0,0,0,0,1,0,1,0,1,0,0,0,0.35011670556852287,1,0,1,0,0,1,0,0,0,1,0,0,0,0,0,0,0,0,0,1,0,0,0
926990,WolfQuest: Anniversary Edition,1,6.76849321164863,29.99,1,29.99,0,29.99,0,0,0,0,0,12.765691290604371,0,0,1,3,1,20,0,0,0,1,0,0,0,0,0,0,1,0,1,0,1,1,0,0,0.0,0,1,0,0,0,0,0,0,0,1,0,1,0,0,0,0,0,0,0,0,0,0,0
1651560,Fabledom,1,6.395261598115449,20.99,0,20.99,0,20.99,0,0,0,0,0,12.765691290604371,0,0,0,3,0,20,0,0,1,0,0,0,0,0,0,0,0,0,0,0,0,0,0,0,0.0,0,0,1,0,0,0,0,0,1,0,0,0,0,0,0,0,0,0,0,0,1,0,0
839770,Phoenix Point,1,5.181783550292085,24.99,0,24.99,0,24.99,0,0,0,0,0,12.765691290604371,0,0,0,2,0,20,0,0,0,0,0,0,0,0,0,0,1,0,0,0,1,0,0,1,0.0,0,0,0,0,0,0,0,0,0,0,0,0,0,0,0,0,0,0,0,0,0,0,1
268650,From the Depths,1,6.180016653652572,24.99,1,24.99,0,24.99,0,1,0,0,0,12.765691290604371,0,0,0,5,0,20,0,0,0,0,0,0,0,0,0,0,0,0,1,0,0,1,0,0,0.0,1,0,1,0,1,1,0,0,0,0,0,0,0,0,0,0,0,0,0,1,0,0,0
2232840,Garten of Banban,0,3.1354942159291497,0.0,0,0.0,0,0.0,0,1,0,0,1,12.765691290604371,1,0,0,5,0,20,0,0,0,0,1,0,0,0,0,0,0,0,0,1,0,1,0,0,0.0,0,0,0,0,0,0,0,0,1,0,1,1,1,0,0,1,0,0,0,1,0,0,1
915810,Midnight Ghost Hunt,1,2.5649493574615367,19.99,1,19.99,0,19.99,0,1,0,1,0,12.765691290604371,0,1,1,2,0,20,0,0,0,0,0,1,0,0,1,0,0,1,0,0,0,1,0,0,0.0,0,0,0,0,0,0,0,1,0,1,0,1,0,0,0,0,0,0,0,0,0,0,1
952860,河洛群俠傳 (Ho Tu Lo Shu ： The Books of Dragon),1,5.147494476813453,17.99,1,17.99,0,17.99,0,0,0,0,0,12.765691290604371,0,0,0,3,1,20,0,0,0,0,1,0,0,0,0,0,1,0,0,0,1,0,0,0,0.0,0,0,1,0,0,0,0,0,0,0,0,0,1,0,0,0,0,0,1,1,0,0,0
2248760,Car For Sale Simulator,1,5.3981627015177525,16.99,1,16.99,0,16.99,0,1,0,0,0,12.765691290604371,0,0,0,2,1,20,0,0,0,1,0,1,0,0,0,0,0,0,0,0,0,0,0,0,0.0,0,0,0,0,0,0,0,0,0,1,0,0,0,0,0,0,0,1,0,0,0,0,0
572410,Steel Division: Normandy 44,1,3.5553480614894135,19.99,1,19.99,0,19.99,0,0,0,0,0,12.765691290604371,0,0,1,3,1,20,0,0,0,0,0,0,0,0,0,0,0,0,0,0,0,1,0,0,0.0,0,0,0,0,1,1,0,0,0,1,0,1,0,0,1,0,0,0,0,0,0,0,0
578620,GORN,1,2.70805020110221,19.99,0,19.99,0,19.99,0,1,0,0,0,12.765691290604371,0,1,0,2,0,19,0,0,1,1,0,0,0,0,0,0,0,1,0,0,0,1,0,0,0.0,0,0,0,0,0,0,0,0,0,0,0,1,0,0,0,0,0,0,1,0,0,1,1
1104280,The Slormancer,1,7.627057417018934,19.99,0,19.99,1,19.99,0,1,0,0,0,12.765691290604371,0,1,0,4,0,20,1,0,0,1,0,0,0,0,0,0,1,0,0,0,1,1,0,0,0.0,0,0,0,0,0,0,0,0,0,0,0,1,1,0,0,0,0,0,0,1,0,0,0
1203630,Record of Lodoss War-Deedlit in Wonder Labyrinth-,1,1.6094379124341003,19.99,0,8.99,1,8.99,0,1,0,0,0,12.765691290604371,0,1,0,2,0,20,1,1,0,1,0,0,0,0,0,0,1,0,0,0,0,1,0,0,0.5502751375687843,0,0,0,0,0,0,1,0,0,0,0,1,1,0,0,0,0,0,0,0,0,0,0
252610,Death Road to Canada,1,5.598421958998375,14.99,1,14.99,1,14.99,0,1,0,0,0,12.765691290604371,0,1,1,3,0,20,1,1,1,0,0,0,1,0,1,0,1,0,1,0,1,1,0,1,0.0,0,0,0,0,0,0,0,0,0,0,0,1,0,0,0,0,0,0,0,0,0,0,0
1140270,Monster Prom 2: Monster Camp,1,3.6109179126442243,11.99,1,2.99,1,2.99,0,1,0,0,0,12.765691290604371,0,1,0,2,0,20,0,0,1,0,1,0,0,0,1,0,0,0,0,0,0,0,0,0,0.7506255212677231,0,1,0,0,0,0,0,0,0,0,0,0,0,0,0,0,0,0,0,0,0,0,0
327070,Gloria Victis: Medieval MMORPG,0,0.6931471805599453,0.0,1,0.0,0,0.0,1,1,1,1,1,12.765691290604371,0,1,0,6,1,20,0,0,0,0,0,0,0,0,0,1,1,0,1,0,1,1,0,1,0.0,1,0,1,0,0,0,0,0,0,1,1,1,1,0,0,0,0,0,0,1,0,0,0
2162800,shapez 2 - Factory,1,7.783224016336037,29.99,0,14.99,0,14.99,0,1,0,0,0,12.765691290604371,1,0,0,4,0,20,0,0,0,1,0,0,0,0,0,0,0,0,0,0,0,0,0,0,0.5001667222407469,1,0,1,0,0,0,0,0,1,0,0,0,0,0,0,0,0,0,0,0,0,0,0
813230,ANIMAL WELL,1,4.330733340286331,24.99,0,24.99,1,24.99,0,1,0,0,0,12.765691290604371,1,1,0,3,0,20,1,0,0,0,0,0,0,0,0,0,0,0,0,0,0,1,0,0,0.0,0,0,0,0,0,0,1,0,0,0,1,1,1,0,0,0,0,0,0,1,0,0,1
2217000,Rivals of Aether II,1,6.391917113392602,29.99,1,29.99,0,29.99,0,1,0,1,0,12.765691290604371,0,1,1,2,0,20,0,0,0,0,0,0,0,0,0,0,0,0,0,0,0,1,0,0,0.0,0,0,0,0,0,0,1,0,0,0,0,1,0,0,0,0,0,0,0,0,1,0,0
234270,Ken Follett's The Pillars of the Earth,1,2.4849066497880004,19.99,0,19.99,1,19.99,0,1,0,0,0,12.765691290604371,0,1,0,3,0,20,0,1,0,0,1,0,0,0,0,0,1,1,0,0,0,0,0,0,0.0,0,0,0,0,0,0,0,0,1,0,1,0,1,1,1,0,1,0,0,1,0,1,0
1126290,Lost,1,1.3862943611198906,2.5,0,2.5,0,2.5,0,1,0,0,0,12.765691290604371,1,1,0,6,0,20,0,0,0,0,0,1,0,0,0,0,1,0,0,0,1,1,0,0,0.0,0,0,0,0,0,0,0,1,1,0,0,1,1,0,0,0,0,0,0,1,0,0,0
435400,Hidden Folks,1,2.0794415416798357,14.99,0,14.99,1,14.99,0,1,0,0,0,12.765691290604371,1,1,0,3,0,20,0,1,1,0,0,0,0,0,0,0,0,0,0,0,0,0,0,0,0.0,0,0,0,0,0,0,0,0,1,0,0,0,1,0,0,0,1,1,0,1,0,0,0
327410,A Bird Story,1,1.791759469228055,3.99,0,3.99,1,3.99,0,1,0,0,0,12.765691290604371,0,1,0,3,0,20,1,1,0,0,1,0,0,0,0,0,1,0,0,0,1,0,0,0,0.0,0,0,0,0,0,0,0,0,0,0,1,0,1,0,0,0,0,0,0,1,0,0,0
1624540,Storyteller,1,4.343805421853684,14.99,0,14.99,1,14.99,0,0,0,0,0,12.765691290604371,1,0,0,1,0,20,0,0,0,0,0,0,0,0,0,0,0,1,0,0,0,0,0,0,0.0,0,0,1,0,0,0,0,0,0,0,0,0,1,1,0,0,1,0,0,1,0,0,0
1271700,HOT WHEELS UNLEASHED,1,3.091042453358316,29.99,1,29.99,0,29.99,0,0,0,1,0,12.765691290604371,0,0,1,1,0,15,0,0,1,0,0,0,0,0,0,0,0,0,0,0,0,0,0,0,0.0,0,0,0,0,0,0,0,0,0,0,0,0,0,0,0,0,0,1,0,0,0,0,0
1971650,OCTOPATH TRAVELER II,1,5.988961416889864,59.99,0,59.99,0,59.99,0,0,0,0,0,12.765691290604371,0,0,0,1,1,20,1,0,0,0,1,0,0,0,0,0,1,1,0,0,1,0,0,0,0.0,0,0,0,0,0,0,0,0,0,0,1,0,1,1,0,0,0,0,0,0,0,0,0
2315690,WWE 2K24,1,5.68697535633982,59.99,1,59.99,0,59.99,0,0,0,1,0,12.765691290604371,0,0,1,2,0,19,0,0,0,0,0,0,0,0,0,0,0,1,0,0,0,0,0,1,0.0,0,1,1,0,0,0,0,0,0,1,0,0,0,0,0,0,0,0,0,0,0,0,0
1559390,Fate Seeker II,1,3.6635616461296463,22.6,0,22.6,0,22.6,0,0,0,0,0,12.765691290604371,1,0,0,1,1,18,0,0,0,0,1,0,0,0,0,0,1,0,0,0,1,0,0,0,0.0,0,0,0,0,0,0,0,0,0,0,0,0,0,0,1,0,0,0,0,0,0,0,0
1377380,Night of the Dead,1,5.910796644040527,29.99,1,29.99,0,29.99,0,1,0,1,0,12.765691290604371,0,0,0,5,1,20,0,0,0,0,0,0,0,0,0,0,1,0,1,0,1,1,0,0,0.0,1,1,1,0,0,0,0,0,0,1,0,0,0,0,0,0,0,0,0,1,0,0,0
1714320,Find Love or Die Trying,1,1.9459101490553132,4.99,0,4.99,1,4.99,0,1,0,0,0,12.765691290604371,0,1,0,2,0,20,0,0,0,0,1,0,0,0,1,0,0,0,0,0,0,0,1,0,0.0,0,0,0,0,0,0,0,0,1,0,0,0,0,0,0,1,0,0,0,0,0,0,0
857980,Void Bastards,1,2.4849066497880004,29.99,0,29.99,0,29.99,0,0,0,0,0,12.765691290604371,0,1,0,2,0,20,0,0,0,0,0,1,0,0,0,0,0,0,0,0,0,1,0,0,0.0,1,0,0,0,0,0,0,1,0,0,0,1,0,0,0,0,0,0,0,0,0,1,0
387860,the static speaks my name,1,1.0986122886681098,0.0,1,0.0,0,0.0,0,1,0,0,1,12.765691290604371,0,1,0,4,0,20,0,0,1,0,1,0,0,0,0,0,1,0,0,1,1,0,1,0,0.0,0,0,0,0,0,0,0,0,0,0,1,0,1,0,0,1,0,0,0,1,0,0,1
487120,Citadel: Forged with Fire,0,2.3978952727983707,14.99,1,14.99,0,14.99,1,1,1,1,0,12.765691290604371,0,1,0,5,1,20,0,0,0,1,0,0,0,0,0,1,1,0,1,0,1,1,0,0,0.0,1,0,1,0,0,0,0,0,0,0,0,1,1,0,0,0,0,0,0,1,0,0,0
1328350,Turbo Overkill,1,3.332204510175204,19.99,1,19.99,0,19.99,0,1,0,0,0,12.765691290604371,0,1,0,2,0,20,1,1,0,0,0,1,1,0,0,0,0,0,0,0,0,1,0,0,0.0,0,0,0,0,0,0,0,1,0,0,0,1,0,0,0,0,0,0,0,0,0,1,0
269770,Secrets of Grindea,1,3.58351893845611,14.99,1,14.99,1,14.99,0,1,0,0,0,12.765691290604371,0,1,0,4,0,20,1,0,1,0,1,0,0,0,0,0,1,0,0,0,1,1,0,1,0.0,0,0,0,0,0,0,0,0,0,0,0,1,1,0,0,0,0,0,0,1,0,0,0
1190970,House Flipper 2,1,7.841492924460013,39.99,0,39.99,0,39.99,0,1,0,0,0,12.765691290604371,0,1,1,3,0,20,0,0,0,0,0,0,0,0,0,0,0,0,0,0,0,0,0,0,0.0,0,1,1,0,0,0,0,0,1,1,0,0,0,0,0,0,0,1,0,0,1,0,0
363890,RPG Maker MV,1,6.489204931325317,79.99,1,15.99,1,15.99,0,0,0,0,0,12.765691290604371,0,0,0,5,0,17,1,0,0,0,0,0,0,0,0,1,1,0,0,0,1,0,0,0,0.8001000125015627,0,0,1,0,0,0,0,0,0,0,0,0,0,0,0,0,0,0,0,0,0,0,0
1121640,The Wandering Village,1,5.10594547390058,29.99,0,29.99,0,29.99,0,0,0,0,0,12.765691290604371,0,0,0,2,0,20,0,0,0,1,0,0,0,0,0,0,0,0,1,0,0,0,0,0,0.0,0,0,1,0,0,0,0,0,0,0,0,0,0,0,0,0,0,0,0,0,0,0,0
2068280,Nordic Ashes: Survivors of Ragnarok,1,4.941642422609304,9.99,0,5.99,1,5.99,0,1,0,0,0,12.765691290604371,0,1,0,6,0,20,0,0,0,1,0,0,0,0,0,0,1,0,0,0,1,1,0,0,0.40040040040040037,0,0,0,0,0,0,0,0,1,0,0,1,0,0,0,0,0,0,0,1,0,0,0
1368030,ANNO: Mutationem,1,3.1354942159291497,24.99,0,24.99,0,24.99,0,1,0,0,0,12.765691290604371,0,1,0,4,0,20,1,0,0,0,1,0,0,0,0,0,1,0,0,0,1,1,0,0,0.0,0,0,0,0,0,0,0,0,0,0,0,1,1,0,0,0,0,0,0,1,0,0,0
1874880,Arma Reforger,1,9.347228624038305,39.99,1,39.99,0,39.99,0,0,0,1,0,12.765691290604371,0,0,0,3,1,20,0,0,0,0,0,1,0,0,0,0,0,0,0,0,0,1,0,0,0.0,0,0,1,0,1,1,0,1,0,1,0,1,0,0,0,0,0,0,0,0,0,0,0
215470,Primal Carnage,1,0.0,4.99,1,4.99,0,4.99,1,1,0,1,0,12.765691290604371,0,1,1,2,1,20,0,0,1,0,0,1,0,0,0,0,0,0,1,0,0,1,0,0,0.0,0,0,0,0,0,0,0,1,0,0,0,1,1,0,0,0,0,0,0,0,0,0,0
1205520,Pentiment,1,3.6888794541139363,19.99,0,19.99,1,19.99,0,0,0,0,0,12.765691290604371,0,0,0,2,0,20,0,0,0,0,1,0,0,0,0,0,0,1,0,0,0,0,0,0,0.0,0,0,0,0,0,0,0,0,1,0,0,0,1,1,1,0,1,0,0,1,0,0,0
434170,The Jackbox Party Pack 3,1,4.8283137373023015,24.99,1,24.99,0,24.99,0,1,0,0,0,12.765691290604371,0,1,1,3,0,16,0,0,1,0,0,0,0,0,1,0,0,0,0,0,0,0,0,0,0.0,0,0,0,0,0,0,0,0,1,0,0,0,0,0,0,0,0,1,0,0,0,0,0
212630,Tom Clancy's Ghost Recon: Future Soldier,0,3.1354942159291497,19.99,1,19.99,0,19.99,0,0,0,0,0,12.765691290604371,0,0,1,1,1,20,0,0,0,0,0,1,0,0,0,0,0,1,0,0,0,1,0,0,0.0,0,1,0,0,1,0,0,1,0,0,1,1,1,0,0,0,0,0,0,0,0,0,0
422970,Devil Daggers,1,3.258096538021482,9.99,0,9.99,0,9.99,0,1,0,0,0,12.765691290604371,0,1,0,2,0,20,1,0,0,0,0,1,1,0,0,0,0,0,1,0,0,1,0,0,0.0,0,0,0,0,0,0,0,1,0,0,1,1,0,0,0,0,0,0,0,0,0,0,1
558990,Opus Magnum,1,4.941642422609304,19.99,0,19.99,1,19.99,0,1,0,0,0,12.765691290604371,1,1,0,2,0,15,0,1,0,0,0,0,1,0,0,0,0,0,0,0,0,0,0,0,0.0,0,0,1,0,0,0,0,0,0,0,0,0,0,0,0,0,0,0,0,0,0,0,0
1938010,WILD HEARTS,0,3.295836866004329,69.99,1,69.99,0,69.99,0,0,0,0,0,12.765691290604371,0,0,1,2,0,20,0,0,0,0,0,0,0,0,0,0,1,1,0,0,0,1,0,0,0.0,1,0,0,0,0,0,0,0,0,0,0,1,1,0,0,0,0,0,0,1,1,0,0
1556790,Isonzo,1,5.0106352940962555,29.99,1,29.99,0,29.99,1,1,1,1,0,12.765691290604371,0,1,0,5,0,20,0,0,0,0,0,1,0,0,0,0,0,0,0,0,0,1,0,0,0.0,0,0,0,0,1,1,0,1,0,1,1,1,0,0,1,0,0,0,0,0,0,0,0
1484720,Dead Estate,1,4.477336814478207,14.99,0,14.99,0,14.99,0,1,0,0,0,12.765691290604371,0,0,0,2,0,20,1,0,0,0,0,0,1,0,0,0,0,0,0,0,0,1,0,0,0.0,0,0,0,0,0,0,0,1,0,0,0,1,0,0,0,0,0,0,0,0,0,0,1
237630,DuckTales: Remastered,1,3.091042453358316,14.99,0,14.99,1,14.99,0,0,0,0,0,12.765691290604371,0,0,0,3,0,20,0,1,0,0,0,0,1,1,0,0,0,1,0,0,0,1,0,0,0.0,0,0,0,0,0,0,1,0,1,0,0,1,1,0,0,0,0,1,0,1,0,0,0
265210,Viscera Cleanup Detail: Santa's Rampage,1,2.302585092994046,2.49,1,2.49,0,2.49,0,1,0,0,0,12.765691290604371,0,1,1,3,0,20,0,0,1,0,0,0,0,0,1,0,0,0,0,0,0,0,0,0,0.0,0,1,1,0,0,0,0,0,0,0,0,1,0,0,0,1,0,0,0,0,0,1,1
363930,Dead Age,1,2.3978952727983707,14.99,0,14.99,0,14.99,0,1,0,0,0,12.765691290604371,0,1,0,7,0,20,0,0,0,0,0,0,0,0,0,0,1,0,1,0,1,1,0,0,0.0,1,0,0,0,0,0,0,0,1,0,0,1,1,0,0,0,0,0,0,1,0,0,0
1252780,Bloons Monkey City,1,5.384495062789089,0.0,1,0.0,0,0.0,0,0,0,0,1,12.765691290604371,0,0,1,3,0,11,0,1,0,0,0,0,0,0,0,0,0,0,0,1,0,1,1,0,0.0,0,0,0,0,0,0,0,0,0,0,0,1,0,0,0,0,0,1,0,0,0,0,0
1272320,Diplomacy is Not an Option,1,6.142037405587356,29.99,0,29.99,0,29.99,0,1,0,0,0,12.765691290604371,0,0,0,6,0,20,0,0,0,0,0,0,1,0,0,0,0,0,1,0,0,1,0,0,0.0,0,0,0,0,1,1,0,0,1,0,0,0,0,0,1,0,0,0,0,1,0,0,0
522470,The House of Da Vinci,1,3.367295829986474,19.99,0,4.99,0,4.99,0,1,0,0,0,12.765691290604371,1,1,0,2,0,12,0,0,0,0,0,0,0,0,0,0,0,0,0,0,0,0,0,0,0.7503751875937968,0,0,0,0,0,0,0,0,0,0,1,0,1,0,0,0,1,0,0,1,0,0,1
40950,Stronghold HD (2012),1,4.672828834461906,5.99,0,5.99,1,5.99,0,0,0,0,0,12.765691290604371,0,0,0,2,1,20,0,0,1,0,0,0,0,0,1,0,0,0,0,0,0,0,0,0,0.0,0,0,1,0,0,0,0,0,0,0,1,0,0,0,1,0,0,0,0,0,0,0,0
423880,Carpe Diem,1,0.6931471805599453,0.0,0,0.0,1,0.0,0,1,0,0,1,12.765691290604371,0,1,0,3,0,20,0,0,0,0,1,0,0,0,0,0,0,0,0,1,0,0,1,0,0.0,0,0,0,0,0,0,0,0,1,0,0,0,0,0,0,1,0,1,0,0,0,0,0
2378620,Anomaly Agent,1,2.0794415416798357,11.99,0,11.99,1,11.99,0,1,0,0,0,12.765691290604371,0,0,0,3,0,20,1,0,0,0,1,0,0,0,0,0,0,0,0,0,0,1,0,0,0.0,0,0,0,0,0,0,1,0,0,0,0,0,0,1,0,0,0,0,0,1,0,0,0
647960,Rusted Warfare - RTS,1,5.1647859739235145,4.99,1,4.99,1,4.99,0,1,0,0,0,12.765691290604371,0,1,1,2,0,20,1,0,0,0,0,0,0,0,0,0,0,0,0,0,0,0,0,0,0.0,0,0,1,0,0,1,0,0,0,0,0,1,0,0,0,0,0,0,1,0,0,0,0
1288320,Way of the Hunter,1,5.153291594497779,29.99,1,29.99,0,29.99,0,0,0,0,0,12.765691290604371,0,0,0,3,1,20,0,0,0,0,0,1,0,0,0,0,0,1,0,0,0,0,0,0,0.0,0,0,0,0,0,0,0,1,0,1,0,0,1,0,0,0,0,0,0,1,1,0,0
1732190,FATAL FRAME / PROJECT ZERO: Maiden of Black Water,1,3.1354942159291497,39.99,0,39.99,0,39.99,0,0,0,0,0,12.765691290604371,0,0,0,1,0,20,0,0,0,0,1,1,0,0,0,0,0,1,0,0,0,0,0,0,0.0,0,0,0,0,0,0,0,0,0,0,1,0,1,0,0,1,0,0,0,1,0,1,1
2056220,Bloody Hell,1,2.5649493574615367,0.0,0,0.0,1,0.0,0,1,0,0,1,12.765691290604371,0,1,0,4,0,20,1,0,1,0,0,0,0,0,0,0,0,0,0,1,0,1,1,0,0.0,0,0,0,0,0,0,0,0,0,0,0,1,1,0,0,0,0,0,0,1,0,0,0
1468720,Ultimate Epic Battle Simulator 2,1,4.454347296253507,19.99,0,19.99,0,19.99,0,1,0,0,0,12.765691290604371,0,0,0,6,0,20,0,0,0,0,0,0,0,0,0,0,0,0,0,0,0,1,0,0,0.0,0,0,1,0,0,0,0,0,1,1,0,1,0,0,0,0,0,0,0,1,1,0,0
307960,IL-2 Sturmovik: Battle of Stalingrad,1,5.19295685089021,49.99,1,12.49,0,12.49,0,0,0,1,0,12.765691290604371,0,0,0,2,0,20,0,0,0,0,0,0,0,0,0,0,0,0,0,0,0,1,0,0,0.7501500300060012,0,0,0,0,1,1,0,0,0,1,1,1,0,0,1,0,0,0,0,0,0,0,0
1216320,Shieldwall,1,3.7376696182833684,17.99,1,17.99,0,17.99,0,1,0,1,0,12.765691290604371,0,1,0,5,0,20,0,0,1,0,0,0,0,0,1,0,0,0,0,0,0,1,0,0,0.0,0,0,1,0,0,1,0,0,1,0,0,1,1,0,1,0,0,0,0,0,1,0,0
376870,Minecraft: Story Mode - A Telltale Games Series,1,2.302585092994046,0.0,0,0.0,0,0.0,0,0,0,0,1,12.765691290604371,0,0,0,1,0,20,1,0,1,0,1,0,0,0,1,0,0,0,1,0,0,0,0,0,0.0,1,0,0,0,0,0,0,0,0,0,1,0,1,1,0,0,0,1,0,1,0,0,0
214730,Space Rangers HD: A War Apart,1,4.948759890378168,14.99,0,14.99,1,14.99,0,0,0,0,0,12.765691290604371,0,0,0,5,1,20,0,0,0,0,0,0,0,1,1,0,1,0,0,0,1,1,0,0,0.0,0,0,1,0,0,0,0,0,0,0,1,1,1,0,0,0,0,0,0,1,0,0,0
2239550,Watch Dogs: Legion,0,5.288267030694535,59.99,1,59.99,0,59.99,0,0,0,0,0,12.765691290604371,0,0,1,2,1,20,0,0,0,0,0,0,0,0,0,0,1,1,0,0,0,1,0,0,0.0,0,1,0,0,0,0,0,1,0,1,0,1,1,0,0,0,0,0,0,1,0,0,0
313740,Sakura Spirit,1,0.6931471805599453,9.99,0,9.99,1,9.99,0,1,0,0,0,12.765691290604371,0,1,0,1,0,20,0,0,0,0,0,0,0,0,1,0,0,0,0,0,0,0,0,0,0.0,0,0,0,0,0,0,0,0,0,0,0,0,0,0,0,0,0,0,0,0,0,0,0
784950,CONFLICT OF NATIONS: WORLD WAR 3,1,5.71042701737487,0.0,0,0.0,0,0.0,1,1,1,0,1,12.765691290604371,0,1,0,4,0,20,0,0,0,0,0,0,0,0,0,0,0,0,0,1,0,0,1,0,0.0,0,1,0,0,0,0,0,0,0,0,0,1,0,0,0,0,0,0,0,0,0,0,0
1593030,Terra Nil,1,4.605170185988092,24.99,0,24.99,0,24.99,0,1,0,0,0,12.765691290604371,1,0,0,3,0,20,0,0,0,0,0,0,0,0,0,0,0,1,0,0,0,0,0,0,0.0,0,0,0,0,0,0,0,0,1,0,1,0,0,0,0,0,0,1,0,0,1,0,0
1184050,Gears Tactics,1,3.8066624897703196,29.99,1,29.99,0,29.99,0,0,0,0,0,12.765691290604371,0,0,0,1,0,16,0,0,0,0,0,0,0,0,0,0,1,1,0,0,0,0,0,1,0.0,0,0,0,0,0,0,0,0,0,0,0,0,0,0,0,0,0,0,0,0,0,1,0
485980,Syrian Warfare,1,3.367295829986474,13.99,1,13.99,0,13.99,0,1,0,0,0,12.765691290604371,0,1,0,2,0,20,0,0,0,0,0,0,0,0,0,0,0,0,0,0,0,0,0,0,0.0,0,0,0,0,1,1,0,0,0,1,1,0,0,0,1,0,0,0,1,0,0,0,0
886250,PokerStars VR,1,5.147494476813453,0.0,1,0.0,0,0.0,0,0,0,0,1,12.765691290604371,0,0,0,3,0,8,0,0,0,0,0,0,0,0,0,0,0,0,0,1,0,0,1,0,0.0,0,0,0,0,0,0,0,0,1,0,0,0,0,0,0,0,0,0,0,0,0,0,0
356040,Sheltered,1,3.1354942159291497,14.99,0,14.99,1,14.99,0,1,0,0,0,12.765691290604371,0,1,0,3,1,20,1,0,0,0,0,0,1,0,0,0,1,0,1,0,1,0,0,0,0.0,1,0,0,0,0,0,0,0,0,0,0,0,1,0,0,0,0,0,0,0,0,0,1
606800,Startup Company,1,3.912023005428146,12.99,0,12.99,0,12.99,0,1,0,0,0,12.765691290604371,0,1,0,4,0,20,0,1,0,1,0,0,0,0,0,0,0,0,0,0,0,0,0,0,0.0,1,0,1,0,0,0,0,0,1,0,0,0,0,0,0,0,0,1,1,0,0,0,0
2166060,Amanda the Adventurer,1,3.332204510175204,8.99,0,8.99,0,8.99,0,1,0,0,0,12.765691290604371,1,0,0,1,0,20,0,0,0,0,1,0,0,0,0,0,0,0,0,0,0,0,0,0,0.0,0,0,0,0,0,0,0,0,0,0,1,0,1,0,0,1,1,0,0,0,1,0,1
593280,Cat Quest,1,3.4965075614664802,12.99,1,3.24,1,3.24,0,1,0,0,0,12.765691290604371,0,1,0,5,1,20,0,0,1,0,0,0,0,0,0,0,1,0,0,0,1,1,0,0,0.7505773672055427,0,0,0,0,0,0,0,0,1,0,0,1,1,0,0,0,0,1,0,1,0,0,0
652980,Loading Screen Simulator,1,1.9459101490553132,0.0,1,0.0,1,0.0,0,1,0,0,1,12.765691290604371,0,1,0,4,1,20,1,0,1,0,0,0,1,0,1,0,1,0,0,1,0,0,1,0,0.0,0,0,0,0,0,0,0,0,1,0,1,0,0,0,0,0,0,1,0,0,0,1,0
213330,LEGO Batman 2: DC Super Heroes,1,4.442651256490317,19.99,1,19.99,0,19.99,0,0,0,0,0,12.765691290604371,1,0,1,2,1,20,0,0,1,0,1,0,0,0,1,0,0,1,0,0,0,1,0,0,0.0,0,0,0,0,0,0,0,0,0,0,0,1,1,0,0,0,0,1,0,1,0,0,0
1213700,Spirit of the North,1,2.9444389791664403,19.99,0,19.99,0,19.99,0,1,0,0,0,12.765691290604371,1,1,0,3,1,20,0,1,0,0,0,0,0,0,0,0,0,0,0,0,0,0,0,0,0.0,0,0,0,0,0,0,1,0,1,0,1,0,1,0,0,0,0,0,0,1,0,0,0
1461810,《蜀山：初章》买断版,1,3.4657359027997265,24.99,0,24.99,0,24.99,1,0,1,0,0,12.765691290604371,0,1,0,1,1,20,0,0,0,0,0,0,0,0,0,1,1,0,0,0,0,0,0,1,0.0,0,0,1,0,0,0,0,0,0,0,0,0,1,0,0,0,0,0,0,0,0,0,0
536270,Ancestors: The Humankind Odyssey,1,4.6443908991413725,39.99,1,39.99,0,39.99,0,1,0,0,0,12.765691290604371,0,1,0,4,1,20,0,0,0,0,0,0,0,0,0,0,1,0,1,0,1,1,0,0,0.0,1,0,0,0,0,0,0,0,0,0,1,1,1,1,1,0,0,0,0,1,0,0,0
200170,Worms Revolution,1,3.1780538303479458,14.99,1,2.99,1,2.99,0,0,0,0,0,12.765691290604371,0,0,1,1,0,20,0,0,1,0,0,0,0,1,1,0,0,0,0,0,0,0,0,0,0.800533689126084,0,0,0,0,0,0,0,0,0,0,0,1,0,0,0,0,0,1,0,0,0,0,0
1708520,F1 Manager 2022,1,3.9889840465642745,0.0,0,0.0,0,0.0,0,0,0,0,1,12.765691290604371,0,0,0,2,0,20,0,0,0,0,0,0,0,0,0,0,0,0,0,0,0,0,0,0,0.0,0,0,0,0,0,0,0,0,0,1,0,0,0,1,0,0,0,1,0,0,0,0,0
251990,Long Live The Queen,1,2.833213344056216,9.99,0,9.99,1,9.99,0,1,0,0,0,12.765691290604371,0,1,0,4,0,20,0,0,0,0,1,0,1,0,0,0,1,0,0,0,1,0,0,1,0.0,0,0,0,0,0,0,0,0,0,0,0,0,0,1,0,0,0,0,0,0,0,0,0
499520,The Turing Test,1,1.0986122886681098,24.99,0,24.99,0,24.99,0,0,0,0,0,12.765691290604371,1,1,0,1,0,18,0,1,0,0,1,0,0,0,0,0,0,0,0,0,0,0,0,0,0.0,0,0,0,0,0,0,0,0,0,0,1,0,1,0,0,1,0,0,0,1,0,0,1
543460,Dead Rising 4,0,3.8501476017100584,29.99,1,5.99,0,5.99,0,0,0,0,0,12.765691290604371,0,0,1,1,1,20,0,0,1,0,0,0,0,0,1,0,0,1,1,0,0,1,0,0,0.8002667555851951,0,1,1,0,0,0,0,0,0,0,0,1,0,0,0,0,0,0,0,0,0,1,1
913740,WORLD OF HORROR,1,3.1780538303479458,19.99,0,19.99,1,19.99,0,1,0,0,0,12.765691290604371,0,0,0,2,0,20,1,0,0,0,0,0,0,0,0,0,1,0,1,0,1,0,0,0,0.0,0,0,0,0,0,0,0,0,0,0,1,0,1,0,0,1,1,0,1,0,0,0,1
323320,Grow Home,1,1.791759469228055,7.99,0,7.99,0,7.99,0,1,0,0,0,12.765691290604371,0,1,0,3,1,20,0,1,1,0,0,0,0,0,0,0,0,0,0,0,0,0,0,0,0.0,0,0,1,0,0,0,1,0,1,0,1,0,1,0,0,0,0,0,0,1,0,0,0
1042550,Digimon Story Cyber Sleuth: Complete Edition,1,6.876264611890766,49.99,1,4.99,0,4.99,0,0,0,1,0,12.765691290604371,0,0,0,1,0,20,0,0,0,0,1,0,0,0,0,0,1,0,0,0,1,0,0,0,0.9001800360072014,0,0,0,0,0,0,0,0,0,0,0,1,1,0,0,0,0,0,0,0,0,0,0
1972440,Shotgun King: The Final Checkmate,1,4.276666119016055,9.99,0,9.99,1,9.99,0,1,0,0,0,12.765691290604371,0,0,0,3,0,20,1,0,0,0,0,0,0,0,0,0,0,0,0,0,0,1,0,0,0.0,0,0,0,0,0,0,0,1,0,0,1,1,0,1,0,0,0,0,0,0,0,0,0
1114150,CarX Street,1,6.214608098422191,19.99,1,8.99,0,8.99,1,0,1,1,0,12.765691290604371,0,0,0,4,1,20,0,0,0,0,0,0,0,0,0,0,0,0,0,0,0,0,0,0,0.5502751375687843,0,0,1,0,0,0,0,0,0,0,1,1,0,0,0,0,0,0,0,0,0,0,0
900040,ELEX II,1,4.127134385045092,49.99,0,49.99,0,49.99,0,0,0,0,0,12.765691290604371,0,0,0,3,1,20,0,0,0,0,1,0,0,0,0,0,1,1,0,0,1,1,0,0,0.0,0,0,0,0,0,0,0,0,0,1,1,1,1,0,0,0,0,0,0,1,0,0,0
1230140,ATRI -My Dear Moments-,1,4.290459441148391,20.99,0,20.99,0,20.99,0,0,0,0,0,12.765691290604371,0,0,0,2,0,20,0,1,0,0,1,0,0,0,0,0,0,0,0,0,0,0,0,0,0.0,0,0,0,0,0,0,0,0,1,0,0,0,1,1,0,0,0,0,0,1,0,0,0
241260,Sherlock Holmes: Crimes and Punishments,1,2.995732273553991,29.99,0,29.99,0,29.99,0,0,0,0,0,12.765691290604371,1,1,0,1,1,20,0,0,0,0,1,0,0,1,0,0,0,0,0,0,0,0,0,0,0.0,0,0,0,0,0,0,0,0,0,0,1,1,1,1,1,0,1,0,0,1,0,0,1
473950,Manifold Garden,1,2.9444389791664403,19.99,0,4.99,0,4.99,0,1,0,0,0,12.765691290604371,1,1,0,2,0,20,0,0,0,0,0,0,1,0,0,0,0,0,0,0,0,0,0,0,0.7503751875937968,0,0,0,0,0,0,0,0,0,0,1,0,1,0,0,0,0,0,0,1,1,0,0
520720,Dear Esther: Landmark Edition,1,1.791759469228055,9.99,0,9.99,0,9.99,0,1,0,0,0,12.765691290604371,1,1,0,4,1,20,0,0,0,0,1,0,0,0,0,0,0,0,0,1,0,0,0,0,0.0,0,0,0,0,0,0,0,0,1,0,1,0,1,0,0,1,0,0,0,1,0,0,1
1443200,Class of '09,1,3.8501476017100584,9.99,0,9.99,1,9.99,0,1,0,0,0,12.765691290604371,0,1,0,4,0,20,0,0,0,0,1,0,0,0,1,0,1,0,0,0,1,0,0,0,0.0,0,0,0,0,0,0,0,0,1,0,0,0,0,0,0,1,0,0,0,0,0,0,0
543900,METAL GEAR SURVIVE,0,2.772588722239781,29.99,1,17.99,0,17.99,0,0,0,0,0,12.765691290604371,0,0,1,3,1,20,0,0,0,0,0,0,0,0,1,0,0,1,1,0,0,1,0,0,0.40013337779259756,1,0,0,0,0,0,0,0,0,0,0,1,1,0,0,1,0,0,0,1,0,1,1
1295920,The Mortuary Assistant,1,4.394449154672439,24.99,1,24.99,0,24.99,0,1,0,0,0,12.765691290604371,0,1,0,3,0,20,0,0,0,0,0,0,0,0,0,0,0,0,0,0,0,0,0,0,0.0,0,0,0,0,0,0,0,0,0,1,1,0,1,0,0,0,0,0,0,1,0,0,1
951440,Volcanoids,1,4.189654742026425,19.99,1,19.99,0,19.99,0,1,0,0,0,12.765691290604371,0,0,1,5,1,20,0,0,0,1,0,0,0,0,0,0,0,0,1,0,0,1,0,0,0.0,1,1,1,1,0,0,0,1,0,0,1,1,1,0,0,0,0,0,0,1,0,0,0
848350,Katamari Damacy REROLL,1,3.295836866004329,29.99,0,29.99,0,29.99,0,0,0,0,0,12.765691290604371,1,0,0,2,0,20,0,1,1,0,0,0,1,1,1,0,0,1,0,0,0,1,0,0,0.0,0,0,0,0,0,0,0,0,1,0,0,1,0,0,0,0,0,1,0,0,1,0,0
346120,Boring Man - Online Tactical Stickman Combat,1,2.5649493574615367,0.0,1,0.0,1,0.0,1,1,1,1,1,12.765691290604371,0,1,1,4,0,20,1,0,1,0,0,0,0,0,0,0,0,0,1,1,0,1,1,0,0.0,0,0,0,0,0,0,1,1,0,0,0,1,0,0,0,0,0,0,1,0,0,1,0
960690,One Step From Eden,1,3.1354942159291497,19.99,0,19.99,1,19.99,0,1,0,0,0,12.765691290604371,0,1,0,4,0,20,1,0,0,0,0,0,1,0,0,0,0,0,0,0,0,1,0,0,0.0,0,0,0,0,0,0,0,0,0,0,0,1,1,0,0,0,0,0,0,1,0,0,0
1477070,Depersonalization,1,5.170483995038151,19.99,0,19.99,0,19.99,0,1,0,0,0,12.765691290604371,1,0,0,5,0,20,1,0,0,0,1,0,0,0,0,0,1,0,0,0,1,0,0,0,0.0,0,0,0,0,0,0,0,0,1,0,0,0,1,0,0,0,0,0,0,1,0,0,0
1618540,Ghost Exorcism INC.,1,2.302585092994046,11.99,1,11.99,0,11.99,0,1,0,0,0,12.765691290604371,0,0,0,4,0,20,0,0,0,1,0,0,0,0,0,0,0,0,0,0,0,1,0,0,0.0,0,1,0,1,0,0,0,0,0,1,1,1,0,0,0,0,0,0,0,0,0,0,1
553310,Lethal League Blaze,1,3.4339872044851463,19.99,1,19.99,1,19.99,0,1,0,0,0,12.765691290604371,0,1,1,3,0,20,0,1,1,0,0,0,0,0,0,0,0,0,0,0,0,1,0,0,0.0,0,1,0,0,0,0,0,0,0,0,0,1,0,0,0,0,0,0,0,0,0,0,0
557600,Gorogoa,1,3.091042453358316,14.99,0,14.99,1,14.99,0,1,0,0,0,12.765691290604371,1,1,0,3,0,20,0,1,0,0,1,0,0,0,0,0,0,1,0,0,0,0,0,0,0.0,0,0,0,0,0,0,0,0,1,0,1,0,1,0,0,0,1,0,0,1,0,0,0
644570,Material Girl,1,1.9459101490553132,0.0,0,0.0,0,0.0,0,1,0,0,1,12.765691290604371,0,1,0,3,1,20,0,1,0,0,1,1,0,0,0,0,1,0,0,0,1,0,0,0,0.0,0,0,0,0,0,0,0,0,0,0,0,1,1,0,0,0,0,0,0,1,0,0,0
467960,Home Behind,1,2.5649493574615367,5.99,0,5.99,1,5.99,0,1,0,0,0,12.765691290604371,0,1,0,6,0,20,0,0,0,0,0,0,1,0,0,0,1,0,1,0,1,0,0,0,0.0,0,0,0,0,0,0,0,0,1,0,1,0,1,0,0,0,0,0,0,1,0,0,0
840800,Outlaws of the Old West,0,2.1972245773362196,19.99,1,4.99,0,4.99,1,1,1,0,0,12.765691290604371,0,1,0,8,1,20,0,0,0,1,1,0,0,0,0,0,1,0,1,0,1,1,0,0,0.7503751875937968,1,0,0,1,0,0,0,0,1,0,0,1,1,1,0,0,0,0,0,1,0,0,0
1740720,Have a Nice Death,1,4.5217885770490405,24.99,0,24.99,1,24.99,0,1,0,0,0,12.765691290604371,0,1,0,2,0,20,0,0,1,1,0,0,0,0,1,0,0,0,0,0,0,1,0,0,0.0,0,0,0,0,0,0,1,0,0,0,0,1,0,0,0,0,0,0,0,0,0,0,0
1121910,"I Love You, Colonel Sanders! A Finger Lickin’ Good Dating Simulator",1,1.791759469228055,0.0,0,0.0,0,0.0,0,1,0,0,1,12.765691290604371,0,1,0,3,0,20,0,1,0,0,1,1,0,0,0,0,0,0,0,0,0,0,1,0,0.0,0,0,0,0,0,0,0,0,1,0,1,0,0,1,0,0,0,1,0,0,0,0,0
235800,Audiosurf 2,1,2.302585092994046,14.99,1,14.99,0,14.99,0,1,0,0,0,12.765691290604371,1,1,0,1,0,20,0,1,0,0,0,0,1,0,0,0,0,0,0,0,0,0,0,0,0.0,0,0,0,0,0,0,0,0,0,0,0,1,0,0,0,0,0,0,1,0,1,0,0
456750,The Room Three,1,3.8501476017100584,5.99,1,5.99,0,5.99,0,1,0,0,0,12.765691290604371,1,1,0,2,0,20,0,0,0,0,1,0,0,0,0,0,0,0,0,0,0,0,0,0,0.0,0,0,0,0,0,0,0,0,0,0,1,0,1,0,0,1,1,0,0,1,0,0,1
1295510,DRAGON QUEST XI S: Echoes of an Elusive Age - Definitive Edition,1,6.842683282238422,39.99,0,39.99,1,39.99,0,0,0,0,0,12.765691290604371,0,0,0,2,1,20,0,0,1,0,1,0,0,0,0,0,1,1,0,0,1,0,0,1,0.0,1,0,0,0,0,0,0,0,0,0,0,1,1,0,0,0,0,0,0,1,1,0,0
1509510,Settlement Survival,1,4.718498871295094,19.99,0,19.99,0,19.99,0,0,0,0,0,12.765691290604371,0,1,0,2,0,20,1,0,0,1,0,0,0,0,0,0,0,0,1,0,0,0,0,0,0.0,0,0,1,0,0,0,0,0,0,0,0,0,0,0,0,0,0,0,0,0,1,0,0
1361510,Teenage Mutant Ninja Turtles: Shredder's Revenge,1,3.9318256327243257,24.99,1,24.99,1,24.99,0,1,0,0,0,12.765691290604371,0,1,0,4,0,20,1,0,0,0,0,0,0,0,0,0,0,0,0,0,0,1,0,0,0.0,0,0,0,0,0,0,0,0,1,0,1,1,1,0,0,0,0,1,0,1,1,0,0
1067310,Gravitas,1,1.3862943611198906,0.0,0,0.0,0,0.0,0,1,0,0,1,12.765691290604371,1,1,1,4,0,19,0,0,1,0,0,0,0,0,1,0,0,0,0,1,0,1,1,0,0.0,0,0,0,0,0,0,1,0,0,0,0,0,1,0,0,0,0,0,0,1,0,0,0
42670,Singularity,1,2.4849066497880004,29.99,1,9.89,0,9.89,0,0,0,0,0,12.765691290604371,0,0,0,1,0,19,0,0,0,0,1,1,0,1,0,0,0,1,0,0,0,1,0,0,0.6702234078026008,0,0,0,0,0,0,0,1,0,0,1,1,1,0,0,0,0,0,0,0,0,0,1
2653790,The Exit 8,1,3.8501476017100584,3.99,0,2.79,0,2.79,0,1,0,0,0,12.765691290604371,1,0,0,3,0,20,0,0,1,0,0,0,0,0,0,0,0,0,0,0,0,0,0,0,0.30075187969924816,0,0,0,0,0,0,0,0,0,1,1,0,1,0,0,1,0,0,0,1,0,0,1
604540,Empire of Sin,0,3.9318256327243257,39.99,0,39.99,0,39.99,0,0,0,0,0,12.765691290604371,0,0,0,2,0,20,0,0,0,0,0,0,0,0,0,0,1,1,0,0,1,0,0,0,0.0,0,0,1,0,0,0,0,0,0,0,1,1,0,0,1,0,0,0,0,0,0,0,0
454120,Starbase,0,1.9459101490553132,34.99,1,10.49,0,10.49,1,0,1,0,0,12.765691290604371,0,0,0,4,1,20,0,0,0,1,0,1,0,0,0,0,0,0,0,0,0,1,0,0,0.7002000571591883,1,0,1,1,0,0,0,0,0,0,0,1,0,0,0,0,0,0,0,0,0,0,0
978460,Emily is Away <3,1,2.8903717578961645,9.99,0,9.99,1,9.99,0,1,0,0,0,12.765691290604371,0,1,0,5,0,20,0,0,0,0,1,0,0,0,0,0,1,0,0,0,1,0,0,0,0.0,0,0,0,0,0,0,0,0,1,0,0,0,1,1,0,0,0,0,0,1,0,0,1
266010,LYNE,1,2.302585092994046,2.99,0,2.99,1,2.99,0,1,0,0,0,12.765691290604371,1,1,0,2,0,19,0,1,0,0,0,0,1,0,0,0,0,0,0,0,0,0,0,0,0.0,0,0,0,0,0,0,0,0,1,0,1,1,1,0,0,0,0,0,0,0,0,0,0
278970,Digger Online,0,2.1972245773362196,7.99,1,7.99,0,7.99,0,0,0,0,0,12.765691290604371,0,1,1,2,1,20,0,0,0,0,1,0,0,0,1,0,1,0,1,0,0,1,0,0,0.0,1,0,1,0,0,0,0,1,0,1,1,1,1,0,0,0,0,1,0,1,0,0,0
1927720,Monument Valley,1,4.07753744390572,7.99,0,7.99,0,7.99,0,1,0,0,0,12.765691290604371,1,1,0,4,0,20,0,0,0,0,0,0,0,0,0,0,0,0,0,0,0,0,0,0,0.0,0,0,0,0,0,0,0,0,1,0,1,0,1,0,0,0,1,0,0,1,0,0,0
2399420,Le Mans Ultimate,1,6.892641641172089,39.99,1,39.99,0,39.99,0,0,0,1,0,12.765691290604371,0,0,0,3,0,11,0,0,0,1,0,0,0,0,0,0,0,0,0,0,0,0,0,0,0.0,0,0,0,0,0,0,0,0,0,1,0,0,0,0,0,0,0,0,0,0,0,0,0
1937500,Let's School,1,5.327876168789581,19.99,0,19.99,0,19.99,0,1,0,0,0,12.765691290604371,0,1,0,3,1,20,0,0,1,0,0,0,0,0,1,0,0,0,0,0,0,0,0,0,0.0,0,0,1,0,0,0,0,0,1,0,0,0,0,0,0,0,0,1,0,0,0,0,0
1324130,Stranded: Alien Dawn,1,6.289715570908998,34.99,0,34.99,0,34.99,0,0,0,0,0,12.765691290604371,0,0,0,2,0,20,0,0,0,0,0,0,0,0,0,0,0,1,1,0,0,0,0,0,0.0,1,0,0,0,0,0,0,0,0,0,0,0,0,1,0,0,0,0,0,0,0,0,0
250620,Among the Sleep - Enhanced Edition,1,2.5649493574615367,16.99,0,16.99,0,16.99,0,1,0,0,0,12.765691290604371,1,1,0,3,0,20,0,0,0,0,1,0,0,0,0,0,0,0,1,0,0,1,0,0,0.0,0,0,0,0,0,0,0,0,0,0,1,1,1,0,0,1,0,0,0,1,0,0,1
1214280,Walking Simulator,1,1.0986122886681098,0.0,1,0.0,0,0.0,0,1,0,0,1,12.765691290604371,0,1,0,4,1,20,0,0,1,0,1,0,0,0,0,0,0,0,0,1,0,0,1,0,0.0,0,0,0,0,0,0,0,0,0,1,0,0,1,0,0,1,0,0,0,1,0,0,0
461560,MANDAGON,1,1.0986122886681098,0.0,1,0.0,1,0.0,0,1,0,0,1,12.765691290604371,1,1,0,3,0,20,1,1,0,0,1,0,0,0,0,0,0,0,0,1,0,0,1,0,0.0,0,0,0,0,0,0,1,0,0,0,1,0,1,0,0,0,0,0,0,1,0,0,0
311310,Naval Action,0,6.311734809152915,19.99,0,19.99,0,19.99,1,1,1,1,0,12.765691290604371,0,0,0,4,1,20,0,0,0,0,0,0,0,0,0,1,0,0,0,0,0,0,0,0,0.0,0,0,0,0,1,1,0,0,0,0,0,0,0,0,1,0,0,0,0,0,0,0,0
495140,NARUTO: Ultimate Ninja STORM,1,3.6888794541139363,19.99,1,9.99,0,9.99,0,0,0,0,0,12.765691290604371,0,0,0,2,1,10,0,0,0,0,1,0,0,0,0,0,0,1,0,0,0,1,0,0,0.5002501250625312,0,0,0,0,0,0,0,0,0,0,0,1,1,0,0,0,0,0,0,1,0,0,0
1194630,The Dark Pictures Anthology: Little Hope,1,3.6635616461296463,19.99,1,19.99,0,19.99,0,0,0,0,0,12.765691290604371,0,0,1,1,0,20,0,0,0,0,1,0,0,0,0,0,0,0,1,0,0,0,0,0,0.0,0,0,0,0,0,0,0,0,0,0,0,0,0,1,0,1,0,0,0,1,0,1,1
236450,PAC-MAN Championship Edition DX+,1,2.772588722239781,9.99,1,2.49,1,2.49,0,0,0,0,0,12.765691290604371,1,0,0,1,0,20,1,1,0,0,0,0,0,1,0,0,0,1,0,0,0,1,0,0,0.7507507507507507,0,0,0,0,0,0,0,0,0,0,0,1,0,0,0,0,0,0,0,0,1,0,0
250260,Jazzpunk: Director's Cut,1,1.6094379124341003,14.99,0,14.99,0,14.99,0,1,0,0,0,12.765691290604371,0,1,0,2,0,20,0,1,1,0,1,0,0,0,1,0,0,0,0,0,0,0,0,0,0.0,0,0,0,0,0,0,0,0,0,0,0,1,1,0,0,0,0,0,0,1,0,0,0
617670,Zup! S,1,2.8903717578961645,1.99,0,1.99,1,1.99,0,1,0,0,0,12.765691290604371,1,1,0,2,0,20,0,0,0,0,0,0,1,0,0,0,0,0,0,0,0,0,0,0,0.0,0,0,0,0,0,0,0,0,1,0,0,1,0,0,0,1,0,0,0,0,0,0,1
607890,Sword Art Online: Hollow Realization Deluxe Edition,1,3.091042453358316,39.99,1,19.99,0,19.99,1,0,0,0,0,12.765691290604371,0,0,1,4,1,20,0,0,0,0,0,0,0,0,0,1,1,1,0,0,1,1,0,1,0.5001250312578145,0,0,0,0,0,0,0,0,1,0,0,1,1,0,0,0,0,0,0,1,0,0,0
363680,Battlefleet Gothic: Armada (Classic),0,3.295836866004329,14.99,1,1.49,0,1.49,0,0,0,0,0,12.765691290604371,0,0,1,1,0,19,0,1,0,0,0,0,0,0,0,0,0,1,1,0,0,0,0,0,0.9006004002668445,0,0,0,0,0,1,0,0,0,0,0,1,0,0,0,0,0,0,0,0,0,0,0
2291850,Underground Blossom,1,3.713572066704308,4.99,0,4.99,0,4.99,0,1,0,0,0,12.765691290604371,1,1,0,2,0,9,0,0,0,0,1,0,0,0,0,0,0,0,0,0,0,0,0,0,0.0,0,0,0,0,0,0,0,0,0,0,0,0,1,0,0,0,1,0,0,1,0,0,1
263980,Out There Somewhere,1,0.6931471805599453,9.99,0,9.99,1,9.99,0,1,0,0,0,12.765691290604371,1,1,0,3,0,20,1,1,0,0,0,0,1,0,0,0,0,0,0,0,0,1,0,0,0.0,0,0,0,0,0,0,1,1,0,0,0,1,1,0,0,0,0,0,0,1,0,0,0
914710,Cat Quest II,1,3.8066624897703196,14.99,0,3.74,1,3.74,0,1,0,0,0,12.765691290604371,0,0,1,4,1,20,0,0,1,0,0,0,0,0,0,0,1,0,0,0,1,1,0,1,0.7505003335557038,0,0,0,0,0,0,0,0,0,0,0,1,1,0,0,0,0,0,0,1,0,0,0
286100,You Have to Win the Game,1,1.6094379124341003,0.0,0,0.0,1,0.0,0,1,0,0,1,12.765691290604371,0,1,0,2,1,20,1,1,0,0,0,0,1,1,0,0,0,0,0,0,0,1,1,0,0.0,0,0,0,0,0,0,1,0,0,0,0,1,1,0,0,0,0,0,0,0,0,0,0
1995520,Pax Dei,0,4.983606621708336,29.99,1,29.99,0,29.99,0,0,1,1,0,12.765691290604371,0,0,0,5,1,20,0,0,0,1,0,0,0,0,0,1,1,0,0,0,1,1,0,1,0.0,1,0,1,0,0,0,0,0,0,1,1,0,0,0,0,0,0,0,0,1,0,0,0
718850,Age of Wonders: Planetfall,1,4.727387818712341,29.99,1,29.99,0,29.99,0,0,0,1,0,12.765691290604371,0,0,0,1,0,20,0,0,0,0,0,0,0,0,0,0,0,1,0,0,0,0,0,1,0.0,0,0,0,0,0,1,0,0,0,0,0,0,0,0,0,0,0,0,0,0,0,0,0
1629520,A Little to the Left,1,6.0473721790462776,14.99,1,14.99,1,14.99,0,1,0,0,0,12.765691290604371,1,1,0,2,0,20,1,0,1,0,0,0,0,0,0,0,0,0,0,0,0,0,0,0,0.0,0,0,0,0,0,0,0,0,1,0,0,0,0,0,0,0,1,1,0,0,1,0,0
1239080,Door Kickers 2: Task Force North,1,6.226536669287466,24.99,1,24.99,0,24.99,0,1,0,0,0,12.765691290604371,0,1,1,4,0,20,0,0,0,1,0,0,0,0,0,0,0,0,0,0,0,1,0,0,0.0,0,0,0,0,1,1,0,0,0,0,0,1,0,0,0,0,0,0,1,0,0,1,0
1062160,Poly Bridge 2,1,3.9512437185814275,14.99,0,14.99,0,14.99,0,1,0,0,0,12.765691290604371,1,1,0,2,0,20,0,1,1,0,0,0,1,0,0,0,0,0,0,0,0,0,0,0,0.0,1,0,1,0,0,0,0,0,0,0,0,0,0,1,0,0,0,1,0,0,0,0,0
227860,Castle Story,0,3.6109179126442243,9.99,1,9.99,0,9.99,0,1,0,0,0,12.765691290604371,0,1,1,3,1,20,0,0,0,1,0,0,0,0,0,0,0,0,1,0,0,0,0,0,0.0,1,0,1,0,0,0,0,0,0,0,0,0,1,0,0,0,0,0,0,0,0,0,0
2920570,Dale & Dawson Stationery Supplies,1,4.564348191467836,7.99,1,7.99,0,7.99,0,0,0,1,0,12.765691290604371,0,0,1,3,0,20,0,0,1,0,0,0,0,0,1,0,1,0,0,0,1,0,0,1,0.0,0,1,0,0,0,0,0,0,1,0,0,0,0,0,0,0,0,0,0,0,0,0,0
233470,Evoland,1,1.0986122886681098,9.99,0,9.99,1,9.99,0,1,0,0,0,12.765691290604371,1,1,0,3,0,20,1,1,1,0,0,0,0,0,1,0,1,0,0,0,1,0,0,0,0.0,0,0,0,0,0,0,0,0,0,0,0,1,1,0,0,0,0,0,0,1,0,0,0
366090,Colony Survival,1,5.147494476813453,24.95,1,24.95,0,24.95,0,1,0,0,0,12.765691290604371,0,1,1,5,1,20,0,0,0,1,0,0,0,0,0,0,0,0,1,0,0,1,0,0,0.0,1,0,1,1,0,0,0,0,0,0,0,1,1,0,0,0,0,0,0,1,0,0,0
312840,Fahrenheit: Indigo Prophecy Remastered,1,2.4849066497880004,9.99,0,9.99,0,9.99,0,0,0,0,0,12.765691290604371,0,0,0,2,0,20,0,1,0,0,1,0,0,1,0,0,1,0,0,0,1,0,0,0,0.0,0,0,0,0,0,0,0,0,0,0,1,1,1,1,0,0,0,0,0,1,0,0,1
778700,Amorous,1,3.2188758248682006,0.0,0,0.0,0,0.0,0,1,0,0,1,12.765691290604371,0,1,0,3,0,20,0,0,0,0,1,0,0,0,0,0,0,0,0,0,0,0,1,1,0.0,0,0,0,0,0,0,0,0,0,0,1,0,0,0,0,0,0,0,0,0,0,0,0
2904000,The Spell Brigade,1,8.183397369998433,12.99,1,12.99,0,12.99,0,1,0,0,0,12.765691290604371,0,0,1,3,0,20,0,0,0,1,0,0,0,0,0,0,0,0,0,0,0,1,0,0,0.0,0,1,0,0,0,0,0,0,1,0,0,1,0,0,0,0,0,0,0,0,1,0,0
491540,The Bus,1,5.10594547390058,39.99,1,29.99,0,29.99,0,0,0,0,0,12.765691290604371,0,0,0,1,1,20,0,0,0,1,0,0,0,0,0,0,0,0,0,0,0,0,0,0,0.2500625156289073,0,0,0,0,0,0,0,0,0,1,1,0,0,0,0,0,0,0,1,0,0,0,0
1705180,"Gunner, HEAT, PC!",1,4.634728988229636,29.99,0,29.99,0,29.99,0,1,0,0,0,12.765691290604371,0,0,0,4,0,20,0,0,0,1,0,1,0,0,0,0,0,0,0,0,0,1,0,0,0.0,0,0,0,1,1,0,0,1,0,1,0,1,0,0,1,0,0,0,0,0,0,0,0
1594320,Captain of Industry,1,8.39049553837028,34.99,0,24.49,0,24.49,0,1,0,0,0,12.765691290604371,0,0,0,4,0,20,0,0,0,1,0,0,0,0,0,0,0,0,1,0,0,0,0,0,0.3000857387825094,0,0,0,1,0,0,0,0,0,1,0,0,0,0,0,0,0,0,1,0,0,0,0
2104890,RoadCraft,1,9.00663173330058,39.99,1,19.99,0,19.99,0,0,0,0,0,12.765691290604371,0,0,1,2,0,20,0,0,0,0,0,0,0,0,0,0,0,1,0,0,0,0,0,0,0.5001250312578145,0,1,0,0,0,0,0,0,0,1,0,0,1,0,0,0,0,0,0,1,0,0,0
1944430,Amnesia: The Bunker,1,4.127134385045092,24.99,0,4.99,0,4.99,0,1,0,0,0,12.765691290604371,0,0,0,3,1,20,0,0,0,0,1,1,1,0,0,0,0,0,1,0,0,1,0,0,0.8003201280512205,0,0,1,0,0,0,0,0,0,0,1,1,1,0,0,1,0,0,0,1,0,0,1
373930,Sudden Strike 4,1,4.976733742420574,19.99,1,3.99,0,3.99,0,0,0,0,0,12.765691290604371,0,0,0,1,0,13,0,0,0,0,0,0,0,0,0,0,0,0,0,0,0,0,0,0,0.80040020010005,0,0,0,0,1,1,0,0,0,1,0,0,0,0,1,0,0,0,0,0,0,0,0
306020,Bloons TD 5,1,5.0369526024136295,9.99,1,9.99,1,9.99,0,0,0,0,0,12.765691290604371,0,1,1,2,0,20,0,1,1,0,0,0,1,0,0,0,0,0,1,0,0,1,0,0,0.0,0,1,1,0,0,0,0,0,0,0,0,1,0,0,0,0,0,1,0,0,1,0,0
1250760,Far Away,1,3.258096538021482,12.99,0,12.99,1,12.99,0,1,0,0,0,12.765691290604371,0,1,0,4,0,20,0,0,0,0,1,0,0,0,1,0,0,0,0,0,1,0,0,0,0.0,0,0,0,0,0,0,0,0,1,0,0,0,1,1,0,0,0,0,0,1,0,0,0
937170,Otaku's Adventure,1,2.772588722239781,6.99,0,6.99,0,6.99,0,1,0,0,0,12.765691290604371,1,1,0,3,0,20,0,0,1,0,1,0,0,0,1,0,1,0,0,0,1,0,0,0,0.0,0,0,0,0,0,0,0,0,0,0,0,0,1,1,0,0,1,0,0,1,0,0,0
220260,Farming Simulator 2013: Titanium Edition,1,3.1780538303479458,14.99,1,14.99,0,14.99,0,0,0,0,0,12.765691290604371,0,0,1,2,1,20,0,1,1,0,0,0,0,0,0,0,0,0,0,0,0,0,0,0,0.0,0,1,1,0,0,0,0,0,1,1,1,0,0,0,0,0,0,0,1,0,0,0,0
1546990,Grand Theft Auto: Vice City – The Definitive Edition,1,4.820281565605037,59.99,0,59.99,0,59.99,0,0,0,0,0,12.765691290604371,0,0,0,2,1,19,0,1,0,0,1,0,0,1,0,0,0,1,0,0,0,1,0,0,0.0,0,0,1,0,0,0,0,0,0,0,1,1,1,0,0,0,0,0,0,1,0,1,0
2933080,Crime Boss: Rockay City,0,5.081404364984463,19.99,1,19.99,0,19.99,0,0,0,0,0,12.765691290604371,0,0,1,1,0,20,0,0,1,0,0,1,0,0,0,0,0,1,0,0,0,1,0,0,0.0,0,1,0,0,0,0,0,1,0,1,0,1,0,0,0,0,0,0,0,0,0,0,0
914800,Coffee Talk,1,3.2188758248682006,12.99,0,12.99,0,12.99,0,1,0,0,0,12.765691290604371,0,1,0,3,0,20,1,0,0,0,1,0,0,0,0,0,0,0,0,0,0,0,0,0,0.0,1,0,0,0,0,0,0,0,1,0,1,0,0,1,0,0,0,0,0,1,0,0,0
1293230,House of Detention,1,1.3862943611198906,0.99,1,0.99,0,0.99,0,1,1,0,0,12.765691290604371,0,1,0,8,0,20,0,1,1,0,1,0,0,0,1,0,1,0,0,0,1,1,0,0,0.0,0,0,0,0,0,0,0,0,0,0,0,1,1,0,0,1,0,0,0,1,0,0,1
1161170,The Rewinder,1,2.8903717578961645,14.99,0,14.99,1,14.99,0,1,0,0,0,12.765691290604371,1,1,0,3,0,20,1,0,0,0,1,0,0,0,1,0,0,0,0,0,0,0,0,0,0.0,0,0,0,0,0,0,0,0,1,0,1,0,1,0,1,0,1,0,0,1,0,0,1
702670,Donut County,1,3.713572066704308,12.99,0,3.24,0,3.24,0,1,0,0,0,12.765691290604371,1,1,0,3,0,20,0,1,1,0,1,0,0,0,1,0,0,1,0,0,0,0,0,0,0.7505773672055427,0,0,0,0,0,0,0,0,1,0,0,0,1,0,0,0,0,1,0,1,0,0,0
1588010,PGA TOUR 2K23,1,6.066108090103747,59.99,1,59.99,0,59.99,0,0,0,1,0,12.765691290604371,0,0,0,3,0,12,0,0,0,0,0,0,0,0,0,0,1,1,0,0,1,0,0,0,0.0,0,0,0,0,0,0,0,0,0,0,0,0,0,0,0,0,0,0,0,0,0,0,0
1066890,Automobilista 2,1,6.406879986069314,39.99,1,39.99,0,39.99,0,1,0,0,0,12.765691290604371,0,1,0,5,0,11,0,0,0,0,0,0,0,0,0,0,0,0,0,0,0,1,0,0,0.0,0,0,0,0,0,0,0,0,0,1,0,1,0,0,0,0,0,0,0,0,0,0,0
1492070,Sker Ritual,1,4.553876891600541,19.99,1,19.99,0,19.99,0,1,0,0,0,12.765691290604371,0,1,0,3,0,20,0,0,0,0,1,1,0,0,0,0,0,0,1,0,0,1,0,1,0.0,0,1,0,0,0,0,0,1,0,1,0,1,0,0,0,0,0,0,0,1,0,0,1
495890,Montaro,1,1.3862943611198906,0.99,0,0.99,1,0.99,0,1,0,0,0,12.765691290604371,0,1,0,2,0,20,1,1,1,0,1,0,0,0,1,0,0,0,0,0,0,0,0,0,0.0,0,0,0,0,0,0,1,0,1,0,1,1,0,0,0,0,0,0,0,0,0,0,0
339610,Freestyle 2: Street Basketball,1,4.844187086458591,0.0,1,0.0,0,0.0,1,0,1,1,1,12.765691290604371,0,0,1,5,0,20,0,0,0,0,0,0,0,0,0,0,0,0,0,1,0,1,1,0,0.0,0,1,0,0,0,0,1,0,1,0,0,1,0,0,0,0,0,0,0,0,0,0,0
584980,Late Shift,1,1.6094379124341003,14.99,0,14.99,0,14.99,0,1,0,0,0,12.765691290604371,0,1,0,2,0,20,0,0,0,0,1,0,0,0,0,0,0,0,0,0,0,0,0,0,0.0,0,0,0,0,0,0,0,0,0,1,1,0,1,1,0,0,0,0,0,1,0,1,1
1021950,When the Darkness comes,1,1.0986122886681098,0.0,0,0.0,0,0.0,0,1,0,0,1,12.765691290604371,1,1,0,3,0,20,0,0,0,0,1,0,0,0,0,0,0,0,0,1,0,0,1,0,0.0,0,0,0,0,0,0,0,0,0,0,1,0,1,1,0,1,0,0,0,1,0,0,1
893680,Project Warlock,1,3.367295829986474,12.0,0,12.0,0,12.0,0,1,0,0,0,12.765691290604371,0,1,0,2,0,20,1,0,0,0,0,1,0,0,0,0,1,0,0,0,0,1,0,0,0.0,0,0,0,0,0,0,0,1,0,0,0,1,0,0,0,0,0,0,0,0,0,0,1
1388590,Yakuza 6: The Song of Life,1,4.48863636973214,19.99,0,19.99,0,19.99,0,0,0,0,0,12.765691290604371,0,0,0,2,1,20,0,1,1,0,1,0,0,0,1,0,1,1,0,0,0,1,0,0,0.0,0,0,0,0,0,0,0,0,0,0,0,1,1,0,0,0,0,0,0,1,0,1,0
1136160,Internet Cafe Simulator,1,2.1972245773362196,9.99,1,0.99,0,0.99,0,1,0,0,0,12.765691290604371,0,1,0,3,1,20,0,0,1,0,0,0,0,0,0,0,0,0,0,0,0,0,0,0,0.9009009009009009,0,0,0,0,0,0,0,0,0,0,1,1,1,0,0,0,0,0,0,1,0,0,0
1857090,Norland,1,5.602118820879701,29.99,0,14.99,0,14.99,0,0,0,0,0,12.765691290604371,0,0,0,4,1,20,0,0,0,1,0,0,0,0,0,0,0,0,1,0,1,0,0,0,0.5001667222407469,0,0,1,1,0,1,0,0,0,0,0,0,0,0,1,0,0,0,0,0,0,0,0
1162750,Songs of Syx,1,5.594711379601839,24.99,0,24.99,1,24.99,0,1,0,0,0,12.765691290604371,0,0,0,5,1,20,1,0,0,1,0,0,0,0,0,0,0,0,1,0,0,0,0,0,0.0,0,0,1,1,0,0,0,0,1,0,0,0,0,0,0,0,0,0,1,0,0,0,0
2784470,9 Kings,1,8.842315546841863,19.99,0,19.99,1,19.99,0,0,0,0,0,12.765691290604371,0,0,0,3,0,20,1,0,0,1,0,0,1,0,0,0,1,0,0,0,1,0,0,0,0.0,0,0,0,1,0,0,0,0,0,0,0,0,0,0,0,0,0,0,0,0,0,0,0
1137460,ALTF4,1,2.1972245773362196,2.99,0,2.99,0,2.99,0,1,0,0,0,12.765691290604371,0,0,0,3,0,20,0,0,0,0,0,0,0,0,0,0,0,0,1,0,0,1,0,0,0.0,0,0,0,0,0,0,1,0,0,0,0,1,1,0,0,1,0,0,0,1,1,0,0
700030,Life is Feudal: MMO,0,2.302585092994046,0.0,0,0.0,0,0.0,1,0,1,1,1,12.765691290604371,0,0,0,6,1,20,0,0,0,1,0,0,0,0,0,1,1,0,1,0,1,1,0,0,0.0,1,0,1,1,0,0,0,0,0,0,0,1,1,0,1,0,0,0,0,1,0,0,0
1369320,Virtual Cottage,1,5.616771097666572,0.0,0,0.0,0,0.0,0,1,0,0,1,12.765691290604371,0,1,0,4,0,20,0,0,0,0,0,0,0,0,0,0,0,0,0,1,0,0,1,0,0.0,0,0,0,0,0,0,0,0,1,0,1,0,0,0,0,0,0,1,0,0,1,0,0
269790,DreadOut,1,2.1972245773362196,14.99,0,7.49,0,7.49,0,1,0,0,0,12.765691290604371,1,1,0,2,1,20,0,1,0,0,0,0,0,0,0,0,0,0,1,0,0,0,0,0,0.5003335557038026,0,0,0,0,0,0,0,0,0,0,1,1,1,0,0,1,0,0,0,1,0,0,1
615530,"Love, Money, Rock'n'Roll",1,2.995732273553991,9.99,0,4.99,1,4.99,0,1,0,0,0,12.765691290604371,0,0,0,3,0,20,0,0,0,0,1,0,0,0,1,0,0,0,0,0,0,0,0,0,0.5005005005005005,0,0,0,0,0,0,0,0,1,0,1,0,0,1,0,0,0,0,0,1,1,0,0
1466060,Tainted Grail: The Fall of Avalon,1,9.008958312443486,44.99,0,44.99,0,44.99,0,1,0,0,0,12.765691290604371,0,0,0,4,1,20,0,0,0,0,1,1,0,0,0,0,1,0,0,0,1,1,0,1,0.0,0,0,0,0,0,0,0,0,0,0,0,1,1,1,0,0,0,0,0,1,0,0,0
406150,Refunct,1,1.0986122886681098,2.99,0,2.99,0,2.99,0,1,0,0,0,12.765691290604371,0,0,0,3,1,19,0,1,0,0,0,0,0,0,0,0,0,0,0,0,0,0,0,0,0.0,0,0,0,0,0,0,1,0,1,0,1,0,1,0,0,0,0,1,0,1,1,0,0
1163550,Captain Tsubasa: Rise of New Champions,1,4.564348191467836,59.99,1,9.59,0,9.59,0,0,0,1,0,12.765691290604371,0,0,1,4,0,20,0,0,1,0,1,0,0,0,0,0,1,1,0,0,1,1,0,1,0.8401400233372229,0,1,0,0,0,0,0,0,1,0,0,1,0,0,0,0,0,0,0,0,0,0,0
354240,"Please, Don’t Touch Anything",1,2.0794415416798357,4.99,0,4.99,1,4.99,0,1,0,0,0,12.765691290604371,1,1,0,2,0,19,1,1,1,0,0,0,1,0,0,0,0,0,0,0,0,0,0,0,0.0,0,0,0,0,0,0,0,0,1,0,0,0,0,1,0,1,1,0,0,0,0,0,1
632300,Hobo: Tough Life,1,5.19295685089021,29.99,1,29.99,0,29.99,0,1,0,0,0,12.765691290604371,0,0,1,4,1,20,0,0,0,0,1,0,0,0,0,0,1,0,1,0,1,0,0,0,0.0,1,1,1,0,0,0,0,0,0,1,1,1,1,0,0,0,0,0,0,1,0,0,0
589590,Kindergarten,1,4.804021044733257,4.99,0,4.99,0,4.99,0,1,0,0,0,12.765691290604371,1,1,0,2,0,20,1,0,1,1,1,0,1,0,0,0,0,0,0,0,0,0,0,0,0.0,0,0,0,0,0,0,0,0,0,0,0,0,1,1,0,1,0,0,0,1,0,1,1
292140,FINAL FANTASY XIII-2,0,4.007333185232471,19.99,0,19.99,0,19.99,0,0,0,0,0,12.765691290604371,0,0,0,1,1,20,0,1,0,0,1,0,0,0,0,0,1,1,0,0,1,0,0,0,0.0,0,0,0,0,0,0,0,0,0,0,1,1,1,0,0,0,0,0,0,0,0,0,0
1108370,Ratropolis,1,3.6109179126442243,17.99,0,17.99,1,17.99,0,1,0,0,0,12.765691290604371,0,1,0,4,0,20,0,0,0,0,0,0,1,0,0,0,0,0,1,0,0,0,0,0,0.0,0,0,0,0,0,0,0,0,1,0,0,0,0,0,0,0,0,0,0,0,0,0,0
241600,Rogue Legacy,1,3.6109179126442243,14.99,0,14.99,1,14.99,0,1,0,0,0,12.765691290604371,0,1,0,4,0,20,1,0,0,0,0,0,0,0,0,0,1,0,0,0,1,1,0,0,0.0,0,0,0,0,0,0,1,0,0,0,0,1,1,0,0,0,0,0,0,1,0,0,0
1109570,Word Game,1,2.5649493574615367,34.99,0,34.99,1,34.99,0,1,0,0,0,12.765691290604371,1,0,0,4,0,20,1,0,0,0,1,0,0,0,0,0,1,0,0,0,1,0,0,0,0.0,0,0,0,0,0,0,0,0,0,0,1,0,1,0,0,0,0,0,0,1,0,0,0
575640,Zup! 3,1,0.0,1.99,0,1.99,1,1.99,0,1,0,0,0,12.765691290604371,1,1,1,2,0,20,0,0,1,0,0,0,0,0,0,0,0,0,0,0,0,0,1,0,0.0,0,0,1,0,0,0,0,0,1,0,0,1,0,0,0,0,1,0,0,0,0,0,0
1239690,Retrowave,1,2.9444389791664403,2.99,0,2.99,0,2.99,0,1,0,0,0,12.765691290604371,0,1,0,5,0,20,0,1,0,0,0,0,0,0,0,0,0,0,0,0,0,1,0,0,0.0,0,0,0,0,0,0,0,0,1,0,1,1,0,0,0,0,0,0,0,0,0,0,0
532110,Rusty Lake: Roots,1,4.74493212836325,3.99,0,3.99,1,3.99,0,1,0,0,0,12.765691290604371,1,1,0,2,0,20,0,0,0,0,1,0,0,0,0,0,0,0,0,0,0,0,0,0,0.0,0,0,0,0,0,0,0,0,0,0,1,0,1,0,0,1,1,0,0,1,0,0,1
1432050,Nobody Saves the World,1,3.332204510175204,24.99,1,7.49,1,7.49,0,1,0,0,0,12.765691290604371,0,1,1,4,0,20,0,0,1,0,0,0,0,0,0,0,1,0,0,0,1,1,0,0,0.700280112044818,0,0,0,0,0,0,0,0,0,0,0,1,1,0,0,0,0,0,0,1,1,0,0
1963370,No One Survived,0,5.170483995038151,16.99,1,16.99,0,16.99,0,1,0,0,0,12.765691290604371,0,0,1,3,1,20,0,0,0,1,0,0,0,0,0,0,1,0,1,0,1,0,0,0,0.0,1,1,1,0,0,0,0,0,0,0,0,0,1,0,0,0,0,0,0,1,0,0,0
742120,DRAGON QUEST XI: Echoes of an Elusive Age - Digital Edition of Light,1,3.6635616461296463,0.0,0,0.0,0,0.0,0,0,0,0,1,12.765691290604371,0,0,0,1,1,20,0,1,1,0,1,0,0,0,0,0,1,1,0,0,1,0,0,1,0.0,1,0,0,0,0,0,0,0,0,0,0,1,1,0,0,0,0,0,0,0,1,0,0
1372110,JoJo's Bizarre Adventure: All-Star Battle R,1,5.8805329864007,49.99,1,49.99,1,49.99,0,0,0,1,0,12.765691290604371,0,0,0,1,0,20,0,1,0,0,1,0,0,0,0,0,0,1,0,0,0,1,0,0,0.0,0,0,0,0,0,0,0,0,0,0,0,1,0,0,0,0,0,0,0,0,1,1,0
342560,Airships: Conquer the Skies,1,4.23410650459726,24.99,1,18.74,1,18.74,0,1,0,1,0,12.765691290604371,0,0,0,3,0,20,0,0,0,0,0,0,0,0,0,0,0,0,0,0,0,1,0,0,0.25010004001600644,0,0,0,0,1,1,0,0,0,0,0,0,0,0,0,0,0,0,1,0,0,0,0
1097430,Book of Yog Idle RPG,0,6.473890696352274,0.0,1,0.0,0,0.0,1,1,1,0,1,12.765691290604371,0,1,0,8,0,20,0,0,0,0,1,0,0,0,0,0,0,0,0,1,1,1,1,0,0.0,0,0,0,0,0,0,0,0,1,0,0,1,1,0,0,0,0,0,0,1,0,0,0
1176470,Terra Invicta,1,6.548219102762372,39.99,0,39.99,0,39.99,0,0,0,0,0,12.765691290604371,0,0,0,2,0,20,0,0,0,1,0,0,0,0,0,0,0,0,0,0,0,0,0,0,0.0,0,0,1,0,1,1,0,0,0,0,0,0,0,0,1,0,0,0,1,0,0,0,0
2677660,Indiana Jones and the Great Circle,1,5.616771097666572,69.99,0,69.99,0,69.99,0,0,0,0,0,12.765691290604371,1,0,0,2,1,20,0,0,0,0,1,0,0,0,0,0,0,1,0,0,0,1,0,0,0.0,0,0,0,0,0,0,1,0,0,1,0,1,1,0,1,0,0,0,0,1,0,0,0
924980,Trials of Mana,1,3.4339872044851463,49.99,0,49.99,0,49.99,0,0,0,0,0,12.765691290604371,0,0,0,1,1,19,0,1,0,0,1,0,0,1,0,0,1,1,0,0,1,0,0,1,0.0,0,0,0,0,0,0,0,0,0,0,0,1,1,0,0,0,0,0,0,0,0,0,0
2795000,The WereCleaner,1,3.5263605246161616,0.0,0,0.0,0,0.0,0,1,0,0,1,12.765691290604371,0,1,0,5,0,20,0,0,0,0,0,0,0,0,1,0,0,0,0,1,0,1,1,0,0.0,0,0,0,0,0,0,0,0,1,0,0,1,0,0,0,0,0,0,0,0,1,0,0
829110,LEGO DC Super-Villains,1,4.454347296253507,39.99,1,39.99,0,39.99,0,0,0,0,0,12.765691290604371,0,0,1,2,1,18,0,0,1,0,0,0,0,0,1,0,0,0,0,0,0,1,0,1,0.0,0,0,0,0,0,0,0,0,0,0,0,1,1,0,0,0,0,1,0,1,0,0,0
1102130,Florence,1,2.3978952727983707,5.99,0,5.99,1,5.99,0,1,0,0,0,12.765691290604371,0,1,0,3,0,20,0,0,0,0,1,0,0,0,0,0,0,1,0,0,0,0,0,0,0.0,0,0,0,0,0,0,0,0,1,0,0,0,1,0,0,0,1,1,0,1,1,0,0
820520,Deceive Inc.,1,2.0794415416798357,19.99,0,19.99,0,19.99,0,1,0,1,0,12.765691290604371,0,0,0,3,0,20,0,0,0,0,0,0,0,0,0,0,0,0,0,0,0,1,0,0,0.0,0,0,0,0,0,0,0,1,0,0,0,1,0,0,0,0,0,0,0,0,1,0,0
1272160,The Life and Suffering of Sir Brante,1,3.713572066704308,19.99,0,19.99,1,19.99,0,1,0,0,0,12.765691290604371,0,1,0,5,0,20,0,0,0,0,1,0,0,0,0,0,1,0,0,0,1,0,0,0,0.0,0,0,0,0,0,0,0,0,0,0,1,0,1,1,0,0,0,0,0,1,0,1,0
1473350,(the) Gnorp Apologue,1,5.66988092298052,6.99,0,6.99,1,6.99,0,1,0,0,0,12.765691290604371,0,1,0,4,0,20,1,0,0,0,0,0,0,0,0,0,0,0,0,0,0,0,0,0,0.0,0,0,0,0,0,0,0,0,1,0,0,0,0,0,0,0,0,0,0,0,1,0,0
1520370,Mon Bazou,1,5.62040086571715,15.99,0,15.99,0,15.99,0,1,0,0,0,12.765691290604371,0,0,0,5,1,20,0,0,0,1,0,0,0,0,0,0,0,0,0,0,0,0,0,0,0.0,1,0,1,0,0,0,0,0,1,0,0,0,0,0,0,0,0,0,0,1,0,0,0
2909110,Nuclear Nightmare,1,5.723585101952381,6.99,1,6.99,0,6.99,0,1,0,0,0,12.765691290604371,0,0,1,4,1,20,0,0,1,1,0,0,0,0,0,0,0,0,0,0,0,1,0,0,0.0,0,1,0,1,0,0,0,0,0,0,1,1,1,0,0,1,0,0,0,1,0,0,1
1911610,Windblown,1,5.44673737166631,24.99,1,17.49,0,17.49,0,1,0,0,0,12.765691290604371,0,1,1,3,0,20,0,0,0,1,0,0,1,0,0,0,0,0,0,0,0,1,0,1,0.3001200480192077,0,0,0,1,0,0,0,0,0,0,0,1,0,0,0,0,0,0,0,0,0,0,0
1406990,NEKOPARA Vol. 4,1,3.332204510175204,9.99,0,9.99,1,9.99,0,1,0,0,0,12.765691290604371,0,1,0,3,0,20,0,0,0,0,1,0,0,0,1,0,0,0,0,0,0,0,0,0,0.0,0,0,0,0,0,0,0,0,1,0,0,0,1,1,0,0,0,0,0,1,1,0,0
744190,Rusty Lake Paradise,1,4.718498871295094,3.99,0,3.99,1,3.99,0,1,0,0,0,12.765691290604371,1,1,0,2,0,19,0,0,0,0,1,0,0,0,0,0,0,0,0,0,0,0,0,0,0.0,0,0,0,0,0,0,0,0,0,0,1,0,1,0,0,1,1,0,0,1,0,0,1
250520,UnderRail,1,4.912654885736052,14.99,0,14.99,1,14.99,0,1,0,0,0,12.765691290604371,0,1,0,2,1,20,1,0,0,0,0,0,1,0,0,0,1,0,0,0,1,0,0,0,0.0,1,0,1,0,0,0,0,0,0,0,1,0,1,0,0,0,0,0,0,0,0,0,0
674500,Total Tank Simulator,1,3.8066624897703196,19.99,1,19.99,0,19.99,0,1,0,0,0,12.765691290604371,0,1,0,4,0,20,0,0,1,0,0,1,1,0,1,0,0,1,0,0,0,1,0,0,0.0,0,0,1,0,0,1,0,0,0,1,0,1,1,0,0,0,0,0,0,0,0,0,0
496460,Life is Feudal: Forest Village,0,3.6635616461296463,24.99,1,24.99,0,24.99,0,1,0,0,0,12.765691290604371,0,1,1,3,1,19,0,0,0,1,0,0,0,0,0,0,0,0,1,0,0,0,0,0,0.0,1,0,1,0,0,0,0,0,0,0,0,0,0,0,0,0,0,0,0,0,0,0,0
428660,Deliver Us The Moon,1,2.3978952727983707,24.99,0,24.99,0,24.99,0,1,0,0,0,12.765691290604371,1,1,0,3,0,20,0,0,0,0,1,0,0,0,0,0,0,0,1,0,0,1,0,0,0.0,0,0,0,0,0,0,0,0,0,0,1,1,1,0,0,0,0,0,0,1,0,0,0
1150080,Azur Lane Crosswave,0,1.791759469228055,39.99,0,39.99,0,39.99,0,0,0,0,0,12.765691290604371,0,0,0,3,0,20,0,0,0,0,0,1,0,0,0,0,1,0,0,0,1,1,0,0,0.0,0,0,0,0,1,0,0,1,0,0,0,1,1,0,0,0,0,0,0,1,0,0,0
1202130,Starship Troopers: Terran Command,1,5.093750200806762,29.99,0,29.99,0,29.99,0,0,0,0,0,12.765691290604371,0,0,0,1,0,20,0,1,0,0,0,0,0,0,0,0,0,0,0,0,0,0,0,0,0.0,0,0,0,0,1,1,0,0,0,0,0,1,0,0,0,0,0,0,0,0,0,0,0
1746030,Murders on the Yangtze River,1,4.584967478670572,14.99,0,14.99,1,14.99,0,1,0,0,0,12.765691290604371,1,1,0,3,0,20,0,0,0,0,1,0,0,0,0,0,1,0,0,0,1,0,0,0,0.0,0,0,0,0,0,0,0,0,0,0,0,0,1,0,1,0,0,0,0,1,1,0,0
893850,THE LONGING,1,3.912023005428146,14.99,0,10.49,1,10.49,0,1,0,0,0,12.765691290604371,1,1,0,3,0,20,0,0,0,0,1,0,0,0,0,0,1,0,0,0,1,0,0,0,0.3002001334222815,0,0,0,0,0,0,0,0,0,0,1,0,1,1,0,0,1,0,0,1,0,0,0
1674170,Sprocket,1,5.472270673671475,19.99,0,19.99,0,19.99,0,1,0,0,0,12.765691290604371,0,0,0,4,0,20,0,0,0,1,0,0,0,0,0,0,0,0,0,0,0,1,0,1,0.0,0,0,1,1,1,1,0,0,0,0,0,1,0,0,0,0,0,0,0,0,0,0,0
1361320,The Room 4: Old Sins,1,3.4339872044851463,8.99,1,8.99,0,8.99,0,0,0,0,0,12.765691290604371,1,1,0,1,0,18,0,0,0,0,1,0,0,0,0,0,0,0,0,0,0,0,0,0,0.0,0,0,0,0,0,0,0,0,0,0,1,0,1,0,0,0,1,0,0,1,0,0,1
356650,Death's Gambit: Afterlife,1,2.9444389791664403,19.99,0,19.99,1,19.99,0,1,0,0,0,12.765691290604371,0,1,0,4,0,20,1,1,0,0,1,0,1,0,0,0,1,0,0,0,1,1,0,0,0.0,0,0,0,0,0,0,1,0,0,0,1,1,1,0,0,0,0,0,0,1,0,0,0
228400,Ace Combat Assault Horizon - Enhanced Edition,0,0.6931471805599453,0.0,1,0.0,0,0.0,0,0,0,0,1,12.765691290604371,0,0,1,2,0,17,0,1,0,0,0,0,0,0,0,0,0,1,0,0,0,1,0,0,0.0,0,0,0,0,1,1,0,1,0,0,0,1,0,0,0,0,0,0,0,0,0,0,0
1369670,Motor Town: Behind The Wheel,1,6.739336627357174,19.99,1,19.99,0,19.99,0,1,0,0,0,12.765691290604371,0,0,0,6,1,20,0,0,0,1,0,0,0,0,0,0,0,0,0,0,0,0,0,0,0.0,0,0,0,1,0,0,0,0,1,1,1,0,0,0,0,0,0,0,0,1,0,0,0
428550,Momodora: Reverie Under The Moonlight,1,1.791759469228055,9.99,0,9.99,1,9.99,0,1,0,0,0,12.765691290604371,0,0,0,3,0,20,1,0,0,0,0,0,1,0,0,0,0,0,0,0,0,1,0,0,0.0,0,0,0,0,0,0,1,0,0,0,1,1,0,0,0,0,0,0,0,1,1,0,0
1606180,下一站江湖Ⅱ,1,5.14166355650266,24.99,0,24.99,0,24.99,0,1,0,0,0,12.765691290604371,0,1,0,5,1,20,0,0,0,0,1,0,0,0,0,0,1,0,1,0,1,1,0,0,0.0,0,0,1,0,0,1,0,0,0,0,0,1,1,0,0,0,0,0,0,1,0,0,0
307880,Savage Lands,0,1.0986122886681098,3.99,1,1.99,0,1.99,0,1,0,0,0,12.765691290604371,0,1,0,5,1,20,0,0,0,0,0,1,0,0,0,0,1,0,1,0,1,1,0,0,0.5012531328320802,1,1,1,0,0,0,0,0,0,0,1,1,1,0,0,0,0,0,0,1,0,0,0
1324780,Easy Red 2,1,5.849324779946859,8.99,1,8.99,0,8.99,0,1,0,0,0,12.765691290604371,0,1,0,4,0,20,0,0,0,0,0,1,0,0,0,0,0,0,0,0,0,1,0,0,0.0,0,0,1,0,0,1,0,1,0,1,1,1,0,0,1,0,0,0,0,0,0,1,0
1557990,Retail Royale,1,1.6094379124341003,4.99,1,4.99,0,4.99,1,0,1,1,0,12.765691290604371,0,0,1,3,0,20,0,0,1,0,0,1,0,0,0,0,0,0,0,0,0,1,1,1,0.0,1,0,0,0,0,0,0,1,0,0,0,1,0,0,0,0,0,0,0,0,1,0,0
824600,HROT,1,3.367295829986474,19.99,0,19.99,0,19.99,0,1,0,0,0,12.765691290604371,0,1,0,2,0,20,0,0,0,0,0,1,0,0,0,0,0,0,0,0,0,1,0,0,0.0,0,0,0,0,0,0,0,1,0,0,1,1,0,0,0,0,0,0,0,0,0,1,1
544550,Stationeers,1,5.4510384535657,34.99,1,26.24,0,26.24,0,1,0,0,0,12.765691290604371,0,0,1,4,1,20,0,0,0,1,0,0,0,0,0,0,0,0,1,0,0,1,0,0,0.2500714489854245,1,0,1,1,0,0,0,0,0,0,0,0,0,0,0,0,0,0,0,0,0,0,0
352720,The Universim,1,4.477336814478207,29.99,0,29.99,0,29.99,0,1,0,0,0,12.765691290604371,0,0,0,3,1,20,0,0,0,0,0,0,0,0,0,0,0,0,1,0,0,0,0,0,0.0,0,0,1,0,0,0,0,0,0,0,0,0,0,0,0,0,0,0,0,0,1,0,0
324080,Rising World,1,4.2626798770413155,14.99,1,11.24,0,11.24,0,1,0,0,0,12.765691290604371,0,1,1,5,0,20,0,0,0,1,0,0,0,0,0,0,0,0,1,0,1,1,0,0,0.2501667778519013,1,0,1,1,0,0,0,0,0,0,1,0,1,0,0,0,0,0,0,1,0,0,0
1942660,WWE 2K23,1,4.290459441148391,0.0,1,0.0,0,0.0,0,0,0,1,1,12.765691290604371,0,0,1,2,0,18,0,0,0,0,0,0,0,0,0,0,0,1,0,0,0,0,0,1,0.0,0,1,0,0,0,0,0,0,0,1,0,0,0,0,0,0,0,0,0,0,0,0,0
352520,The Silent Age,1,1.0986122886681098,9.99,0,9.99,1,9.99,0,1,0,0,0,12.765691290604371,1,0,0,3,0,20,0,0,0,0,1,0,0,0,0,0,0,0,0,0,0,0,0,0,0.0,0,0,0,0,0,0,0,0,1,0,0,0,1,1,0,1,1,0,0,1,0,0,0
803050,Per Aspera,1,4.23410650459726,29.99,1,29.99,0,29.99,0,1,0,0,0,12.765691290604371,0,0,0,3,0,20,0,0,0,0,0,0,0,0,0,0,0,1,1,0,0,0,0,0,0.0,0,1,1,0,0,0,0,0,0,0,0,0,0,0,0,0,0,0,1,0,0,0,0
577940,Killer Instinct,1,3.713572066704308,0.0,1,0.0,0,0.0,0,0,0,1,1,12.765691290604371,0,0,0,2,0,20,0,1,0,0,0,0,0,1,0,0,0,1,0,1,0,1,1,1,0.0,0,0,0,0,0,0,0,0,0,0,0,1,1,0,0,0,0,0,0,0,0,0,1
404680,Hob,1,2.302585092994046,19.99,0,19.99,0,19.99,0,1,0,0,0,12.765691290604371,1,1,0,3,1,20,0,1,0,0,0,0,0,0,0,0,1,0,0,0,0,1,0,0,0.0,0,0,0,0,0,0,1,0,0,0,1,1,1,0,0,0,0,0,0,1,1,0,0
2634950,Tokyo Xtreme Racer,1,5.267858159063328,49.99,1,29.99,0,29.99,0,0,0,0,0,12.765691290604371,0,0,0,2,1,15,0,1,0,1,0,0,0,0,0,0,1,0,0,0,1,0,0,0,0.4000800160032007,0,0,0,0,0,0,0,0,0,0,0,0,0,0,0,0,0,0,0,0,0,0,0
1069660,Ultimate Admiral: Dreadnoughts,0,6.257667587882639,34.99,0,34.99,0,34.99,0,1,0,0,0,12.765691290604371,0,0,0,4,0,20,0,0,0,0,0,0,0,0,0,0,1,0,0,0,1,0,0,0,0.0,0,0,1,0,1,1,0,0,0,1,0,0,0,0,1,0,0,0,0,0,0,0,0
938560,INMOST,1,1.6094379124341003,14.99,0,14.99,0,14.99,0,1,0,0,0,12.765691290604371,1,1,0,2,0,20,1,0,0,0,1,0,0,0,0,0,0,0,0,0,0,0,0,0,0.0,0,0,0,0,0,0,1,0,0,0,1,1,1,0,0,1,0,0,0,1,0,0,1
559210,Rakuen,1,0.0,14.99,0,14.99,1,14.99,0,0,0,0,0,12.765691290604371,1,1,0,0,0,20,1,0,1,0,1,0,0,0,0,0,1,0,0,0,0,0,0,0,0.0,0,0,0,0,0,0,0,0,0,0,0,0,1,0,0,1,1,1,0,0,1,0,1
768200,Smalland: Survive the Wilds,1,5.82600010738045,34.99,1,34.99,0,34.99,0,1,0,0,0,12.765691290604371,0,0,1,4,1,20,0,0,0,0,0,0,0,0,0,0,1,0,1,0,1,1,0,1,0.0,1,1,1,0,0,0,0,0,0,0,0,1,1,0,0,0,0,0,0,1,0,0,0
1680880,Forspoken,0,2.5649493574615367,69.99,0,69.99,0,69.99,0,0,0,0,0,12.765691290604371,0,0,0,3,1,20,0,0,0,0,1,0,0,0,0,0,1,1,0,0,1,1,0,0,0.0,0,0,0,0,0,0,0,0,0,0,1,1,1,0,0,1,0,0,0,1,0,1,0
432350,Epic Battle Fantasy 5,1,4.248495242049359,24.99,0,24.99,1,24.99,0,0,0,0,0,12.765691290604371,0,1,0,3,0,20,0,0,1,0,1,0,0,0,1,0,1,0,0,0,1,0,0,0,0.0,0,0,0,0,0,0,0,0,0,0,0,0,1,0,0,0,0,0,0,1,1,0,0
256190,Enemy Front,0,1.791759469228055,19.99,1,19.99,0,19.99,0,0,0,0,0,12.765691290604371,0,0,1,1,1,20,0,1,0,0,0,1,0,0,0,0,0,0,1,0,0,1,0,0,0.0,0,0,0,0,1,1,0,1,0,0,1,1,1,0,1,0,0,0,0,0,0,0,0
232810,Godus,0,0.6931471805599453,0.0,1,0.0,0,0.0,0,1,0,0,1,12.765691290604371,0,1,0,4,1,17,0,0,0,1,0,0,0,0,0,0,0,0,0,0,0,0,0,0,0.0,0,0,1,1,0,0,0,0,0,0,0,0,1,0,0,1,0,0,0,0,0,0,0
1507580,Enigma of Fear,1,3.784189633918261,29.99,0,29.99,1,29.99,0,1,0,0,0,12.765691290604371,1,0,0,3,1,20,1,0,0,0,1,0,0,0,0,0,0,0,0,0,0,1,0,0,0.0,0,0,0,0,0,0,0,0,0,0,0,0,0,0,0,1,0,0,0,1,0,0,0
331870,AER Memories of Old,1,1.0986122886681098,14.99,0,1.49,0,1.49,0,1,0,0,0,12.765691290604371,1,1,0,2,1,20,0,1,0,0,1,0,0,0,0,0,0,1,0,0,0,0,0,0,0.9006004002668445,0,0,0,0,0,0,0,0,0,0,1,0,1,0,0,0,0,0,0,1,1,0,0
2407270,AI LIMIT,1,6.827629234502852,34.99,0,22.74,0,22.74,0,1,0,0,0,12.765691290604371,0,1,0,4,0,20,0,0,0,0,0,0,0,0,0,0,1,0,0,0,1,1,0,0,0.35010002857959427,0,0,0,0,0,0,0,0,0,0,0,1,1,0,0,0,0,0,0,1,0,0,0
1266840,The Last Stand: Aftermath,1,4.727387818712341,24.99,0,6.99,0,6.99,0,1,0,0,0,12.765691290604371,0,0,0,3,0,20,0,0,0,0,0,0,0,0,0,0,0,0,1,0,0,1,0,0,0.7202881152460985,1,0,0,0,0,0,0,1,0,0,1,1,1,0,0,0,0,0,0,1,0,1,0
2276930,Chillquarium,1,7.059617628291383,5.99,0,5.99,1,5.99,0,0,0,0,0,12.765691290604371,0,0,0,2,0,20,1,0,0,0,0,0,0,0,0,0,0,0,0,0,0,0,0,0,0.0,0,0,0,0,0,0,0,0,1,0,1,0,0,0,0,0,0,1,0,0,1,0,0
1996010,Crow Country,1,2.302585092994046,19.99,0,19.99,0,19.99,0,1,0,0,0,12.765691290604371,1,1,0,2,0,20,0,0,0,0,1,0,0,0,0,0,1,0,0,0,0,1,0,0,0.0,0,0,0,0,0,0,0,0,0,0,0,1,0,0,0,1,0,0,0,0,0,1,1
1274290,Kidnapped Girl,1,0.6931471805599453,0.0,0,0.0,0,0.0,0,1,0,0,1,12.765691290604371,0,1,0,5,0,20,0,1,0,0,1,0,0,0,1,0,0,0,0,1,0,0,1,0,0.0,0,0,0,0,0,0,0,0,1,0,0,0,1,1,0,0,0,0,0,1,0,1,0
1548850,Six Days in Fallujah,1,4.969813299576001,39.99,1,39.99,0,39.99,0,0,0,0,0,12.765691290604371,0,0,1,2,0,20,0,0,0,1,0,1,0,0,0,0,0,0,0,0,0,1,0,0,0.0,0,1,0,1,1,1,0,1,0,1,0,0,0,0,1,0,0,0,0,0,0,0,1
2676840,No Case Should Remain Unsolved,1,2.8903717578961645,6.99,0,6.99,1,6.99,0,1,0,0,0,12.765691290604371,1,0,0,2,0,20,1,0,0,0,1,0,0,0,0,0,0,0,0,0,0,0,0,0,0.0,0,0,0,0,0,0,0,0,0,1,0,0,1,0,0,0,1,0,0,1,0,0,0
1621070,DeadPoly,1,3.5553480614894135,9.99,1,9.99,0,9.99,0,1,1,1,0,12.765691290604371,0,0,0,7,1,20,0,0,0,1,0,0,0,0,0,0,0,0,1,0,1,1,0,0,0.0,1,1,1,1,0,0,0,1,1,0,0,1,0,0,0,0,0,0,0,1,0,0,0
581630,Sword With Sauce,1,2.5649493574615367,4.99,1,4.99,0,4.99,0,0,0,0,0,12.765691290604371,0,1,0,2,0,20,0,0,1,1,0,1,1,0,0,0,0,0,0,0,0,1,0,0,0.0,0,0,1,0,0,0,0,1,1,0,0,1,0,0,0,0,0,0,0,0,0,1,0
1167450,DAEMON X MACHINA,1,3.1354942159291497,49.99,1,9.99,0,9.99,0,0,0,1,0,12.765691290604371,0,0,1,1,0,18,0,1,0,0,0,0,0,0,0,0,1,0,0,0,0,1,0,1,0.8001600320064013,0,0,0,0,0,0,0,1,0,0,0,1,0,0,0,0,0,0,0,0,0,0,0
835960,The Talos Principle 2,1,5.0106352940962555,29.99,0,29.99,0,29.99,0,0,0,0,0,12.765691290604371,1,0,0,2,0,20,0,0,0,0,1,0,0,0,0,0,0,1,0,0,0,1,0,0,0.0,0,0,0,0,0,0,0,0,0,1,0,0,0,0,0,0,0,0,0,1,0,0,0
490110,The Precinct,1,6.317164686747284,29.99,0,29.99,0,29.99,0,1,0,0,0,12.765691290604371,0,0,0,3,1,20,0,0,0,0,0,0,0,0,0,0,0,0,0,0,0,1,0,0,0.0,0,0,1,0,0,0,0,0,0,1,0,1,0,0,0,0,0,0,0,0,0,0,0
2132850,Rabbit and Steel,1,4.948759890378168,14.99,0,7.49,1,7.49,0,1,0,0,0,12.765691290604371,0,0,1,4,0,20,0,0,0,0,0,0,1,0,0,0,1,0,0,0,1,1,0,0,0.5003335557038026,0,0,0,0,0,0,0,0,0,0,0,1,1,0,0,0,0,0,0,1,1,0,0
515220,F1 2017,1,3.258096538021482,0.0,1,0.0,0,0.0,0,0,0,0,1,12.765691290604371,0,0,1,3,0,14,0,0,0,0,0,0,0,0,0,0,0,0,0,0,0,0,1,0,0.0,0,0,0,0,0,0,0,0,0,1,0,1,0,0,0,0,0,0,0,0,0,0,0
348550,GUILTY GEAR XX ACCENT CORE PLUS R,1,4.605170185988092,14.99,1,14.99,1,14.99,0,0,0,1,0,12.765691290604371,0,0,0,1,0,16,0,1,0,0,0,0,1,1,0,0,0,0,0,0,0,1,0,0,0.0,0,0,0,0,0,0,0,0,0,0,0,1,0,0,0,0,0,0,0,0,0,0,0
594330,Visage,1,3.2188758248682006,34.99,1,34.99,0,34.99,0,1,0,0,0,12.765691290604371,0,1,0,4,0,20,0,0,0,1,1,0,0,0,0,0,0,0,0,0,0,1,0,0,0.0,0,0,0,0,0,0,0,0,0,1,1,1,1,0,0,1,0,0,0,1,0,1,1
483980,Mad Father,1,3.1780538303479458,9.99,0,4.99,1,4.99,0,1,0,0,0,12.765691290604371,1,1,0,2,0,20,1,0,0,0,1,0,0,0,0,0,0,0,0,0,0,0,0,0,0.5005005005005005,0,0,0,0,0,0,0,0,0,0,1,0,1,0,0,1,0,0,0,1,0,1,1
1177980,"Little Kitty, Big City",1,4.31748811353631,24.99,0,24.99,0,24.99,0,1,0,0,0,12.765691290604371,0,1,0,4,1,20,0,0,1,0,0,0,0,0,1,0,0,0,0,0,0,0,0,0,0.0,0,0,1,0,0,0,0,0,1,0,0,0,1,0,0,0,0,1,0,1,1,0,0
1241700,There Is No Game: Jam Edition 2015,1,1.0986122886681098,0.0,0,0.0,1,0.0,0,1,0,0,1,12.765691290604371,1,1,0,4,0,14,1,0,1,0,0,0,0,0,1,0,0,0,0,1,0,0,1,0,0.0,0,0,0,0,0,0,0,0,1,0,0,0,1,0,0,1,1,0,0,1,0,0,0
1999360,Placid Plastic Duck Simulator,1,4.948759890378168,1.99,0,1.99,0,1.99,0,0,0,0,0,12.765691290604371,0,0,0,2,0,20,0,0,1,0,0,0,0,0,0,0,0,0,0,0,0,0,0,0,0.0,0,0,0,0,0,0,0,0,1,1,1,0,0,0,0,0,0,1,0,0,1,0,0
1280930,Astral Ascent,1,5.220355825078324,24.99,0,24.99,0,24.99,0,1,0,0,0,12.765691290604371,0,1,1,3,0,20,1,0,0,0,1,0,1,0,0,0,0,0,0,0,0,1,0,0,0.0,0,0,0,0,0,0,1,0,0,0,1,1,0,0,0,0,0,0,0,1,0,0,0
1957780,Ghosts of Tabor,1,5.438079308923196,24.99,1,24.99,0,24.99,0,0,0,1,0,12.765691290604371,0,0,0,2,0,20,0,0,0,1,0,0,0,0,0,0,0,0,0,0,0,1,0,1,0.0,1,0,0,1,1,0,0,1,0,0,1,1,0,0,0,0,0,0,0,0,0,0,0
703860,GRID,0,3.1780538303479458,0.0,1,0.0,0,0.0,0,0,0,0,1,12.765691290604371,0,0,0,5,1,14,0,0,0,0,0,0,0,0,0,0,0,0,0,0,0,1,0,0,0.0,0,0,0,0,0,0,0,0,1,0,0,1,0,0,0,0,0,0,0,0,0,0,0
10220,Postal III,0,2.0794415416798357,5.99,0,5.99,0,5.99,0,0,0,0,0,12.765691290604371,0,0,0,1,1,20,0,1,1,0,0,0,0,0,1,0,0,0,0,0,0,1,0,0,0.0,0,0,1,0,0,0,0,1,0,0,0,1,1,0,0,1,0,0,0,0,0,1,0
639790,DEEP SPACE WAIFU,1,1.0986122886681098,4.99,0,4.99,0,4.99,0,1,0,0,0,12.765691290604371,0,1,0,3,0,20,0,1,1,0,1,0,0,0,0,0,0,0,0,0,0,1,0,0,0.0,0,0,0,0,0,0,0,0,1,0,0,1,0,0,0,1,0,0,0,0,0,0,0
518030,Aim Hero,1,2.1972245773362196,4.99,1,4.99,0,4.99,0,0,0,0,0,12.765691290604371,0,0,0,2,0,14,0,0,0,1,0,1,1,0,0,0,0,0,0,0,0,1,0,0,0.0,0,0,0,1,0,0,0,1,0,0,0,1,0,0,0,0,0,0,0,0,0,0,0
461950,Beat Cop,1,2.3978952727983707,14.99,0,2.99,1,2.99,0,1,0,0,0,12.765691290604371,0,1,0,3,0,20,1,1,0,0,1,0,0,0,1,0,0,0,0,0,0,0,0,0,0.800533689126084,0,0,0,0,0,0,0,0,0,0,0,0,1,1,0,0,1,0,0,1,0,1,0
952040,MUSYNX,1,3.6888794541139363,3.99,0,3.99,0,3.99,0,1,0,0,0,12.765691290604371,0,1,0,2,0,20,1,0,0,0,0,1,1,0,0,0,0,0,0,0,0,0,0,0,0.0,0,0,0,0,0,0,0,0,0,0,0,1,0,0,0,0,0,0,0,0,0,0,0
394970,DEADBOLT,1,2.1972245773362196,9.99,0,9.99,1,9.99,0,1,0,0,0,12.765691290604371,0,1,0,2,0,20,1,1,0,0,0,0,1,0,0,0,0,0,0,0,0,1,0,0,0.0,0,0,0,0,0,0,1,1,0,0,1,1,0,0,0,0,0,0,0,0,0,1,1
1566690,Outpost: Infinity Siege,0,4.59511985013459,24.99,0,24.99,0,24.99,0,0,0,0,0,12.765691290604371,0,0,1,2,1,20,0,0,0,0,0,1,0,0,0,0,0,0,1,0,0,1,0,0,0.0,1,0,0,0,1,0,0,1,0,0,0,1,0,0,0,0,0,0,0,0,0,0,0
2786680,"Knowledge, or know Lady",1,4.2626798770413155,6.99,1,6.99,0,6.99,0,1,0,0,0,12.765691290604371,0,0,0,5,0,20,0,0,0,0,1,0,0,0,0,0,1,0,0,0,1,0,0,0,0.0,0,0,0,0,0,0,0,0,0,0,0,0,0,1,0,0,0,0,0,1,0,0,0
973230,We Who Are About To Die,1,4.2626798770413155,21.99,0,21.99,0,21.99,0,1,0,0,0,12.765691290604371,0,1,0,6,0,20,0,0,0,1,0,0,1,0,0,0,1,0,0,0,1,1,0,0,0.0,0,0,0,1,0,0,0,0,0,0,1,1,0,0,0,0,0,0,0,0,0,0,0
310080,Hatoful Boyfriend,1,1.9459101490553132,9.99,0,9.99,0,9.99,0,1,0,0,0,12.765691290604371,0,1,0,3,0,20,0,1,1,0,1,0,0,0,1,0,0,0,0,0,0,0,0,0,0.0,0,0,0,0,0,0,0,0,1,0,0,0,0,0,0,0,0,0,0,0,0,0,0
538680,The Legend of Heroes: Trails of Cold Steel,1,4.356708826689592,39.99,0,19.99,0,19.99,0,0,0,0,0,12.765691290604371,0,0,0,1,1,20,0,1,1,0,1,0,0,0,0,0,1,0,0,0,1,0,0,0,0.5001250312578145,0,0,0,0,0,0,0,0,0,0,0,1,1,0,0,0,0,0,0,0,0,0,0
2140330,Madden NFL 24,0,5.1298987149230735,0.0,1,0.0,0,0.0,0,0,0,1,1,12.765691290604371,0,0,1,3,0,11,0,0,0,1,0,0,0,0,0,0,0,1,0,0,0,0,0,0,0.0,0,0,0,0,0,0,0,0,0,0,0,0,0,0,0,0,0,0,0,0,0,0,0
850190,Goat Simulator 3,1,6.163314804034641,29.99,1,29.99,0,29.99,0,0,0,0,0,12.765691290604371,0,0,1,3,1,20,0,0,1,0,0,0,0,0,1,0,0,1,0,0,0,0,0,1,0.0,0,1,1,0,0,0,0,0,1,0,0,0,1,0,0,0,0,1,0,1,1,0,0
429790,AdventureQuest 3D,1,5.081404364984463,0.0,0,0.0,0,0.0,0,1,1,1,1,12.765691290604371,0,0,0,7,1,20,0,0,1,0,1,0,0,0,0,1,1,0,0,1,1,1,0,1,0.0,0,0,0,0,0,0,0,0,1,0,0,1,0,0,0,0,0,0,0,1,0,0,0
2725260,ENDER MAGNOLIA: Bloom in the Mist,1,5.176149732573829,24.99,0,24.99,1,24.99,0,0,0,0,0,12.765691290604371,0,0,0,2,0,20,0,1,0,1,1,0,1,0,0,0,1,0,0,0,1,1,0,0,0.0,0,0,0,0,0,0,1,0,0,0,1,1,0,0,0,0,0,0,0,0,0,0,0
602520,NEKOPARA Vol. 3,1,2.772588722239781,9.99,0,9.99,1,9.99,0,1,0,0,0,12.765691290604371,0,1,0,2,0,20,0,1,1,0,1,0,0,0,0,0,0,0,0,0,0,0,0,0,0.0,0,0,0,0,0,0,0,0,1,0,1,0,1,0,0,0,0,0,0,0,0,0,0
1426450,Age of Darkness: Final Stand,1,5.176149732573829,27.99,1,27.99,0,27.99,0,0,0,0,0,12.765691290604371,0,0,1,1,0,20,0,0,0,0,0,0,0,0,0,0,0,0,1,0,0,0,0,0,0.0,0,0,0,0,0,0,0,0,0,0,1,0,0,0,0,0,0,0,0,0,0,0,0
1356670,Sakuna: Of Rice and Ruin,1,3.6375861597263857,29.99,0,14.99,0,14.99,0,1,0,0,0,12.765691290604371,0,0,0,2,0,20,0,0,0,0,1,0,1,0,0,0,0,0,0,0,0,1,0,0,0.5001667222407469,1,0,0,0,0,0,1,0,0,0,0,1,0,0,0,0,0,0,0,0,1,0,0
2106840,PARANORMASIGHT: The Seven Mysteries of Honjo,1,2.4849066497880004,19.99,0,19.99,0,19.99,0,0,0,0,0,12.765691290604371,0,0,0,3,0,20,0,0,0,0,1,0,0,0,0,0,1,1,0,0,1,0,0,0,0.0,0,0,0,0,0,0,0,0,0,0,0,0,1,0,0,0,1,0,0,1,0,0,1
1058650,Beyond The Wire,0,0.6931471805599453,9.99,1,9.99,0,9.99,1,1,1,1,0,12.765691290604371,0,1,0,5,0,20,0,0,0,0,0,1,0,0,0,0,0,0,0,0,0,1,0,0,0.0,0,0,0,0,1,1,0,1,0,1,1,1,0,0,1,0,0,0,0,0,0,0,0
815780,PIPE by BMX Streets,1,2.3978952727983707,9.99,1,9.99,0,9.99,0,1,0,0,0,12.765691290604371,0,1,0,3,1,9,0,0,0,0,0,0,0,0,0,0,0,0,0,0,0,0,0,0,0.0,0,0,0,0,0,0,0,0,0,0,0,0,0,0,0,0,0,0,0,0,0,0,0
973810,Journey To The Savage Planet,1,4.290459441148391,29.99,1,29.99,0,29.99,0,0,0,0,0,12.765691290604371,0,0,1,2,0,20,0,0,0,0,1,0,0,0,1,0,0,1,0,0,0,1,0,0,0.0,0,0,0,0,0,0,0,0,0,0,0,1,1,0,0,0,0,0,0,1,1,1,0
359510,Tangle Tower,1,3.4339872044851463,19.99,0,19.99,1,19.99,0,1,0,0,0,12.765691290604371,1,1,0,2,0,20,0,1,1,0,1,0,0,0,1,0,0,0,0,0,0,0,0,0,0.0,0,0,0,0,0,0,0,0,0,0,1,0,1,0,0,0,1,0,0,1,0,0,0
1265920,Life is Strange Remastered,1,4.6443908991413725,39.99,0,39.99,0,39.99,0,0,0,0,0,12.765691290604371,0,0,0,2,0,20,0,1,0,0,1,0,0,0,0,0,0,1,0,0,0,1,0,0,0.0,0,0,0,0,0,0,0,0,0,0,0,1,1,1,0,0,0,0,0,1,0,0,0
648390,Marie's Room,1,1.6094379124341003,0.0,1,0.0,0,0.0,0,1,0,0,1,12.765691290604371,1,1,0,4,0,20,0,1,0,0,1,0,0,0,0,0,0,0,0,1,0,0,1,0,0.0,0,0,0,0,0,0,0,0,1,0,1,0,1,0,0,1,1,0,0,1,0,0,1
1344350,SUCCUBUS: Prologue,1,0.6931471805599453,0.0,1,0.0,0,0.0,0,1,0,0,1,12.765691290604371,0,1,0,4,0,20,0,0,0,0,0,0,0,0,0,0,0,0,0,1,0,1,1,1,0.0,0,0,0,0,0,0,0,0,0,0,0,1,1,0,0,0,0,0,0,1,0,1,1
3058630,Assetto Corsa EVO,0,5.19295685089021,39.99,1,39.99,0,39.99,0,0,0,1,0,12.765691290604371,0,0,0,4,0,20,0,0,0,1,0,0,0,0,0,0,0,1,0,0,0,0,0,0,0.0,0,0,0,1,0,0,0,0,0,1,1,0,0,0,0,0,0,0,0,0,0,0,0
367580,Hook,1,0.6931471805599453,2.99,0,1.76,1,1.76,0,1,0,0,0,12.765691290604371,1,1,0,2,0,16,0,1,0,0,0,0,1,0,0,0,0,0,0,0,0,0,0,0,0.41137123745819404,0,0,0,0,0,0,0,0,1,0,1,0,0,0,0,0,0,1,0,0,0,0,0
2698940,The Crew Motorfest,1,5.407171771460119,69.99,1,69.99,0,69.99,0,0,0,1,0,12.765691290604371,0,0,1,1,1,17,0,0,0,0,0,0,0,0,0,0,0,1,0,0,0,0,0,0,0.0,0,1,1,0,0,0,0,0,0,0,0,0,0,0,0,0,0,0,0,0,0,0,0
2157560,Granblue Fantasy Versus: Rising,1,7.459914766241105,49.99,1,49.99,0,49.99,0,0,0,1,0,12.765691290604371,0,0,0,1,0,20,0,1,0,0,1,0,0,0,0,0,0,0,0,0,0,1,1,1,0.0,0,0,0,0,0,0,0,0,0,0,0,1,0,0,0,0,0,0,0,0,0,0,0
1088790,Rebel Inc: Escalation,1,5.883322388488279,14.99,0,14.99,0,14.99,0,0,0,0,0,12.765691290604371,0,1,0,2,0,20,0,1,0,0,0,0,0,0,0,0,0,0,0,0,0,0,0,0,0.0,0,0,1,0,1,1,0,0,0,1,0,0,0,0,0,0,0,0,0,0,0,0,0
964800,Prodeus,1,3.258096538021482,24.99,0,24.99,0,24.99,0,1,0,0,0,12.765691290604371,0,1,0,4,0,20,1,1,0,0,0,1,0,1,0,0,0,0,0,0,0,1,0,0,0.0,0,0,0,0,0,0,0,1,1,0,0,1,1,0,0,0,0,0,0,1,0,1,1
1931770,Chants of Sennaar,1,5.0106352940962555,19.99,0,9.99,0,9.99,0,1,0,0,0,12.765691290604371,1,1,0,2,0,20,0,1,0,0,1,0,1,0,0,0,0,1,0,0,0,0,0,0,0.5002501250625312,0,0,0,0,0,0,0,0,0,0,1,0,1,0,0,0,1,0,0,1,1,0,0
530890,Haydee,1,2.5649493574615367,14.99,0,14.99,0,14.99,0,1,0,0,0,12.765691290604371,1,1,0,2,0,20,0,0,0,0,0,0,1,0,0,0,0,0,1,0,0,1,0,0,0.0,0,0,0,0,0,0,1,1,0,0,0,1,1,0,0,0,0,0,0,0,0,0,1
2285150,The Front,0,4.663439094112067,19.99,1,9.99,0,9.99,1,1,1,0,0,12.765691290604371,0,0,1,4,1,20,0,0,0,1,0,0,0,0,0,0,1,0,1,0,0,1,0,0,0.5002501250625312,1,0,1,0,0,0,0,1,0,1,0,0,0,0,0,0,0,0,0,0,0,0,0
377530,侠客风云传(Tale of Wuxia),1,4.553876891600541,16.99,0,16.99,0,16.99,0,0,0,0,0,12.765691290604371,0,0,0,5,1,13,0,0,0,0,1,0,0,0,0,0,1,0,0,0,1,0,0,0,0.0,0,0,0,0,0,0,0,0,1,0,0,0,1,0,0,0,0,0,0,1,0,0,0
2075070,KinitoPET,1,3.4339872044851463,5.99,0,5.99,1,5.99,0,1,0,0,0,12.765691290604371,0,1,0,3,0,20,1,0,0,0,1,0,0,0,0,0,0,0,0,0,0,0,0,0,0.0,0,0,0,0,0,0,0,0,1,0,0,0,0,0,0,1,0,0,0,0,0,0,1
1063420,Void Crew,1,6.244166900663736,24.99,1,12.49,0,12.49,0,0,0,0,0,12.765691290604371,0,1,1,2,0,20,0,0,0,0,0,0,0,0,0,0,0,1,0,0,0,1,0,1,0.5002000800320128,0,1,0,0,0,0,0,0,0,0,0,1,1,0,0,0,0,0,0,1,1,0,0
1504500,OPUS: Echo of Starsong - Full Bloom Edition,1,1.9459101490553132,24.99,0,24.99,1,24.99,0,1,0,0,0,12.765691290604371,0,1,0,2,0,20,0,0,0,0,1,0,0,0,0,0,0,0,0,0,0,0,0,0,0.0,0,0,0,0,0,0,0,0,0,0,1,0,1,0,0,0,0,0,0,1,1,0,0
562220,Zup! 2,1,0.6931471805599453,1.99,0,1.99,1,1.99,0,1,0,0,0,12.765691290604371,1,1,0,2,1,20,0,1,0,0,0,0,0,0,0,0,0,0,0,0,0,0,1,0,0.0,0,0,0,0,0,0,0,0,1,0,0,1,1,0,0,0,1,0,0,0,0,0,1
619080,SOS,0,0.0,0.0,1,0.0,0,0.0,1,0,0,1,1,12.765691290604371,0,0,1,3,1,20,0,0,0,1,0,1,0,0,0,0,0,0,1,1,0,1,1,0,0.0,0,1,0,0,0,0,0,1,0,0,0,1,1,0,0,0,0,0,0,1,0,1,1
688130,Pogostuck: Rage With Your Friends,1,3.4657359027997265,6.99,1,6.99,0,6.99,0,1,0,0,0,12.765691290604371,0,1,1,4,0,20,0,0,1,0,0,0,1,0,0,0,0,0,0,0,0,1,0,0,0.0,0,0,0,0,0,0,1,0,1,0,0,1,1,0,0,1,0,0,0,1,1,0,0
298610,Ylands,0,4.356708826689592,0.0,1,0.0,0,0.0,0,0,0,0,1,12.765691290604371,0,0,1,3,1,20,0,0,0,0,0,0,0,0,0,0,0,0,0,1,0,0,1,0,0.0,1,1,0,0,0,0,0,0,1,0,0,0,1,0,0,0,0,0,0,1,1,0,0
1069740,Seen,1,2.4849066497880004,0.99,0,0.99,0,0.99,0,1,0,0,0,12.765691290604371,1,1,0,4,0,20,0,1,0,1,1,0,0,0,0,0,0,0,0,0,0,1,0,0,0.0,0,0,0,1,0,0,1,0,0,0,1,1,1,0,0,1,0,0,0,1,0,0,0
980610,Quaver,1,5.0369526024136295,0.0,1,0.0,1,0.0,0,1,0,0,1,12.765691290604371,0,1,0,3,0,15,0,1,0,1,0,0,1,0,0,0,0,0,0,1,0,0,1,0,0.0,0,0,0,0,0,0,0,0,1,0,0,0,0,0,0,1,0,0,0,0,0,0,0
1866180,Hooked on You: A Dead by Daylight Dating Sim,1,1.9459101490553132,9.99,0,3.99,1,3.99,0,0,0,0,0,12.765691290604371,0,0,0,1,0,20,0,0,1,0,1,0,0,0,1,0,0,0,0,0,0,0,0,0,0.6006006006006006,0,0,0,0,0,0,0,0,1,0,0,0,0,1,0,1,0,0,0,0,1,0,1
1145960,The White Door,1,3.2188758248682006,3.99,0,3.99,1,3.99,0,1,0,0,0,12.765691290604371,1,1,0,2,0,15,0,0,0,0,1,0,0,0,0,0,0,0,0,0,0,0,0,0,0.0,0,0,0,0,0,0,0,0,0,0,1,0,1,0,0,1,1,0,0,1,0,0,1
1360000,The Infected,1,4.836281906951478,15.99,0,10.39,0,10.39,0,1,0,0,0,12.765691290604371,0,0,0,5,1,20,0,0,0,1,0,1,0,0,0,0,0,0,1,0,0,1,0,0,0.3502188868042526,1,0,1,1,0,0,0,0,1,1,0,1,0,0,0,0,0,0,0,0,0,0,1
1708850,Drug Dealer Simulator 2,0,4.983606621708336,24.99,1,24.99,0,24.99,0,1,0,0,0,12.765691290604371,0,0,0,5,1,20,0,0,0,0,0,0,0,0,0,0,1,0,0,0,0,1,0,0,0.0,1,0,1,0,0,0,0,0,0,1,1,1,1,0,0,0,0,0,0,1,0,0,0
