appid,name,developer,publisher,genres,tags,genre_count,tag_count,price,initial_price,discount,is_free,positive,negative,total_reviews,review_score_pct,target,owners,owners_min,owners_max,owners_midpoint,average_forever,median_forever,average_2weeks,ccu
730,Counter-Strike: Global Offensive,Valve,Valve,"Action, Free To Play",FPS;Shooter;Multiplayer;Competitive;Action;Team-Based;e-sports;Tactical;First-Person;PvP;Online Co-Op;Co-op;Strategy;Military;War;Difficult;Trading;Realistic;Fast-Paced;Moddable,2,20,0.0,0.0,0.0,1,7642084,1173003,8815087,0.8669,1,"100,000,000 .. 200,000,000",100000000,200000000,150000000,0,0,0,1013936
1172470,Apex Legends,Respawn,Electronic Arts,"Action, Adventure, Free To Play",Free to Play;Battle Royale;Multiplayer;FPS;Shooter;First-Person;PvP;Action;Hero Shooter;Team-Based;Tactical;Sci-fi;Loot;Survival;Co-op;Character Customization;Funny;Lore-Rich;Cyberpunk;Cinematic,3,20,0.0,0.0,0.0,1,668053,326926,994979,0.6714,0,"100,000,000 .. 200,000,000",100000000,200000000,150000000,0,0,0,124262
578080,PUBG: BATTLEGROUNDS,PUBG Corporation,"KRAFTON, Inc.","Action, Adventure, Massively Multiplayer, Free To Play",Survival;Shooter;Battle Royale;Multiplayer;FPS;PvP;Third-Person Shooter;Action;Online Co-Op;Tactical;Co-op;First-Person;Strategy;Early Access;Competitive;Third Person;Team-Based;Difficult;Simulation;Stealth,4,20,0.0,0.0,0.0,1,1520457,1037487,2557944,0.5944,0,"100,000,000 .. 200,000,000",100000000,200000000,150000000,0,0,0,314682
1623730,Palworld,Pocketpair,Pocketpair,"Action, Adventure, Indie, RPG",Open World;Survival;Creature Collector;Multiplayer;Open World Survival Craft;Online Co-Op;Crafting;Co-op;Adventure;Base-Building;Sandbox;Building;Third-Person Shooter;Automation;Action;RPG;Anime;Early Access;Exploration;Farming,4,20,29.99,29.99,0.0,0,358266,22443,380709,0.941,1,"50,000,000 .. 100,000,000",50000000,100000000,75000000,0,0,0,18028
440,Team Fortress 2,Valve,Valve,"Action, Free To Play",Free to Play;Hero Shooter;Multiplayer;FPS;Shooter;Action;Class-Based;Team-Based;Funny;First-Person;Online Co-Op;Competitive;Cartoony;Trading;Co-op;Comedy;Robots;Tactical;Cartoon;Crafting,2,20,0.0,0.0,0.0,1,1044264,117208,1161472,0.8991,1,"50,000,000 .. 100,000,000",50000000,100000000,75000000,0,0,0,43819
1938090,Call of Duty: Modern Warfare II,"Treyarch, Raven Software, Beenox, High Moon Studios, Activision Shanghai, Sledgehammer Games, Infinity Ward, Demonware, Toys for Bob",Activision,Action,FPS;Multiplayer;Shooter;Singleplayer;Action;Military;First-Person;War;Modern;Tactical;Violent;Co-op;Realistic;Story Rich;Atmospheric;Mature;Online Co-Op;Gore;Third-Person Shooter;Third Person,1,20,38.49,69.99,45.0,0,419594,294520,714114,0.5876,0,"50,000,000 .. 100,000,000",50000000,100000000,75000000,0,0,0,67419
1063730,New World: Aeternum,Amazon Games,Amazon Games,"Action, Adventure, Massively Multiplayer, RPG",Open World;Massively Multiplayer;MMORPG;RPG;Adventure;Action;PvP;PvE;Multiplayer;Fantasy;Character Customization;Walking Simulator;Crafting;Third Person;Co-op;Open World Survival Craft;Sandbox;Violent;Sexual Content;Singleplayer,4,20,59.99,59.99,0.0,0,196798,90080,286878,0.686,0,"50,000,000 .. 100,000,000",50000000,100000000,75000000,0,0,0,5583
2358720,Black Myth: Wukong,Game Science,Game Science,"Action, Adventure, RPG",Mythology;Action RPG;Action;Souls-like;RPG;Combat;Story Rich;Singleplayer;Action-Adventure;Drama;Dark Fantasy;Atmospheric;Adventure;3D;Fantasy;Hack and Slash;Difficult;Third Person;Music;Violent,3,20,59.99,59.99,0.0,0,1111720,38378,1150098,0.9666,1,"50,000,000 .. 100,000,000",50000000,100000000,75000000,0,0,0,15004
271590,Grand Theft Auto V Legacy,Rockstar North,Rockstar Games,"Action, Adventure",Open World;Action;Multiplayer;Crime;Automobile Sim;Third Person;First-Person;Mature;Shooter;Adventure;Singleplayer;Third-Person Shooter;Racing;Co-op;Sandbox;Atmospheric;Funny;Great Soundtrack;Comedy;Moddable,2,20,0.0,0.0,0.0,1,1739980,250576,1990556,0.8741,1,"50,000,000 .. 100,000,000",50000000,100000000,75000000,0,0,0,67851
550,Left 4 Dead 2,Valve,Valve,Action,Zombies;Co-op;FPS;Multiplayer;Shooter;Online Co-Op;Action;Survival;Horror;First-Person;Gore;Team-Based;Moddable;Survival Horror;Post-apocalyptic;Singleplayer;Adventure;Local Co-Op;Replay Value;Tactical,1,20,9.99,9.99,0.0,0,940221,23762,963983,0.9754,1,"50,000,000 .. 100,000,000",50000000,100000000,75000000,0,0,0,25122
304930,Unturned,Smartly Dressed Games,Smartly Dressed Games,"Action, Adventure, Casual, Indie, Free To Play",Free to Play;Survival;Zombies;Multiplayer;Open World;Co-op;Sandbox;Crafting;Shooter;Adventure;Post-apocalyptic;First-Person;Singleplayer;Looter Shooter;FPS;Action;Massively Multiplayer;Indie;Atmospheric;Casual,5,20,0.0,0.0,0.0,1,506516,48852,555368,0.912,1,"50,000,000 .. 100,000,000",50000000,100000000,75000000,0,0,0,10408
1599340,Lost Ark,Smilegate RPG,Amazon Games,"Action, Adventure, Massively Multiplayer, RPG, Free To Play",MMORPG;Free to Play;Action RPG;Multiplayer;Hack and Slash;Character Customization;RPG;Massively Multiplayer;Action;Sexual Content;Adventure;PvE;Fantasy;PvP;Isometric;Online Co-Op;Class-Based;Singleplayer;Violent;Gore,5,20,0.0,0.0,0.0,1,143481,58540,202021,0.7102,1,"50,000,000 .. 100,000,000",50000000,100000000,75000000,0,0,0,17355
236390,War Thunder,Gaijin Entertainment,Gaijin Network Ltd,"Action, Massively Multiplayer, Simulation, Free To Play",Free to Play;Simulation;Vehicular Combat;Combat;World War II;Flight;VR;War;Military;Tanks;Multiplayer;Naval Combat;Modern;Massively Multiplayer;Cold War;Realistic;Shooter;Action;Third Person;Third-Person Shooter,4,20,0.0,0.0,0.0,1,484469,272617,757086,0.6399,0,"20,000,000 .. 50,000,000",20000000,50000000,35000000,0,0,0,50478
2246340,Monster Hunter Wilds,"CAPCOM Co., Ltd.","CAPCOM Co., Ltd.","Action, Adventure, RPG",Hunting;Action;Multiplayer;Online Co-Op;Co-op;Dating Sim;Character Customization;Dragons;Open World;Third Person;Action RPG;Adventure;Fantasy;Cute;RPG;Singleplayer;Atmospheric;Great Soundtrack;Underwater;Souls-like,3,20,29.99,39.99,25.0,0,127273,91142,218415,0.5827,0,"20,000,000 .. 50,000,000",20000000,50000000,35000000,0,0,0,12494
553850,HELLDIVERS 2,Arrowhead Game Studios,PlayStation Publishing LLC,Action,Online Co-Op;PvE;Third-Person Shooter;Multiplayer;Action;Shooter;Co-op;Sci-fi;Capitalism;Space;Extraction Shooter;Third Person;Comedy;Gore;Violent;Great Soundtrack;Difficult;Psychological Horror;Singleplayer;Open World,1,20,39.99,39.99,0.0,0,775883,241752,1017635,0.7624,1,"20,000,000 .. 50,000,000",20000000,50000000,35000000,0,0,0,53399
230410,Warframe,Digital Extremes,Digital Extremes,"Action, RPG, Free To Play",Free to Play;Action RPG;Looter Shooter;Third-Person Shooter;Action;RPG;Third Person;Character Customization;Massively Multiplayer;Online Co-Op;Co-op;PvE;Sci-fi;Singleplayer;Space;Shooter;Lore-Rich;Hack and Slash;Parkour;Ninja,3,20,0.0,0.0,0.0,1,545393,81110,626503,0.8705,1,"20,000,000 .. 50,000,000",20000000,50000000,35000000,0,0,0,36195
1245620,ELDEN RING,"FromSoftware, Inc.","FromSoftware, Inc., Bandai Namco Entertainment","Action, RPG",Souls-like;Open World;Dark Fantasy;RPG;Difficult;Action RPG;Third Person;Multiplayer;Fantasy;Singleplayer;Online Co-Op;Action;Co-op;Atmospheric;PvP;Great Soundtrack;Violent;3D;Character Customization;Family Friendly,2,20,59.99,59.99,0.0,0,981540,75137,1056677,0.9289,1,"20,000,000 .. 50,000,000",20000000,50000000,35000000,0,0,0,29529
105600,Terraria,Re-Logic,Re-Logic,"Action, Adventure, Indie, RPG",Open World Survival Craft;Sandbox;Survival;2D;Multiplayer;Adventure;Pixel Graphics;Crafting;Building;Exploration;Co-op;Open World;Online Co-Op;Indie;Action;RPG;Singleplayer;Replay Value;Platformer;Atmospheric,4,20,9.99,9.99,0.0,0,1373979,35494,1409473,0.9748,1,"20,000,000 .. 50,000,000",20000000,50000000,35000000,0,0,0,24580
2694490,Path of Exile 2,Grinding Gear Games,Grinding Gear Games,"Action, Adventure, Massively Multiplayer, RPG, Early Access",Action RPG;Hack and Slash;RPG;Souls-like;MMORPG;Dark Fantasy;Isometric;Action;Loot;Dungeon Crawler;Adventure;Multiplayer;Online Co-Op;Character Customization;Early Access;Inventory Management;Crafting;Horror;Dark;Free to Play,5,20,29.99,29.99,0.0,0,118511,50510,169021,0.7012,1,"20,000,000 .. 50,000,000",20000000,50000000,35000000,0,0,0,16727
431960,Wallpaper Engine,Wallpaper Engine Team,Wallpaper Engine Team,"Casual, Indie, Animation & Modeling, Design & Illustration, Photo Editing, Utilities",Mature;Utilities;Anime;Software;Design & Illustration;Animation & Modeling;First-Person;NSFW;Indie;Memes;Cute;Action;Singleplayer;Funny;Early Access;Photo Editing;Sandbox;Horror;Gaming;Game Development,6,20,4.99,4.99,0.0,0,876898,17560,894458,0.9804,1,"20,000,000 .. 50,000,000",20000000,50000000,35000000,0,0,0,91184
1086940,Baldur's Gate 3,Larian Studios,Larian Studios,"Adventure, RPG, Strategy",RPG;Character Customization;Choices Matter;Story Rich;Turn-Based Combat;Dungeons & Dragons;CRPG;Fantasy;Adventure;Sexual Content;Romance;Online Co-Op;Multiplayer;Strategy;Singleplayer;Co-op Campaign;Nudity;Class-Based;Dark Fantasy;Combat,3,20,44.99,59.99,25.0,0,736688,23974,760662,0.9685,1,"20,000,000 .. 50,000,000",20000000,50000000,35000000,0,0,0,54771
291550,Brawlhalla,Blue Mammoth Games,Ubisoft,"Action, Indie, Free To Play",Free to Play;Multiplayer;Fighting;2D Fighter;2D Platformer;Casual;Local Multiplayer;Co-op;Controller;Platformer;Action;Online Co-Op;Local Co-Op;Fantasy;4 Player Local;Family Friendly;e-sports;Cartoony;Singleplayer;Indie,3,20,0.0,0.0,0.0,1,314809,71647,386456,0.8146,1,"20,000,000 .. 50,000,000",20000000,50000000,35000000,0,0,0,14169
4000,Garry's Mod,Facepunch Studios,Valve,"Casual, Indie, Simulation",Sandbox;Moddable;Multiplayer;Physics;Building;Casual;Funny;First-Person;Singleplayer;FPS;Simulation;Comedy;Online Co-Op;Co-op;Shooter;Action;Indie;PvP;Realistic;Exploration,3,20,4.99,9.99,50.0,0,1122546,37161,1159707,0.968,1,"20,000,000 .. 50,000,000",20000000,50000000,35000000,0,0,0,18400
1085660,Destiny 2,Bungie,Bungie,"Action, Adventure, Free To Play",Free to Play;Open World;Multiplayer;Looter Shooter;MMORPG;FPS;Co-op;PvE;PvP;Shooter;Massively Multiplayer;Loot;First-Person;Sci-fi;Action;Adventure;Lore-Rich;Space;Competitive;Atmospheric,3,20,0.0,0.0,0.0,1,497891,127725,625616,0.7958,1,"20,000,000 .. 50,000,000",20000000,50000000,35000000,0,0,0,24619
359550,Tom Clancy's Rainbow Six Siege,Ubisoft Montreal,Ubisoft,Action,FPS;PvP;Multiplayer;Tactical;e-sports;Shooter;Competitive;Online Co-Op;Action;Hero Shooter;Team-Based;Military;Strategy;First-Person;Co-op;Realistic;War;Destruction;Difficult;3D,1,20,19.99,19.99,0.0,0,1172854,225730,1398584,0.8386,1,"20,000,000 .. 50,000,000",20000000,50000000,35000000,0,0,0,51847
252490,Rust,Facepunch Studios,Facepunch Studios,"Action, Adventure, Indie, Massively Multiplayer, RPG",Survival;Crafting;Multiplayer;Open World;Open World Survival Craft;Building;PvP;Sandbox;Adventure;First-Person;Action;Nudity;FPS;Shooter;Co-op;Online Co-Op;Indie;Post-apocalyptic;Early Access;Simulation,5,20,39.99,39.99,0.0,0,1071135,156649,1227784,0.8724,1,"20,000,000 .. 50,000,000",20000000,50000000,35000000,0,0,0,143870
552990,World of Warships,Wargaming Group Limited,Wargaming Group Limited,"Action, Massively Multiplayer, Simulation, Strategy, Free To Play",Free to Play;Naval Combat;Action;Co-op;Tactical;Online Co-Op;Multiplayer;Naval;PvP;World War II;War;Military;Team-Based;Massively Multiplayer;PvE;Simulation;Historical;Shooter;Realistic;Third-Person Shooter,5,20,0.0,0.0,0.0,1,112887,33665,146552,0.7703,1,"20,000,000 .. 50,000,000",20000000,50000000,35000000,0,0,0,8518
346110,ARK: Survival Evolved,"Studio Wildcard, Instinct Games, Efecto Studios, Virtual Basement LLC","Studio Wildcard, Snail Games USA","Action, Adventure, Indie, Massively Multiplayer, RPG",Open World Survival Craft;Survival;Multiplayer;Open World;Dinosaurs;Crafting;Building;Adventure;Base-Building;Co-op;Action;Sandbox;First-Person;Massively Multiplayer;Singleplayer;Early Access;RPG;Dragons;Sci-fi;Indie,5,20,14.99,14.99,0.0,0,612177,117993,730170,0.8384,1,"20,000,000 .. 50,000,000",20000000,50000000,35000000,0,0,0,22170
413150,Stardew Valley,ConcernedApe,ConcernedApe,"Indie, RPG, Simulation",Farming Sim;Pixel Graphics;Multiplayer;Life Sim;RPG;Relaxing;Agriculture;Simulation;Crafting;Sandbox;Indie;Building;Singleplayer;Casual;Open World;2D;Dating Sim;Cute;Great Soundtrack;Fishing,3,20,14.99,14.99,0.0,0,872384,13811,886195,0.9844,1,"20,000,000 .. 50,000,000",20000000,50000000,35000000,0,0,0,50662
242760,The Forest,Endnight Games Ltd,Endnight Games Ltd,"Action, Adventure, Indie, Simulation",Open World Survival Craft;Survival;Open World;Horror;Crafting;Adventure;Building;Survival Horror;First-Person;Action;Exploration;Sandbox;Singleplayer;Atmospheric;Simulation;Gore;Realistic;Indie;Zombies;Early Access,4,20,19.99,19.99,0.0,0,599805,27986,627791,0.9554,1,"20,000,000 .. 50,000,000",20000000,50000000,35000000,0,0,0,2892
238960,Path of Exile,Grinding Gear Games,Grinding Gear Games,"Action, Adventure, Indie, Massively Multiplayer, RPG, Free To Play",Free to Play;Dark Fantasy;Action RPG;Hack and Slash;Loot;MMORPG;Multiplayer;Dungeon Crawler;Isometric;Character Customization;RPG;Online Co-Op;Singleplayer;Inventory Management;Action;PvP;Horror;Massively Multiplayer;Fantasy;Adventure,6,20,0.0,0.0,0.0,1,209822,25269,235091,0.8925,1,"20,000,000 .. 50,000,000",20000000,50000000,35000000,0,0,0,4694
218620,PAYDAY 2,OVERKILL - a Starbreeze Studio.,Starbreeze Entertainment,"Action, RPG",Co-op;Action;FPS;Heist;Multiplayer;Looter Shooter;Online Co-Op;Stealth;Crime;Shooter;Team-Based;First-Person;Great Soundtrack;Gun Customization;Tactical;PvE;Strategy;Singleplayer;Funny;Simulation,2,20,4.99,9.99,50.0,0,594327,68755,663082,0.8963,1,"20,000,000 .. 50,000,000",20000000,50000000,35000000,0,0,0,27254
291480,Warface: Clutch,MY.GAMES,MY.GAMES,"Action, Massively Multiplayer, Free To Play",Free to Play;FPS;Multiplayer;Shooter;Action;PvP;Co-op;Gun Customization;Character Customization;First-Person;Online Co-Op;Team-Based;Tactical;Realistic;Class-Based;Massively Multiplayer;Military;PvE;War;Competitive,3,20,0.0,0.0,0.0,1,54554,27643,82197,0.6637,0,"20,000,000 .. 50,000,000",20000000,50000000,35000000,0,0,0,270
901583,Grand Theft Auto IV: Complete Edition,"Rockstar North, Rockstar Toronto",Rockstar Games,"Action, Adventure",Open World;Action;Automobile Sim;Multiplayer;Crime;Third Person;Adventure;Singleplayer;Third-Person Shooter;Moddable;Sandbox;Shooter;Physics;Atmospheric;Classic;Dark Humor;Funny;Gore;Satire;Co-op,2,20,0.0,0.0,0.0,1,144570,30702,175272,0.8248,1,"20,000,000 .. 50,000,000",20000000,50000000,35000000,0,0,0,0
899770,Last Epoch,Eleventh Hour Games,"Eleventh Hour Games, KRAFTON, Inc","Action, Adventure, Indie, RPG",Action RPG;Loot;Hack and Slash;RPG;Isometric;Multiplayer;Action;Co-op;Adventure;Top-Down;Dungeon Crawler;Indie;Singleplayer;Fantasy;Gore;MMORPG;Character Customization;Magic;Violent;Time Travel,4,20,34.99,34.99,0.0,0,88027,22596,110623,0.7957,1,"20,000,000 .. 50,000,000",20000000,50000000,35000000,0,0,0,5831
340,Half-Life 2: Lost Coast,Valve,Valve,Action,FPS;Action;Singleplayer;First-Person;Sci-fi;Shooter;Short;Aliens;Dystopian;Classic;Adventure;Atmospheric;Benchmark;Futuristic;Silent Protagonist;Free to Play;Post-apocalyptic;Story Rich;Multiplayer;Great Soundtrack,1,20,19.99,19.99,0.0,0,12215,1471,13686,0.8925,1,"20,000,000 .. 50,000,000",20000000,50000000,35000000,0,0,0,2
1091500,Cyberpunk 2077,CD PROJEKT RED,CD PROJEKT RED,RPG,Cyberpunk;Open World;Nudity;RPG;Singleplayer;Sci-fi;FPS;Story Rich;Mature;Futuristic;First-Person;Atmospheric;Exploration;Action;Violent;Great Soundtrack;Action RPG;Adventure;Character Customization;Immersive Sim,1,20,59.99,59.99,0.0,0,713071,131850,844921,0.8439,1,"20,000,000 .. 50,000,000",20000000,50000000,35000000,0,0,0,22265
381210,Dead by Daylight,Behaviour Interactive Inc.,Behaviour Interactive Inc.,Action,Horror;Multiplayer;Survival Horror;Online Co-Op;Co-op;Survival;Gore;Team-Based;Blood;Stealth;Third Person;Violent;First-Person;Psychological Horror;Action;Atmospheric;Strategy;Comedy;Mature;Difficult,1,20,19.99,19.99,0.0,0,630223,166993,797216,0.7905,1,"20,000,000 .. 50,000,000",20000000,50000000,35000000,0,0,0,44886
990080,Hogwarts Legacy,Avalanche Software,Warner Bros. Games,"Action, Adventure, RPG",Magic;Open World;Fantasy;Singleplayer;Adventure;RPG;Character Customization;Exploration;Story Rich;Third Person;Action-Adventure;Atmospheric;Action RPG;Action;Combat;Choices Matter;Puzzle;Great Soundtrack;Dark;Family Friendly,3,20,59.99,59.99,0.0,0,289966,31429,321395,0.9022,1,"20,000,000 .. 50,000,000",20000000,50000000,35000000,0,0,0,5716
438100,VRChat,VRChat Inc.,VRChat Inc.,"Adventure, Casual, Massively Multiplayer, Simulation, Sports, Free To Play, Early Access",VR;Free to Play;Multiplayer;Anime;Memes;Funny;Massively Multiplayer;First-Person;Open World;Early Access;Simulation;Casual;Adventure;MMORPG;Comedy;Sandbox;Dating Sim;Survival Horror;Action;Atmospheric,7,20,0.0,0.0,0.0,1,181623,58732,240355,0.7556,1,"20,000,000 .. 50,000,000",20000000,50000000,35000000,0,0,0,34699
292030,The Witcher 3: Wild Hunt - Complete Edition,CD PROJEKT RED,CD PROJEKT RED,RPG,Open World;RPG;Story Rich;Atmospheric;Mature;Fantasy;Adventure;Singleplayer;Nudity;Choices Matter;Great Soundtrack;Third Person;Medieval;Action;Multiple Endings;Action RPG;Dark Fantasy;Magic;Dark;Sandbox,1,20,49.99,49.99,0.0,0,802993,32356,835349,0.9613,1,"20,000,000 .. 50,000,000",20000000,50000000,35000000,0,0,0,15893
945360,Among Us,Innersloth,Innersloth,Casual,Multiplayer;Social Deduction;Online Co-Op;Space;Survival;2D;Funny;Psychological;Party Game;Co-op;Cartoony;Local Multiplayer;Casual;Action;Sci-fi;PvP;Top-Down;Colorful;Minigames;Aliens,1,20,4.99,4.99,0.0,0,643681,57104,700785,0.9185,1,"20,000,000 .. 50,000,000",20000000,50000000,35000000,0,0,0,3832
1097150,Fall Guys: Ultimate Knockout,Mediatonic,Ravenscourt,"Action, Casual, Indie, Massively Multiplayer, Sports",Multiplayer;Party Game;Battle Royale;Family Friendly;Massively Multiplayer;Platformer;Cute;Funny;PvP;3D Platformer;Controller;Casual;Colorful;Action;Online Co-Op;Co-op;Comedy;Physics;Indie;Difficult,5,20,0.0,0.0,0.0,1,385154,88589,473743,0.813,1,"20,000,000 .. 50,000,000",20000000,50000000,35000000,0,0,0,664
49520,Borderlands 2,"Gearbox Software, Aspyr (Mac), Aspyr (Linux)","2K, Aspyr (Mac), Aspyr (Linux)","Action, RPG",Loot;Shooter;Action;Multiplayer;Co-op;Looter Shooter;FPS;RPG;First-Person;Funny;Comedy;Open World;Combat;Online Co-Op;Adventure;Action RPG;Dark Humor;Singleplayer;Memes;Sci-fi,2,20,4.99,19.99,75.0,0,272900,22318,295218,0.9244,1,"10,000,000 .. 20,000,000",10000000,20000000,15000000,0,0,0,8551
227300,Euro Truck Simulator 2,SCS Software,SCS Software,"Indie, Simulation",Driving;Transportation;Simulation;Open World;Automobile Sim;Realistic;Moddable;Relaxing;Exploration;Economy;Immersive Sim;Management;Atmospheric;Multiplayer;Controller;Family Friendly;Third Person;Adventure;Casual;Indie,2,20,19.99,19.99,0.0,0,844480,22924,867404,0.9736,1,"10,000,000 .. 20,000,000",10000000,20000000,15000000,0,0,0,17281
892970,Valheim,Iron Gate AB,Coffee Stain Publishing,"Action, Adventure, Indie, RPG",Open World Survival Craft;Survival;Online Co-Op;Open World;Multiplayer;Building;Crafting;Base-Building;Exploration;Co-op;Adventure;Difficult;Mythology;Sandbox;PvE;Third Person;Action;Singleplayer;Early Access;Indie,4,20,29.99,29.99,0.0,0,471451,28377,499828,0.9432,1,"10,000,000 .. 20,000,000",10000000,20000000,15000000,0,0,0,14439
739630,Phasmophobia,Kinetic Games,Kinetic Games,"Action, Indie, Early Access",Horror;Online Co-Op;Multiplayer;Psychological Horror;Co-op;Supernatural;VR;First-Person;Investigation;Dark;Demons;Detective;Mystery;Thriller;3D;Early Access;Indie;Action;Tactical;Singleplayer,3,20,13.99,19.99,30.0,0,736611,32168,768779,0.9582,1,"10,000,000 .. 20,000,000",10000000,20000000,15000000,0,0,0,9978
444090,Paladins,Evil Mojo Games,Hi-Rez Studios,"Action, Adventure, Massively Multiplayer, Strategy, Free To Play",Hero Shooter;Free to Play;Multiplayer;FPS;Shooter;Action;Team-Based;First-Person;PvP;MOBA;Online Co-Op;Fantasy;Controller;Strategy;Co-op;Character Customization;Massively Multiplayer;Colorful;Adventure;Funny,5,20,0.0,0.0,0.0,1,294373,52031,346404,0.8498,1,"10,000,000 .. 20,000,000",10000000,20000000,15000000,0,0,0,1028
1203220,NARAKA: BLADEPOINT,24 Entertainment,NetEase Games Global,"Action, Adventure, Massively Multiplayer",Battle Royale;Multiplayer;Martial Arts;Mature;PvP;Action;Female Protagonist;Character Customization;Massively Multiplayer;Fighting;Survival;Third Person;Swordplay;Hack and Slash;Anime;Parkour;Adventure;Free to Play;Violent;Gore,3,20,0.0,0.0,0.0,1,225960,98967,324927,0.6954,0,"10,000,000 .. 20,000,000",10000000,20000000,15000000,0,0,0,66954
320,Half-Life 2: Deathmatch,Valve,Valve,Action,Action;FPS;Multiplayer;Shooter;First-Person;Sci-fi;Physics;Competitive;Funny;Co-op;Old School;PvP;Arena Shooter;Moddable;Atmospheric;Adventure;Great Soundtrack;Singleplayer;Violent;Mod,1,20,19.99,19.99,0.0,0,12962,1334,14296,0.9067,1,"10,000,000 .. 20,000,000",10000000,20000000,15000000,0,0,0,159
70,Half-Life,Valve,Valve,Action,FPS;Classic;1990's;Singleplayer;Sci-fi;Multiplayer;Shooter;Action;First-Person;Aliens;Story Rich;Silent Protagonist;Atmospheric;Gore;Retro;Moddable;Adventure;Action-Adventure;Difficult;PvP,1,20,9.99,9.99,0.0,0,143086,5135,148221,0.9654,1,"10,000,000 .. 20,000,000",10000000,20000000,15000000,0,0,0,634
582010,Monster Hunter: World,"CAPCOM Co., Ltd.","CAPCOM Co., Ltd.",Action,Co-op;Multiplayer;Action;Open World;RPG;Character Customization;Third Person;Adventure;Fantasy;Action RPG;Difficult;Singleplayer;Exploration;Great Soundtrack;Replay Value;Atmospheric;Hack and Slash;JRPG;MMORPG;Souls-like,1,20,7.79,29.99,74.0,0,434239,59151,493390,0.8801,1,"10,000,000 .. 20,000,000",10000000,20000000,15000000,0,0,0,11923
227940,Heroes & Generals,TLM Partners,TLM Partners,"Action, Free To Play, Indie, Massively Multiplayer, Strategy",Free to Play;World War II;FPS;Multiplayer;War;Shooter;Action;First-Person;Massively Multiplayer;Strategy;Tactical;Co-op;Historical;Open World;Simulation;Atmospheric;Adventure;Indie;Early Access;RTS,5,20,0.0,0.0,0.0,1,96499,46264,142763,0.6759,0,"10,000,000 .. 20,000,000",10000000,20000000,15000000,0,0,0,0
252950,Rocket League,Psyonix LLC,Psyonix LLC,"Action, Indie, Racing, Sports",Multiplayer;Football (Soccer);Competitive;Sports;Racing;Team-Based;Online Co-Op;Football (American);Fast-Paced;Co-op;Action;Funny;Great Soundtrack;Local Multiplayer;Split Screen;Local Co-Op;Singleplayer;4 Player Local;Casual;Indie,4,20,0.0,0.0,0.0,1,509445,73775,583220,0.8735,1,"10,000,000 .. 20,000,000",10000000,20000000,15000000,0,0,0,21106
108600,Project Zomboid,The Indie Stone,The Indie Stone,"Indie, RPG, Simulation, Early Access",Survival;Zombies;Open World;Multiplayer;Open World Survival Craft;Sandbox;Post-apocalyptic;Co-op;Crafting;Building;Indie;Simulation;RPG;Survival Horror;Realistic;Isometric;Singleplayer;2D;Adventure;Early Access,4,20,24.99,24.99,0.0,0,355171,21892,377063,0.9419,1,"10,000,000 .. 20,000,000",10000000,20000000,15000000,0,0,0,22864
1966720,Lethal Company,Zeekerss,Zeekerss,"Action, Adventure, Indie, Early Access",Online Co-Op;Horror;First-Person;Co-op;Survival Horror;Exploration;Funny;Psychological Horror;Sci-fi;PvE;Atmospheric;Procedural Generation;Aliens;Time Management;Adventure;Dungeon Crawler;Action;Early Access;Action-Adventure;Perma Death,4,20,9.99,9.99,0.0,0,473422,13738,487160,0.9718,1,"10,000,000 .. 20,000,000",10000000,20000000,15000000,0,0,0,6199
1174180,Red Dead Redemption 2,Rockstar Games,Rockstar Games,"Action, Adventure",Open World;Story Rich;Western;Adventure;Multiplayer;Action;Realistic;Singleplayer;Shooter;Atmospheric;Horses;Beautiful;Mature;Third-Person Shooter;Great Soundtrack;Third Person;Gore;Sandbox;First-Person;FPS,2,20,59.99,59.99,0.0,0,676667,56875,733542,0.9225,1,"10,000,000 .. 20,000,000",10000000,20000000,15000000,0,0,0,29885
1517290,Battlefield 2042,DICE,Electronic Arts,"Action, Adventure, Casual",FPS;Multiplayer;Shooter;Military;War;Singleplayer;Action;First-Person;Combat;Team-Based;PvP;Futuristic;Vehicular Combat;Modern;Destruction;Physics;Cinematic;Adventure;Hero Shooter;Casual,3,20,59.99,59.99,0.0,0,139186,158588,297774,0.4674,0,"10,000,000 .. 20,000,000",10000000,20000000,15000000,0,0,0,2774
1240440,Halo Infinite,343 Industries,Xbox Game Studios,"Action, Free To Play",Free to Play;FPS;Multiplayer;Singleplayer;Shooter;Action;First-Person;Open World;Sci-fi;Co-op;PvP;Competitive;Story Rich;Space;Adventure;Aliens;Lore-Rich;Atmospheric;Cinematic;Soundtrack,2,20,0.0,0.0,0.0,1,123333,53708,177041,0.6966,0,"10,000,000 .. 20,000,000",10000000,20000000,15000000,0,0,0,2275
648800,Raft,Redbeet Interactive,Axolot Games,"Adventure, Indie, Simulation",Survival;Multiplayer;Open World Survival Craft;Co-op;Crafting;Open World;Building;Base-Building;Online Co-Op;Adventure;Sandbox;First-Person;Singleplayer;Underwater;Simulation;Early Access;Action;Indie;Strategy;Massively Multiplayer,3,20,19.99,19.99,0.0,0,323198,23161,346359,0.9331,1,"10,000,000 .. 20,000,000",10000000,20000000,15000000,0,0,0,4701
386360,SMITE,Titan Forge Games,Hi-Rez Studios,"Action, Adventure, Casual, Massively Multiplayer, RPG, Strategy, Free To Play",Free to Play;MOBA;Multiplayer;Action;Third Person;Mythology;Strategy;MMORPG;Team-Based;Nostalgia;Competitive;Anime;PvP;Co-op;e-sports;Massively Multiplayer;RPG;Adventure;Casual;Strategy RPG,7,20,0.0,0.0,0.0,1,94368,25428,119796,0.7877,1,"10,000,000 .. 20,000,000",10000000,20000000,15000000,0,0,0,1853
444200,World of Tanks Blitz,Wargaming Group Limited,Wargaming Group Limited,"Action, Massively Multiplayer, Simulation, Strategy, Free To Play",Tanks;Free to Play;Shooter;Action;FPS;Multiplayer;Strategy;Massively Multiplayer;PvP;World War II;Real Time Tactics;Team-Based;War;Online Co-Op;Competitive;Military;Singleplayer;Realistic;3D Platformer;Vehicular Combat,5,20,0.0,0.0,0.0,1,116407,31754,148161,0.7857,1,"10,000,000 .. 20,000,000",10000000,20000000,15000000,0,0,0,5707
10,Counter-Strike,Valve,Valve,Action,Action;FPS;Multiplayer;Shooter;Classic;Team-Based;First-Person;Competitive;Tactical;1990's;e-sports;PvP;Old School;Military;Strategy;Survival;Score Attack;1980s;Assassin;Nostalgia,1,20,9.99,9.99,0.0,0,243818,6427,250245,0.9743,1,"10,000,000 .. 20,000,000",10000000,20000000,15000000,0,0,0,7323
240,Counter-Strike: Source,Valve,Valve,Action,Shooter;FPS;Action;Multiplayer;Team-Based;First-Person;Competitive;Tactical;PvP;e-sports;Military;War;Strategy;Moddable;Singleplayer;Difficult;Atmospheric;Survival;Simulation;Sandbox,1,20,9.99,9.99,0.0,0,175426,6808,182234,0.9626,1,"10,000,000 .. 20,000,000",10000000,20000000,15000000,0,0,0,6187
3164500,Schedule I,TVGS,TVGS,"Action, Indie, Simulation, Strategy, Early Access",Simulation;Co-op;Crime;Multiplayer;Open World;Management;First-Person;Action;Crafting;Base-Building;Automation;Building;Stealth;Strategy;FPS;Character Customization;Driving;Shooter;Early Access;Action-Adventure,5,20,19.99,19.99,0.0,0,200803,3238,204041,0.9841,1,"10,000,000 .. 20,000,000",10000000,20000000,15000000,0,0,0,22757
755790,Ring of Elysium,Aurora Studio,TCH Scarlet Limited,"Action, Free To Play, Massively Multiplayer",Free to Play;Battle Royale;Shooter;Multiplayer;Survival;FPS;Action;Massively Multiplayer;Third-Person Shooter;Early Access;Singleplayer;Open World;PvP;Co-op;Tactical;3D;Violent;Gore;MOBA;First-Person,3,20,0.0,0.0,0.0,1,74345,25492,99837,0.7447,1,"10,000,000 .. 20,000,000",10000000,20000000,15000000,0,0,0,0
400,Portal,Valve,Valve,Action,Puzzle;Puzzle-Platformer;First-Person;3D Platformer;Singleplayer;Sci-fi;Comedy;Female Protagonist;Physics;Funny;Action;Classic;Story Rich;Platformer;Science;Atmospheric;Dark Humor;Short;FPS;Adventure,1,20,9.99,9.99,0.0,0,175024,2717,177741,0.9847,1,"10,000,000 .. 20,000,000",10000000,20000000,15000000,0,0,0,638
1222670,The Sims 4,Maxis,Electronic Arts,"Adventure, Casual, Simulation, Free To Play",Life Sim;Character Customization;Free to Play;Building;Romance;Simulation;Sandbox;Singleplayer;Dating Sim;Relaxing;Casual;Realistic;Family Friendly;Funny;Immersive Sim;Cute;Fantasy;Adventure;Cartoony;Nudity,4,20,0.0,0.0,0.0,1,149064,21663,170727,0.8731,1,"10,000,000 .. 20,000,000",10000000,20000000,15000000,0,0,0,25276
550650,Black Squad,"VALOFE, NS STUDIO",VALOFE,"Action, Free To Play",Free to Play;FPS;Shooter;Multiplayer;Action;Early Access;First-Person;Military;Singleplayer;PvP;Co-op;War;Tactical;Massively Multiplayer;Team-Based;Violent;Open World;Strategy;Gore;Adventure,2,20,0.0,0.0,0.0,1,62042,19672,81714,0.7593,1,"10,000,000 .. 20,000,000",10000000,20000000,15000000,0,0,0,212
322330,Don't Starve Together,Klei Entertainment,Klei Entertainment,"Action, Adventure, Indie, RPG, Simulation, Strategy",Survival;Open World Survival Craft;Multiplayer;Co-op;Open World;Adventure;Crafting;Online Co-Op;Sandbox;Difficult;Indie;2D;Atmospheric;Funny;Survival Horror;Strategy;Horror;Singleplayer;Action;Rogue-like,6,20,14.99,14.99,0.0,0,475393,23668,499061,0.9526,1,"10,000,000 .. 20,000,000",10000000,20000000,15000000,0,0,0,30542
239140,Dying Light,Techland,Techland,"Action, Adventure, RPG",Zombies;Survival Horror;Horror;Online Co-Op;Open World;Parkour;First-Person;Survival;Open World Survival Craft;Gore;FPS;Action;PvE;Stealth;PvP;Multiplayer;Post-apocalyptic;Story Rich;Action RPG;Hack and Slash,3,20,24.99,24.99,0.0,0,435687,21945,457632,0.952,1,"10,000,000 .. 20,000,000",10000000,20000000,15000000,0,0,0,4953
477160,Human Fall Flat,No Brakes Games,Curve Games,"Adventure, Casual, Indie, Simulation",Co-op;Funny;Puzzle;Adventure;Physics;Multiplayer;Sandbox;Puzzle-Platformer;Action;Open World;Local Co-Op;Indie;Local Multiplayer;Comedy;Parkour;Casual;Split Screen;Singleplayer;3D Platformer;Simulation,4,20,19.99,19.99,0.0,0,202253,11387,213640,0.9467,1,"10,000,000 .. 20,000,000",10000000,20000000,15000000,0,0,0,950
251570,7 Days to Die,The Fun Pimps,The Fun Pimps Entertainment LLC,"Action, Adventure, Indie, RPG, Simulation, Strategy",Survival;Zombies;Multiplayer;Open World;Open World Survival Craft;Base-Building;Post-apocalyptic;Voxel;Online Co-Op;Building;Exploration;Sandbox;FPS;Simulation;Tower Defense;Character Customization;Action;Horror;Strategy;Procedural Generation,6,20,44.99,44.99,0.0,0,327889,42157,370046,0.8861,1,"10,000,000 .. 20,000,000",10000000,20000000,15000000,0,0,0,17045
100,Counter-Strike: Condition Zero,Valve,Valve,Action,Action;FPS;Shooter;Multiplayer;First-Person;Classic;Singleplayer;Tactical;Team-Based;Competitive;Strategy;Online Co-Op;Military;Masterpiece;Adventure;Survival;Atmospheric;Open World;Simulation;Dark,1,20,9.99,9.99,0.0,0,13442,1535,14977,0.8975,1,"10,000,000 .. 20,000,000",10000000,20000000,15000000,0,0,0,83
1665460,eFootball,KONAMI,KONAMI,"Simulation, Sports, Free To Play",Football (Soccer);Free to Play;Controller;Multiplayer;Sports;e-sports;Simulation;Local Multiplayer;PvP;Co-op;Singleplayer;Online Co-Op;Local Co-Op;Realistic;Comedy;Memes;Violent;Anime;LGBTQ+;Funny,3,20,0.0,0.0,0.0,1,44067,48266,92333,0.4773,0,"10,000,000 .. 20,000,000",10000000,20000000,15000000,0,0,0,13404
433850,Z1 Battle Royale,Daybreak Game Company,Daybreak Game Company,"Action, Adventure, Free To Play, Massively Multiplayer",Survival;Massively Multiplayer;Multiplayer;Open World;Battle Royale;PvP;FPS;Action;Shooter;Free to Play;Third-Person Shooter;Zombies;Co-op;Early Access;Online Co-Op;Adventure;First-Person;Violent;Gore;Walking Simulator,4,20,0.0,0.0,0.0,1,113729,90284,204013,0.5575,0,"10,000,000 .. 20,000,000",10000000,20000000,15000000,0,0,0,1010
594650,Hunt: Showdown 1896,Crytek,Crytek,Action,Open World;Extraction Shooter;Multiplayer;Atmospheric;Tactical;FPS;Perma Death;Western;Shooter;PvP;Horror;Online Co-Op;Co-op;Survival Horror;Difficult;Battle Royale;Team-Based;Action;Gore;Zombies,1,20,11.99,29.99,60.0,0,181110,67110,248220,0.7296,1,"10,000,000 .. 20,000,000",10000000,20000000,15000000,0,0,0,6300
814380,Sekiro: Shadows Die Twice - GOTY Edition,"FromSoftware, Inc.","Activision (Excluding Japan and Asia), FromSoftware, Inc. (Japan), 方块游戏 (Asia)","Action, Adventure",Souls-like;Difficult;Action;Singleplayer;Ninja;Stealth;Adventure;Third Person;Open World;Story Rich;Violent;Atmospheric;Assassin;Dark Fantasy;Hack and Slash;RPG;Gore;Great Soundtrack;Rhythm;Dark,2,20,59.99,59.99,0.0,0,307041,15193,322234,0.9529,1,"10,000,000 .. 20,000,000",10000000,20000000,15000000,0,0,0,6767
220,Half-Life 2,Valve,Valve,Action,FPS;Action;Sci-fi;Classic;Singleplayer;Story Rich;Shooter;First-Person;Adventure;Dystopian;Atmospheric;Zombies;Silent Protagonist;Physics;Aliens;Great Soundtrack;Horror;Multiplayer;Puzzle;Moddable,1,20,9.99,9.99,0.0,0,239721,5906,245627,0.976,1,"10,000,000 .. 20,000,000",10000000,20000000,15000000,0,0,0,1555
107410,Arma 3,Bohemia Interactive,Bohemia Interactive,"Action, Simulation, Strategy",Military;Action;Multiplayer;Shooter;Simulation;Realistic;First-Person;Open World;Tactical;FPS;War;Co-op;Strategy;Sandbox;Singleplayer;Moddable;Combat;Online Co-Op;Team-Based;Third-Person Shooter,3,20,7.49,29.99,75.0,0,256128,27136,283264,0.9042,1,"10,000,000 .. 20,000,000",10000000,20000000,15000000,0,0,0,7181
1326470,Sons Of The Forest,Endnight Games Ltd,Newnight,"Action, Adventure, Indie, Simulation",Survival;Open World;Multiplayer;Co-op;Survival Horror;Base-Building;Horror;Crafting;First-Person;Building;Exploration;Adventure;Singleplayer;Atmospheric;Sandbox;Action-Adventure;Action;Simulation;Immersive Sim;Early Access,4,20,29.99,29.99,0.0,0,222495,31051,253546,0.8775,1,"10,000,000 .. 20,000,000",10000000,20000000,15000000,0,0,0,4450
219990,Grim Dawn,Crate Entertainment,Crate Entertainment,"Action, Adventure, Indie, RPG",Action RPG;Hack and Slash;Loot;Isometric;Dark Fantasy;RPG;Dungeon Crawler;Co-op;Singleplayer;Character Customization;Dark;Multiplayer;Adventure;Fantasy;Action;Atmospheric;Post-apocalyptic;Crafting;Moddable;Choices Matter,4,20,3.74,24.99,85.0,0,93489,6241,99730,0.9374,1,"10,000,000 .. 20,000,000",10000000,20000000,15000000,0,0,0,2376
255710,Cities: Skylines,Colossal Order,Paradox Interactive,"Simulation, Strategy",City Builder;Simulation;Building;Management;Strategy;Sandbox;Singleplayer;Moddable;Economy;Resource Management;Mod;Realistic;Replay Value;Casual;Modern;Real-Time with Pause;Family Friendly;Great Soundtrack;Funny;Action,2,20,29.99,29.99,0.0,0,256362,19408,275770,0.9296,1,"10,000,000 .. 20,000,000",10000000,20000000,15000000,0,0,0,8842
261550,Mount & Blade II: Bannerlord,TaleWorlds Entertainment,TaleWorlds Entertainment,"Action, Indie, RPG, Simulation, Strategy",Medieval;Strategy;Open World;RPG;War;Sandbox;Multiplayer;Singleplayer;Action;Character Customization;Simulation;Moddable;Adventure;Horses;Realistic;Third Person;Historical;First-Person;Great Soundtrack;Early Access,5,20,49.99,49.99,0.0,0,232360,32031,264391,0.8788,1,"10,000,000 .. 20,000,000",10000000,20000000,15000000,0,0,0,14477
8930,Sid Meier's Civilization V,"Firaxis Games, Aspyr (Mac), Aspyr (Linux)","2K, Aspyr (Mac), Aspyr (Linux)",Strategy,Turn-Based Strategy;Strategy;Turn-Based;Multiplayer;Historical;4X;Addictive;Singleplayer;Hex Grid;Grand Strategy;Replay Value;Co-op;Economy;Tactical;Diplomacy;Moddable;Simulation;Classic;Great Soundtrack;Touch-Friendly,1,20,7.49,29.99,75.0,0,195724,8541,204265,0.9582,1,"10,000,000 .. 20,000,000",10000000,20000000,15000000,0,0,0,12206
304050,Trove,gamigo US Inc.,gamigo US Inc.,"Action, Adventure, Casual, Massively Multiplayer, RPG, Free To Play",Free to Play;Open World;Sandbox;Pixel Graphics;Fantasy;MMORPG;Voxel;Multiplayer;Crafting;Family Friendly;Replay Value;RPG;Building;Procedural Generation;Adventure;Dungeon Crawler;Massively Multiplayer;Nostalgia;Action;Colorful,6,20,0.0,0.0,0.0,1,74103,18267,92370,0.8022,1,"10,000,000 .. 20,000,000",10000000,20000000,15000000,0,0,0,758
289070,Sid Meier’s Civilization VI,"Firaxis Games, Aspyr (Mac), Aspyr (Linux)","2K, Aspyr (Mac), Aspyr (Linux)",Strategy,Strategy;Turn-Based Strategy;Multiplayer;Historical;Grand Strategy;Singleplayer;Turn-Based;4X;War;City Builder;Simulation;Tactical;Management;Building;Great Soundtrack;Online Co-Op;Moddable;Co-op;Hex Grid;Atmospheric,1,20,5.99,59.99,90.0,0,304053,45867,349920,0.8689,1,"10,000,000 .. 20,000,000",10000000,20000000,15000000,0,0,0,25420
377160,Fallout 4,Bethesda Game Studios,Bethesda Softworks,RPG,Open World;Post-apocalyptic;Singleplayer;Exploration;RPG;Adventure;Atmospheric;Shooter;First-Person;Story Rich;Action;Sci-fi;FPS;Action RPG;Sandbox;Great Soundtrack;Survival;Third Person;Third-Person Shooter;Character Customization,1,20,19.99,19.99,0.0,0,326054,66233,392287,0.8312,1,"10,000,000 .. 20,000,000",10000000,20000000,15000000,0,0,0,11179
532210,Life is Strange 2,"DONTNOD Entertainment, Feral Interactive (Mac), Feral Interactive (Linux)","Square Enix, Feral Interactive (Mac), Feral Interactive (Linux)",Adventure,Choices Matter;Story Rich;Adventure;Singleplayer;Great Soundtrack;Atmospheric;Episodic;Drama;Sexual Content;Choose Your Own Adventure;LGBTQ+;Point & Click;Third Person;Walking Simulator;Mystery;Nudity;Puzzle;Comedy;Funny;Classic,1,20,31.96,31.96,0.0,0,31616,5018,36634,0.863,1,"10,000,000 .. 20,000,000",10000000,20000000,15000000,0,0,0,153
2186680,"Warhammer 40,000: Rogue Trader",Owlcat Games,Owlcat Games,"Action, Adventure, Indie, RPG, Strategy",Character Customization;Cinematic;Story Rich;Turn-Based Strategy;Dark Fantasy;Romance;Turn-Based Tactics;Strategy;Action;RPG;Turn-Based;Singleplayer;Warhammer 40K;Choices Matter;Futuristic;Multiplayer;Adventure;CRPG;Turn-Based Combat;Online Co-Op,5,20,49.99,49.99,0.0,0,26360,4445,30805,0.8557,1,"10,000,000 .. 20,000,000",10000000,20000000,15000000,0,0,0,3582
1238810,Battlefield V,DICE,Electronic Arts,Action,FPS;Multiplayer;Singleplayer;World War II;Shooter;War;Military;First-Person;Massively Multiplayer;PvP;Combat;Open World;Action;Historical;Destruction;Battle Royale;Atmospheric;Violent;Sexual Content;Female Protagonist,1,20,49.99,49.99,0.0,0,177352,72936,250288,0.7086,1,"10,000,000 .. 20,000,000",10000000,20000000,15000000,0,0,0,6327
3241660,R.E.P.O.,semiwork,semiwork,"Action, Early Access",Horror;Online Co-Op;Multiplayer;Comedy;Co-op;Physics;3D;First-Person;Stealth;Action;Robots;Survival;Exploration;Action Roguelike;Procedural Generation;Post-apocalyptic;Perma Death;Sci-fi;Dystopian;Early Access,2,20,6.49,9.99,35.0,0,179154,6488,185642,0.9651,1,"10,000,000 .. 20,000,000",10000000,20000000,15000000,0,0,0,32349
221100,DayZ,Bohemia Interactive,Bohemia Interactive,"Action, Adventure, Massively Multiplayer",Survival;Open World;Online Co-Op;Zombies;Multiplayer;Post-apocalyptic;Shooter;PvP;Massively Multiplayer;Action;FPS;Horror;Sandbox;Co-op;Survival Horror;Adventure;First-Person;Simulation;Atmospheric;Choose Your Own Adventure,3,20,24.99,49.99,50.0,0,330349,99903,430252,0.7678,1,"10,000,000 .. 20,000,000",10000000,20000000,15000000,0,0,0,37066
526870,Satisfactory,Coffee Stain Studios,Coffee Stain Publishing,"Adventure, Indie, Simulation, Strategy",Base-Building;Automation;Open World;Multiplayer;Crafting;Co-op;Building;Resource Management;Sandbox;Exploration;Adventure;Open World Survival Craft;Survival;First-Person;Simulation;Strategy;Sci-fi;Singleplayer;Early Access;Indie,4,20,39.99,39.99,0.0,0,225479,6585,232064,0.9716,1,"10,000,000 .. 20,000,000",10000000,20000000,15000000,0,0,0,12596
1089350,NBA 2K20,Visual Concepts,2K,"Simulation, Sports",Basketball;Sports;Simulation;Multiplayer;Singleplayer;Capitalism;Casual;Loot;Local Multiplayer;Massively Multiplayer;Character Customization;Controller;Realistic,2,13,0.0,0.0,0.0,1,30260,30413,60673,0.4987,0,"5,000,000 .. 10,000,000",5000000,10000000,7500000,0,0,0,221
632360,Risk of Rain 2,Hopoo Games,"Gearbox Publishing, 2K","Action, Indie",Third-Person Shooter;Action Roguelike;Multiplayer;Co-op;Action;Rogue-lite;Rogue-like;Looter Shooter;Loot;Online Co-Op;Shooter;Great Soundtrack;Difficult;Third Person;Indie;Survival;Singleplayer;Soundtrack;Early Access;Bullet Hell,2,20,24.99,24.99,0.0,0,293127,20450,313577,0.9348,1,"5,000,000 .. 10,000,000",5000000,10000000,7500000,0,0,0,7902
1811260,EA SPORTS FIFA 23,EA Canada &amp; EA Romania,Electronic Arts,"Simulation, Sports",Football (Soccer);Sports;Controller;e-sports;PvP;Management;Simulation;Team-Based;Realistic;Third Person;Immersive Sim;Multiplayer;Local Multiplayer;Local Co-Op;Co-op;Singleplayer;Online Co-Op;PvE;Free to Play;LGBTQ+,2,20,0.0,0.0,0.0,1,86192,65227,151419,0.5692,0,"5,000,000 .. 10,000,000",5000000,10000000,7500000,0,0,0,1280
204360,Castle Crashers,The Behemoth,The Behemoth,"Action, Adventure, Casual, Indie, RPG",2D;Online Co-Op;Co-op;Beat 'em up;Hack and Slash;Funny;Adventure;4 Player Local;Local Co-Op;Multiplayer;Local Multiplayer;Action;Singleplayer;Medieval;Cartoony;Cute;Comedy;RPG;Arcade;Casual,5,20,1.49,14.99,90.0,0,120733,4865,125598,0.9613,1,"5,000,000 .. 10,000,000",5000000,10000000,7500000,0,0,0,443
218230,PlanetSide 2,Rogue Planet Games,Daybreak Game Company,"Action, Massively Multiplayer, Free To Play",Free to Play;FPS;Massively Multiplayer;Shooter;Action;Open World;Multiplayer;Team-Based;Sci-fi;War;Tactical;First-Person;PvP;Futuristic;Online Co-Op;Co-op;Strategy;Space;Adventure;RPG,3,20,0.0,0.0,0.0,1,59598,14096,73694,0.8087,1,"5,000,000 .. 10,000,000",5000000,10000000,7500000,0,0,0,496
72850,The Elder Scrolls V: Skyrim,Bethesda Game Studios,Bethesda Softworks,RPG,Open World;RPG;Fantasy;Adventure;Dragons;Moddable;First-Person;Action;Medieval;Singleplayer;Magic;Story Rich;Great Soundtrack;Sandbox;Lore-Rich;Atmospheric;Character Customization;Action RPG;Third Person;Epic,1,20,19.99,19.99,0.0,0,300915,16364,317279,0.9484,1,"5,000,000 .. 10,000,000",5000000,10000000,7500000,0,0,0,1463
394360,Hearts of Iron IV,Paradox Development Studio,Paradox Interactive,"Simulation, Strategy",Strategy;World War II;Grand Strategy;War;Historical;Military;Alternate History;Multiplayer;Simulation;Tactical;Singleplayer;Real-Time with Pause;RTS;Diplomacy;Sandbox;Co-op;Strategy RPG;Open World;Competitive;Action,2,20,49.99,49.99,0.0,0,305168,36982,342150,0.8919,1,"5,000,000 .. 10,000,000",5000000,10000000,7500000,0,0,0,32112
489830,The Elder Scrolls V: Skyrim Special Edition,Bethesda Game Studios,Bethesda Softworks,RPG,Open World;RPG;Adventure;Singleplayer;Fantasy;Character Customization;Moddable;Dragons;Story Rich;Magic;First-Person;Action;Atmospheric;Great Soundtrack;Third Person;Stealth;Classic;Remake;Female Protagonist;Walking Simulator,1,20,39.99,39.99,0.0,0,310162,26896,337058,0.9202,1,"5,000,000 .. 10,000,000",5000000,10000000,7500000,0,0,0,25085
322170,Geometry Dash,RobTop Games,RobTop Games,"Action, Indie",Difficult;Music;Level Editor;Great Soundtrack;Precision Platformer;2D;Rhythm;Singleplayer;Colorful;Platformer;Character Customization;Indie;Arcade;Side Scroller;Family Friendly;Action;Funny;Casual;Strategy;Psychological Horror,2,20,4.99,4.99,0.0,0,401026,28895,429921,0.9328,1,"5,000,000 .. 10,000,000",5000000,10000000,7500000,0,0,0,27850
1446780,MONSTER HUNTER RISE,"CAPCOM Co., Ltd.","CAPCOM Co., Ltd.",Action,Action;Hunting;Online Co-Op;Character Customization;RPG;Multiplayer;Action RPG;Co-op;Singleplayer;Third Person;JRPG;PvE;Fantasy;Anime;Dragons;3D;Nature;Atmospheric;Open World;Ninja,1,20,7.99,39.99,80.0,0,92564,20108,112672,0.8215,1,"5,000,000 .. 10,000,000",5000000,10000000,7500000,0,0,0,3658
224260,No More Room in Hell,No More Room in Hell Team,Lever Games,"Action, Indie, Free To Play",Free to Play;Zombies;Multiplayer;Survival;Horror;Co-op;Online Co-Op;Action;FPS;First-Person;Survival Horror;Shooter;Post-apocalyptic;Open World;Realistic;Indie;Atmospheric;Mod;Adventure;Massively Multiplayer,3,20,0.0,0.0,0.0,1,66753,7500,74253,0.899,1,"5,000,000 .. 10,000,000",5000000,10000000,7500000,0,0,0,473
203160,Tomb Raider Game of the Year,"Crystal Dynamics, Eidos-Montréal, Feral Interactive (Mac), Nixxes","Crystal Dynamics, Feral Interactive (Mac)","Action, Adventure",Adventure;Action;Female Protagonist;Third Person;Singleplayer;Story Rich;Third-Person Shooter;Multiplayer;Exploration;Action-Adventure;Quick-Time Events;Atmospheric;Puzzle;Shooter;Stealth;Cinematic;Platformer;RPG;Reboot;3D Vision,2,20,19.99,19.99,0.0,0,238239,9691,247930,0.9609,1,"5,000,000 .. 10,000,000",5000000,10000000,7500000,0,0,0,556
275850,No Man's Sky,Hello Games,Hello Games,"Action, Adventure",Open World;Open World Survival Craft;Space;Exploration;Sci-fi;Survival;Procedural Generation;Adventure;First-Person;Multiplayer;Sandbox;Singleplayer;Atmospheric;Crafting;Space Sim;Indie;Action;Simulation;FPS;VR,2,20,59.99,59.99,0.0,0,293332,59526,352858,0.8313,1,"5,000,000 .. 10,000,000",5000000,10000000,7500000,0,0,0,12291
367520,Hollow Knight,Team Cherry,Team Cherry,"Action, Adventure, Indie",Metroidvania;Souls-like;Platformer;Great Soundtrack;2D;Difficult;Indie;Singleplayer;Atmospheric;Exploration;Adventure;Story Rich;Hand-drawn;Multiple Endings;Action;Dark Fantasy;Open World;Cute;Controller;Side Scroller,3,20,14.99,14.99,0.0,0,403641,12305,415946,0.9704,1,"5,000,000 .. 10,000,000",5000000,10000000,7500000,0,0,0,4912
301520,Robocraft,Freejam,Freejam,"Action, Indie, Massively Multiplayer, RPG, Simulation, Free To Play",Free to Play;Robots;Building;Multiplayer;Action;Shooter;PvP;Massively Multiplayer;Sandbox;Crafting;Third-Person Shooter;Sci-fi;Strategy;Simulation;Early Access;Indie;Open World;Funny;Adventure;RPG,6,20,0.0,0.0,0.0,1,86240,31815,118055,0.7305,1,"5,000,000 .. 10,000,000",5000000,10000000,7500000,0,0,0,3
767560,War Robots,MY.GAMES,MY.GAMES,"Action, Free To Play",Robots;Mechs;Free to Play;PvP;Multiplayer;Shooter;Third-Person Shooter;3D;Arena Shooter;Third Person;Action;Vehicular Combat;Controller;Sci-fi;Realistic;Tactical;Combat;Massively Multiplayer;Co-op;War,2,20,0.0,0.0,0.0,1,15951,10624,26575,0.6002,0,"5,000,000 .. 10,000,000",5000000,10000000,7500000,0,0,0,1280
2050650,Resident Evil 4,"CAPCOM Co., Ltd.","CAPCOM Co., Ltd.","Action, Adventure",Horror;Action;Survival Horror;Third-Person Shooter;Singleplayer;Zombies;Story Rich;Survival;Cinematic;Dark;Remake;Realistic;Third Person;Gore;Resource Management;VR;Adventure;Violent;Action-Adventure;Psychological Horror,2,20,9.99,39.99,75.0,0,177539,4169,181708,0.9771,1,"5,000,000 .. 10,000,000",5000000,10000000,7500000,0,0,0,3748
466240,Deceit,World Makers,World Makers,"Action, Indie, Free To Play",PvP;Multiplayer;Horror;Social Deduction;Free to Play;Choices Matter;Shooter;FPS;First-Person;Psychological Horror;Strategy;Funny;Co-op;Action;Zombies;Psychological;Mystery;Survival;Survival Horror;Atmospheric,3,20,0.0,0.0,0.0,1,73606,19421,93027,0.7912,1,"5,000,000 .. 10,000,000",5000000,10000000,7500000,0,0,0,155
284160,BeamNG.drive,BeamNG,BeamNG,"Racing, Simulation, Early Access",Simulation;Driving;Physics;Realistic;Destruction;Automobile Sim;Sandbox;Open World;Racing;Moddable;Multiplayer;Singleplayer;Early Access;First-Person;Third Person;Exploration;Funny;Adventure;Action;Flight,3,20,24.99,24.99,0.0,0,313873,8405,322278,0.9739,1,"5,000,000 .. 10,000,000",5000000,10000000,7500000,0,0,0,15863
278360,A Story About My Uncle,Gone North Games,Coffee Stain Publishing,"Adventure, Casual, Indie",Adventure;First-Person;Parkour;Singleplayer;Indie;Atmospheric;Platformer;Story Rich;3D Platformer;Puzzle;Fantasy;Casual;Short;Sci-fi;Relaxing;Narration;Action;Family Friendly;Great Soundtrack;Difficult,3,20,14.99,14.99,0.0,0,26479,2437,28916,0.9157,1,"5,000,000 .. 10,000,000",5000000,10000000,7500000,0,0,0,8
264710,Subnautica,Unknown Worlds Entertainment,Unknown Worlds Entertainment,"Adventure, Indie",Open World Survival Craft;Survival;Horror;Open World;Underwater;Exploration;Crafting;Base-Building;Singleplayer;Adventure;First-Person;Sci-fi;Multiplayer;Sandbox;Atmospheric;Aliens;Survival Horror;VR;Action;Indie,2,20,29.99,29.99,0.0,0,304449,9258,313707,0.9705,1,"5,000,000 .. 10,000,000",5000000,10000000,7500000,0,0,0,2719
80,Counter-Strike: Condition Zero,Valve,Valve,Action,Action;FPS;Shooter;Multiplayer;First-Person;Singleplayer;Classic;Tactical;Team-Based;Competitive;Military;Online Co-Op;Strategy;Adventure;Survival;Atmospheric;Old School;Open World;Dark;Violent,1,20,9.99,9.99,0.0,0,24271,2287,26558,0.9139,1,"5,000,000 .. 10,000,000",5000000,10000000,7500000,0,0,0,276
275390,Guacamelee! Super Turbo Championship Edition,Drinkbox Studios,"Drinkbox Studios, Kepler Ghost","Action, Adventure, Indie",Platformer;2D;Metroidvania;Beat 'em up;Action;Colorful;Cartoony;Indie;Local Co-Op;Adventure;Funny;Difficult;Action-Adventure;Co-op;Singleplayer;4 Player Local;Wrestling;Action RPG;2D Platformer;Side Scroller,3,20,3.74,14.99,75.0,0,6234,499,6733,0.9259,1,"5,000,000 .. 10,000,000",5000000,10000000,7500000,0,0,0,5
2881650,Content Warning,"Zorro, Wilnyl, Philip, thePetHen, Skog",Evil Landfall?,"Action, Adventure, Indie",Online Co-Op;Horror;Multiplayer;Funny;First-Person;Co-op;Psychological Horror;Survival Horror;Exploration;Atmospheric;3D;Dungeon Crawler;Adventure;Supernatural;Time Management;Action-Adventure;Investigation;Mystery;Sci-fi;Procedural Generation,3,20,7.99,7.99,0.0,0,137483,7608,145091,0.9476,1,"5,000,000 .. 10,000,000",5000000,10000000,7500000,0,0,0,722
311210,Call of Duty: Black Ops III,"Treyarch, Aspyr (Mac)","Activision, Aspyr (Mac)","Action, Adventure",Multiplayer;Zombies;FPS;Shooter;Action;First-Person;Singleplayer;Co-op;Futuristic;Illuminati;Hero Shooter;Robots;Sci-fi;Gore;Great Soundtrack;Story Rich;Atmospheric;Parkour;Quick-Time Events;Split Screen,2,20,14.99,59.99,75.0,0,181306,33720,215026,0.8432,1,"5,000,000 .. 10,000,000",5000000,10000000,7500000,0,0,0,5414
333930,Dirty Bomb,Splash Damage,Warchest Ltd.,"Action, Free To Play",Hero Shooter;Free to Play;FPS;Multiplayer;Shooter;Action;Team-Based;First-Person;Fast-Paced;Co-op;PvP;Class-Based;Competitive;Massively Multiplayer;Parkour;Post-apocalyptic;Controller;Singleplayer;Open World;Gore,2,20,0.0,0.0,0.0,1,46464,10703,57167,0.8128,1,"5,000,000 .. 10,000,000",5000000,10000000,7500000,0,0,0,40
1172620,Sea of Thieves: 2026 Edition,Rare Ltd,Xbox Game Studios,"Action, Adventure",Multiplayer;Open World;Adventure;Pirates;Co-op;Online Co-Op;PvP;Action;Sailing;First-Person;Exploration;Naval;PvE;Funny;Massively Multiplayer;FPS;Atmospheric;Swordplay;Great Soundtrack;Singleplayer,2,20,39.99,39.99,0.0,0,317074,38164,355238,0.8926,1,"5,000,000 .. 10,000,000",5000000,10000000,7500000,0,0,0,5437
22380,Fallout: New Vegas,Obsidian Entertainment,Bethesda Softworks,"Action, RPG",Open World;RPG;Post-apocalyptic;Singleplayer;Moddable;Story Rich;Exploration;First-Person;Action;Adventure;FPS;Sci-fi;Western;Atmospheric;Action RPG;Character Customization;Survival;Sandbox;Shooter;Third Person,2,20,9.99,9.99,0.0,0,218763,8937,227700,0.9608,1,"5,000,000 .. 10,000,000",5000000,10000000,7500000,0,0,0,3892
250900,The Binding of Isaac: Rebirth,"Nicalis, Inc., Edmund McMillen","Nicalis, Inc.",Action,Action Roguelike;Rogue-like;Indie;Replay Value;Difficult;Pixel Graphics;Dungeon Crawler;Great Soundtrack;Singleplayer;Dark;2D;Local Co-Op;Remake;Gore;Procedural Generation;Rogue-lite;Atmospheric;Co-op;Action;Horror,1,20,14.99,14.99,0.0,0,334165,9255,343420,0.9731,1,"5,000,000 .. 10,000,000",5000000,10000000,7500000,0,0,0,14904
700330,SCP: Secret Laboratory,Northwood Studios,Northwood Studios,"Action, Free To Play",Free to Play;Multiplayer;Horror;First-Person;Co-op;Survival Horror;Shooter;Online Co-Op;FPS;Action;Memes;Survival;Sci-fi;Psychological Horror;Atmospheric;Strategy;Difficult;Indie;Adventure;Fantasy,2,20,0.0,0.0,0.0,1,195923,18386,214309,0.9142,1,"5,000,000 .. 10,000,000",5000000,10000000,7500000,0,0,0,4696
10180,Call of Duty: Modern Warfare 2 (2009),Infinity Ward,Activision,Action,Action;FPS;Multiplayer;Shooter;First-Person;Singleplayer;War;Military;Co-op;Online Co-Op;PvP;Great Soundtrack;Story Rich;Atmospheric;Controller;Adventure;Tactical;Linear;Strategy;Moddable,1,20,14.99,19.99,25.0,0,54145,3973,58118,0.9316,1,"5,000,000 .. 10,000,000",5000000,10000000,7500000,0,0,0,399
582660,Black Desert,Pearl Abyss,Pearl Abyss,"Action, Adventure, Massively Multiplayer, RPG, Strategy",MMORPG;Massively Multiplayer;Open World;Character Customization;RPG;Adventure;Fantasy;Action;3D;Strategy;Multiplayer;Medieval;Crafting;Magic;Atmospheric;Simulation;PvP;Cooking;Combat;War,5,20,9.99,9.99,0.0,0,64416,22503,86919,0.7411,1,"5,000,000 .. 10,000,000",5000000,10000000,7500000,0,0,0,14345
1229490,ULTRAKILL,"Arsi ""Hakita"" Patala",New Blood Interactive,"Action, Indie, Early Access",Boomer Shooter;Fast-Paced;FPS;Blood;Character Action Game;Arena Shooter;Spectacle fighter;Retro;Singleplayer;Shooter;Great Soundtrack;Difficult;First-Person;Action;Score Attack;Colorful;Robots;Old School;Cyberpunk;Early Access,3,20,29.99,29.99,0.0,0,165867,3884,169751,0.9771,1,"5,000,000 .. 10,000,000",5000000,10000000,7500000,0,0,0,3122
1046930,Dota Underlords,Valve,Valve,"Casual, Strategy, Free To Play",Free to Play;Strategy;Auto Battler;Casual;Multiplayer;Tactical;Chess;Turn-Based Tactics;Turn-Based;Mature;Competitive;Fantasy;Board Game;Card Game;Deckbuilding;Singleplayer;PvP;Co-op;Automation;MOBA,3,20,0.0,0.0,0.0,1,74753,16141,90894,0.8224,1,"5,000,000 .. 10,000,000",5000000,10000000,7500000,0,0,0,1008
1426210,It Takes Two,Hazelight Studios,Electronic Arts,"Action, Adventure",Co-op;Multiplayer;Split Screen;Local Co-Op;Puzzle;Online Co-Op;Adventure;Story Rich;Co-op Campaign;Local Multiplayer;Puzzle-Platformer;Action-Adventure;3D Platformer;Emotional;Platformer;Action;Exploration;Atmospheric;Minigames;Female Protagonist,2,20,39.99,39.99,0.0,0,208042,10341,218383,0.9526,1,"5,000,000 .. 10,000,000",5000000,10000000,7500000,0,0,0,5018
2195250,EA SPORTS FC 24,"EA Canada, EA Romania",Electronic Arts,"Simulation, Sports",Football (Soccer);Sports;Controller;Multiplayer;PvP;e-sports;Competitive;PvE;Local Multiplayer;3D;Simulation;Online Co-Op;Singleplayer;Realistic;Local Co-Op;Co-op;Family Friendly;Action;First-Person;Early Access,2,20,69.99,69.99,0.0,0,63281,46293,109574,0.5775,0,"5,000,000 .. 10,000,000",5000000,10000000,7500000,0,0,0,5110
2183900,"Warhammer 40,000: Space Marine 2",Saber Interactive,Focus Entertainment,"Action, Adventure, RPG",Warhammer 40K;Action;Third-Person Shooter;Multiplayer;Co-op;PvE;Adventure;Action-Adventure;Third Person;Sci-fi;Wargame;3D;War;Fantasy;Space;Singleplayer;Narration;Realistic;Futuristic;Cinematic,3,20,14.99,59.99,75.0,0,134739,27846,162585,0.8287,1,"5,000,000 .. 10,000,000",5000000,10000000,7500000,0,0,0,6851
883710,Resident Evil 2,"CAPCOM Co., Ltd.","CAPCOM Co., Ltd.",Action,Zombies;Survival Horror;Horror;Singleplayer;Remake;Third Person;Gore;Action;Puzzle;Atmospheric;Story Rich;Violent;Multiplayer;Survival;Classic;Female Protagonist;Dark;Shooter;Adventure;Difficult,1,20,7.99,39.99,80.0,0,167647,5210,172857,0.9699,1,"5,000,000 .. 10,000,000",5000000,10000000,7500000,0,0,0,1123
219640,Chivalry: Medieval Warfare,Torn Banner Studios,Torn Banner Studios,"Action, Indie",Medieval;Multiplayer;Action;Gore;First-Person;Swordplay;Violent;PvP;Indie;Third Person;Competitive;Team-Based;Hack and Slash;Co-op;Historical;FPS;Class-Based;Atmospheric;Simulation;Difficult,2,20,24.99,24.99,0.0,0,54016,11428,65444,0.8254,1,"5,000,000 .. 10,000,000",5000000,10000000,7500000,0,0,0,32
306130,The Elder Scrolls Online,ZeniMax Online Studios,Bethesda Softworks,"Action, Adventure, Massively Multiplayer, RPG",RPG;MMORPG;Open World;Fantasy;Adventure;Multiplayer;Exploration;Singleplayer;Massively Multiplayer;Action;Character Customization;PvP;PvE;Lore-Rich;Story Rich;Choose Your Own Adventure;Class-Based;Magic;Action RPG;Atmospheric,4,20,19.99,19.99,0.0,0,125497,28616,154113,0.8143,1,"5,000,000 .. 10,000,000",5000000,10000000,7500000,0,0,0,15987
244210,Assetto Corsa,Kunos Simulazioni,505 Games,"Indie, Racing, Simulation, Sports",Racing;Automobile Sim;Simulation;Driving;Multiplayer;VR;Realistic;Sports;Open World;Moddable;Controller;Singleplayer;Physics;First-Person;Replay Value;Indie;Action;3D Vision;TrackIR;Artificial Intelligence,4,20,4.99,19.99,75.0,0,140238,11153,151391,0.9263,1,"5,000,000 .. 10,000,000",5000000,10000000,7500000,0,0,0,8961
268500,XCOM 2,"Firaxis Games, Feral Interactive (Mac), Feral Interactive (Linux)","2K, Feral Interactive (Mac), Feral Interactive (Linux)",Strategy,Isometric;Turn-Based Combat;Post-apocalyptic;Turn-Based Tactics;Military;PvE;Top-Down;Turn-Based;Sci-fi;Character Customization;Logic;War;Turn-Based Strategy;RPG;Grid-Based Movement;Alternate History;Tactical;Perma Death;Action;Singleplayer,1,20,19.99,19.99,0.0,0,86187,15514,101701,0.8475,1,"5,000,000 .. 10,000,000",5000000,10000000,7500000,0,0,0,3123
1794680,Vampire Survivors,poncle,poncle,"Action, Casual, Indie, RPG",Action Roguelike;Bullet Hell;Pixel Graphics;Rogue-lite;Vampire;2D;Indie;Singleplayer;Casual;Arcade;Action;Rogue-like;RPG;Controller;Retro;Score Attack;Local Co-Op;Dark Fantasy;Action RPG;1980s,4,20,3.74,4.99,25.0,0,246479,3855,250334,0.9846,1,"5,000,000 .. 10,000,000",5000000,10000000,7500000,0,0,0,2966
1818750,MultiVersus,Player First Games,Warner Bros. Games,"Action, Free To Play",Multiplayer;2D Fighter;Co-op;Free to Play;Action;Competitive;Beat 'em up;Cartoon;Fantasy;2D Platformer;2D;Colorful;Superhero;Memes;Funny;Comic Book;Hand-drawn;1980s;1990's;Character Customization,2,20,0.0,0.0,0.0,1,90318,27894,118212,0.764,1,"5,000,000 .. 10,000,000",5000000,10000000,7500000,0,0,0,55
242050,Assassin’s Creed IV Black Flag,Ubisoft Montreal,Ubisoft,"Action, Adventure",Pirates;Open World;Assassin;Adventure;Action;Stealth;Parkour;Third Person;Naval;Multiplayer;Historical;Story Rich;Singleplayer;Exploration;Action-Adventure;Naval Combat;Atmospheric;RPG;Mature;Action RPG,2,20,39.99,39.99,0.0,0,62942,8129,71071,0.8856,1,"5,000,000 .. 10,000,000",5000000,10000000,7500000,0,0,0,923
30,Day of Defeat,Valve,Valve,Action,FPS;World War II;Multiplayer;Shooter;Action;War;Team-Based;Classic;First-Person;Class-Based;Military;Historical;Tactical;Singleplayer;Co-op;Violent;Old School;Retro;Difficult;Strategy,1,20,4.99,4.99,0.0,0,6414,688,7102,0.9031,1,"5,000,000 .. 10,000,000",5000000,10000000,7500000,0,0,0,87
236850,Europa Universalis IV,"Paradox Development Studio, Paradox Tinto",Paradox Interactive,"Simulation, Strategy",Grand Strategy;Strategy;Historical;Simulation;4X;Alternate History;Military;Wargame;Diplomacy;Economy;Replay Value;Sandbox;Political;Real-Time with Pause;Moddable;Nonlinear;Co-op;Singleplayer;Management;Multiplayer,2,20,49.99,49.99,0.0,0,116432,18004,134436,0.8661,1,"5,000,000 .. 10,000,000",5000000,10000000,7500000,0,0,0,12445
363970,Clicker Heroes,Playsaurus,Playsaurus,"Adventure, Casual, Indie, RPG, Simulation, Strategy, Free To Play",Clicker;Idler;Casual;2D;Free to Play;Management;Indie;Funny;Strategy;Multiplayer;RPG;Fantasy;Family Friendly;Adventure;Simulation;Touch-Friendly;Singleplayer;Action;Addictive;Illuminati,7,20,0.0,0.0,0.0,1,54989,6315,61304,0.897,1,"5,000,000 .. 10,000,000",5000000,10000000,7500000,0,0,0,2019
253710,theHunter Classic,"Expansive Worlds, Avalanche Studios","Expansive Worlds, Avalanche Studios","Action, Adventure, Free To Play, Simulation, Sports",Free to Play;Hunting;Multiplayer;Open World;Simulation;Shooter;Co-op;First-Person;Survival;Realistic;Online Co-Op;Adventure;FPS;Singleplayer;Sports;Action;Stealth;Strategy;Massively Multiplayer;Casual,5,20,0.0,0.0,0.0,1,24959,17994,42953,0.5811,0,"5,000,000 .. 10,000,000",5000000,10000000,7500000,0,0,0,417
379720,DOOM,id Software,Bethesda Softworks,Action,FPS;Gore;Action;Shooter;Great Soundtrack;Demons;First-Person;Multiplayer;Fast-Paced;Singleplayer;Sci-fi;Horror;Atmospheric;Classic;Blood;Difficult;Remake;Zombies;Violent;Co-op,1,20,19.99,19.99,0.0,0,198001,9278,207279,0.9552,1,"5,000,000 .. 10,000,000",5000000,10000000,7500000,0,0,0,1590
273350,Evolve Stage 2,Turtle Rock Studios,2K,"Action, Free To Play",Action;Multiplayer;Co-op;FPS;Online Co-Op;Shooter;Team-Based;Survival;Sci-fi;Aliens;PvP;First-Person;Class-Based;Strategy;Atmospheric;Third Person;Tactical;Singleplayer;Stealth;Casual,2,20,0.0,0.0,0.0,1,33844,14518,48362,0.6998,0,"5,000,000 .. 10,000,000",5000000,10000000,7500000,0,0,0,9
1782210,Crab Game,Dani,Dani,"Action, Casual, Free To Play, Indie, Racing",Psychological Horror;Multiplayer;Free to Play;Battle Royale;PvP;Action;First-Person;Parkour;3D;FPS;Platformer;Combat;Physics;Arcade;Casual;Runner;3D Platformer;Racing;Nudity;Sci-fi,5,20,0.0,0.0,0.0,1,139538,12895,152433,0.9154,1,"5,000,000 .. 10,000,000",5000000,10000000,7500000,0,0,0,2921
844870,KurtzPel,KOG,KOG,"Action, Free To Play, Early Access",Anime;Free to Play;Character Customization;Multiplayer;Action;PvP;Fantasy;Fighting;Third Person;Massively Multiplayer;Co-op;Sexual Content;PvE;Online Co-Op;Early Access;Character Action Game;Hack and Slash;Competitive;Controller;Beat 'em up,3,20,0.0,0.0,0.0,1,20936,13480,34416,0.6083,0,"5,000,000 .. 10,000,000",5000000,10000000,7500000,0,0,0,30
601150,Devil May Cry 5,"CAPCOM Co., Ltd.","CAPCOM Co., Ltd.",Action,Action;Hack and Slash;Great Soundtrack;Character Action Game;Demons;Spectacle fighter;Third Person;Singleplayer;Sexual Content;Violent;Nudity;Story Rich;Stylized;Difficult;Gore;Classic;Multiplayer;Controller;Adventure;Anime,1,20,29.99,29.99,0.0,0,140260,5873,146133,0.9598,1,"5,000,000 .. 10,000,000",5000000,10000000,7500000,0,0,0,2248
1286830,STAR WARS: The Old Republic,Broadsword,Electronic Arts,"Massively Multiplayer, RPG, Free To Play",Free to Play;Multiplayer;MMORPG;Character Customization;Open World;RPG;Story Rich;Choices Matter;Massively Multiplayer;Sci-fi;Adventure;Space;Action;Third Person;PvP;Atmospheric;Action RPG;Party-Based RPG;Great Soundtrack;Controller,3,20,0.0,0.0,0.0,1,60864,7088,67952,0.8957,1,"5,000,000 .. 10,000,000",5000000,10000000,7500000,0,0,0,6625
365670,Blender,Blender Foundation,Blender Foundation,"Animation & Modeling, Design & Illustration, Video Production",Animation & Modeling;Software;Design & Illustration;Free to Play;Game Development;Video Production;3D;Difficult;GameMaker;Utilities;Physics;Singleplayer;3D Vision;Sandbox;2D;Moddable;Building;Hentai;Survival Horror;Story Rich,3,20,0.0,0.0,0.0,1,70186,2695,72881,0.963,1,"5,000,000 .. 10,000,000",5000000,10000000,7500000,0,0,0,9640
319630,Life is Strange - Episode 1,"DONTNOD Entertainment, Feral Interactive (Mac), Feral Interactive (Linux)","Square Enix, Feral interactive (Mac), Feral Interactive (Linux)","Action, Adventure",Story Rich;Choices Matter;Great Soundtrack;Female Protagonist;Time Travel;Atmospheric;Episodic;Singleplayer;Adventure;Time Manipulation;Multiple Endings;Mystery;Third Person;Point & Click;Indie;Walking Simulator;Casual;Action;LGBTQ+;Memes,2,20,0.0,0.0,0.0,1,162769,6432,169201,0.962,1,"5,000,000 .. 10,000,000",5000000,10000000,7500000,0,0,0,294
1293830,Forza Horizon 4,Playground Games,Xbox Game Studios,Racing,Racing;Open World;Driving;Multiplayer;Automobile Sim;Realistic;Online Co-Op;Singleplayer;Controller;Simulation;PvP;Adventure;Exploration;Arcade;Atmospheric;Action;Sports;Great Soundtrack;First-Person;Funny,1,20,0.0,0.0,0.0,1,263942,26975,290917,0.9073,1,"5,000,000 .. 10,000,000",5000000,10000000,7500000,0,0,0,4864
1145360,Hades,Supergiant Games,Supergiant Games,"Action, Indie, RPG",Action Roguelike;Rogue-lite;Hack and Slash;Indie;Mythology;Action;Rogue-like;Singleplayer;Great Soundtrack;Story Rich;RPG;Dungeon Crawler;Replay Value;Isometric;Difficult;Action RPG;Hand-drawn;Atmospheric;Perma Death;LGBTQ+,3,20,24.99,24.99,0.0,0,274829,4912,279741,0.9824,1,"5,000,000 .. 10,000,000",5000000,10000000,7500000,0,0,0,2253
671860,BattleBit Remastered,"SgtOkiDoki, Vilaskis, TheLiquidHorse",SgtOkiDoki,"Action, Massively Multiplayer, Early Access",FPS;Multiplayer;Shooter;Military;Destruction;Massively Multiplayer;War;PvP;Action;Tactical;First-Person;Team-Based;Combat;Gun Customization;Class-Based;3D;Voxel;Character Customization;Indie;Early Access,3,20,14.99,14.99,0.0,0,120458,22666,143124,0.8416,1,"5,000,000 .. 10,000,000",5000000,10000000,7500000,0,0,0,568
427520,Factorio,Wube Software LTD.,Wube Software LTD.,"Casual, Indie, Simulation, Strategy",Automation;Base-Building;Resource Management;Sandbox;Crafting;Strategy;Multiplayer;Survival;Management;Open World;Building;Co-op;2D;Moddable;Singleplayer;Trains;Simulation;Pixel Graphics;City Builder;Indie,4,20,35.0,35.0,0.0,0,208770,6439,215209,0.9701,1,"5,000,000 .. 10,000,000",5000000,10000000,7500000,0,0,0,16426
221380,Age of Empires II (Retired),"Skybox Labs, Hidden Path Entertainment, Ensemble Studios, Forgotten Empires",Xbox Game Studios,Strategy,Strategy;RTS;Medieval;Multiplayer;Classic;Historical;Base-Building;City Builder;Resource Management;Singleplayer;Tactical;Real-Time;Co-op;Competitive;Replay Value;Remake;2D;Isometric;Action;Adventure,1,20,19.99,19.99,0.0,0,97083,4268,101351,0.9579,1,"5,000,000 .. 10,000,000",5000000,10000000,7500000,0,0,0,2278
231430,Company of Heroes 2,"Relic Entertainment, Feral Interactive (Mac), Feral Interactive (Linux)","Relic Entertainment, Feral Interactive (Mac), Feral Interactive (Linux)",Strategy,Strategy;World War II;RTS;Multiplayer;Tactical;War;Historical;Military;Singleplayer;Co-op;Online Co-Op;Base-Building;Tanks;Real-Time;Action;Real-Time with Pause;Atmospheric;Simulation;Great Soundtrack;Adventure,1,20,19.99,19.99,0.0,0,86713,23112,109825,0.7896,1,"5,000,000 .. 10,000,000",5000000,10000000,7500000,0,0,0,2330
813820,Realm Royale,Heroic Leap Games,Hi-Rez Studios,"Action, Free To Play, Early Access",Battle Royale;Free to Play;Multiplayer;Shooter;Survival;Early Access;PvP;Action;Third-Person Shooter;Third Person;FPS;Competitive;Team-Based;Fantasy;Massively Multiplayer;Open World;Co-op;Online Co-Op;Memes;Singleplayer,3,20,0.0,0.0,0.0,1,43223,13520,56743,0.7617,1,"5,000,000 .. 10,000,000",5000000,10000000,7500000,0,0,0,2
594570,Total War: WARHAMMER II,"CREATIVE ASSEMBLY, Feral Interactive (Mac), Feral Interactive (Linux)","SEGA, Feral Interactive (Mac), Feral Interactive (Linux)","Action, Strategy",Strategy;Fantasy;Turn-Based Strategy;RTS;Grand Strategy;War;Multiplayer;Games Workshop;Action;Turn-Based;Singleplayer;Dark Fantasy;Co-op;Tactical;Real Time Tactics;Story Rich;Atmospheric;Dwarf;Dinosaurs;Great Soundtrack,2,20,59.99,59.99,0.0,0,114776,9476,124252,0.9237,1,"5,000,000 .. 10,000,000",5000000,10000000,7500000,0,0,0,1464
391540,Undertale,tobyfox,tobyfox,"Indie, RPG",Great Soundtrack;Story Rich;Choices Matter;Multiple Endings;Pixel Graphics;Funny;RPG;Singleplayer;Indie;2D;Comedy;Replay Value;Bullet Hell;Cute;Memes;Retro;Dark;Psychological Horror;Dating Sim;Horror,2,20,2.49,9.99,75.0,0,264082,8850,272932,0.9676,1,"5,000,000 .. 10,000,000",5000000,10000000,7500000,0,0,0,3331
976730,Halo: The Master Chief Collection,"343 Industries, Splash Damage, Ruffian Games, Bungie, Saber Interactive",Xbox Game Studios,Action,Great Soundtrack;FPS;Classic;Multiplayer;Story Rich;Sci-fi;Co-op;First-Person;Epic;Shooter;Action;Singleplayer;Aliens;Lore-Rich;Beautiful;Space;Atmospheric;Adventure;Horror;Online Co-Op,1,20,39.99,39.99,0.0,0,223635,18432,242067,0.9239,1,"5,000,000 .. 10,000,000",5000000,10000000,7500000,0,0,0,3362
646570,Slay the Spire,Mega Crit,Mega Crit,"Indie, Strategy",Roguelike Deckbuilder;Card Game;Card Battler;Rogue-like;Deckbuilding;Turn-Based;Strategy;Singleplayer;Rogue-lite;Replay Value;Indie;Difficult;Dungeon Crawler;RPG;Mouse only;2D;Great Soundtrack;Procedural Generation;Fantasy;Casual,2,20,6.24,24.99,75.0,0,178250,4027,182277,0.9779,1,"5,000,000 .. 10,000,000",5000000,10000000,7500000,0,0,0,15038
588650,Dead Cells,Motion Twin,Motion Twin,"Action, Adventure, Indie",Adventure;Action Roguelike;Metroidvania;Pixel Graphics;Rogue-like;2D;Souls-like;Rogue-lite;Difficult;Hack and Slash;Replay Value;Platformer;Singleplayer;Roguevania;Action;Dark Fantasy;Atmospheric;Procedural Generation;Funny;Indie,3,20,12.49,24.99,50.0,0,163549,4915,168464,0.9708,1,"5,000,000 .. 10,000,000",5000000,10000000,7500000,0,0,0,2559
268910,Cuphead,Studio MDHR Entertainment Inc.,Studio MDHR Entertainment Inc.,"Action, Indie",Difficult;Cartoon;Co-op;Platformer;Great Soundtrack;Local Co-Op;2D;Multiplayer;Hand-drawn;Indie;Cartoony;Retro;Bullet Hell;Action;Shoot 'Em Up;Singleplayer;Side Scroller;Colorful;Souls-like;Funny,2,20,19.99,19.99,0.0,0,179894,6941,186835,0.9628,1,"5,000,000 .. 10,000,000",5000000,10000000,7500000,0,0,0,2080
500,Left 4 Dead,Valve,Valve,Action,Zombies;Co-op;Multiplayer;FPS;Action;Horror;Shooter;Online Co-Op;Survival;Team-Based;First-Person;Post-apocalyptic;Singleplayer;Atmospheric;Moddable;Adventure;Tactical;Replay Value;Competitive;Female Protagonist,1,20,9.99,9.99,0.0,0,59622,2272,61894,0.9633,1,"5,000,000 .. 10,000,000",5000000,10000000,7500000,0,0,0,774
1118200,People Playground,mestiez,Studio Minus,"Action, Casual, Indie, Simulation",Sandbox;Gore;Physics;Blood;Moddable;Violent;2D;Singleplayer;Destruction;Simulation;Funny;Building;Pixel Graphics;Psychological Horror;Indie;Action;Casual;Comedy;Horror;Choose Your Own Adventure,4,20,9.99,9.99,0.0,0,277746,4017,281763,0.9857,1,"5,000,000 .. 10,000,000",5000000,10000000,7500000,0,0,0,4505
620,Portal 2,Valve,Valve,"Action, Adventure",Platformer;Puzzle;First-Person;Dark Humor;Story Rich;Puzzle-Platformer;Funny;Female Protagonist;3D Platformer;Action-Adventure;Action;FPS;Co-op;Physics;Sci-fi;Level Editor;Science;Comedy;Atmospheric;Adventure,2,20,9.99,9.99,0.0,0,427835,5675,433510,0.9869,1,"5,000,000 .. 10,000,000",5000000,10000000,7500000,0,0,0,1959
1551360,Forza Horizon 5,Playground Games,Xbox Game Studios,"Action, Adventure, Racing, Simulation, Sports",Racing;Open World;Driving;Multiplayer;Automobile Sim;Realistic;Simulation;Adventure;Arcade;Exploration;First-Person;Co-op;Online Co-Op;Sports;Atmospheric;PvP;Singleplayer;Beautiful;VR;Action,5,20,59.99,59.99,0.0,0,199950,25679,225629,0.8862,1,"5,000,000 .. 10,000,000",5000000,10000000,7500000,0,0,0,10009
1049590,Eternal Return,Nimble Neuron,"Nimble Neuron, SapStaR Games","Indie, Strategy, Free To Play",Free to Play;Anime;Sexual Content;Multiplayer;MOBA;Survival;PvP;Combat;Top-Down;Action;Crafting;3D;Strategy;Tactical;Character Customization;MMORPG;e-sports;Indie;Point & Click;Real Time Tactics,3,20,0.0,0.0,0.0,1,51694,13352,65046,0.7947,1,"5,000,000 .. 10,000,000",5000000,10000000,7500000,0,0,0,12341
380,Half-Life 2: Episode One,Valve,Valve,Action,FPS;Action;Sci-fi;Singleplayer;Story Rich;First-Person;Shooter;Classic;Dystopian;Aliens;Zombies;Adventure;Episodic;Atmospheric;Silent Protagonist;Great Soundtrack;Short;Puzzle;Cinematic;Moddable,1,20,19.99,19.99,0.0,0,30478,1344,31822,0.9578,1,"5,000,000 .. 10,000,000",5000000,10000000,7500000,0,0,0,18
779340,Total War: THREE KINGDOMS,"CREATIVE ASSEMBLY, Feral Interactive (Mac), Feral Interactive (Linux)","SEGA, Feral Interactive (Mac), Feral Interactive (Linux)","Action, Strategy",Strategy;Historical;War;Turn-Based Strategy;Grand Strategy;RTS;Military;Multiplayer;Tactical;Singleplayer;Real Time Tactics;Action;Turn-Based;Great Soundtrack;Co-op;Simulation;Sandbox;Violent;Fantasy;Destruction,2,20,39.99,39.99,0.0,0,74951,28794,103745,0.7225,1,"5,000,000 .. 10,000,000",5000000,10000000,7500000,0,0,0,4507
233450,Prison Architect,"Introversion Software, Double Eleven",Paradox Interactive,"Indie, Simulation, Strategy",Simulation;Building;Sandbox;Base-Building;Colony Sim;Strategy;Management;City Builder;2D;Top-Down;Multiplayer;Resource Management;Economy;Singleplayer;Moddable;Capitalism;Funny;Replay Value;Indie;Casual,3,20,29.99,29.99,0.0,0,64439,7891,72330,0.8909,1,"5,000,000 .. 10,000,000",5000000,10000000,7500000,0,0,0,781
782330,DOOM Eternal,id Software,Bethesda Softworks,Action,FPS;Action;Gore;Great Soundtrack;Fast-Paced;Violent;Demons;Shooter;First-Person;Singleplayer;Blood;Multiplayer;Sci-fi;Post-apocalyptic;Mature;Atmospheric;Story Rich;Difficult;Adventure;Horror,1,20,29.99,29.99,0.0,0,187807,18219,206026,0.9116,1,"5,000,000 .. 10,000,000",5000000,10000000,7500000,0,0,0,2262
223710,Cry of Fear,Team Psykskallar,Team Psykskallar,"Action, Adventure, Indie",Horror;Free to Play;Multiplayer;Psychological Horror;Survival Horror;Co-op;Atmospheric;Action;First-Person;Psychological;Indie;Online Co-Op;Singleplayer;FPS;Adventure;Zombies;Shooter;Survival;Mod;Massively Multiplayer,3,20,0.0,0.0,0.0,1,65852,8556,74408,0.885,1,"5,000,000 .. 10,000,000",5000000,10000000,7500000,0,0,0,405
513710,SCUM,Gamepires,Gamepires,"Action, Adventure, Indie, Massively Multiplayer",Survival;Open World Survival Craft;Multiplayer;Open World;Zombies;Nudity;Massively Multiplayer;Action;Realistic;Adventure;Singleplayer;Crafting;Early Access;FPS;Violent;PvP;Gore;Third Person;Indie;RPG,4,20,44.99,44.99,0.0,0,83704,28411,112115,0.7466,1,"5,000,000 .. 10,000,000",5000000,10000000,7500000,0,0,0,8535
677620,Splitgate: Arena Warfare,1047 Games,1047 Games,"Action, Free To Play, Indie",Free to Play;FPS;Multiplayer;Arena Shooter;Shooter;Action;Fast-Paced;First-Person;PvP;Competitive;Sci-fi;Indie;Team-Based;e-sports;Tactical;Strategy;Online Co-Op;Physics;Co-op;Violent,3,20,0.0,0.0,0.0,1,102336,9404,111740,0.9158,1,"5,000,000 .. 10,000,000",5000000,10000000,7500000,0,0,0,185
1677740,Stumble Guys,Scopely,Scopely,"Action, Casual, Indie, Massively Multiplayer, Racing, Free To Play",Free to Play;Battle Royale;Multiplayer;Racing;Online Co-Op;Funny;Survival;Action;Arcade;3D Platformer;Character Customization;Party Game;Co-op;Massively Multiplayer;Casual;PvP;Indie;Family Friendly;Colorful;Cute,6,20,0.0,0.0,0.0,1,108841,19170,128011,0.8502,1,"5,000,000 .. 10,000,000",5000000,10000000,7500000,0,0,0,2928
109600,Neverwinter,Cryptic Studios,Arc Games,"Action, Adventure, Massively Multiplayer, RPG, Free To Play",Free to Play;MMORPG;RPG;Massively Multiplayer;Adventure;Multiplayer;Fantasy;Action;Open World;Character Customization;Dungeons & Dragons;Co-op;Dragons;PvP;Action RPG;PvE;Third Person;Hack and Slash;Atmospheric;Zombies,5,20,0.0,0.0,0.0,1,29947,8638,38585,0.7761,1,"5,000,000 .. 10,000,000",5000000,10000000,7500000,0,0,0,665
420,Half-Life 2: Episode Two,Valve,Valve,Action,FPS;Action;Sci-fi;Singleplayer;Shooter;Story Rich;First-Person;Classic;Adventure;Aliens;Atmospheric;Zombies;Silent Protagonist;Great Soundtrack;Dystopian;Post-apocalyptic;Episodic;Puzzle;Horror;Multiplayer,1,20,19.99,19.99,0.0,0,40556,1226,41782,0.9707,1,"5,000,000 .. 10,000,000",5000000,10000000,7500000,0,0,0,20
397900,Business Tour - Board Game with Online Multiplayer,8Floor,8Floor,"Adventure, Casual, Indie, Massively Multiplayer, Simulation, Strategy, Free To Play",Board Game;Free to Play;Multiplayer;Strategy;Casual;Massively Multiplayer;Indie;Co-op;Capitalism;Online Co-Op;Funny;Management;Family Friendly;Adventure;Singleplayer;Trading;Simulation;Tabletop;Psychological Horror;Comedy,7,20,0.0,0.0,0.0,1,46567,30205,76772,0.6066,0,"5,000,000 .. 10,000,000",5000000,10000000,7500000,0,0,0,809
698780,Doki Doki Literature Club!,Team Salvato,Team Salvato,"Casual, Free To Play, Indie",Psychological Horror;Visual Novel;Anime;Free to Play;Dating Sim;Cute;Horror;Dark;Story Rich;Romance;Singleplayer;Great Soundtrack;Gore;Violent;Indie;Sexual Content;First-Person;Memes;Casual;Adventure,3,20,0.0,0.0,0.0,1,203247,7470,210717,0.9645,1,"5,000,000 .. 10,000,000",5000000,10000000,7500000,0,0,0,427
435150,Divinity: Original Sin 2 - Definitive Edition,Larian Studios,Larian Studios,"Adventure, RPG, Strategy",Tactical RPG;RPG;Turn-Based Strategy;Story Rich;Fantasy;Character Customization;CRPG;Exploration;Party-Based RPG;Strategy RPG;PvP;Female Protagonist;Co-op Campaign;Local Co-Op;Choices Matter;Isometric;Romance;Strategy;Moddable;Funny,3,20,44.99,44.99,0.0,0,182166,7958,190124,0.9581,1,"5,000,000 .. 10,000,000",5000000,10000000,7500000,0,0,0,3510
1100600,Football Manager 2020,Sports Interactive,SEGA,"Simulation, Sports",Simulation;Sports;Management;Football (Soccer);Football (American);Multiplayer;Strategy;Singleplayer;Tactical,2,9,0.0,0.0,0.0,1,28341,3401,31742,0.8929,1,"5,000,000 .. 10,000,000",5000000,10000000,7500000,0,0,0,1012
1604030,V Rising,Stunlock Studios,Stunlock Studios,"Action, Adventure, Massively Multiplayer",Survival;Open World;Base-Building;Vampire;Multiplayer;Crafting;Online Co-Op;PvP;PvE;Building;Hack and Slash;Sandbox;Exploration;Massively Multiplayer;Dark Fantasy;Action-Adventure;Singleplayer;Action;Adventure;Co-op,3,20,34.99,34.99,0.0,0,106197,13243,119440,0.8891,1,"5,000,000 .. 10,000,000",5000000,10000000,7500000,0,0,0,10961
534380,Dying Light 2 Stay Human: Reloaded Edition,Techland,Techland,"Action, Adventure, RPG",Open World;Co-op;Zombies;Parkour;Multiplayer;Horror;Gore;Combat;Post-apocalyptic;Survival;First-Person;Exploration;Singleplayer;Action RPG;Action;Adventure;Action-Adventure;Violent;Multiple Endings;Choices Matter,3,20,59.99,59.99,0.0,0,154122,40708,194830,0.7911,1,"5,000,000 .. 10,000,000",5000000,10000000,7500000,0,0,0,4223
766570,Russian Fishing 4,FishSoft LLC,FishSoft LLC,"Adventure, Casual, Massively Multiplayer, RPG, Simulation, Sports, Free To Play",Fishing;Multiplayer;Free to Play;Simulation;Nature;Realistic;Relaxing;First-Person;Crafting;Immersive Sim;Sports;Atmospheric;Singleplayer;Open World;Survival;Massively Multiplayer;Casual;Adventure;RPG;Family Friendly,7,20,0.0,0.0,0.0,1,39598,33887,73485,0.5389,0,"5,000,000 .. 10,000,000",5000000,10000000,7500000,0,0,0,14950
548430,Deep Rock Galactic,Ghost Ship Games,Coffee Stain Publishing,Action,Dwarf;Co-op;PvE;FPS;Procedural Generation;Class-Based;Shooter;Exploration;First-Person;Loot;Sci-fi;Space;Action;Atmospheric;Looter Shooter;Combat;Survival;Horror;Dark;Action Roguelike,1,20,8.99,29.99,70.0,0,333587,9413,343000,0.9726,1,"5,000,000 .. 10,000,000",5000000,10000000,7500000,0,0,0,5216
294100,RimWorld,Ludeon Studios,Ludeon Studios,"Indie, Simulation, Strategy",Colony Sim;Base-Building;Survival;Strategy;Sandbox;Management;Building;Simulation;Moddable;Singleplayer;City Builder;Open World;Procedural Generation;2D;Sci-fi;Indie;Space;Tactical RPG;Cartoony;Western,3,20,34.99,34.99,0.0,0,206216,4301,210517,0.9796,1,"5,000,000 .. 10,000,000",5000000,10000000,7500000,0,0,0,19211
273110,Counter-Strike Nexon: Studio,"Valve, NEXON",NEXON,"Action, Casual, Indie, Massively Multiplayer, Free To Play",Free to Play;FPS;Zombies;Sandbox;PvE;Multiplayer;PvP;Shooter;Horror;Action;Co-op;First-Person;Survival Horror;Online Co-Op;Gore;Funny;3D;Dark;Mod;Singleplayer,5,20,0.0,0.0,0.0,1,28373,14329,42702,0.6644,0,"5,000,000 .. 10,000,000",5000000,10000000,7500000,0,0,0,369
868270,The Cycle: Frontier,YAGER,YAGER,"Action, Free To Play, Massively Multiplayer",Extraction Shooter;Survival;Loot;Free to Play;Multiplayer;Crafting;Looter Shooter;Shooter;Tactical;PvP;First-Person;FPS;Exploration;PvE;Sci-fi;Aliens;Online Co-Op;Competitive;Adventure;Battle Royale,3,20,0.0,0.0,0.0,1,28893,16529,45422,0.6361,0,"5,000,000 .. 10,000,000",5000000,10000000,7500000,0,0,0,2
863550,HITMAN 2,IO Interactive A/S,IO Interactive A/S,Action,Stealth;Assassin;Action;Singleplayer;Third Person;Multiplayer;Violent;Open World;Sandbox;Strategy;Puzzle;Gore;Shooter;Atmospheric;Third-Person Shooter;Co-op;Funny;Online Co-Op;Great Soundtrack;Nudity,1,20,0.0,0.0,0.0,1,68165,6778,74943,0.9096,1,"5,000,000 .. 10,000,000",5000000,10000000,7500000,0,0,0,187
1237970,Titanfall 2,Respawn Entertainment,Electronic Arts,Action,FPS;Mechs;Multiplayer;Shooter;Singleplayer;Action;Parkour;Sci-fi;First-Person;Futuristic;PvP;Military;Combat;Fast-Paced;Team-Based;Time Travel;Hero Shooter;Violent;Co-op;Gore,1,20,29.99,29.99,0.0,0,244524,11664,256188,0.9545,1,"5,000,000 .. 10,000,000",5000000,10000000,7500000,0,0,0,1173
555570,Infestation: The New Z,Fredaikis AB,OP Productions LLC,"Action, Indie, Massively Multiplayer, RPG, Free To Play",Zombies;Free to Play;Survival;Multiplayer;Open World;Massively Multiplayer;FPS;Shooter;Action;PvP;Co-op;Survival Horror;RPG;Adventure;Violent;Horror;Third-Person Shooter;PvE;Indie;Walking Simulator,5,20,0.0,0.0,0.0,1,18200,15615,33815,0.5382,0,"5,000,000 .. 10,000,000",5000000,10000000,7500000,0,0,0,70
10190,Call of Duty: Modern Warfare 2 (2009),Infinity Ward,Activision,Action,Action;FPS;Multiplayer;Shooter;First-Person;Singleplayer;War;Military;Co-op;Online Co-Op;PvP;Masterpiece;Great Soundtrack;Story Rich;Atmospheric;Adventure;Tactical;Strategy;Linear;Moddable,1,20,14.99,19.99,25.0,0,31945,2927,34872,0.9161,1,"5,000,000 .. 10,000,000",5000000,10000000,7500000,0,0,0,190
424840,Little Nightmares,Tarsier Studios,BANDAI NAMCO Entertainment,Adventure,Horror;Atmospheric;Adventure;Singleplayer;Puzzle-Platformer;Dark;Puzzle;Indie;Story Rich;Stealth;Platformer;Psychological Horror;Great Soundtrack;2.5D;Third Person;Survival Horror;Female Protagonist;Short;Action;Strategy,1,20,19.99,19.99,0.0,0,104472,5724,110196,0.9481,1,"5,000,000 .. 10,000,000",5000000,10000000,7500000,0,0,0,222
2669320,EA SPORTS FC 25,"EA Canada, EA Romania",Electronic Arts,"Simulation, Sports",Sports;Football (Soccer);Simulation;Controller;Multiplayer;e-sports;Competitive;Local Co-Op;Family Friendly;Local Multiplayer;Online Co-Op;Singleplayer;PvP;Modern;Realistic;Co-op;Soundtrack;Split Screen;Free to Play;LGBTQ+,2,20,69.99,69.99,0.0,0,37253,37543,74796,0.4981,0,"5,000,000 .. 10,000,000",5000000,10000000,7500000,0,0,0,42032
518790,theHunter: Call of the Wild,Expansive Worlds,Avalanche Studios,"Adventure, Simulation, Sports",Hunting;Open World;Multiplayer;Nature;Relaxing;Stealth;FPS;Sandbox;Survival;Simulation;Realistic;Online Co-Op;First-Person;Co-op;America;Walking Simulator;Immersive Sim;Shooter;Sports;Controller,3,20,2.99,19.99,85.0,0,157641,19969,177610,0.8876,1,"5,000,000 .. 10,000,000",5000000,10000000,7500000,0,0,0,2207
365590,Tom Clancy’s The Division,Massive Entertainment,Ubisoft,"Action, Adventure, RPG",Open World;Looter Shooter;Multiplayer;Third-Person Shooter;Action;Co-op;Shooter;RPG;Online Co-Op;Post-apocalyptic;Survival;Massively Multiplayer;Tactical;Third Person;Singleplayer;MMORPG;Adventure;Atmospheric;FPS;Stealth,3,20,29.99,29.99,0.0,0,65652,27546,93198,0.7044,1,"5,000,000 .. 10,000,000",5000000,10000000,7500000,0,0,0,774
223470,POSTAL 2,Running With Scissors,Running With Scissors,"Action, Adventure, Indie",Violent;Dark Humor;Open World;Mature;First-Person;Funny;Comedy;Sandbox;Moddable;Third Person;Gore;FPS;Action;Dark Comedy;Singleplayer;Multiplayer;Shooter;Classic;Adventure;Satire,3,20,9.99,9.99,0.0,0,112414,3644,116058,0.9686,1,"5,000,000 .. 10,000,000",5000000,10000000,7500000,0,0,0,320
241930,Middle-earth: Shadow of Mordor,Monolith Productions,"Warner Bros. Interactive Entertainment, Warner Bros. Games",,Open World;Action;Fantasy;Adventure;Third Person;Stealth;Singleplayer;RPG;Action RPG;Assassin;Hack and Slash;Gore;Parkour;Story Rich;Atmospheric;Dark Fantasy;Magic;Lore-Rich;Based On A Novel;Sandbox,0,20,19.99,19.99,0.0,0,83849,6866,90715,0.9243,1,"5,000,000 .. 10,000,000",5000000,10000000,7500000,0,0,0,441
346900,AdVenture Capitalist,Hyper Hippo Games,Hyper Hippo Games,"Casual, Indie, Free To Play",Clicker;Idler;Management;Capitalism;Automation;Real-Time;Point & Click;Strategy;Character Customization;Relaxing;2D;Funny;Casual;Simulation;Family Friendly;Comedy;Adventure;Memes;Singleplayer;Free to Play,3,20,0.0,0.0,0.0,1,51968,7198,59166,0.8783,1,"5,000,000 .. 10,000,000",5000000,10000000,7500000,0,0,0,1109
3240220,Grand Theft Auto V Enhanced,Rockstar North,Rockstar Games,"Action, Adventure, Racing",Open World;Action;Multiplayer;Crime;Mature;Third Person;Shooter;First-Person;Automobile Sim;Adventure;Racing;Third-Person Shooter;Sandbox;Atmospheric;Sexual Content;Comedy;Funny;PvP;Moddable;Co-op,3,20,14.99,29.99,50.0,0,38595,17286,55881,0.6907,0,"5,000,000 .. 10,000,000",5000000,10000000,7500000,0,0,0,39502
440900,Conan Exiles Enhanced,"Funcom, Inflexion Games",Funcom,"Action, Adventure, Massively Multiplayer, RPG, Simulation, Strategy",Survival;Open World;Nudity;Building;Open World Survival Craft;Crafting;Multiplayer;Sandbox;RPG;Massively Multiplayer;Adventure;Action;Online Co-Op;Exploration;Singleplayer;Violent;Co-op;Fantasy;Gore;PvP,6,20,39.99,39.99,0.0,0,84575,22890,107465,0.787,1,"5,000,000 .. 10,000,000",5000000,10000000,7500000,0,0,0,5677
374320,DARK SOULS III,"FromSoftware, Inc.","FromSoftware, Inc., Bandai Namco Entertainment",Action,Souls-like;Dark Fantasy;Difficult;RPG;Atmospheric;Lore-Rich;Third Person;Exploration;Story Rich;Action RPG;Co-op;Great Soundtrack;Adventure;Action;Multiplayer;PvP;Open World;Singleplayer;Character Customization;Replay Value,1,20,59.99,59.99,0.0,0,390326,23449,413775,0.9433,1,"5,000,000 .. 10,000,000",5000000,10000000,7500000,0,0,0,4381
1868140,DAVE THE DIVER,MINTROCKET,MINTROCKET,"Adventure, Casual, RPG, Simulation",Pixel Graphics;Casual;Management;Adventure;Relaxing;Exploration;Fishing;RPG;Underwater;Simulation;Singleplayer;Farming Sim;Rogue-lite;Story Rich;2D;Crafting;Funny;Agriculture;Action;Indie,4,20,19.99,19.99,0.0,0,125422,3909,129331,0.9698,1,"5,000,000 .. 10,000,000",5000000,10000000,7500000,0,0,0,3367
304390,FOR HONOR,"Ubisoft Montreal, Ubisoft Quebec, Ubisoft Toronto, Blue Byte",Ubisoft,Action,Medieval;Swordplay;Action;Multiplayer;Fighting;PvP;Third Person;War;Gore;Co-op;Singleplayer;Online Co-Op;Hack and Slash;Realistic;Strategy;Atmospheric;RPG;Fantasy;MOBA;Story Rich,1,20,29.99,29.99,0.0,0,104468,45788,150256,0.6953,0,"5,000,000 .. 10,000,000",5000000,10000000,7500000,0,0,0,2146
208090,Loadout,Edge of Reality,Edge of Reality,"Action, Free To Play, Indie",Free to Play;Third-Person Shooter;Action;Gore;Multiplayer;Gun Customization;Shooter;Funny;Fast-Paced;Indie;Comedy;Mature;Character Customization;Third Person;Blood;Cartoony;Massively Multiplayer;Co-op;Crafting;Arena Shooter,3,20,0.0,0.0,0.0,1,34218,5094,39312,0.8704,1,"5,000,000 .. 10,000,000",5000000,10000000,7500000,0,0,0,1
48700,Mount & Blade: Warband,TaleWorlds Entertainment,TaleWorlds Entertainment,"Action, RPG",Medieval;RPG;Open World;Strategy;Sandbox;Multiplayer;Action;Moddable;Military;Adventure;Horses;Singleplayer;Realistic;First-Person;Historical;Third Person;Simulation;Hack and Slash;Fantasy;Indie,2,20,19.99,19.99,0.0,0,162632,3773,166405,0.9773,1,"5,000,000 .. 10,000,000",5000000,10000000,7500000,0,0,0,3055
2630,Call of Duty 2,Infinity Ward,Activision,Action,World War II;Action;FPS;Multiplayer;Singleplayer;Shooter;War;Classic;First-Person;Historical;Military;Atmospheric;Controller;Story Rich;Violent;Co-op;Adventure;Online Co-Op;Casual;Simulation,1,20,9.99,19.99,50.0,0,9804,670,10474,0.936,1,"5,000,000 .. 10,000,000",5000000,10000000,7500000,0,0,0,162
12210,Grand Theft Auto IV: The Complete Edition,"Rockstar North, Rockstar Toronto",Rockstar Games,"Action, Adventure",Open World;Action;Automobile Sim;Multiplayer;Crime;Third Person;Adventure;Singleplayer;Third-Person Shooter;Moddable;Sandbox;Shooter;Physics;Atmospheric;Classic;Dark Humor;Funny;Gore;Satire;Co-op,2,20,19.99,19.99,0.0,0,144493,30691,175184,0.8248,1,"5,000,000 .. 10,000,000",5000000,10000000,7500000,0,0,0,2122
1144200,Ready or Not,VOID Interactive,VOID Interactive,"Action, Adventure, Indie",Tactical;Realistic;FPS;Shooter;Multiplayer;Co-op;Singleplayer;Horror;First-Person;Action;Violent;Combat;Gun Customization;Crime;Gore;Modern;Psychological Horror;Atmospheric;America;Co-op Campaign,3,20,24.99,49.99,50.0,0,210654,25542,236196,0.8919,1,"5,000,000 .. 10,000,000",5000000,10000000,7500000,0,0,0,4296
113400,APB Reloaded,Little Orbit,Little Orbit,"Action, Massively Multiplayer, Free To Play",Free to Play;Open World;Multiplayer;Action;Character Customization;Massively Multiplayer;Shooter;Third-Person Shooter;PvP;Crime;Third Person;Co-op;Racing;Sandbox;FPS;Adventure;Nudity;Singleplayer;Hacking;Anime,3,20,0.0,0.0,0.0,1,23693,13599,37292,0.6353,0,"5,000,000 .. 10,000,000",5000000,10000000,7500000,0,0,0,111
1332010,Stray,BlueTwelve Studio,Annapurna Interactive,"Adventure, Indie",Cats;Adventure;Atmospheric;Cyberpunk;Singleplayer;Cute;Exploration;Robots;Beautiful;Puzzle;Third Person;Horror;Sci-fi;Indie;Dystopian;Open World;Mystery;Action;Colorful;Stealth,2,20,29.99,29.99,0.0,0,152312,4295,156607,0.9726,1,"5,000,000 .. 10,000,000",5000000,10000000,7500000,0,0,0,498
206420,Saints Row IV: Re-Elected,Deep Silver Volition,Deep Silver,"Action, Adventure",Open World;Action;Comedy;Co-op;Third-Person Shooter;Character Customization;Superhero;Sandbox;Funny;Third Person;Adventure;Online Co-Op;Aliens;Parody;Multiplayer;Singleplayer;Great Soundtrack;Sci-fi;Dark Humor;Female Protagonist,2,20,19.99,19.99,0.0,0,67768,9376,77144,0.8785,1,"5,000,000 .. 10,000,000",5000000,10000000,7500000,0,0,0,117
380600,Fishing Planet,Fishing Planet LLC,Fishing Planet LLC,"Massively Multiplayer, Simulation, Sports, Free To Play",Fishing;Free to Play;Multiplayer;Simulation;Relaxing;Sports;Realistic;Massively Multiplayer;Co-op;First-Person;Open World;Singleplayer;Online Co-Op;Adventure;Family Friendly;Casual;VR;Action;MMORPG;Farming Sim,4,20,0.0,0.0,0.0,1,57004,8695,65699,0.8677,1,"5,000,000 .. 10,000,000",5000000,10000000,7500000,0,0,0,2781
225540,Just Cause 3,Avalanche Studios,Square Enix,"Action, Adventure",Open World;Action;Destruction;Third-Person Shooter;Multiplayer;Singleplayer;Shooter;Adventure;Sandbox;Third Person;Exploration;Physics;Funny;Atmospheric;Co-op;Parkour;Comedy;Great Soundtrack;Moddable;RPG,2,20,19.99,19.99,0.0,0,102532,19629,122161,0.8393,1,"5,000,000 .. 10,000,000",5000000,10000000,7500000,0,0,0,639
286690,Metro 2033 Redux,4A Games,Deep Silver,Action,Post-apocalyptic;FPS;Atmospheric;Story Rich;Horror;Action;Singleplayer;First-Person;Shooter;Stealth;Survival Horror;Based On A Novel;Survival;Adventure;Multiplayer;Remake;Gore;Mature;Classic;Open World,1,20,19.99,19.99,0.0,0,101543,9424,110967,0.9151,1,"5,000,000 .. 10,000,000",5000000,10000000,7500000,0,0,0,1208
223750,DCS World Steam Edition,Eagle Dynamics SA,Eagle Dynamics SA,"Simulation, Free To Play",Simulation;Flight;Free to Play;Military;Multiplayer;Realistic;VR;War;Open World;Singleplayer;Shooter;Action;Co-op;Sandbox;TrackIR;First-Person;Tanks;Strategy;Massively Multiplayer;FPS,2,20,0.0,0.0,0.0,1,31661,5528,37189,0.8514,1,"5,000,000 .. 10,000,000",5000000,10000000,7500000,0,0,0,636
1593500,God of War,"Santa Monica Studio, Jetpack Interactive",PlayStation Publishing LLC,"Action, Adventure, RPG",Action;Singleplayer;Story Rich;Mythology;Adventure;Combat;Third Person;RPG;Hack and Slash;Violent;Open World;Fantasy;Exploration;Atmospheric;Action RPG;Gore;Souls-like;Emotional;3D;PvE,3,20,49.99,49.99,0.0,0,151706,6311,158017,0.9601,1,"5,000,000 .. 10,000,000",5000000,10000000,7500000,0,0,0,1380
386180,Crossout,Targem Games,Gaijin Network Ltd,"Action, Adventure, Massively Multiplayer, Racing, Free To Play",Third Person;Gun Customization;Vehicular Combat;Free to Play;Action;Crafting;Post-apocalyptic;Sandbox;Trading;PvE;PvP;Shooter;Online Co-Op;Multiplayer;Combat;Co-op;Building;Adventure;Loot;Economy,5,20,0.0,0.0,0.0,1,48219,15920,64139,0.7518,1,"5,000,000 .. 10,000,000",5000000,10000000,7500000,0,0,0,2231
1238840,Battlefield 1,DICE,Electronic Arts,"Action, Massively Multiplayer",FPS;Multiplayer;Singleplayer;World War I;War;Shooter;Action;First-Person;Historical;Atmospheric;PvP;Massively Multiplayer;Gore;Tanks;Destruction;Open World;Violent;Physics;Mature;Great Soundtrack,2,20,39.99,39.99,0.0,0,166775,26046,192821,0.8649,1,"5,000,000 .. 10,000,000",5000000,10000000,7500000,0,0,0,6308
812140,Assassin's Creed Odyssey,"Ubisoft Quebec, Ubisoft Montreal, Ubisoft Bucharest, Ubisoft Singapore, Ubisoft Montpellier, Ubisoft Kiev, Ubisoft Shanghai",Ubisoft,"Action, Adventure, RPG",Open World;RPG;Singleplayer;Historical;Action;Assassin;Third Person;Adventure;Mythology;Stealth;Multiple Endings;Story Rich;Female Protagonist;Parkour;Choices Matter;Exploration;Action RPG;Multiplayer;Action-Adventure;Choose Your Own Adventure,3,20,59.99,59.99,0.0,0,153091,19102,172193,0.8891,1,"5,000,000 .. 10,000,000",5000000,10000000,7500000,0,0,0,2629
1721470,Poppy Playtime,Mob Entertainment,Mob Entertainment,"Action, Adventure, Indie",Horror;Free to Play;Singleplayer;Puzzle;First-Person;Survival Horror;Dark;Mystery;Psychological Horror;Survival;Indie;Adventure;Lore-Rich;1980s;Thriller;Atmospheric;Action;Cartoony;Action-Adventure;Physics,3,20,0.0,0.0,0.0,1,84113,14801,98914,0.8504,1,"5,000,000 .. 10,000,000",5000000,10000000,7500000,0,0,0,588
960090,Bloons TD 6,Ninja Kiwi,Ninja Kiwi,Strategy,Tower Defense;Strategy;Multiplayer;Singleplayer;Online Co-Op;Co-op;Family Friendly;Casual;3D;Cartoony;Sandbox;2D;Great Soundtrack;Difficult;Touch-Friendly;Cute;Funny;Addictive;Survival;Action,1,20,13.99,13.99,0.0,0,344269,9691,353960,0.9726,1,"2,000,000 .. 5,000,000",2000000,5000000,3500000,0,0,0,7489
55230,Saints Row: The Third,Volition,Deep Silver,Action,Open World;Action;Comedy;Co-op;Third-Person Shooter;Funny;Character Customization;Sandbox;Third Person;Online Co-Op;Singleplayer;Great Soundtrack;Multiplayer;Crime;Shooter;Female Protagonist;Adventure;Satire;Zombies;RPG,1,20,9.99,9.99,0.0,0,65644,2956,68600,0.9569,1,"2,000,000 .. 5,000,000",2000000,5000000,3500000,0,0,0,163
262060,Darkest Dungeon,Red Hook Studios,Red Hook Studios,"Indie, RPG, Strategy",Turn-Based Combat;Dark Fantasy;Dungeon Crawler;Rogue-like;RPG;Lovecraftian;Difficult;Turn-Based;Singleplayer;Perma Death;Strategy;Atmospheric;Dark;Indie;2D;Rogue-lite;Horror;Gothic;Fantasy;Kickstarter,3,20,24.99,24.99,0.0,0,137026,12430,149456,0.9168,1,"2,000,000 .. 5,000,000",2000000,5000000,3500000,0,0,0,3848
761890,Albion Online,Sandbox Interactive GmbH,Sandbox Interactive GmbH,"Massively Multiplayer, RPG, Free To Play",Free to Play;MMORPG;Open World;Massively Multiplayer;Sandbox;RPG;Multiplayer;Crafting;Survival;PvP;Loot;PvE;Economy;Medieval;Co-op;Fantasy;Strategy;Action;Singleplayer;Difficult,3,20,0.0,0.0,0.0,1,65583,17491,83074,0.7895,1,"2,000,000 .. 5,000,000",2000000,5000000,3500000,0,0,0,8184
2001120,Split Fiction,Hazelight Studios,Electronic Arts,"Action, Adventure",Co-op;Split Screen;Female Protagonist;Action-Adventure;3D Platformer;Fantasy;Sci-fi;Local Co-Op;Online Co-Op;Third Person;Story Rich;Adventure;Co-op Campaign;Action;Multiplayer;Local Multiplayer;Puzzle-Platformer;Platformer;Funny;Mature,2,20,49.99,49.99,0.0,0,79546,2012,81558,0.9753,1,"2,000,000 .. 5,000,000",2000000,5000000,3500000,0,0,0,5476
281990,Stellaris,Paradox Development Studio,Paradox Interactive,"Simulation, Strategy",Space;Grand Strategy;Strategy;Sci-fi;4X;Exploration;Sandbox;Simulation;Multiplayer;Singleplayer;Real-Time with Pause;Moddable;Management;Diplomacy;Military;Futuristic;Replay Value;Great Soundtrack;Procedural Generation;Atmospheric,2,20,49.99,49.99,0.0,0,159527,25906,185433,0.8603,1,"2,000,000 .. 5,000,000",2000000,5000000,3500000,0,0,0,13727
211820,Starbound,Chucklefish,Chucklefish,"Action, Adventure, Casual, Indie, RPG",Open World Survival Craft;Sandbox;Survival;Space;Adventure;Crafting;Pixel Graphics;Online Co-Op;Multiplayer;Open World;Exploration;Relaxing;Indie;2D;Action;Building;Co-op;RPG;Atmospheric;Sci-fi,5,20,14.99,14.99,0.0,0,152150,12756,164906,0.9226,1,"2,000,000 .. 5,000,000",2000000,5000000,3500000,0,0,0,894
8190,Just Cause 2,Avalanche Studios,Square Enix,"Action, Adventure",Open World;Action;Sandbox;Third Person;Multiplayer;Adventure;Third-Person Shooter;Shooter;Singleplayer;Destruction;Exploration;Funny;Moddable;Co-op;Beautiful;Physics;Atmospheric;3D Vision;Comedy;FPS,2,20,14.99,14.99,0.0,0,46001,4738,50739,0.9066,1,"2,000,000 .. 5,000,000",2000000,5000000,3500000,0,0,0,90
6060,"STAR WARS Battlefront II (Classic, 2005)",Pandemic Studios,"Lucasfilm, LucasArts, Disney",Action,Action;Multiplayer;Shooter;Classic;Third-Person Shooter;Sci-fi;Space;FPS;First-Person;Singleplayer;Moddable;Third Person;Military;Co-op;Tactical;Great Soundtrack;Strategy;Adventure;Addictive;Epic,1,20,9.99,9.99,0.0,0,50396,2891,53287,0.9457,1,"2,000,000 .. 5,000,000",2000000,5000000,3500000,0,0,0,323
508440,Totally Accurate Battle Simulator,Landfall,Landfall,"Indie, Simulation, Strategy",Sandbox;Simulation;Funny;War;Physics;Strategy;Singleplayer;Realistic;Indie;Adventure;Colorful;Fantasy;3D;Comedy;Action;Historical;Family Friendly;Wargame;Cute;Memes,3,20,19.99,19.99,0.0,0,132974,2969,135943,0.9782,1,"2,000,000 .. 5,000,000",2000000,5000000,3500000,0,0,0,1299
115300,Call of Duty: Modern Warfare 3 (2011),"Infinity Ward, Sledgehammer Games",Activision,Action,Action;FPS;Multiplayer;Shooter;First-Person;Singleplayer;War;Military;Online Co-Op;Co-op;Controller;Casual;Story Rich;Survival;Linear;Adventure;Zombies;Dog;Massively Multiplayer;Free to Play,1,20,15.99,39.99,60.0,0,33647,4306,37953,0.8865,1,"2,000,000 .. 5,000,000",2000000,5000000,3500000,0,0,0,0
42910,Magicka,Arrowhead Game Studios,Paradox Interactive,"Action, RPG",Comedy;Co-op;Action;Fantasy;Magic;Online Co-Op;Multiplayer;RPG;Adventure;Funny;Local Co-Op;4 Player Local;Indie;Local Multiplayer;Difficult;Singleplayer;Team-Based;Action RPG;Arcade;Strategy,2,20,9.99,9.99,0.0,0,26997,4365,31362,0.8608,1,"2,000,000 .. 5,000,000",2000000,5000000,3500000,0,0,0,18
39210,FINAL FANTASY XIV Online,Square Enix,Square Enix,"Massively Multiplayer, RPG",MMORPG;RPG;Massively Multiplayer;Character Customization;Fantasy;JRPG;Open World;Story Rich;Multiplayer;Magic;Adventure;Third Person;Co-op;Online Co-Op;Exploration;Action;Atmospheric;Crafting;Action RPG;Female Protagonist,2,20,19.99,19.99,0.0,0,70254,9782,80036,0.8778,1,"2,000,000 .. 5,000,000",2000000,5000000,3500000,0,0,0,19824
1222680,Need for Speed Heat,Ghost Games,Electronic Arts,"Action, Adventure, Racing, Sports",Racing;Open World;Multiplayer;Driving;Action;Singleplayer;Co-op;Adventure;Combat Racing;Atmospheric;Online Co-Op;Third Person;Arcade;Controller;Sports;PvP;First-Person;Character Customization;Destruction;Split Screen,4,20,69.99,69.99,0.0,0,111482,21373,132855,0.8391,1,"2,000,000 .. 5,000,000",2000000,5000000,3500000,0,0,0,1385
351940,The Descendant,Gaming Corps AB,"Microids Indie, Microids","Adventure, Casual, Indie",Adventure;Point & Click;Casual;Story Rich;Post-apocalyptic;Episodic;Choices Matter;Sci-fi;Indie;Alternate History;Singleplayer;Free to Play;Atmospheric;Horror,3,14,14.99,14.99,0.0,0,6312,811,7123,0.8861,1,"2,000,000 .. 5,000,000",2000000,5000000,3500000,0,0,0,15
1250,Killing Floor,Tripwire Interactive,Tripwire Interactive,Action,FPS;Zombies;Co-op;Survival;Horror;Multiplayer;Action;Online Co-Op;Violent;Gore;Shooter;Team-Based;First-Person;Survival Horror;Moddable;Bullet Time;Class-Based;3D;Singleplayer;Dark Comedy,1,20,19.99,19.99,0.0,0,64024,3448,67472,0.9489,1,"2,000,000 .. 5,000,000",2000000,5000000,3500000,0,0,0,224
2623190,The Elder Scrolls IV: Oblivion Remastered,"Bethesda Game Studios, Virtuos",Bethesda Softworks,RPG,RPG;Open World;Fantasy;Singleplayer;Adventure;Exploration;Action RPG;First-Person;Character Customization;Third Person;Story Rich;Action-Adventure;Great Soundtrack;Atmospheric;Violent;Sexual Content;Action;Gore;Politics;Multiplayer,1,20,49.99,49.99,0.0,0,42316,10242,52558,0.8051,1,"2,000,000 .. 5,000,000",2000000,5000000,3500000,0,0,0,14420
323190,Frostpunk,11 bit studios,11 bit studios,"Simulation, Strategy",City Builder;Survival;Resource Management;Strategy;Post-apocalyptic;Steampunk;Colony Sim;Building;Base-Building;Singleplayer;Simulation;Management;Choices Matter;Atmospheric;Economy;Dark;Difficult;RTS;Great Soundtrack;Real-Time with Pause,2,20,29.99,29.99,0.0,0,114315,9231,123546,0.9253,1,"2,000,000 .. 5,000,000",2000000,5000000,3500000,0,0,0,1699
1716740,Starfield,Bethesda Game Studios,Bethesda Softworks,RPG,Space;Singleplayer;Open World;RPG;Sci-fi;Exploration;First-Person;Character Customization;Story Rich;Action-Adventure;Third Person;Adventure;Action RPG;Atmospheric;Moddable;Space Sim;Action;Cinematic;Realistic;Great Soundtrack,1,20,49.99,49.99,0.0,0,93942,71585,165527,0.5675,0,"2,000,000 .. 5,000,000",2000000,5000000,3500000,0,0,0,3725
813780,Age of Empires II: Definitive Edition,"World's Edge, Forgotten Empires, CaptureAge, Tantalus Media, Wicked Witch, Feral Interactive",Xbox Game Studios,Strategy,Strategy;RTS;City Builder;Multiplayer;Base-Building;Historical;Singleplayer;Medieval;Resource Management;Classic;Tactical;Real-Time;Co-op;Remake;Isometric;2D;Replay Value;Action;Adventure;Great Soundtrack,1,20,34.99,34.99,0.0,0,154061,8401,162462,0.9483,1,"2,000,000 .. 5,000,000",2000000,5000000,3500000,0,0,0,13465
630,Alien Swarm,Valve,Valve,"Action, Free To Play",Free to Play;Co-op;Action;Multiplayer;Online Co-Op;Aliens;Shooter;Sci-fi;Top-Down;Top-Down Shooter;Survival;PvE;Class-Based;Third Person;Team-Based;Third-Person Shooter;Moddable;Singleplayer;Strategy;Adventure,2,20,0.0,0.0,0.0,1,20179,1095,21274,0.9485,1,"2,000,000 .. 5,000,000",2000000,5000000,3500000,0,0,0,23
57300,Amnesia: The Dark Descent,Frictional Games,Frictional Games,"Action, Adventure, Indie",Horror;Gore;Psychological Horror;Survival Horror;Atmospheric;Puzzle;First-Person;Nudity;Dark;Lovecraftian;Adventure;Indie;Singleplayer;Stealth;Exploration;Action;Walking Simulator;Physics;Story Rich;Surreal,3,20,19.99,19.99,0.0,0,32258,1850,34108,0.9458,1,"2,000,000 .. 5,000,000",2000000,5000000,3500000,0,0,0,60
395170,DISTRAINT: Deluxe Edition,Jesse Makkonen,Jesse Makkonen,"Adventure, Casual, Indie",Indie;Psychological Horror;Horror;Pixel Graphics;2D;Adventure;Story Rich;Atmospheric;Singleplayer;Dark;Puzzle;Psychological;Short;Mystery;Side Scroller;Emotional;Dark Humor;Point & Click;Narration;Gore,3,20,0.69,4.99,86.0,0,11408,834,12242,0.9319,1,"2,000,000 .. 5,000,000",2000000,5000000,3500000,0,0,0,3
20920,The Witcher 2: Assassins of Kings Enhanced Edition,CD PROJEKT RED,"CD PROJEKT RED, 1C-SoftClub",RPG,RPG;Fantasy;Mature;Story Rich;Choices Matter;Singleplayer;Third Person;Nudity;Adventure;Dark Fantasy;Multiple Endings;Open World;Action;Atmospheric;Based On A Novel;Well-Written;Difficult;Medieval;Magic;Dark,1,20,19.99,19.99,0.0,0,77950,9114,87064,0.8953,1,"2,000,000 .. 5,000,000",2000000,5000000,3500000,0,0,0,479
212680,FTL: Faster Than Light,Subset Games,Subset Games,"Indie, Simulation, Strategy",Rogue-like;Space;Strategy;Sci-fi;Indie;Singleplayer;Perma Death;Difficult;Replay Value;Real-Time with Pause;Procedural Generation;Tactical;Space Sim;Top-Down;2D;Rogue-lite;Survival;Choose Your Own Adventure;Simulation;Adventure,3,20,9.99,9.99,0.0,0,71561,3491,75052,0.9535,1,"2,000,000 .. 5,000,000",2000000,5000000,3500000,0,0,0,1566
504370,Battlerite,Stunlock Studios,Stunlock Studios,"Action, Free To Play",PvP;Multiplayer;MOBA;Competitive;Action;Free to Play;Arena Shooter;Fast-Paced;Team-Based;Fighting;Top-Down;Early Access;Strategy;e-sports;Difficult;Great Soundtrack;RPG;Top-Down Shooter;Hack and Slash;Atmospheric,2,20,0.0,0.0,0.0,1,50196,9152,59348,0.8458,1,"2,000,000 .. 5,000,000",2000000,5000000,3500000,0,0,0,103
286160,Tabletop Simulator,Berserk Games,Berserk Games,"Casual, Indie, RPG, Simulation, Strategy",Tabletop;Board Game;Simulation;Multiplayer;Sandbox;Card Game;VR;Trading Card Game;Physics;Moddable;3D;Strategy;Online Co-Op;Casual;Wargame;Co-op;RPG;Funny;First-Person;Indie,5,20,19.99,19.99,0.0,0,66735,3925,70660,0.9445,1,"2,000,000 .. 5,000,000",2000000,5000000,3500000,0,0,0,5021
311690,Enter the Gungeon,Dodge Roll,Devolver Digital,"Action, Adventure, Indie",Bullet Hell;Action Roguelike;Rogue-like;Pixel Graphics;Difficult;Dungeon Crawler;Indie;Local Co-Op;Multiplayer;Twin Stick Shooter;Co-op;Action;2D;Top-Down;Shooter;Singleplayer;Loot;Rogue-lite;Cute;Funny,3,20,14.99,14.99,0.0,0,81669,3893,85562,0.9545,1,"2,000,000 .. 5,000,000",2000000,5000000,3500000,0,0,0,1165
355840,Survarium,Vostok Games,Vostok Games,"Action, Free To Play, Massively Multiplayer, RPG, Early Access",Free to Play;Survival;Multiplayer;FPS;Post-apocalyptic;Shooter;Open World;Action;First-Person;PvP;Early Access;Co-op;Zombies;Atmospheric;Massively Multiplayer;Crafting;Adventure;RPG;Exploration;Singleplayer,5,20,0.0,0.0,0.0,1,13832,11623,25455,0.5434,0,"2,000,000 .. 5,000,000",2000000,5000000,3500000,0,0,0,0
1145350,Hades II,Supergiant Games,Supergiant Games,"Action, Indie, RPG",Action;Rogue-like;Rogue-lite;Hack and Slash;RPG;Action Roguelike;Mythology;Dungeon Crawler;Action RPG;Isometric;Hand-drawn;Female Protagonist;Story Rich;Singleplayer;Atmospheric;Indie;Souls-like;Early Access;LGBTQ+;Perma Death,3,20,29.99,29.99,0.0,0,60844,3288,64132,0.9487,1,"2,000,000 .. 5,000,000",2000000,5000000,3500000,0,0,0,1838
1366800,Crosshair X,CenterPoint Gaming,CenterPoint Gaming,"Action, Adventure, Indie, Software Training, Utilities",Action;Indie;Adventure;Utilities;Shooter;Software;FPS;Game Development;Design & Illustration;Photo Editing;Animation & Modeling;Education;Survival;Third-Person Shooter;First-Person;PvP;War;Multiplayer;Tactical;Sandbox,5,20,9.99,9.99,0.0,0,29275,2077,31352,0.9338,1,"2,000,000 .. 5,000,000",2000000,5000000,3500000,0,0,0,41428
1196590,Resident Evil Village,"CAPCOM Co., Ltd.","CAPCOM Co., Ltd.",Action,Survival Horror;Horror;First-Person;Singleplayer;Action;Sexual Content;Zombies;Gore;Story Rich;FPS;Atmospheric;Violent;Dark;Survival;Psychological Horror;VR;Adventure;Open World;Multiplayer;Nudity,1,20,9.99,39.99,75.0,0,114131,5219,119350,0.9563,1,"2,000,000 .. 5,000,000",2000000,5000000,3500000,0,0,0,1284
613100,House Flipper,Empyrean,"Frozen District, PlayWay S.A.","Action, Adventure, Casual, Indie, Massively Multiplayer, Simulation, Strategy",Simulation;Design & Illustration;Building;Singleplayer;Relaxing;Sandbox;Casual;Education;Immersive Sim;Multiplayer;First-Person;Management;Economy;Family Friendly;Base-Building;3D;Replay Value;Realistic;Indie;Moddable,7,20,2.49,24.99,90.0,0,89596,5548,95144,0.9417,1,"2,000,000 .. 5,000,000",2000000,5000000,3500000,0,0,0,1311
1172380,STAR WARS Jedi: Fallen Order,Respawn Entertainment,Electronic Arts,"Action, Adventure",Action-Adventure;Souls-like;Third Person;Open World;Story Rich;Swordplay;Exploration;Sci-fi;Action;Platformer;Space;RPG;Fighting;Puzzle;Adventure;Metroidvania;Fantasy;Atmospheric;Hack and Slash;Family Friendly,2,20,39.99,39.99,0.0,0,140485,18094,158579,0.8859,1,"2,000,000 .. 5,000,000",2000000,5000000,3500000,0,0,0,1354
202970,Call of Duty: Black Ops II,Treyarch,Activision,Action,Multiplayer;Action;FPS;Shooter;Singleplayer;First-Person;Co-op;War;Online Co-Op;Team-Based;Futuristic;Controller;Survival;Tactical;Great Soundtrack;Horror;Adventure;Sci-fi;Massively Multiplayer;Atmospheric,1,20,19.99,39.99,50.0,0,40563,6454,47017,0.8627,1,"2,000,000 .. 5,000,000",2000000,5000000,3500000,0,0,0,238
304430,INSIDE,Playdead,Playdead,"Action, Adventure, Indie",2.5D;Puzzle-Platformer;Atmospheric;Dark;Story Rich;Indie;Horror;Cinematic;Singleplayer;Adventure;Multiple Endings;2D Platformer;Puzzle;Ambient;Platformer;Minimalist;Action-Adventure;Narrative;Controller;Action,3,20,24.99,24.99,0.0,0,65954,2092,68046,0.9693,1,"2,000,000 .. 5,000,000",2000000,5000000,3500000,0,0,0,129
3590,Plants vs. Zombies GOTY Edition,"PopCap Games, Inc.","PopCap Games, Inc., Electronic Arts",Strategy,Tower Defense;Zombies;Strategy;Singleplayer;Casual;Classic;Great Soundtrack;2D;Comedy;Family Friendly;Funny;Puzzle;Addictive;Cute;Survival;Indie;Tactical;Adventure;Touch-Friendly;Post-apocalyptic,1,20,4.99,4.99,0.0,0,136574,3351,139925,0.9761,1,"2,000,000 .. 5,000,000",2000000,5000000,3500000,0,0,0,2656
1260320,Party Animals,Recreate Games,Source Technology,"Action, Casual, Indie",Multiplayer;Funny;Casual;Cute;Party Game;Co-op;Fighting;Action;PvP;Party;Online Co-Op;Family Friendly;Local Multiplayer;Physics;4 Player Local;3D Fighter;Local Co-Op;Team-Based;Indie;Action-Adventure,3,20,19.99,19.99,0.0,0,50198,13834,64032,0.784,1,"2,000,000 .. 5,000,000",2000000,5000000,3500000,0,0,0,3070
33930,Arma 2: Operation Arrowhead,Bohemia Interactive,Bohemia Interactive,"Action, Simulation, Strategy",Simulation;Military;Action;Multiplayer;Tactical;Realistic;Strategy;Shooter;FPS;Open World;War;Moddable;Co-op;Sandbox;Team-Based;First-Person;Singleplayer;Modern;Difficult;Third Person,3,20,3.99,19.99,80.0,0,20414,1676,22090,0.9241,1,"2,000,000 .. 5,000,000",2000000,5000000,3500000,0,0,0,113
212500,The Lord of the Rings Online,Standing Stone Games,Daybreak Game Company LLC,"Action, Adventure, Massively Multiplayer, RPG, Free To Play",Free to Play;MMORPG;Massively Multiplayer;Open World;Fantasy;RPG;Adventure;Multiplayer;Character Customization;Based On A Novel;Exploration;Action;Story Rich;Online Co-Op;Co-op;Survival;Third Person;Singleplayer;PvP;Dark Fantasy,5,20,0.0,0.0,0.0,1,17099,3896,20995,0.8144,1,"2,000,000 .. 5,000,000",2000000,5000000,3500000,0,0,0,793
457140,Oxygen Not Included,Klei Entertainment,Klei Entertainment,"Indie, Simulation",Colony Sim;Base-Building;Survival;Resource Management;Building;Singleplayer;Management;2D;Simulation;Sandbox;Strategy;Space;Indie;Sci-fi;Difficult;Exploration;Open World;Multiplayer;Adventure;Space Sim,2,20,24.99,24.99,0.0,0,124220,4170,128390,0.9675,1,"2,000,000 .. 5,000,000",2000000,5000000,3500000,0,0,0,7545
620980,Beat Saber,Beat Games,Beat Games,Indie,VR;Rhythm;Music;Moddable;Fast-Paced;Singleplayer;Difficult;First-Person;Multiplayer;Indie;Swordplay;Action;Sports;Great Soundtrack;Futuristic;Casual;Music-Based Procedural Generation;PvP;Games Workshop;Early Access,1,20,19.99,19.99,0.0,0,71341,3271,74612,0.9562,1,"2,000,000 .. 5,000,000",2000000,5000000,3500000,0,0,0,423
1222140,Detroit: Become Human,Quantic Dream,Quantic Dream,"Action, Adventure",Choices Matter;Story Rich;Multiple Endings;Cinematic;Singleplayer;Emotional;Futuristic;Robots;Sci-fi;Adventure;Beautiful;Atmospheric;Great Soundtrack;Third Person;Replay Value;Dynamic Narration;Cyberpunk;Narration;Violent;Female Protagonist,2,20,39.99,39.99,0.0,0,162047,7152,169199,0.9577,1,"2,000,000 .. 5,000,000",2000000,5000000,3500000,0,0,0,2344
1817070,Marvel’s Spider-Man Remastered,"Insomniac Games, Nixxes Software",PlayStation Publishing LLC,"Action, Adventure, Casual",Open World;Superhero;Action;Singleplayer;Story Rich;Adventure;Combat;Action-Adventure;Third Person;Parkour;Comic Book;Exploration;Beautiful;Stealth;Great Soundtrack;Funny;Atmospheric;Sci-fi;Multiplayer;Controller,3,20,59.99,59.99,0.0,0,107786,4606,112392,0.959,1,"2,000,000 .. 5,000,000",2000000,5000000,3500000,0,0,0,1190
205100,Dishonored,Arkane Studios,Bethesda Softworks,"Action, Adventure",Stealth;First-Person;Assassin;Action;Steampunk;Singleplayer;Atmospheric;Story Rich;Multiple Endings;Adventure;Dark;Magic;Dystopian;FPS;RPG;Replay Value;Immersive Sim;Fantasy;Open World;Shooter,2,20,9.99,9.99,0.0,0,80427,1943,82370,0.9764,1,"2,000,000 .. 5,000,000",2000000,5000000,3500000,0,0,0,288
24240,PAYDAY The Heist,OVERKILL - a Starbreeze Studio.,Starbreeze Entertainment,Action,FPS;Action;Co-op;Heist;Multiplayer;Crime;Online Co-Op;Shooter;First-Person;Great Soundtrack;Team-Based;Stealth;Difficult;Tactical;Strategy;Singleplayer;Simulation;RPG;Indie;Adventure,1,20,3.29,9.99,67.0,0,37570,2653,40223,0.934,1,"2,000,000 .. 5,000,000",2000000,5000000,3500000,0,0,0,38
1506830,FIFA 22,EA Canada &amp; EA Romania,Electronic Arts,"Simulation, Sports",Football (Soccer);Sports;Multiplayer;Controller;Competitive;Simulation;Local Multiplayer;Singleplayer;Online Co-Op;Local Co-Op;Realistic;PvP;e-sports;Family Friendly;Team-Based;Physics;Immersive Sim;Co-op;Cinematic;Sexual Content,2,20,0.0,0.0,0.0,1,97293,23578,120871,0.8049,1,"2,000,000 .. 5,000,000",2000000,5000000,3500000,0,0,0,1319
871720,Ultimate Custom Night,Scott Cawthon,Scott Cawthon,"Action, Free To Play, Indie",Free to Play;Horror;Singleplayer;Survival Horror;Robots;Difficult;Strategy;First-Person;Survival;Dark;Indie;Point & Click;Action;Psychological Horror;Story Rich;Atmospheric;Memes;Funny;Character Customization;Simulation,3,20,0.0,0.0,0.0,1,55394,2879,58273,0.9506,1,"2,000,000 .. 5,000,000",2000000,5000000,3500000,0,0,0,200
962130,Grounded,Obsidian Entertainment,Xbox Game Studios,"Action, Adventure",Survival;Multiplayer;Co-op;Open World Survival Craft;Base-Building;Crafting;Adventure;Open World;Horror;Online Co-Op;Exploration;Action;Sandbox;First-Person;Singleplayer;RPG;Third Person;Cute;Funny;Early Access,2,20,39.99,39.99,0.0,0,75482,9035,84517,0.8931,1,"2,000,000 .. 5,000,000",2000000,5000000,3500000,0,0,0,2394
356190,Middle-earth: Shadow of War,Monolith Productions,WB Games,"Action, Adventure, RPG",Open World;Action;RPG;Singleplayer;Fantasy;Adventure;Third Person;Violent;Stealth;Gore;War;Story Rich;Hack and Slash;Action RPG;Medieval;Dark Fantasy;Magic;Atmospheric;Strategy;Multiplayer,3,20,49.99,49.99,0.0,0,95053,12165,107218,0.8865,1,"2,000,000 .. 5,000,000",2000000,5000000,3500000,0,0,0,1405
274190,Broforce,Free Lives,Devolver Digital,"Action, Adventure, Casual, Indie",America;Action;Pixel Graphics;Co-op;2D;Local Co-Op;Platformer;Multiplayer;Indie;Shooter;Side Scroller;Local Multiplayer;Funny;Gore;Retro;Comedy;Adventure;Arcade;Casual;Epic,4,20,14.99,14.99,0.0,0,57080,1800,58880,0.9694,1,"2,000,000 .. 5,000,000",2000000,5000000,3500000,0,0,0,283
234140,Mad Max,Avalanche Studios,"Warner Bros. Games, Warner Bros. Interactive Entertainment","Action, Adventure",Open World;Vehicular Combat;Post-apocalyptic;Action;Driving;Singleplayer;Survival;Third Person;Adventure;Exploration;Automobile Sim;Atmospheric;Racing;Story Rich;Multiplayer;Sandbox;RPG;Shooter;Third-Person Shooter;War,2,20,19.99,19.99,0.0,0,76230,6430,82660,0.9222,1,"2,000,000 .. 5,000,000",2000000,5000000,3500000,0,0,0,563
8500,EVE Online,CCP,CCP,"Action, Massively Multiplayer, RPG, Strategy, Free To Play",Space;Free to Play;Massively Multiplayer;Open World;Multiplayer;RPG;Economy;Sci-fi;Sandbox;PvP;Strategy;Action;Character Customization;MMORPG;Spaceships;Exploration;War;PvE;Politics;Lore-Rich,5,20,0.0,0.0,0.0,1,26813,9575,36388,0.7369,1,"2,000,000 .. 5,000,000",2000000,5000000,3500000,0,0,0,3705
552520,Far Cry 5,"Ubisoft Montreal, Red Storm, Ubisoft Shanghai, Ubisoft Toronto, Ubisoft Kiev",Ubisoft,"Action, Adventure",Open World;Action-Adventure;Multiplayer;Co-op;FPS;Shooter;Exploration;Story Rich;Realistic;First-Person;America;Hunting;Action;Adventure;Stealth;3D;Survival;Nature;Atmospheric;Psychedelic,2,20,59.99,59.99,0.0,0,140377,33100,173477,0.8092,1,"2,000,000 .. 5,000,000",2000000,5000000,3500000,0,0,0,1297
7670,BioShock,"2K Boston, 2K Australia",2K,"Action, RPG",FPS;Atmospheric;Story Rich;Action;Singleplayer;Horror;Steampunk;First-Person;Shooter;Sci-fi;Classic;RPG;Dystopian;Adventure;Underwater;Immersive;Dark;Political;Great Soundtrack;Alternate History,2,20,19.99,19.99,0.0,0,29127,1804,30931,0.9417,1,"2,000,000 .. 5,000,000",2000000,5000000,3500000,0,0,0,44
760160,Vampire: The Masquerade - Bloodhunt,Sharkmob AB,Sharkmob AB,"Action, Free To Play",Multiplayer;Battle Royale;Vampire;PvP;Third-Person Shooter;Combat;Survival;Shooter;Supernatural;Action;Free to Play;Parkour;Realistic;Third Person;Dark;3D;Gothic;Stylized;Character Customization;Tactical,2,20,0.0,0.0,0.0,1,43433,13651,57084,0.7609,1,"2,000,000 .. 5,000,000",2000000,5000000,3500000,0,0,0,362
270880,American Truck Simulator,SCS Software,SCS Software,"Indie, Simulation",Automobile Sim;Driving;Open World;Transportation;Simulation;America;Realistic;Moddable;Relaxing;Exploration;Economy;Management;Atmospheric;Immersive Sim;Multiplayer;Singleplayer;Adventure;Casual;Family Friendly;Level Editor,2,20,19.99,19.99,0.0,0,169735,5552,175287,0.9683,1,"2,000,000 .. 5,000,000",2000000,5000000,3500000,0,0,0,6742
1203620,Enshrouded,Keen Games GmbH,Keen Games GmbH,"Action, Adventure, Indie, RPG, Early Access",Open World;Survival;Base-Building;Multiplayer;Online Co-Op;Crafting;RPG;Adventure;Action RPG;Exploration;Building;Singleplayer;Fantasy;Sandbox;Character Customization;Early Access;PvE;Action;3D;Indie,5,20,39.99,39.99,0.0,0,67486,10594,78080,0.8643,1,"2,000,000 .. 5,000,000",2000000,5000000,3500000,0,0,0,10654
601510,Yu-Gi-Oh! Duel Links,KONAMI,KONAMI,"Strategy, Free To Play",Free to Play;Card Game;Anime;Strategy;Multiplayer;Trading Card Game;Singleplayer;Turn-Based;Competitive;Casual;RPG;Memes;Great Soundtrack;Online Co-Op;Action;Adventure;Simulation;Massively Multiplayer;Psychological Horror;MMORPG,2,20,0.0,0.0,0.0,1,36345,7285,43630,0.833,1,"2,000,000 .. 5,000,000",2000000,5000000,3500000,0,0,0,1856
397540,Borderlands 3,Gearbox Software,2K,"Action, RPG",RPG;Looter Shooter;Multiplayer;FPS;Online Co-Op;Action;Loot;Open World;Co-op;Shooter;Singleplayer;Co-op Campaign;Gore;First-Person;Violent;Nudity;Adventure;Comedy;Great Soundtrack;Epic,2,20,5.99,59.99,90.0,0,125248,23817,149065,0.8402,1,"2,000,000 .. 5,000,000",2000000,5000000,3500000,0,0,0,3164
12120,Grand Theft Auto: San Andreas,Rockstar Games,Rockstar Games,Action,Open World;Action;Crime;Classic;Third Person;Automobile Sim;Singleplayer;Multiplayer;Shooter;Driving;Story Rich;Adventure;Sandbox;Mature;Great Soundtrack;Third-Person Shooter;Moddable;Atmospheric;Funny;Comedy,1,20,0.0,0.0,0.0,1,76056,6573,82629,0.9205,1,"2,000,000 .. 5,000,000",2000000,5000000,3500000,0,0,0,363
236870,HITMAN,"IO Interactive A/S, Feral Interactive (Linux), Feral Interactive (Mac)","IO Interactive A/S, Feral Interactive (Linux), Feral Interactive (Mac)",Action,Stealth;Action;Assassin;Third Person;Singleplayer;Tactical;Shooter;Open World;Atmospheric;Crime;Sandbox;Strategy;Story Rich;Episodic;Third-Person Shooter;Great Soundtrack;Adventure;Heist;Illuminati;Nudity,1,20,0.0,0.0,0.0,1,30973,6227,37200,0.8326,1,"2,000,000 .. 5,000,000",2000000,5000000,3500000,0,0,0,46
674940,Stick Fight: The Game,Landfall West,Landfall,"Action, Casual, Indie",Multiplayer;Funny;Fighting;Local Multiplayer;Action;2D Fighter;4 Player Local;PvP;2D;Casual;Physics;Online Co-Op;Local Co-Op;Indie;Shooter;Controller;Co-op;Great Soundtrack;Split Screen;Strategy,3,20,4.99,4.99,0.0,0,114720,7938,122658,0.9353,1,"2,000,000 .. 5,000,000",2000000,5000000,3500000,0,0,0,265
884660,CRSED: F.O.A.D.,"Darkflow Software, Matter Team",Gaijin Network Ltd,"Action, Massively Multiplayer, Free To Play",Battle Royale;Free to Play;Multiplayer;Open World;Survival;World War II;Hero Shooter;Shooter;Memes;FPS;Action;Massively Multiplayer;Violent;Zombies;Third-Person Shooter;PvP;First-Person;Realistic;Atmospheric;Third Person,3,20,0.0,0.0,0.0,1,30411,8179,38590,0.7881,1,"2,000,000 .. 5,000,000",2000000,5000000,3500000,0,0,0,96
701160,Kingdom Two Crowns,"Fury Studios, Coatsink",Raw Fury,"Adventure, Indie, Simulation, Strategy",Tower Defense;Minimalist;City Builder;Building;Singleplayer;Medieval;Fantasy;Strategy;Base-Building;Atmospheric;Controller;Colony Sim;Survival;Simulation;Adventure;Co-op;Local Multiplayer;Online Co-Op;Multiplayer;Pixel Graphics,4,20,19.99,19.99,0.0,0,6244,819,7063,0.884,1,"2,000,000 .. 5,000,000",2000000,5000000,3500000,0,0,0,1305
1832640,Mirror 2: Project X,KAGAMI Ⅱ WORKs,NIJICO,"Adventure, Indie, RPG, Early Access",3D;Match 3;Anime;Female Protagonist;Drama;Visual Novel;Interactive Fiction;Singleplayer;Multiple Endings;FPS;RPG;Casual;Story Rich;FMV;Colorful;Adventure;Early Access;Indie;3D Platformer;Shooter,4,20,1.99,1.99,0.0,0,28726,87986,116712,0.2461,0,"2,000,000 .. 5,000,000",2000000,5000000,3500000,0,0,0,11
208650,Batman: Arkham Knight,Rocksteady Studios,WB Games,"Action, Adventure",Action;Open World;Superhero;Stealth;Third Person;Singleplayer;Adventure;Detective;Story Rich;Fighting;Atmospheric;Dark;Comic Book;Beat 'em up;Mature;Puzzle;Horror;Sandbox;Strategy;Epic,2,20,19.99,19.99,0.0,0,124147,15901,140048,0.8865,1,"2,000,000 .. 5,000,000",2000000,5000000,3500000,0,0,0,1587
48000,LIMBO,Playdead,Playdead,"Action, Adventure, Indie",Puzzle-Platformer;Indie;Puzzle;Platformer;Dark;Atmospheric;2D;Adventure;Singleplayer;Horror;Surreal;Short;Side Scroller;Difficult;Minimalist;Physics;Action;Cinematic;Casual;Controller,3,20,12.49,12.49,0.0,0,53043,4241,57284,0.926,1,"2,000,000 .. 5,000,000",2000000,5000000,3500000,0,0,0,82
2379780,Balatro,LocalThunk,Playstack,"Casual, Indie, Strategy",Card Game;Roguelike Deckbuilder;Rogue-like;Deckbuilding;Singleplayer;Strategy;Pixel Graphics;Replay Value;Rogue-lite;Turn-Based;Card Battler;Casual;Difficult;Choices Matter;2D;Turn-Based Strategy;Indie;Relaxing;Arcade;Procedural Generation,3,20,14.99,14.99,0.0,0,150524,3042,153566,0.9802,1,"2,000,000 .. 5,000,000",2000000,5000000,3500000,0,0,0,17123
298110,Far Cry 4,"Ubisoft Montreal, Red Storm, Shanghai, Toronto, Kiev",Ubisoft,"Action, Adventure",Open World;Action;FPS;Co-op;Multiplayer;Adventure;Shooter;First-Person;Singleplayer;Stealth;Hunting;Atmospheric;Survival;Online Co-Op;Story Rich;Exploration;Crafting;Sandbox;RPG;Action RPG,2,20,29.99,29.99,0.0,0,51618,9649,61267,0.8425,1,"2,000,000 .. 5,000,000",2000000,5000000,3500000,0,0,0,558
42710,Call of Duty: Black Ops,Treyarch,Activision,Action,Action;FPS;Zombies;Multiplayer;Shooter;Singleplayer;Cold War;First-Person;War;Military;Online Co-Op;Co-op;Gore;Story Rich;Adventure;Controller;Masterpiece;Linear;Massively Multiplayer;Horror,1,20,19.99,39.99,50.0,0,15124,2010,17134,0.8827,1,"2,000,000 .. 5,000,000",2000000,5000000,3500000,0,0,0,213
200710,Torchlight II,Runic Games,XD,"Action, Adventure, Indie, RPG",RPG;Action RPG;Hack and Slash;Loot;Dungeon Crawler;Co-op;Fantasy;Online Co-Op;Multiplayer;Action;Adventure;Singleplayer;Indie;Moddable;Character Customization;Isometric;Replay Value;Steampunk;Atmospheric;Cartoon,4,20,19.99,19.99,0.0,0,41131,3210,44341,0.9276,1,"2,000,000 .. 5,000,000",2000000,5000000,3500000,0,0,0,268
203770,Crusader Kings II,Paradox Development Studio,Paradox Interactive,"RPG, Simulation, Strategy, Free To Play",Grand Strategy;Strategy;Medieval;Historical;Political Sim;Simulation;RPG;Sandbox;Multiplayer;Politics;Diplomacy;Singleplayer;Replay Value;Real-Time with Pause;Moddable;Political;Free to Play;Character Customization;RTS;Great Soundtrack,4,20,0.0,0.0,0.0,1,66359,7450,73809,0.8991,1,"2,000,000 .. 5,000,000",2000000,5000000,3500000,0,0,0,1373
1903340,Clair Obscur: Expedition 33,Sandfall Interactive,Kepler Interactive,"Action, RPG",Turn-Based Combat;Story Rich;Fantasy;RPG;Exploration;JRPG;Adventure;Lore-Rich;Singleplayer;Action RPG;Souls-like;Party-Based RPG;Dark Fantasy;Character Customization;3D;Post-apocalyptic;Great Soundtrack;Narration;Realistic;Action,2,20,49.99,49.99,0.0,0,106216,4816,111032,0.9566,1,"2,000,000 .. 5,000,000",2000000,5000000,3500000,0,0,0,27880
244850,Space Engineers,Keen Software House,Keen Software House,"Action, Indie, Simulation, Strategy",Space;Sandbox;Building;Open World Survival Craft;Multiplayer;Survival;Simulation;Open World;Physics;Crafting;Destruction;Co-op;Futuristic;Sci-fi;Indie;Singleplayer;Action;Strategy;Adventure;Early Access,4,20,19.99,19.99,0.0,0,117204,15143,132347,0.8856,1,"2,000,000 .. 5,000,000",2000000,5000000,3500000,0,0,0,4201
1366540,Dyson Sphere Program,Youthcat Studio,Gamirror Games,"Indie, Simulation, Strategy, Early Access",Automation;Space;Base-Building;Building;Open World;Resource Management;Simulation;Sci-fi;Management;Sandbox;City Builder;Strategy;Singleplayer;Space Sim;3D;Third Person;Early Access;Indie;RTS;Casual,4,20,19.99,19.99,0.0,0,83095,1993,85088,0.9766,1,"2,000,000 .. 5,000,000",2000000,5000000,3500000,0,0,0,2703
2709570,Supermarket Together,DeadDevsTellNoLies,DeadDevsTellNoLies,"Casual, Indie, Simulation, Free To Play",Simulation;Online Co-Op;Multiplayer;Free to Play;Management;Economy;Singleplayer;Immersive Sim;First-Person;Trading;Life Sim;Building;Capitalism;Sandbox;3D;Resource Management;Realistic;Casual;Inventory Management;Indie,4,20,0.0,0.0,0.0,1,63994,3441,67435,0.949,1,"2,000,000 .. 5,000,000",2000000,5000000,3500000,0,0,0,4704
201270,Total War: SHOGUN 2,"CREATIVE ASSEMBLY, Feral Interactive (Mac), Feral Interactive (Linux)","SEGA, Feral Interactive (Mac), Feral Interactive (Linux)",Strategy,Strategy;Historical;Turn-Based Strategy;RTS;Grand Strategy;Tactical;Singleplayer;Multiplayer;Real Time Tactics;Military;Diplomacy;Ninja;Co-op;Turn-Based;Medieval;Great Soundtrack;Moddable;Turn-Based Tactics;Action;Stylized,1,20,29.99,29.99,0.0,0,58839,5437,64276,0.9154,1,"2,000,000 .. 5,000,000",2000000,5000000,3500000,0,0,0,0
389730,TEKKEN 7,BANDAI NAMCO Studios Inc.,BANDAI NAMCO Entertainment,"Action, Sports",Fighting;Action;Multiplayer;Competitive;Arcade;Local Multiplayer;Controller;3D Fighter;Great Soundtrack;Singleplayer;e-sports;Character Customization;Sports;Difficult;Anime;Story Rich;Beat 'em up;Third Person;Atmospheric;2D Fighter,2,20,5.99,39.99,85.0,0,77227,15580,92807,0.8321,1,"2,000,000 .. 5,000,000",2000000,5000000,3500000,0,0,0,599
10090,Call of Duty: World at War,Treyarch,Activision,Action,Zombies;World War II;FPS;Multiplayer;Action;Shooter;Singleplayer;Co-op;First-Person;Moddable;War;Online Co-Op;Gore;Historical;Classic;Survival;Great Soundtrack;Horror;Tanks;Adventure,1,20,14.99,19.99,25.0,0,46665,3884,50549,0.9232,1,"2,000,000 .. 5,000,000",2000000,5000000,3500000,0,0,0,433
1259420,Days Gone,Bend Studio,PlayStation Publishing LLC,"Action, Adventure",Open World;Zombies;Survival;Singleplayer;Post-apocalyptic;Multiplayer;Action;Story Rich;Action-Adventure;Third Person;Open World Survival Craft;Adventure;Horror;Motorbike;Crafting;Third-Person Shooter;Survival Horror;Violent;Gore;Cinematic,2,20,39.99,39.99,0.0,0,95697,7446,103143,0.9278,1,"2,000,000 .. 5,000,000",2000000,5000000,3500000,0,0,0,1600
261640,Borderlands: The Pre-Sequel,"2K Australia, Gearbox Software, Aspyr (Linux)","2K, Aspyr (Linux)","Action, RPG",Looter Shooter;Co-op;FPS;Action;Comedy;Loot;RPG;Open World;Multiplayer;Shooter;Funny;Online Co-Op;First-Person;Space;Adventure;Sci-fi;Action RPG;Singleplayer;Memes;Atmospheric,2,20,39.99,39.99,0.0,0,33577,8802,42379,0.7923,1,"2,000,000 .. 5,000,000",2000000,5000000,3500000,0,0,0,437
220200,Kerbal Space Program,Squad,Private Division,"Indie, Simulation",Space;Simulation;Sandbox;Physics;Science;Space Sim;Building;Moddable;Indie;Education;Open World;Singleplayer;Exploration;Funny;Sci-fi;Difficult;Adventure;Replay Value;Strategy;Comedy,2,20,39.99,39.99,0.0,0,121084,6078,127162,0.9522,1,"2,000,000 .. 5,000,000",2000000,5000000,3500000,0,0,0,1844
1142710,Total War: WARHAMMER III,"CREATIVE ASSEMBLY, Feral Interactive","SEGA, Feral Interactive","Action, Strategy",Strategy;Turn-Based Strategy;Grand Strategy;RTS;Fantasy;Real Time Tactics;War;Dark Fantasy;Action;Dwarf;Tactical;Games Workshop;Atmospheric;Multiplayer;Colorful;Co-op;PvP;Singleplayer;Warhammer 40K;Online Co-Op,2,20,59.99,59.99,0.0,0,87141,32717,119858,0.727,1,"2,000,000 .. 5,000,000",2000000,5000000,3500000,0,0,0,16842
265630,Fistful of Frags,Fistful of Frags Team,Fistful of Frags Team,"Action, Free To Play, Indie",PvP;Arena Shooter;FPS;PvE;Western;Survival;Shooter;First-Person;Historical;Funny;Action;Simulation;Comedy;Adventure;Massively Multiplayer;Co-op;Multiplayer;Online Co-Op;Free to Play;Mod,3,20,0.0,0.0,0.0,1,33130,3132,36262,0.9136,1,"2,000,000 .. 5,000,000",2000000,5000000,3500000,0,0,0,53
219150,Hotline Miami,Dennaton Games,Devolver Digital,"Action, Indie",Great Soundtrack;Violent;Action;Indie;Pixel Graphics;Top-Down;Gore;1980s;Fast-Paced;Retro;Psychedelic;Difficult;Singleplayer;Surreal;2D;Shooter;Top-Down Shooter;Atmospheric;Addictive;Music,2,20,9.99,9.99,0.0,0,103599,3058,106657,0.9713,1,"2,000,000 .. 5,000,000",2000000,5000000,3500000,0,0,0,404
312990,The Expendabros,Free Lives,Devolver Digital,"Action, Adventure, Indie, Free To Play",Free to Play;Action;Pixel Graphics;2D;Multiplayer;Local Co-Op;Shooter;Co-op;Local Multiplayer;Platformer;Indie;Adventure;Singleplayer;Funny;America;Side Scroller;Controller;Comedy;Classic;Open World,4,20,0.0,0.0,0.0,1,17661,513,18174,0.9718,1,"2,000,000 .. 5,000,000",2000000,5000000,3500000,0,0,0,20
418460,Rising Storm 2: Vietnam,"Antimatter Games, Tripwire Interactive",Tripwire Interactive,"Action, Massively Multiplayer, Simulation, Strategy",FPS;Wargame;Military;Massively Multiplayer;Cold War;Immersive Sim;War;PvP;Historical;First-Person;Horror;Gore;Team-Based;Vehicular Combat;Action;Realistic;Simulation;Multiplayer;Tactical;Atmospheric,4,20,24.99,24.99,0.0,0,49952,7611,57563,0.8678,1,"2,000,000 .. 5,000,000",2000000,5000000,3500000,0,0,0,449
211500,RaceRoom Racing Experience,KW Studios,"KW Studios, RaceRoom Entertainment AG","Racing, Simulation, Sports, Free To Play",Free to Play;Racing;Automobile Sim;Realistic;Multiplayer;Driving;Simulation;Competitive;Physics;PvP;Difficult;Sports;Controller;VR;Singleplayer;First-Person;Massively Multiplayer;e-sports;Co-op;Artificial Intelligence,4,20,0.0,0.0,0.0,1,17812,5806,23618,0.7542,1,"2,000,000 .. 5,000,000",2000000,5000000,3500000,0,0,0,431
506540,Last Man Standing,"Free Reign Entertainment, Free Reign Entertainment",Free Reign Entertainment,"Action, Adventure, Free To Play, Indie, Massively Multiplayer, Strategy",Free to Play;Survival;Multiplayer;Open World;Shooter;Action;Massively Multiplayer;Battle Royale;PvP;FPS;Third-Person Shooter;First-Person;Adventure;Co-op;Strategy;Violent;Third Person;Singleplayer;Indie;Zombies,6,20,0.0,0.0,0.0,1,10776,6811,17587,0.6127,0,"2,000,000 .. 5,000,000",2000000,5000000,3500000,0,0,0,0
20900,The Witcher: Enhanced Edition Director's Cut,CD PROJEKT RED,"CD PROJEKT RED, 1C-SoftClub","Action, RPG",RPG;Fantasy;Story Rich;Mature;Singleplayer;Choices Matter;Action;Third Person;Nudity;Adventure;Dark Fantasy;Based On A Novel;Atmospheric;Open World;Great Soundtrack;Medieval;Multiple Endings;Action RPG;Magic;Classic,2,20,9.99,9.99,0.0,0,73569,9135,82704,0.8895,1,"2,000,000 .. 5,000,000",2000000,5000000,3500000,0,0,0,616
552500,Warhammer: Vermintide 2,Fatshark,Fatshark,"Action, Indie, RPG",Co-op;Dark Fantasy;Games Workshop;Online Co-Op;Hack and Slash;Multiplayer;Dwarf;PvE;Gore;Fantasy;First-Person;RPG;Elf;Combat;Rogue-lite;Action RPG;Action;Atmospheric;FPS;Singleplayer,3,20,29.99,29.99,0.0,0,113489,20234,133723,0.8487,1,"2,000,000 .. 5,000,000",2000000,5000000,3500000,0,0,0,2124
1057090,Ori and the Will of the Wisps,Moon Studios GmbH,Xbox Game Studios,Action,Beautiful;Metroidvania;Platformer;Great Soundtrack;Singleplayer;Action;Adventure;Atmospheric;Story Rich;Exploration;Cute;Action-Adventure;Puzzle;Emotional;2D;Indie;Difficult;Fantasy;Open World;Souls-like,1,20,29.99,29.99,0.0,0,131989,4701,136690,0.9656,1,"2,000,000 .. 5,000,000",2000000,5000000,3500000,0,0,0,697
359320,Elite Dangerous,Frontier Developments,Frontier Developments,"Action, Adventure, Massively Multiplayer, RPG, Simulation, Strategy",Space Sim;Space;Open World;Exploration;Sci-fi;Simulation;Massively Multiplayer;Multiplayer;VR;First-Person;Action;Adventure;Sandbox;Online Co-Op;Singleplayer;Trading;RPG;Difficult;Strategy;TrackIR,6,20,19.99,19.99,0.0,0,77388,22636,100024,0.7737,1,"2,000,000 .. 5,000,000",2000000,5000000,3500000,0,0,0,4845
214950,Total War: ROME II - Emperor Edition,"CREATIVE ASSEMBLY, Feral Interactive","SEGA, Feral Interactive",Strategy,Strategy;Historical;Turn-Based Strategy;Grand Strategy;Rome;Tactical;War;Multiplayer;Real Time Tactics;RTS;Turn-Based;Singleplayer;Online Co-Op;Simulation;Co-op;Turn-Based Tactics;Moddable;Action;Atmospheric;Education,1,20,29.99,29.99,0.0,0,73559,14614,88173,0.8343,1,"2,000,000 .. 5,000,000",2000000,5000000,3500000,0,0,0,3901
9480,Saints Row 2,Volition,Deep Silver,Action,Open World;Action;Character Customization;Sandbox;Third-Person Shooter;Comedy;Co-op;Crime;Third Person;Singleplayer;Online Co-Op;Multiplayer;Funny;Shooter;Co-op Campaign;Great Soundtrack;Replay Value;Female Protagonist;Moddable;Adventure,1,20,9.99,9.99,0.0,0,15420,5046,20466,0.7534,1,"2,000,000 .. 5,000,000",2000000,5000000,3500000,0,0,0,95
245170,Skullgirls 2nd Encore,Hidden Variable Studios,Autumn Games,"Action, Indie",Fighting;2D Fighter;Indie;Hand-drawn;Multiplayer;Female Protagonist;Competitive;Anime;Stylized;Local Multiplayer;Crowdfunded;Controller;Singleplayer;Lore-Rich;2D;Noir;Action;Cartoon;Arcade;Story Rich,2,20,24.99,24.99,0.0,0,29623,11230,40853,0.7251,1,"2,000,000 .. 5,000,000",2000000,5000000,3500000,0,0,0,112
207610,The Walking Dead,Telltale Games,Skybound Games,Adventure,Zombies;Story Rich;Adventure;Point & Click;Episodic;Singleplayer;Choices Matter;Drama;Horror;Emotional;Mature;Atmospheric;Choose Your Own Adventure;Post-apocalyptic;Comic Book;Survival;Quick-Time Events;Gore;Action;Third Person,1,20,14.99,14.99,0.0,0,71633,1995,73628,0.9729,1,"2,000,000 .. 5,000,000",2000000,5000000,3500000,0,0,0,614
35450,Red Orchestra 2: Heroes of Stalingrad with Rising Storm,Tripwire Interactive,Tripwire Interactive,"Action, Massively Multiplayer, Simulation",World War II;Realistic;Multiplayer;FPS;Wargame;Team-Based;First-Person;Historical;War;Immersive Sim;Action;Tactical;Shooter;Military;Immersive;Simulation;Atmospheric;Gore;Singleplayer;Tanks,3,20,19.99,19.99,0.0,0,34765,2863,37628,0.9239,1,"2,000,000 .. 5,000,000",2000000,5000000,3500000,0,0,0,92
285900,Gang Beasts,"Boneloaf, Rocket Science",Boneloaf,"Action, Adventure, Casual, Indie, Simulation",Funny;Physics;Multiplayer;Colorful;Party Game;Local Multiplayer;Party;Fighting;Comedy;3D Fighter;Casual;Soundtrack;4 Player Local;Co-op;Family Friendly;Beat 'em up;Memes;Third Person;Singleplayer;Indie,5,20,19.99,19.99,0.0,0,51267,9003,60270,0.8506,1,"2,000,000 .. 5,000,000",2000000,5000000,3500000,0,0,0,376
232090,Killing Floor 2,Tripwire Interactive,Tripwire Interactive,Action,Zombies;Multiplayer;Online Co-Op;Gore;FPS;Post-apocalyptic;Hack and Slash;Horror;Shooter;Action;Moddable;First-Person;Survival;Co-op;Survival Horror;Team-Based;Atmospheric;PvE;Character Customization;Dark,1,20,29.99,29.99,0.0,0,111325,15541,126866,0.8775,1,"2,000,000 .. 5,000,000",2000000,5000000,3500000,0,0,0,4508
42680,Call of Duty: Modern Warfare 3 (2011),"Infinity Ward, Sledgehammer Games",Activision,Action,Action;FPS;Multiplayer;Shooter;First-Person;War;Singleplayer;Online Co-Op;Military;Co-op;Casual;Story Rich;Survival;Controller;Linear;Point & Click;Adventure;Masterpiece;Zombies;Family Friendly,1,20,15.99,39.99,60.0,0,21320,3686,25006,0.8526,1,"2,000,000 .. 5,000,000",2000000,5000000,3500000,0,0,0,357
918570,Century: Age of Ashes,Playwing LTD,Playwing LTD,"Action, Indie, Racing, Free To Play",Free to Play;Dragons;Multiplayer;Action;Team-Based;Flight;PvP;Indie;Hero Shooter;Third Person;Fantasy;Arena Shooter;Shooter;Online Co-Op;Dark Fantasy;Mythology;Character Customization;Third-Person Shooter;Spectacle fighter;Early Access,4,20,0.0,0.0,0.0,1,13226,4514,17740,0.7455,1,"2,000,000 .. 5,000,000",2000000,5000000,3500000,0,0,0,54
1771300,Kingdom Come: Deliverance II,Warhorse Studios,Deep Silver,"Action, Adventure, RPG",RPG;Medieval;Open World;Singleplayer;Realistic;First-Person;Story Rich;Adventure;Action;Combat;Historical;Swordplay;Political;Immersive;Choices Matter;Atmospheric;Alternate History;LGBTQ+;Action-Adventure;3D,3,20,59.99,59.99,0.0,0,96279,6058,102337,0.9408,1,"2,000,000 .. 5,000,000",2000000,5000000,3500000,0,0,0,7073
447040,Watch_Dogs 2,Ubisoft,Ubisoft,"Action, Adventure",Open World;Hacking;Illuminati;Multiplayer;Parkour;Action;Stealth;Third Person;Shooter;Crime;Singleplayer;Third-Person Shooter;Adventure;Co-op;Mature;Atmospheric;Story Rich;Sandbox;Funny;FPS,2,20,49.99,49.99,0.0,0,68213,14166,82379,0.828,1,"2,000,000 .. 5,000,000",2000000,5000000,3500000,0,0,0,863
200510,XCOM: Enemy Unknown,"Firaxis Games, Feral Interactive (Linux)","2K, Feral Interactive (Linux)",Strategy,Turn-Based Strategy;Tactical;Strategy;Sci-fi;Turn-Based;Aliens;Singleplayer;Base-Building;Turn-Based Tactics;Unforgiving;Replay Value;Addictive;Character Customization;Perma Death;Multiplayer;Difficult;RPG;Action;Atmospheric;Futuristic,1,20,14.99,14.99,0.0,0,52717,3697,56414,0.9345,1,"2,000,000 .. 5,000,000",2000000,5000000,3500000,0,0,0,590
361420,ASTRONEER,System Era Softworks,System Era Softworks,"Adventure, Indie",Multiplayer;Open World;Open World Survival Craft;Survival;Space;Exploration;Base-Building;Co-op;Sandbox;Adventure;Building;Crafting;Sci-fi;Automation;Singleplayer;Colorful;Third Person;Atmospheric;Simulation;Indie,2,20,29.99,29.99,0.0,0,118817,10139,128956,0.9214,1,"2,000,000 .. 5,000,000",2000000,5000000,3500000,0,0,0,988
209080,Guns of Icarus Online,Muse Games,Muse Games,"Action, Adventure, Indie, Simulation",Steampunk;Team-Based;Multiplayer;Co-op;Action;Tactical;Indie;Competitive;Simulation;Adventure;Flight;FPS;Online Co-Op;PvP;Strategy;First-Person;Shooter;Class-Based;Kickstarter;Massively Multiplayer,4,20,4.99,4.99,0.0,0,13172,1473,14645,0.8994,1,"2,000,000 .. 5,000,000",2000000,5000000,3500000,0,0,0,16
307780,Mortal Kombat X,"NetherRealm Studios, QLOC","Warner Bros. Games, Warner Bros. Interactive Entertainment",Action,Fighting;Gore;Action;Multiplayer;Violent;Blood;Mature;Local Multiplayer;2D Fighter;Competitive;Atmospheric;Singleplayer;Arcade;Great Soundtrack;Online Co-Op;2.5D;Fantasy;Third Person;Horror;Female Protagonist,1,20,3.99,19.99,80.0,0,48077,8175,56252,0.8547,1,"2,000,000 .. 5,000,000",2000000,5000000,3500000,0,0,0,426
335240,Transformice,Atelier 801,Atelier 801,"Free To Play, Indie, Massively Multiplayer",Free to Play;Multiplayer;Massively Multiplayer;Funny;2D;Platformer;Casual;Cute;Racing;Adventure;Online Co-Op;Indie;Survival;Strategy;Mouse only;Co-op;Family Friendly;Comedy;Puzzle;Action,3,20,0.0,0.0,0.0,1,24320,3341,27661,0.8792,1,"2,000,000 .. 5,000,000",2000000,5000000,3500000,0,0,0,1284
403640,Dishonored 2,Arkane Studios,Bethesda Softworks,Action,Stealth;First-Person;Action;Assassin;Singleplayer;Steampunk;Story Rich;Atmospheric;Female Protagonist;Magic;Parkour;Supernatural;Open World;Adventure;Immersive Sim;Exploration;Gore;Great Soundtrack;Heist;Dystopian,1,20,29.99,29.99,0.0,0,56155,6627,62782,0.8944,1,"2,000,000 .. 5,000,000",2000000,5000000,3500000,0,0,0,308
99900,Spiral Knights,Grey Havens,Grey Havens,"Action, Adventure, Casual, Free To Play, Indie, Massively Multiplayer, RPG",Free to Play;Massively Multiplayer;RPG;Adventure;Action;Multiplayer;Online Co-Op;Dungeon Crawler;Hack and Slash;Co-op;MMORPG;Cute;Great Soundtrack;Action RPG;Sci-fi;Open World;Casual;Singleplayer;Indie;Anime,7,20,0.0,0.0,0.0,1,19869,3789,23658,0.8398,1,"2,000,000 .. 5,000,000",2000000,5000000,3500000,0,0,0,132
1289310,Helltaker,vanripper,vanripper,"Adventure, Free To Play, Indie",Free to Play;Cute;Demons;Puzzle;Indie;Anime;Great Soundtrack;Sexual Content;Singleplayer;2D;Short;Comedy;Difficult;Adventure;Dating Sim;Hentai;Funny;Mature;Rhythm;Visual Novel,3,20,0.0,0.0,0.0,1,122115,2803,124918,0.9776,1,"2,000,000 .. 5,000,000",2000000,5000000,3500000,0,0,0,75
287700,METAL GEAR SOLID V: THE PHANTOM PAIN,KONAMI,KONAMI,"Action, Adventure",Stealth;Open World;Action;Story Rich;Tactical;Cinematic;Third Person;Great Soundtrack;Singleplayer;Atmospheric;Adventure;Horses;Third-Person Shooter;Multiplayer;Shooter;Replay Value;Sandbox;Dark;Sci-fi;Heist,2,20,17.99,29.99,40.0,0,91675,8247,99922,0.9175,1,"2,000,000 .. 5,000,000",2000000,5000000,3500000,0,0,0,1333
460930,Tom Clancy's Ghost Recon Wildlands,"Ubisoft Paris, Ubisoft Annecy, Ubisoft Bucharest, Ubisoft Montpellier, Ubisoft Milan, Reflections, Ubisoft Belgrade",Ubisoft,"Action, Adventure",Open World;Shooter;Co-op;Stealth;Multiplayer;Singleplayer;Tactical;Action;Military;Third-Person Shooter;FPS;Online Co-Op;Third Person;Adventure;Survival;Strategy;Sandbox;First-Person;Atmospheric;PvP,2,20,49.99,49.99,0.0,0,77138,19439,96577,0.7987,1,"2,000,000 .. 5,000,000",2000000,5000000,3500000,0,0,0,1441
219740,Don't Starve,Klei Entertainment,Klei Entertainment,"Adventure, Indie, Simulation",Survival;Open World Survival Craft;Crafting;Adventure;Indie;Sandbox;Singleplayer;Perma Death;Multiplayer;Open World;Exploration;Rogue-like;Replay Value;Moddable;Difficult;Simulation;2D;Top-Down;Survival Horror;Horror,3,20,9.99,9.99,0.0,0,106118,3698,109816,0.9663,1,"2,000,000 .. 5,000,000",2000000,5000000,3500000,0,0,0,1472
96000,The Tiny Bang Story,Colibri Games,Colibri Games,"Adventure, Casual, Indie",Point & Click;Puzzle;Hand-drawn;Steampunk;Retro;Atmospheric;2D;Story Rich;Casual;Family Friendly;Cute;Stylized;Surreal;Adventure;Hidden Object;Singleplayer;Indie;Minigames;Logic;Relaxing,3,20,4.99,4.99,0.0,0,5630,821,6451,0.8727,1,"2,000,000 .. 5,000,000",2000000,5000000,3500000,0,0,0,10
35720,Trine 2: Complete Story,Frozenbyte,Frozenbyte,"Action, Adventure, Indie",Puzzle-Platformer;Platformer;Adventure;Action;Beautiful;2D Platformer;Co-op;Puzzle;Fantasy;Indie;Online Co-Op;Local Co-Op;Multiplayer;Physics;Great Soundtrack;Singleplayer;Atmospheric;2D;RPG;Casual,3,20,3.99,19.99,80.0,0,20682,997,21679,0.954,1,"2,000,000 .. 5,000,000",2000000,5000000,3500000,0,0,0,18
880940,Pummel Party,Rebuilt Games,Rebuilt Games,"Action, Casual, Indie",Multiplayer;Funny;Online Co-Op;4 Player Local;Board Game;Party Game;Minigames;Local Multiplayer;Casual;Co-op;Party;Local Co-Op;Action;Indie;Comedy;Tabletop;Controller;Gore;Colorful;Singleplayer,3,20,14.99,14.99,0.0,0,47800,6014,53814,0.8882,1,"2,000,000 .. 5,000,000",2000000,5000000,3500000,0,0,0,1096
387990,Scrap Mechanic,Axolot Games,Axolot Games,"Action, Adventure, Indie, Simulation",Building;Sandbox;Multiplayer;Survival;Open World;Physics;Crafting;Base-Building;Co-op;First-Person;Adventure;Singleplayer;Third Person;Funny;Simulation;Early Access;Action;Indie;Moddable;Online Co-Op,4,20,28.99,28.99,0.0,0,104512,8771,113283,0.9226,1,"2,000,000 .. 5,000,000",2000000,5000000,3500000,0,0,0,909
686810,Hell Let Loose,Expression Games,Team17,"Action, Indie, Massively Multiplayer, Simulation, Strategy",Shooter;Realistic;World War II;Multiplayer;FPS;Singleplayer;War;Action;Military;Tactical;Simulation;First-Person;Massively Multiplayer;Gore;Historical;PvP;Strategy;Mature;Violent;Indie,5,20,49.99,49.99,0.0,0,113447,24230,137677,0.824,1,"2,000,000 .. 5,000,000",2000000,5000000,3500000,0,0,0,3380
409710,BioShock Remastered,"2K Boston, 2K Australia, Blind Squirrel, Feral Interactive (Mac)","2K, Feral Interactive (Mac)","Action, RPG",FPS;Story Rich;Atmospheric;Horror;Singleplayer;First-Person;Action;Dystopian;Shooter;Underwater;Steampunk;Sci-fi;Dark;Adventure;Classic;Great Soundtrack;Immersive Sim;Alternate History;Remake;RPG,2,20,19.99,19.99,0.0,0,47962,10301,58263,0.8232,1,"2,000,000 .. 5,000,000",2000000,5000000,3500000,0,0,0,364
418370,Resident Evil 7 Biohazard,"CAPCOM Co., Ltd.","CAPCOM Co., Ltd.","Action, Adventure",Horror;Survival Horror;First-Person;Singleplayer;Gore;Atmospheric;Zombies;VR;Psychological Horror;Action;Violent;Survival;Puzzle;Story Rich;Adventure;Multiplayer;FPS;Exploration;Shooter;Classic,2,20,7.99,19.99,60.0,0,93214,4632,97846,0.9527,1,"2,000,000 .. 5,000,000",2000000,5000000,3500000,0,0,0,792
50130,Mafia II (Classic),2K Czech,2K,Action,Action;Open World;Crime;Story Rich;Atmospheric;Singleplayer;Third Person;Third-Person Shooter;Shooter;Automobile Sim;Great Soundtrack;Adventure;Driving;America;Classic;Music;Nudity;Multiplayer;Sandbox;3D Vision,1,20,29.99,29.99,0.0,0,51876,3121,54997,0.9433,1,"2,000,000 .. 5,000,000",2000000,5000000,3500000,0,0,0,207
1454400,Cookie Clicker,"Orteil, DashNet",Playsaurus,"Casual, Indie, Simulation, Strategy",Clicker;Idler;Casual;Indie;Pixel Graphics;Management;Horror;Economy;Collectathon;Funny;2D;Memes;Resource Management;Strategy;Comedy;Building;Simulation;Colorful;Touch-Friendly;Singleplayer,4,20,4.99,4.99,0.0,0,77218,2674,79892,0.9665,1,"2,000,000 .. 5,000,000",2000000,5000000,3500000,0,0,0,9583
379430,Kingdom Come: Deliverance,Warhorse Studios,"Warhorse Studios, Deep Silver","Action, Adventure, RPG",Medieval;RPG;Open World;Singleplayer;Realistic;Historical;Story Rich;First-Person;Adventure;Swordplay;Nudity;Action;Choices Matter;Choose Your Own Adventure;Atmospheric;Horses;Action RPG;Indie;Kickstarter;Crowdfunded,3,20,29.99,29.99,0.0,0,136446,25760,162206,0.8412,1,"2,000,000 .. 5,000,000",2000000,5000000,3500000,0,0,0,2520
274170,Hotline Miami 2: Wrong Number,Dennaton Games,Devolver Digital,"Action, Indie",Great Soundtrack;Gore;Pixel Graphics;Violent;Action;Fast-Paced;Difficult;Retro;Top-Down;1980s;Indie;Singleplayer;Top-Down Shooter;Atmospheric;Blood;2D;Shooter;Level Editor;Arcade;1990's,2,20,14.99,14.99,0.0,0,62741,3893,66634,0.9416,1,"2,000,000 .. 5,000,000",2000000,5000000,3500000,0,0,0,437
232770,POSTAL,Running With Scissors,Running With Scissors,"Action, Indie",Horror;Villain Protagonist;Psychological Horror;Top-Down Shooter;Shooter;Twin Stick Shooter;Isometric;Difficult;Dark Humor;Top-Down;Dark Comedy;Surreal;Action;1990's;Psychological;Atmospheric;Linear;Hand-drawn;Comedy;Level Editor,2,20,67.95,67.95,0.0,0,10023,1000,11023,0.9093,1,"2,000,000 .. 5,000,000",2000000,5000000,3500000,0,0,0,41
1363080,Manor Lords,Slavic Magic,Hooded Horse,"Simulation, Strategy, Early Access",Strategy;City Builder;Simulation;Historical;Base-Building;Medieval;Management;Grand Strategy;Building;Resource Management;Sandbox;Open World;Survival;Moddable;Singleplayer;4X;RTS;Economy;Real-Time with Pause;Early Access,3,20,25.99,39.99,35.0,0,62224,9896,72120,0.8628,1,"2,000,000 .. 5,000,000",2000000,5000000,3500000,0,0,0,1977
289650,Assassin's Creed Unity,Ubisoft,Ubisoft,"Action, Adventure",Open World;Parkour;Assassin;Co-op;Stealth;Historical;Action;Adventure;Multiplayer;Third Person;Online Co-Op;Singleplayer;Atmospheric;Story Rich;Great Soundtrack;RPG;Action RPG;Tactical;Simulation;Beautiful,2,20,29.99,29.99,0.0,0,58065,16229,74294,0.7816,1,"2,000,000 .. 5,000,000",2000000,5000000,3500000,0,0,0,373
17410,Mirror's Edge,DICE,Electronic Arts,"Action, Adventure",Action-Adventure;Parkour;First-Person;Exploration;3D Platformer;Female Protagonist;Singleplayer;Platformer;Puzzle;Cyberpunk;Action;Colorful;Dystopian;Stylized;Atmospheric;Sci-fi;Futuristic;Great Soundtrack;Adventure;Time Attack,2,20,19.99,19.99,0.0,0,32983,4669,37652,0.876,1,"2,000,000 .. 5,000,000",2000000,5000000,3500000,0,0,0,43
4560,Company of Heroes - Legacy Edition,Relic Entertainment,SEGA,"Action, Strategy",Strategy;World War II;RTS;Multiplayer;Military;Action;Tactical;Singleplayer;War;Base-Building;Historical;Tanks;Moddable;Co-op;Simulation;Epic;Classic;Violent;Team-Based;Addictive,2,20,36.99,36.99,0.0,0,6540,457,6997,0.9347,1,"2,000,000 .. 5,000,000",2000000,5000000,3500000,0,0,0,65
2479810,Gray Zone Warfare,"MADFINGER Games, a.s.","MADFINGER Games, a.s.","Action, Massively Multiplayer, Simulation, Early Access",Early Access;Online Co-Op;Tactical;FPS;Realistic;Shooter;Extraction Shooter;First-Person;Military;Open World;MMORPG;Competitive;Massively Multiplayer;Multiplayer;War;PvP;PvE;Survival;Action;Team-Based,4,20,27.99,39.99,30.0,0,40235,19083,59318,0.6783,0,"2,000,000 .. 5,000,000",2000000,5000000,3500000,0,0,0,7543
233130,Shadow Warrior,Flying Wild Hog,Devolver Digital,"Action, Adventure",Action;FPS;Swordplay;Gore;Comedy;First-Person;Hack and Slash;Singleplayer;Shooter;Adventure;Old School;Ninja;Dark Humor;Great Soundtrack;Demons;Reboot;Funny;Remake;Classic;Atmospheric,2,20,29.99,29.99,0.0,0,24071,2080,26151,0.9205,1,"2,000,000 .. 5,000,000",2000000,5000000,3500000,0,0,0,20
1056960,Wolfenstein: Youngblood,"MachineGames, Arkane Studios",Bethesda Softworks,Action,Action;Co-op;FPS;Female Protagonist;Singleplayer;Violent;Gore;Alternate History;Online Co-Op;Shooter;First-Person;Sci-fi;1980s;Cyberpunk;Story Rich;Great Soundtrack;RPG;Multiplayer;Adventure;Atmospheric,1,20,19.99,19.99,0.0,0,6360,8083,14443,0.4404,0,"2,000,000 .. 5,000,000",2000000,5000000,3500000,0,0,0,38
976310,Mortal Kombat 11,"NetherRealm Studios, QLOC, Shiver","Warner Bros. Games, Warner Bros. Interactive Entertainment",Action,Fighting;Gore;Violent;Multiplayer;Blood;Action;2D Fighter;Mature;Local Multiplayer;Competitive;Singleplayer;Character Customization;Story Rich;Great Soundtrack;Atmospheric;Cute;Sexual Content;Arcade;2.5D;Horror,1,20,49.99,49.99,0.0,0,93635,12646,106281,0.881,1,"2,000,000 .. 5,000,000",2000000,5000000,3500000,0,0,0,1026
202990,Call of Duty: Black Ops II,Treyarch,Activision,Action,Action;Multiplayer;FPS;Shooter;First-Person;Singleplayer;Co-op;War;Online Co-Op;Team-Based;Futuristic;Survival;Controller;Tactical;Adventure;Great Soundtrack;Sci-fi;Massively Multiplayer;Atmospheric;Horror,1,20,19.99,39.99,50.0,0,27100,4790,31890,0.8498,1,"2,000,000 .. 5,000,000",2000000,5000000,3500000,0,0,0,167
355180,Codename CURE,Raptor Byte,Raptor Byte,"Action, Free To Play",Zombies;Shooter;Free to Play;Survival Horror;Co-op;FPS;Military;Post-apocalyptic;Class-Based;PvE;Action;Online Co-Op;First-Person;Moddable;Singleplayer;Gore;Multiplayer;PvP;Mod;3D,2,20,0.0,0.0,0.0,1,13960,2518,16478,0.8472,1,"2,000,000 .. 5,000,000",2000000,5000000,3500000,0,0,0,12
678950,DRAGON BALL FighterZ,Arc System Works,Bandai Namco Entertainment,Action,Fighting;Anime;Action;2D Fighter;Multiplayer;Local Multiplayer;Competitive;Controller;PvP;Arcade;Singleplayer;Difficult;e-sports;Fast-Paced;Spectacle fighter;Combat;Comic Book;Third Person;Adventure;Beat 'em up,1,20,14.39,89.99,84.0,0,65978,6998,72976,0.9041,1,"2,000,000 .. 5,000,000",2000000,5000000,3500000,0,0,0,511
1151340,Fallout 76,Bethesda Game Studios,Bethesda Softworks,RPG,Open World;Multiplayer;Post-apocalyptic;Dark Comedy;RPG;Capitalism;Survival;Base-Building;Co-op;Shooter;Horror;MMORPG;Exploration;FPS;Singleplayer;Gore;Violent;Atmospheric;Great Soundtrack;Early Access,1,20,39.99,39.99,0.0,0,89334,33215,122549,0.729,1,"2,000,000 .. 5,000,000",2000000,5000000,3500000,0,0,0,8796
299360,Block N Load,"Toadman Interactive, Artplant",Toadman Interactive,"Action, Massively Multiplayer, Strategy, Free To Play",Free to Play;Action;Multiplayer;FPS;Shooter;Building;First-Person;Strategy;Base-Building;Team-Based;Class-Based;Destruction;PvP;Sandbox;Massively Multiplayer;Funny;MOBA;Voxel;Comedy;Gore,4,20,0.0,0.0,0.0,1,11944,3237,15181,0.7868,1,"2,000,000 .. 5,000,000",2000000,5000000,3500000,0,0,0,4
213670,South Park: The Stick of Truth,Obsidian Entertainment,Ubisoft,"Action, Adventure, RPG",RPG;Comedy;Adventure;Funny;Turn-Based;Dark Humor;Singleplayer;Action;Mature;2D;Satire;Nudity;Cartoon;Open World;Story Rich;Fantasy;Turn-Based Strategy;Epic;Zombies;JRPG,3,20,29.99,29.99,0.0,0,66636,1669,68305,0.9756,1,"2,000,000 .. 5,000,000",2000000,5000000,3500000,0,0,0,274
262410,World of Guns: Gun Disassembly,Noble Empire Corp.,Noble Empire Corp.,"Action, Casual, Indie, Simulation, Strategy, Free To Play",Free to Play;Simulation;Gun Customization;Education;Singleplayer;Realistic;Military;Puzzle;Indie;Historical;America;First-Person;3D;Animation & Modeling;Funny;Exploration;Logic;3D Platformer;Old School;Relaxing,6,20,0.0,0.0,0.0,1,16184,3058,19242,0.8411,1,"2,000,000 .. 5,000,000",2000000,5000000,3500000,0,0,0,103
224600,Defiance,Trion Worlds,Trion Worlds,"Action, Free To Play, Massively Multiplayer, RPG",Free to Play;Looter Shooter;Open World;Action;Massively Multiplayer;Multiplayer;Third-Person Shooter;RPG;Shooter;Co-op;Sci-fi;Survival;FPS;Post-apocalyptic;Online Co-Op;MMORPG;Adventure;Third Person;Singleplayer;First-Person,4,20,0.0,0.0,0.0,1,9676,2964,12640,0.7655,1,"2,000,000 .. 5,000,000",2000000,5000000,3500000,0,0,0,2
368230,Kingdom: Classic,"Noio, Licorice",Raw Fury,"Indie, Simulation, Strategy",Free to Play;Strategy;Singleplayer;Simulation;Base-Building;Building;2D;Management;Resource Management;RPG;Pixel Graphics;Fantasy;Survival;Casual;Adventure;City Builder;Indie;Colony Sim;Tower Defense;Atmospheric,3,20,0.0,0.0,0.0,1,20023,2065,22088,0.9065,1,"2,000,000 .. 5,000,000",2000000,5000000,3500000,0,0,0,40
3097560,Liar's Bar,Curve Animation,Curve Animation,"Casual, Indie, Simulation, Strategy, Early Access",Multiplayer;Casual;PvP;Co-op;Online Co-Op;Gambling;Indie;FPS;Funny;3D;First-Person;Dark;Tabletop;Puzzle;Horror;Board Game;Strategy;VR;Gore;Early Access,5,20,6.99,6.99,0.0,0,44341,4209,48550,0.9133,1,"2,000,000 .. 5,000,000",2000000,5000000,3500000,0,0,0,605
335300,DARK SOULS II: Scholar of the First Sin,"FromSoftware, Inc.","Bandai Namco Entertainment, FromSoftware, Inc.","Action, RPG",Souls-like;Dark Fantasy;RPG;Difficult;Action;Third Person;Atmospheric;Action RPG;Character Customization;Co-op;Multiplayer;Adventure;Fantasy;Medieval;Dark;Singleplayer;Lore-Rich;Story Rich;PvP;Remake,2,20,39.99,39.99,0.0,0,98052,18658,116710,0.8401,1,"2,000,000 .. 5,000,000",2000000,5000000,3500000,0,0,0,1612
233860,Kenshi,Lo-Fi Games,Lo-Fi Games,"Action, Indie, RPG, Simulation, Strategy",Open World;Sandbox;RPG;Survival;Strategy;Building;Base-Building;Singleplayer;Post-apocalyptic;Crafting;City Builder;Indie;Adventure;Simulation;Management;RTS;Character Customization;Ninja;Alternate History;Steampunk,5,20,29.99,29.99,0.0,0,93712,4423,98135,0.9549,1,"2,000,000 .. 5,000,000",2000000,5000000,3500000,0,0,0,5412
240720,Getting Over It with Bennett Foddy,Bennett Foddy,Bennett Foddy,Action,Psychological Horror;Difficult;Singleplayer;Physics;Philosophical;Horror;Funny;Platformer;Indie;Survival Horror;Casual;Dark Humor;Replay Value;Adventure;Action;Comedy;Story Rich;Strategy;Great Soundtrack;Third Person,1,20,7.99,7.99,0.0,0,63479,13524,77003,0.8244,1,"2,000,000 .. 5,000,000",2000000,5000000,3500000,0,0,0,192
391720,Layers of Fear (2016),Bloober Team SA,Bloober Team SA,"Adventure, Indie",Horror;Psychological Horror;Atmospheric;Walking Simulator;First-Person;Singleplayer;Story Rich;Indie;Adventure;Multiplayer;Psychedelic;Dark;Puzzle;Exploration;Great Soundtrack;Mystery;Lovecraftian;Surreal;Survival Horror;Short,2,20,19.99,19.99,0.0,0,23576,3040,26616,0.8858,1,"2,000,000 .. 5,000,000",2000000,5000000,3500000,0,0,0,17
838350,The Scroll of Taiwu : Beyond The Dome,ConchShip Games,ConchShip Games,"Adventure, Casual, Indie, RPG, Strategy",RPG;Martial Arts;Sandbox;Open World;Strategy;Indie;Early Access;Singleplayer;Adventure;Simulation;Casual;Rogue-lite;Mythology;Dating Sim;Building;Rogue-like;2D;Strategy RPG;Anime;CRPG,5,20,29.99,29.99,0.0,0,42350,18287,60637,0.6984,0,"2,000,000 .. 5,000,000",2000000,5000000,3500000,0,0,0,989
238320,Outlast,Red Barrels,Red Barrels,"Action, Adventure, Indie",Horror;First-Person;Survival Horror;Atmospheric;Psychological Horror;Gore;Singleplayer;Survival;Dark;Adventure;Action;Multiplayer;Indie;Stealth;Nudity;Parkour;Difficult;Walking Simulator;3D Vision;Sci-fi,3,20,14.99,14.99,0.0,0,121220,4458,125678,0.9645,1,"2,000,000 .. 5,000,000",2000000,5000000,3500000,0,0,0,215
282070,This War of Mine,11 bit studios,11 bit studios,"Adventure, Indie, Simulation",Survival;War;Atmospheric;Singleplayer;Strategy;Choices Matter;Simulation;Crafting;Base-Building;Resource Management;Post-apocalyptic;Management;Story Rich;Indie;Emotional;Realistic;2.5D;Psychological;Drama;Stealth,3,20,4.99,19.99,75.0,0,94484,7256,101740,0.9287,1,"2,000,000 .. 5,000,000",2000000,5000000,3500000,0,0,0,756
412020,Metro Exodus,4A Games,Deep Silver,Action,Post-apocalyptic;FPS;Singleplayer;Open World;Story Rich;Atmospheric;Action;First-Person;Horror;Survival;Shooter;Stealth;Adventure;Exploration;Survival Horror;Great Soundtrack;Violent;Gore;Multiplayer;Psychological Horror,1,20,29.99,29.99,0.0,0,108945,12370,121315,0.898,1,"2,000,000 .. 5,000,000",2000000,5000000,3500000,0,0,0,702
1158310,Crusader Kings III,Paradox Development Studio,Paradox Interactive,"RPG, Simulation, Strategy",Strategy;Medieval;Grand Strategy;Simulation;RPG;Historical;Management;Character Customization;Life Sim;Sandbox;RTS;Choices Matter;War;Singleplayer;Economy;Political;4X;Moddable;Multiplayer;Real-Time with Pause,3,20,49.99,49.99,0.0,0,114259,12650,126909,0.9003,1,"2,000,000 .. 5,000,000",2000000,5000000,3500000,0,0,0,14302
2567870,Chained Together,"Anegar Games, Lab42",Secret Mode,"Adventure, Casual, Indie, Simulation",Co-op;Adventure;Casual;Platformer;Puzzle-Platformer;Simulation;Action-Adventure;3D Platformer;Third Person;Exploration;Funny;Online Co-Op;Multiplayer;Post-apocalyptic;Mystery;Emotional;Physics;Surreal;Controller;Choices Matter,4,20,4.99,4.99,0.0,0,48180,4958,53138,0.9067,1,"2,000,000 .. 5,000,000",2000000,5000000,3500000,0,0,0,1154
265930,Goat Simulator,Coffee Stain Studios,Coffee Stain Publishing,"Casual, Indie, Simulation",Simulation;Funny;Comedy;Open World;Sandbox;Physics;Destruction;Casual;Indie;Action;Memes;Singleplayer;Third Person;Co-op;Local Multiplayer;3D;Dark Humor;Exploration;Cute;Arcade,3,20,9.99,9.99,0.0,0,62249,6331,68580,0.9077,1,"2,000,000 .. 5,000,000",2000000,5000000,3500000,0,0,0,71
214490,Alien: Isolation,"Creative Assembly, Feral Interactive (Mac), Feral Interactive (Linux)","SEGA, Feral Interactive (Mac), Feral Interactive (Linux)",Action,Horror;Survival Horror;Sci-fi;Aliens;Atmospheric;Stealth;First-Person;Space;Female Protagonist;Singleplayer;Survival;Action;Difficult;Adventure;Psychological Horror;Great Soundtrack;FPS;Gore;Shooter;VR,1,20,39.99,39.99,0.0,0,56716,4115,60831,0.9324,1,"2,000,000 .. 5,000,000",2000000,5000000,3500000,0,0,0,211
362890,Black Mesa,Crowbar Collective,Crowbar Collective,"Action, Adventure, Indie",FPS;Remake;Action;Sci-fi;First-Person;Singleplayer;Shooter;Atmospheric;Classic;Story Rich;Great Soundtrack;Aliens;Zombies;Adventure;Horror;Multiplayer;Indie;Mod;Early Access;Gore,3,20,19.99,19.99,0.0,0,121562,6131,127693,0.952,1,"2,000,000 .. 5,000,000",2000000,5000000,3500000,0,0,0,907
438740,Friday the 13th: The Game,IllFonic,Gun Media,Action,Horror;Multiplayer;Survival Horror;Gore;Survival;Violent;Co-op;Third Person;Action;Stealth;Psychological Horror;Dark;Mature;Atmospheric;Open World;Funny;Adventure;Singleplayer;Difficult;Nudity,1,20,0.0,0.0,0.0,1,62069,15444,77513,0.8008,1,"2,000,000 .. 5,000,000",2000000,5000000,3500000,0,0,0,19
617290,Remnant: From the Ashes,Gunfire Games,"Arc Games, THQ Nordic","Action, Adventure, RPG",Souls-like;Action;Co-op;RPG;Adventure;Third-Person Shooter;Multiplayer;Online Co-Op;Shooter;Post-apocalyptic;Survival;Difficult;Singleplayer;Lovecraftian;Dark Fantasy;Violent;Procedural Generation;Atmospheric;Replay Value;Horror,3,20,39.99,39.99,0.0,0,44761,8081,52842,0.8471,1,"2,000,000 .. 5,000,000",2000000,5000000,3500000,0,0,0,429
588430,Fallout Shelter,Bethesda Game Studios,Bethesda Softworks,"RPG, Simulation, Free To Play",Free to Play;Base-Building;Survival;Post-apocalyptic;Singleplayer;Management;Simulation;Strategy;2D;Building;Casual;Crafting;Adventure;Multiplayer;Sandbox;RPG;Funny;Atmospheric;Action;Great Soundtrack,3,20,0.0,0.0,0.0,1,65847,8601,74448,0.8845,1,"2,000,000 .. 5,000,000",2000000,5000000,3500000,0,0,0,1001
1943950,Escape the Backrooms,"Fancy Games, Blackbird Interactive",Secret Mode,"Action, Indie",Horror;Multiplayer;Online Co-Op;Psychological Horror;Co-op;Survival Horror;First-Person;Escape Room;Exploration;VR;Adventure;3D;Singleplayer;Action;Indie;Early Access;Action-Adventure;Casual;Stealth;Dungeon Crawler,2,20,9.99,9.99,0.0,0,93330,9199,102529,0.9103,1,"2,000,000 .. 5,000,000",2000000,5000000,3500000,0,0,0,1756
203140,Hitman: Absolution,Io-Interactive A/S,Io-Interactive A/S,Action,Stealth;Action;Third Person;Assassin;Singleplayer;Third-Person Shooter;Tactical;Shooter;Replay Value;Crime;Multiplayer;Story Rich;Cinematic;Difficult;Atmospheric;Adventure;Strategy;Score Attack;Linear;Controller,1,20,19.99,19.99,0.0,0,51769,3932,55701,0.9294,1,"2,000,000 .. 5,000,000",2000000,5000000,3500000,0,0,0,618
12100,Grand Theft Auto III,Rockstar Games,Rockstar Games,Action,Open World;Action;Automobile Sim;Classic;Third Person;Crime;Singleplayer;Driving;Sandbox;Shooter;Third-Person Shooter;Great Soundtrack;Violent;Adventure;Atmospheric;Silent Protagonist;Mature;Story Rich;Moddable;Multiplayer,1,20,0.0,0.0,0.0,1,12654,1946,14600,0.8667,1,"2,000,000 .. 5,000,000",2000000,5000000,3500000,0,0,0,42
905370,Conqueror's Blade,Booming Tech,Poros Interactive,"Action, Massively Multiplayer, Strategy, Free To Play",Medieval;Tactical;Strategy;Action;Free to Play;Multiplayer;Massively Multiplayer;War;Singleplayer;Grand Strategy;Online Co-Op;Swordplay;Strategy RPG;Character Customization;PvP;Wargame;RTS;Tactical RPG;Action RTS;Real Time Tactics,4,20,0.0,0.0,0.0,1,22576,7558,30134,0.7492,1,"2,000,000 .. 5,000,000",2000000,5000000,3500000,0,0,0,2
1056640,Phantasy Star Online 2,SEGA,SEGA,"Action, Massively Multiplayer, RPG, Free To Play",Free to Play;Character Customization;Anime;MMORPG;Multiplayer;RPG;Action;Online Co-Op;JRPG;Massively Multiplayer;Sci-fi;Action RPG;Fantasy;Open World;Mechs;Co-op;Nudity;Cute;Great Soundtrack;Sexual Content,4,20,0.0,0.0,0.0,1,16848,7196,24044,0.7007,1,"2,000,000 .. 5,000,000",2000000,5000000,3500000,0,0,0,1400
1942280,Brotato,Blobfish,Blobfish,"Action, Casual, Indie, RPG",Rogue-like;Singleplayer;Action Roguelike;Bullet Hell;Sci-fi;Survival;Arena Shooter;Local Co-Op;Rogue-lite;Hack and Slash;Multiplayer;Replay Value;Arcade;Top-Down Shooter;Casual;Action;Controller;2D;RPG;Co-op,4,20,2.99,4.99,40.0,0,94525,3276,97801,0.9665,1,"2,000,000 .. 5,000,000",2000000,5000000,3500000,0,0,0,6389
238460,BattleBlock Theater,The Behemoth,The Behemoth,"Action, Adventure, Casual, Indie",Co-op;Platformer;Funny;Comedy;Level Editor;Multiplayer;Local Co-Op;2D;Online Co-Op;Cats;2D Platformer;Action;Side Scroller;Local Multiplayer;Casual;Singleplayer;Puzzle-Platformer;Indie;Puzzle;Narration,4,20,4.49,14.99,70.0,0,69617,1997,71614,0.9721,1,"2,000,000 .. 5,000,000",2000000,5000000,3500000,0,0,0,78
38400,Fallout: A Post Nuclear Role Playing Game,Interplay Inc.,Bethesda Softworks,RPG,RPG;Post-apocalyptic;Classic;Open World;Isometric;Turn-Based;Turn-Based Combat;Singleplayer;Sci-fi;Atmospheric;Multiple Endings;1990's;Retro;CRPG;Adventure;Exploration;2D;Difficult;Tactical;Sandbox,1,20,9.99,9.99,0.0,0,20902,1296,22198,0.9416,1,"2,000,000 .. 5,000,000",2000000,5000000,3500000,0,0,0,89
881020,Granblue Fantasy: Relink,"Cygames, Inc.","Cygames, Inc.","Action, Adventure, RPG",Anime;JRPG;Action RPG;Action;Online Co-Op;Multiplayer;Fantasy;RPG;Singleplayer;Female Protagonist;Third Person;Spectacle fighter;Hack and Slash;3D;Controller;Magic;Swordplay;PvE;Dragons;Tutorial,3,20,39.99,39.99,0.0,0,43116,4883,47999,0.8983,1,"2,000,000 .. 5,000,000",2000000,5000000,3500000,0,0,0,996
65800,Dungeon Defenders,Chromatic Games,Chromatic Games,"Action, Indie, RPG, Strategy",Multiplayer;Online Co-Op;Tower Defense;Singleplayer;Strategy;Survival;Action RPG;Character Customization;Tactical;Family Friendly;Funny;Building;Fantasy;PvE;Strategy RPG;Moddable;RPG;3D;Third Person;Team-Based,4,20,14.99,14.99,0.0,0,16818,1242,18060,0.9312,1,"2,000,000 .. 5,000,000",2000000,5000000,3500000,0,0,0,284
204880,Sins of a Solar Empire: Rebellion,"Ironclad Games Corporation, Stardock Entertainment",Stardock Entertainment,"Action, Indie, Simulation, Strategy",Management;Diplomacy;Online Co-Op;Multiplayer;Singleplayer;Simulation;Space;Strategy;4X;RTS;Grand Strategy;Sandbox;Co-op;Sci-fi;Exploration;Replay Value;Space Sim;Base-Building;Military;3D,4,20,5.99,19.99,70.0,0,14919,1096,16015,0.9316,1,"2,000,000 .. 5,000,000",2000000,5000000,3500000,0,0,0,280
235460,METAL GEAR RISING: REVENGEANCE,PlatinumGames,KONAMI,Action,Great Soundtrack;Hack and Slash;Action;Spectacle fighter;Swordplay;Character Action Game;Singleplayer;Third Person;Fast-Paced;Ninja;Gore;Story Rich;Cyberpunk;Difficult;Sci-fi;Replay Value;Mechs;Beat 'em up;Adventure;Stealth,1,20,29.99,29.99,0.0,0,79993,3300,83293,0.9604,1,"2,000,000 .. 5,000,000",2000000,5000000,3500000,0,0,0,242
581320,Insurgency: Sandstorm,New World Interactive,Focus Entertainment,Action,FPS;Realistic;Shooter;Military;Tactical;Multiplayer;Action;First-Person;War;Online Co-Op;Co-op;Gore;Violent;Difficult;Atmospheric;Simulation;Open World;Massively Multiplayer;Indie;Choices Matter,1,20,5.99,29.99,80.0,0,107857,19061,126918,0.8498,1,"2,000,000 .. 5,000,000",2000000,5000000,3500000,0,0,0,1826
34330,Total War: SHOGUN 2,"CREATIVE ASSEMBLY, Feral Interactive (Mac), Feral Interactive (Linux)","SEGA, Feral Interactive (Mac), Feral Interactive (Linux)",Strategy,Strategy;Historical;Turn-Based Strategy;RTS;Grand Strategy;Tactical;Singleplayer;Real Time Tactics;Multiplayer;Diplomacy;Ninja;Military;Turn-Based;Co-op;Great Soundtrack;Medieval;Turn-Based Tactics;Stylized;Moddable;Action,1,20,5.99,29.99,80.0,0,22620,2332,24952,0.9065,1,"2,000,000 .. 5,000,000",2000000,5000000,3500000,0,0,0,1807
387290,Ori and the Blind Forest: Definitive Edition,Moon Studios GmbH,Xbox Game Studios,Action,Atmospheric;Great Soundtrack;Metroidvania;Platformer;Adventure;Story Rich;Singleplayer;Cute;Difficult;Action;Fantasy;2D;Indie;Puzzle;Side Scroller;Controller;Open World;Family Friendly;2.5D;Beautiful,1,20,19.99,19.99,0.0,0,63788,3191,66979,0.9524,1,"2,000,000 .. 5,000,000",2000000,5000000,3500000,0,0,0,196
728880,Overcooked! 2,"Ghost Town Games Ltd., Team17",Team17,"Action, Casual, Indie",Multiplayer;Online Co-Op;Local Co-Op;Co-op;Casual;Cooking;Funny;4 Player Local;Indie;Local Multiplayer;Action;Family Friendly;Cute;Controller;Comedy;Singleplayer;Difficult;Simulation;Strategy;Colorful,3,20,24.99,24.99,0.0,0,65992,6809,72801,0.9065,1,"2,000,000 .. 5,000,000",2000000,5000000,3500000,0,0,0,2107
391220,Rise of the Tomb Raider,"Crystal Dynamics, Eidos-Montréal, Feral Interactive (Mac), Feral Interactive (Linux), Nixxes","Crystal Dynamics, Feral Interactive (Mac), Feral Interactive (Linux)","Action, Adventure",Adventure;Action;Female Protagonist;Singleplayer;Third Person;Exploration;Open World;Action-Adventure;Story Rich;Survival;Puzzle;Stealth;Atmospheric;Third-Person Shooter;Parkour;Shooter;RPG;Multiplayer;Great Soundtrack;Quick-Time Events,2,20,29.99,29.99,0.0,0,128080,8100,136180,0.9405,1,"2,000,000 .. 5,000,000",2000000,5000000,3500000,0,0,0,777
8870,BioShock Infinite,"Irrational Games, Virtual Programming (Linux)",2K,Action,FPS;Story Rich;Action;Singleplayer;Steampunk;Atmospheric;Shooter;First-Person;Beautiful;Alternate History;Adventure;Great Soundtrack;Dystopian;Sci-fi;Time Travel;Fantasy;Gore;Linear;RPG;Immersive,1,20,29.99,29.99,0.0,0,131970,8712,140682,0.9381,1,"2,000,000 .. 5,000,000",2000000,5000000,3500000,0,0,0,301
372000,Tree of Savior (English Ver.),"IMCGAMES Co.,Ltd.","IMCGAMES Co.,Ltd.","Massively Multiplayer, RPG, Free To Play",MMORPG;Anime;RPG;Massively Multiplayer;Fantasy;Adventure;Multiplayer;Cute;Action;Open World;Free to Play;Isometric;Action RPG;Co-op;Hack and Slash;PvP;PvE;Memes;Exploration;CRPG,3,20,0.0,0.0,0.0,1,13046,7265,20311,0.6423,0,"2,000,000 .. 5,000,000",2000000,5000000,3500000,0,0,0,163
239030,"Papers, Please",Lucas Pope,3909,"Adventure, Indie",Indie;Political;Simulation;Point & Click;Singleplayer;Pixel Graphics;Dystopian;Multiple Endings;Puzzle;Story Rich;Retro;Atmospheric;2D;Addictive;Great Soundtrack;Strategy;Replay Value;Casual;Difficult;Adventure,2,20,9.99,9.99,0.0,0,72168,2019,74187,0.9728,1,"2,000,000 .. 5,000,000",2000000,5000000,3500000,0,0,0,416
629760,MORDHAU,Triternion,Triternion,"Action, Indie",Medieval;Multiplayer;First-Person;Swordplay;Gore;PvP;Online Co-Op;Action;Fighting;PvE;Character Customization;Hack and Slash;Third Person;Team-Based;Realistic;Competitive;Historical;Indie;FPS;Survival,2,20,29.99,29.99,0.0,0,90102,22098,112200,0.803,1,"2,000,000 .. 5,000,000",2000000,5000000,3500000,0,0,0,764
646910,The Crew 2,Ivory Tower,Ubisoft,"Action, Massively Multiplayer, Racing",Racing;Open World;Automobile Sim;Multiplayer;Driving;Massively Multiplayer;Action;Flight;Co-op;Singleplayer;Arcade;Online Co-Op;First-Person;Third Person;Simulation;America;Sports;Atmospheric;Sandbox;Adventure,3,20,29.99,29.99,0.0,0,72724,21141,93865,0.7748,1,"2,000,000 .. 5,000,000",2000000,5000000,3500000,0,0,0,873
367500,Dragon's Dogma: Dark Arisen,Capcom,Capcom,"Action, Adventure, RPG",RPG;Open World;Character Customization;Fantasy;Action;Adventure;Singleplayer;Action RPG;Dragons;Dark Fantasy;Third Person;Magic;Exploration;Atmospheric;Great Soundtrack;Story Rich;Difficult;Multiplayer;JRPG;Hack and Slash,3,20,4.79,29.99,84.0,0,41310,5376,46686,0.8848,1,"2,000,000 .. 5,000,000",2000000,5000000,3500000,0,0,0,329
13520,Far Cry,Crytek Studios,Ubisoft,Action,FPS;Action;Classic;Shooter;Open World;First-Person;Singleplayer;Difficult;Stealth;Multiplayer;Adventure;Atmospheric;Story Rich;Sci-fi;Horror;Sandbox;Great Soundtrack;Co-op;Survival;Zombies,1,20,9.99,9.99,0.0,0,8406,1853,10259,0.8194,1,"2,000,000 .. 5,000,000",2000000,5000000,3500000,0,0,0,50
967050,Pacify,Shawn Hitchcock,Hitchcock Games,"Action, Adventure, Casual, Indie, Strategy",Horror;Online Co-Op;Multiplayer;Psychological Horror;Co-op;Survival Horror;Exploration;First-Person;Supernatural;Dark;Sci-fi;Procedural Generation;Demons;Mystery;Action-Adventure;PvE;Thriller;Atmospheric;Adventure;Time Management,5,20,4.99,4.99,0.0,0,36071,5620,41691,0.8652,1,"2,000,000 .. 5,000,000",2000000,5000000,3500000,0,0,0,77
2399830,ARK: Survival Ascended,"Studio Wildcard, Grove Street Games, Instinct Games","Studio Wildcard, Snail Games USA","Action, Adventure, Indie, Massively Multiplayer, RPG, Early Access",Early Access;Survival;Open World;Multiplayer;Dinosaurs;Building;Adventure;Base-Building;Crafting;Action;Sandbox;Character Customization;Singleplayer;PvE;PvP;Massively Multiplayer;Inventory Management;RPG;Fantasy;Sci-fi,6,20,44.99,44.99,0.0,0,44880,31115,75995,0.5906,0,"2,000,000 .. 5,000,000",2000000,5000000,3500000,0,0,0,12007
648350,Jurassic World Evolution,Frontier Developments,Frontier Developments,"Simulation, Strategy",Building;Dinosaurs;Simulation;Management;Strategy;Sandbox;Singleplayer;City Builder;Sci-fi;Economy;Resource Management;Open World;Atmospheric;Violent;Action;Multiplayer;Great Soundtrack;Survival;Casual;Adventure,2,20,44.99,44.99,0.0,0,47081,6875,53956,0.8726,1,"2,000,000 .. 5,000,000",2000000,5000000,3500000,0,0,0,260
471710,Rec Room,Rec Room,Rec Room,"Adventure, Casual, Massively Multiplayer, Free To Play",Free to Play;VR;Multiplayer;Funny;Online Co-Op;First-Person;Massively Multiplayer;Casual;Sandbox;Adventure;Co-op;Sports;Horror;Family Friendly;Character Customization;Simulation;3D;Action;Singleplayer;Action-Adventure,4,20,0.0,0.0,0.0,1,63756,7467,71223,0.8952,1,"2,000,000 .. 5,000,000",2000000,5000000,3500000,0,0,0,1510
1372880,The Day Before,FNTASTIC,Mytona Fntastic,"Action, Adventure, Massively Multiplayer, Early Access",Multiplayer;Zombies;Extraction Shooter;Post-apocalyptic;Third-Person Shooter;Survival;PvP;Shooter;Action;Co-op;Online Co-Op;Loot;Combat;America;Adventure;PvE;Early Access;Singleplayer;Realistic;Base-Building,4,20,0.0,0.0,0.0,1,3686,19751,23437,0.1573,0,"2,000,000 .. 5,000,000",2000000,5000000,3500000,0,0,0,0
524220,NieR:Automata,"Square Enix, PlatinumGames Inc.",Square Enix,"Action, RPG",Great Soundtrack;Story Rich;Female Protagonist;Hack and Slash;Action;Open World;RPG;JRPG;Anime;Post-apocalyptic;Singleplayer;Robots;Atmospheric;Sci-fi;Nudity;Adventure;Spectacle fighter;Bullet Hell;Character Action Game;Violent,2,20,39.99,39.99,0.0,0,122027,18142,140169,0.8706,1,"2,000,000 .. 5,000,000",2000000,5000000,3500000,0,0,0,690
305620,The Long Dark,Hinterland Studio Inc.,Hinterland Studio Inc.,"Adventure, Indie, Simulation, Strategy",Survival;Open World Survival Craft;Open World;Exploration;Atmospheric;Singleplayer;First-Person;Adventure;Crafting;Sandbox;Simulation;Post-apocalyptic;Indie;Walking Simulator;Survival Horror;Strategy;Difficult;Co-op;Action;Early Access,4,20,19.99,19.99,0.0,0,101846,10729,112575,0.9047,1,"2,000,000 .. 5,000,000",2000000,5000000,3500000,0,0,0,2575
475150,Titan Quest Anniversary Edition,"Iron Lore Entertainment, THQ Nordic",THQ Nordic,"Action, RPG",RPG;Hack and Slash;Action RPG;Loot;Mythology;Multiplayer;Co-op;Singleplayer;Classic;Isometric;Adventure;Action;Fantasy;Top-Down;Open World;Atmospheric;Great Soundtrack;Story Rich;Dungeon Crawler;Level Editor,2,20,19.99,19.99,0.0,0,32295,3226,35521,0.9092,1,"2,000,000 .. 5,000,000",2000000,5000000,3500000,0,0,0,599
47870,Need For Speed: Hot Pursuit,Criterion Games,Electronic Arts,Racing,Racing;Combat Racing;Sports;Driving;PvP;Automobile Sim;Open World;Arcade;Third Person;First-Person;Simulation;Atmospheric;Multiplayer;Online Co-Op;Adventure;Co-op;Action;Singleplayer;Controller;Great Soundtrack,1,20,0.0,0.0,0.0,1,16490,3487,19977,0.8254,1,"2,000,000 .. 5,000,000",2000000,5000000,3500000,0,0,0,19
629520,Soundpad,Leppsoft,Leppsoft,"Audio Production, Utilities",Utilities;Audio Production;Music;Software;NSFW;Mature;Cold War;Psychological;Singleplayer;Atmospheric,2,10,4.99,4.99,0.0,0,84918,3466,88384,0.9608,1,"2,000,000 .. 5,000,000",2000000,5000000,3500000,0,0,0,15279
282440,Quake Live,id Software,Bethesda Softworks,Action,FPS;Arena Shooter;Multiplayer;Classic;Fast-Paced;Action;Shooter;e-sports;Competitive;First-Person;Difficult;Cult Classic;Old School;Parkour;Funny;Violent;Nostalgia;Addictive;Atmospheric;Survival,1,20,9.99,9.99,0.0,0,13303,2074,15377,0.8651,1,"2,000,000 .. 5,000,000",2000000,5000000,3500000,0,0,0,297
436150,Governor of Poker 3,Playtika Ltd.,Playtika Ltd.,"Casual, Massively Multiplayer, Simulation, Free To Play",Gambling;Card Game;Free to Play;Multiplayer;Sports;Character Customization;Massively Multiplayer;Strategy;Western;Relaxing;Team-Based;Conversation;Casual;Resource Management;Simulation;PvP;Cartoony;Gaming;Family Friendly;Party,4,20,0.0,0.0,0.0,1,10541,4800,15341,0.6871,0,"2,000,000 .. 5,000,000",2000000,5000000,3500000,0,0,0,1053
1304930,The Outlast Trials,Red Barrels,Red Barrels,"Action, Adventure, Indie",Horror;Multiplayer;Co-op;Survival Horror;Psychological Horror;First-Person;PvE;Stealth;Character Customization;Action;Action-Adventure;Survival;Dark Humor;Dark;Realistic;Atmospheric;Alternate History;Science;Adventure;Management,3,20,39.99,39.99,0.0,0,62533,4423,66956,0.9339,1,"2,000,000 .. 5,000,000",2000000,5000000,3500000,0,0,0,3743
550900,Metin2,WEBZEN Inc.,Gameforge 4D GmbH,"Action, Adventure, Free To Play, Massively Multiplayer, RPG",Free to Play;MMORPG;PvP;Action RPG;PvE;Massively Multiplayer;Hack and Slash;Adventure;RPG;Multiplayer;Action;Fantasy;Strategy;Action-Adventure;Casual;Fighting;Trading;Third Person;Spectacle fighter;Class-Based,5,20,0.0,0.0,0.0,1,10212,4355,14567,0.701,1,"2,000,000 .. 5,000,000",2000000,5000000,3500000,0,0,0,0
33230,Assassin's Creed 2,Ubisoft Montreal,Ubisoft,"Action, Adventure",Action;Open World;Parkour;Assassin;Stealth;Adventure;Historical;Third Person;Story Rich;Singleplayer;Great Soundtrack;Atmospheric;Action-Adventure;Conspiracy;Multiplayer;Classic;Controller;Alternate History;Sandbox;Sci-fi,2,20,19.99,19.99,0.0,0,48815,5831,54646,0.8933,1,"2,000,000 .. 5,000,000",2000000,5000000,3500000,0,0,0,188
427730,Who's Your Daddy?!,Evil Tortilla Games,Evil Tortilla Games,"Action, Casual, Indie",Funny;Multiplayer;First-Person;Comedy;Simulation;Online Co-Op;Strategy;Dark Humor;Co-op;Casual;Indie;Split Screen;Action;Early Access;Difficult;Sandbox;Third Person;Survival;Adventure;Singleplayer,3,20,9.99,9.99,0.0,0,24318,6091,30409,0.7997,1,"2,000,000 .. 5,000,000",2000000,5000000,3500000,0,0,0,75
221040,Resident Evil 6,Capcom,Capcom,"Action, Adventure",Zombies;Action;Co-op;Third-Person Shooter;Horror;Co-op Campaign;Online Co-Op;Multiplayer;Adventure;Split Screen;Third Person;Local Co-Op;Shooter;Quick-Time Events;Survival Horror;Survival;Singleplayer;Female Protagonist;Atmospheric;Gore,2,20,4.99,19.99,75.0,0,42993,11727,54720,0.7857,1,"2,000,000 .. 5,000,000",2000000,5000000,3500000,0,0,0,515
1274570,DEVOUR,Straight Back Games,Straight Back Games,Indie,Horror;Online Co-Op;Multiplayer;Survival Horror;Sexual Content;Co-op;Psychological Horror;Dark;Survival;First-Person;VR;Atmospheric;Indie;Difficult;Gore;Puzzle;Singleplayer;Violent;Action;Stealth,1,20,9.99,9.99,0.0,0,75057,7457,82514,0.9096,1,"2,000,000 .. 5,000,000",2000000,5000000,3500000,0,0,0,447
1222700,A Way Out,Hazelight Studios,Electronic Arts,"Action, Adventure, Indie",Online Co-Op;Co-op;Split Screen;Story Rich;Local Co-Op;Multiplayer;Action-Adventure;Action;Adventure;Crime;Third Person;Emotional;Conversation;Atmospheric;Nudity;Cinematic;Sexual Content;Violent;Singleplayer;Indie,3,20,29.99,29.99,0.0,0,72313,10149,82462,0.8769,1,"2,000,000 .. 5,000,000",2000000,5000000,3500000,0,0,0,262
1468810,鬼谷八荒 Tale of Immortal,鬼谷工作室,"鬼谷工作室, Lightning Games","Action, Adventure, Indie, RPG, Simulation",Management;Singleplayer;Simulation;Mythology;Sandbox;Tactical RPG;RPG;Dating Sim;Choose Your Own Adventure;Action;Adventure;Exploration;Hack and Slash;Story Rich;2D;Action RPG;Procedural Generation;Hand-drawn;Strategy RPG;Action-Adventure,5,20,19.99,19.99,0.0,0,121020,106084,227104,0.5329,0,"2,000,000 .. 5,000,000",2000000,5000000,3500000,0,0,0,4116
287390,Metro: Last Light Redux,4A Games,Deep Silver,Action,Post-apocalyptic;FPS;Atmospheric;Action;Story Rich;Horror;Singleplayer;First-Person;Shooter;Stealth;Survival;Based On A Novel;Adventure;Survival Horror;Nudity;Remake;Sci-fi;Multiplayer;Difficult;Open World,1,20,19.99,19.99,0.0,0,63534,6562,70096,0.9064,1,"2,000,000 .. 5,000,000",2000000,5000000,3500000,0,0,0,320
570940,DARK SOULS: REMASTERED,"QLOC, FromSoftware, Inc.","FromSoftware, Inc., Bandai Namco Entertainment",Action,Souls-like;Dark Fantasy;RPG;Difficult;Action;Dark;Fantasy;Atmospheric;Great Soundtrack;Action RPG;Lore-Rich;Adventure;Multiplayer;Exploration;Story Rich;Third Person;Replay Value;Character Customization;Soundtrack;Co-op,1,20,39.99,39.99,0.0,0,119152,10147,129299,0.9215,1,"2,000,000 .. 5,000,000",2000000,5000000,3500000,0,0,0,2879
1272080,PAYDAY 3,Starbreeze Studios,Starbreeze Entertainment,"Action, Adventure, RPG",Heist;Co-op;Crime;Action;Multiplayer;FPS;Shooter;Stealth;Tactical;America;Online Co-Op;Dark Humor;First-Person;PvE;Gun Customization;RPG;Combat;3D;Realistic;Shoot 'Em Up,3,20,14.99,29.99,50.0,0,25497,33195,58692,0.4344,0,"2,000,000 .. 5,000,000",2000000,5000000,3500000,0,0,0,644
316010,Magic Duels,Stainless Games Ltd.,Wizards of the Coast LLC,"Free To Play, Strategy",Free to Play;Card Game;Trading Card Game;Magic;Strategy;Multiplayer;Fantasy;Singleplayer;Co-op;Turn-Based;Online Co-Op;Great Soundtrack;Action;Board Game;Casual;Funny,2,16,0.0,0.0,0.0,1,16916,6928,23844,0.7094,1,"2,000,000 .. 5,000,000",2000000,5000000,3500000,0,0,0,37
105450,Age of Empires III (2007),Ensemble Studios,Xbox Game Studios,"Simulation, Strategy",Strategy;RTS;Base-Building;Multiplayer;Historical;Resource Management;City Builder;War;Simulation;Singleplayer;Real-Time;Military;Classic;Building;Open World;Co-op;Action;Online Co-Op;Real-Time with Pause;Adventure,2,20,0.0,0.0,0.0,1,29126,2913,32039,0.9091,1,"2,000,000 .. 5,000,000",2000000,5000000,3500000,0,0,0,309
1167630,Teardown,Tuxedo Labs,Tuxedo Labs,"Action, Indie, Simulation, Strategy",Destruction;Physics;Sandbox;Voxel;First-Person;Singleplayer;Open World;Heist;Realistic;3D;Simulation;Action;Puzzle;Driving;Indie;Replay Value;Multiplayer;Tactical;Immersive Sim;Puzzle-Platformer,4,20,29.99,29.99,0.0,0,104653,4809,109462,0.9561,1,"2,000,000 .. 5,000,000",2000000,5000000,3500000,0,0,0,1984
11020,TrackMania Nations Forever,Nadeo,Ubisoft,Racing,Racing;Free to Play;Multiplayer;Automobile Sim;Singleplayer;Level Editor;Arcade;Competitive;Simulation;Controller;Massively Multiplayer;Action;Sports;Difficult;Sandbox;Casual;Adventure;Co-op;First-Person;Indie,1,20,0.0,0.0,0.0,1,21244,2359,23603,0.9001,1,"2,000,000 .. 5,000,000",2000000,5000000,3500000,0,0,0,181
12200,Bully: Scholarship Edition,Rockstar New England,Rockstar Games,"Action, Adventure",Open World;Action;Adventure;Third Person;Singleplayer;Comedy;Great Soundtrack;Funny;Classic;Dark Humor;Story Rich;Sandbox;Satire;Atmospheric;Exploration;Mature;Simulation;Controller;Multiplayer;RPG,2,20,5.24,14.99,65.0,0,30730,5604,36334,0.8458,1,"2,000,000 .. 5,000,000",2000000,5000000,3500000,0,0,0,221
881100,Noita,Nolla Games,Nolla Games,"Action, Adventure, Indie, RPG, Simulation",Physics;Rogue-like;Pixel Graphics;Difficult;Dungeon Crawler;Indie;Open World;Sandbox;2D;Perma Death;Action;Action Roguelike;Gun Customization;Rogue-lite;2D Platformer;RPG;Dark Humor;Mythology;Crafting;Action-Adventure,5,20,19.99,19.99,0.0,0,74759,3718,78477,0.9526,1,"2,000,000 .. 5,000,000",2000000,5000000,3500000,0,0,0,2019
1313140,Cult of the Lamb,Massive Monster,Devolver Digital,"Action, Adventure, Indie, Strategy",Base-Building;Cute;Action Roguelike;Singleplayer;Dungeon Crawler;Character Customization;Rogue-lite;Dark Humor;Colony Sim;Building;2D;Adventure;Action;Faith;Fantasy;Funny;Controller;Colorful;Strategy;Third Person,4,20,24.99,24.99,0.0,0,98711,4517,103228,0.9562,1,"2,000,000 .. 5,000,000",2000000,5000000,3500000,0,0,0,1535
261570,Ori and the Blind Forest,Moon Studios GmbH,Xbox Game Studios,Action,Great Soundtrack;Atmospheric;Platformer;Adventure;Metroidvania;Story Rich;Fantasy;2D;Cute;Singleplayer;Difficult;Action;Indie;Puzzle-Platformer;Exploration;Puzzle;Side Scroller;Open World;Family Friendly;RPG,1,20,0.0,0.0,0.0,1,54150,3262,57412,0.9432,1,"2,000,000 .. 5,000,000",2000000,5000000,3500000,0,0,0,172
1361210,"Warhammer 40,000: Darktide",Fatshark,Fatshark,"Action, Adventure, RPG",Horror;Team-Based;Combat;Class-Based;Hack and Slash;Zombies;PvE;Warhammer 40K;Shooter;FPS;Co-op;Action-Adventure;Character Customization;First-Person;Dark;Realistic;Narration;Action;Dark Fantasy;Atmospheric,3,20,39.99,39.99,0.0,0,80268,32692,112960,0.7106,1,"2,000,000 .. 5,000,000",2000000,5000000,3500000,0,0,0,7267
221910,The Stanley Parable,Galactic Cafe,"Galactic Cafe, Klei Publishing","Adventure, Indie",Comedy;Narration;Indie;Walking Simulator;First-Person;Funny;Psychological;Satire;Dynamic Narration;Adventure;Multiple Endings;Exploration;Singleplayer;Choices Matter;Story Rich;Short;Surreal;Atmospheric;Puzzle;Casual,2,20,14.99,14.99,0.0,0,41582,3400,44982,0.9244,1,"2,000,000 .. 5,000,000",2000000,5000000,3500000,0,0,0,21
238090,Sniper Elite 3,Rebellion,Rebellion,"Action, Adventure",Sniper;Action;Stealth;Multiplayer;Co-op;World War II;Shooter;Adventure;Third-Person Shooter;Singleplayer;Tactical;War;Third Person;Online Co-Op;Gore;Open World;Strategy;FPS;Atmospheric;Simulation,2,20,29.99,29.99,0.0,0,22323,4794,27117,0.8232,1,"2,000,000 .. 5,000,000",2000000,5000000,3500000,0,0,0,82
242720,GunZ 2: The Second Duel,Masangsoft,Masangsoft,"Action, Indie, Free To Play",Free to Play;Action;Multiplayer;Third-Person Shooter;Hack and Slash;Shooter;Fast-Paced;Co-op;PvP;Parkour;Third Person;Fighting;FPS;Massively Multiplayer;RPG;Indie;Adventure;Singleplayer;Strategy;First-Person,3,20,0.0,0.0,0.0,1,7055,3622,10677,0.6608,0,"2,000,000 .. 5,000,000",2000000,5000000,3500000,0,0,0,3
1250410,Microsoft Flight Simulator (2020) 40th Anniversary Edition,Asobo Studio,Xbox Game Studios,Simulation,Simulation;Flight;Realistic;Multiplayer;Open World;VR;Singleplayer;Real-Time;Atmospheric;Physics;Adventure;Colorful;Family Friendly;Beautiful;TrackIR;Surreal;Controller;Epic;Short;Psychological Horror,1,20,59.99,59.99,0.0,0,51794,13872,65666,0.7887,1,"2,000,000 .. 5,000,000",2000000,5000000,3500000,0,0,0,3245
644930,They Are Billions,Numantian Games,Numantian Games,Strategy,Base-Building;Colony Sim;Strategy;Zombies;Survival;RTS;Tower Defense;City Builder;Steampunk;Building;Post-apocalyptic;Singleplayer;Resource Management;Real-Time with Pause;Difficult;Tactical;Management;Indie;Isometric;Multiplayer,1,20,29.99,29.99,0.0,0,41508,7257,48765,0.8512,1,"2,000,000 .. 5,000,000",2000000,5000000,3500000,0,0,0,2751
641990,The Escapists 2,"Team17, Mouldy Toof Studios",Team17,"Indie, Simulation, Strategy",Multiplayer;Strategy;Pixel Graphics;Online Co-Op;Co-op;2D;Crafting;Local Co-Op;Simulation;Singleplayer;Indie;Sandbox;Stealth;Character Customization;Funny;Split Screen;Puzzle;Open World;Action;Difficult,3,20,19.99,19.99,0.0,0,28948,3000,31948,0.9061,1,"2,000,000 .. 5,000,000",2000000,5000000,3500000,0,0,0,214
1254120,Bless Unleashed,VALOFE,VALOFE,"Action, Massively Multiplayer, RPG, Free To Play",RPG;MMORPG;Free to Play;Open World;Multiplayer;Sexual Content;Massively Multiplayer;Action;Adventure;Action RPG;Third Person;Fantasy;PvE;PvP;Character Customization;Trading;Beautiful;Co-op;Singleplayer;Controller,4,20,0.0,0.0,0.0,1,16259,14611,30870,0.5267,0,"2,000,000 .. 5,000,000",2000000,5000000,3500000,0,0,0,291
222880,Insurgency,New World Interactive,New World Interactive,"Action, Indie, Strategy",FPS;Realistic;Tactical;Multiplayer;Shooter;Action;Military;Team-Based;Co-op;First-Person;War;Strategy;Online Co-Op;Competitive;Indie;PvP;Simulation;Singleplayer;Atmospheric;Adventure,3,20,14.99,14.99,0.0,0,114570,10301,124871,0.9175,1,"2,000,000 .. 5,000,000",2000000,5000000,3500000,0,0,0,154
201790,Orcs Must Die! 2,Robot Entertainment,Robot Entertainment,"Action, Adventure, Indie, RPG, Strategy",Tower Defense;Co-op;Action;Strategy;Online Co-Op;Indie;Multiplayer;Third Person;RPG;Third-Person Shooter;Adventure;Comedy;Singleplayer;Cartoony;Shooter;Fantasy;Female Protagonist;Controller;Funny;Great Soundtrack,5,20,14.99,14.99,0.0,0,17917,1371,19288,0.9289,1,"2,000,000 .. 5,000,000",2000000,5000000,3500000,0,0,0,34
1569040,Football Manager 2022,Sports Interactive,SEGA,"Simulation, Sports",Sports;Management;Football (Soccer);Simulation;Football (American);Real Time Tactics;Strategy;Multiplayer;e-sports;2D;Character Customization;3D;Singleplayer;Text-Based,2,14,0.0,0.0,0.0,1,19861,1599,21460,0.9255,1,"2,000,000 .. 5,000,000",2000000,5000000,3500000,0,0,0,1742
203290,America's Army: Proving Grounds,U.S. Army,U.S. Army,"Action, Free To Play",Free to Play;FPS;Action;Multiplayer;Military;Shooter;Tactical;First-Person;Singleplayer;America;War;Realistic;Open World;Co-op;Simulation;Strategy;Massively Multiplayer;Survival;Adventure;Atmospheric,2,20,0.0,0.0,0.0,1,8637,2315,10952,0.7886,1,"2,000,000 .. 5,000,000",2000000,5000000,3500000,0,0,0,132
2670630,Supermarket Simulator,Nokta Games,Nokta Games,"Casual, Indie, Simulation",Simulation;Management;Economy;Singleplayer;Multiplayer;Trading;Immersive Sim;First-Person;Life Sim;Building;Capitalism;Resource Management;3D;Sandbox;Realistic;Casual;Inventory Management;Early Access;Indie;Driving,3,20,19.99,19.99,0.0,0,64104,4237,68341,0.938,1,"2,000,000 .. 5,000,000",2000000,5000000,3500000,0,0,0,2464
286570,F1 2015,"Codemasters, Feral Interactive (Linux)","Codemasters, Feral Interactive (Linux)","Racing, Sports",Racing;Automobile Sim;Sports;Simulation;Driving;Multiplayer;Realistic;Singleplayer;Co-op;Action;First-Person;Controller,2,12,0.0,0.0,0.0,1,4720,3172,7892,0.5981,0,"2,000,000 .. 5,000,000",2000000,5000000,3500000,0,0,0,22
787860,Farming Simulator 19,GIANTS Software,GIANTS Software,Simulation,Simulation;Farming Sim;Multiplayer;Agriculture;Realistic;Driving;Open World;Singleplayer;Management;Automobile Sim;Moddable;Co-op;Resource Management;Relaxing;First-Person;Online Co-Op;Economy;Family Friendly;Atmospheric;Strategy,1,20,17.99,17.99,0.0,0,70448,4172,74620,0.9441,1,"2,000,000 .. 5,000,000",2000000,5000000,3500000,0,0,0,983
466560,Northgard: Definitive Edition,Shiro Games,Shiro Games,"Adventure, Indie, Simulation, Strategy",Strategy;City Builder;Simulation;RTS;Base-Building;Colony Sim;Multiplayer;Building;Economy;Tactical;War;4X;Management;PvP;Co-op;Singleplayer;Vikings;Moddable;PvE;Resource Management,4,20,9.79,34.99,72.0,0,55844,8851,64695,0.8632,1,"2,000,000 .. 5,000,000",2000000,5000000,3500000,0,0,0,1164
207140,SpeedRunners,DoubleDutch Games,tinyBuild,"Action, Casual, Indie, Racing, Sports",Multiplayer;Racing;Local Multiplayer;Indie;Competitive;Fast-Paced;Platformer;Action;2D;4 Player Local;Funny;Parkour;Sports;Controller;Local Co-Op;Co-op;Level Editor;Singleplayer;Arcade;Superhero,5,20,14.99,14.99,0.0,0,34525,2215,36740,0.9397,1,"2,000,000 .. 5,000,000",2000000,5000000,3500000,0,0,0,195
1092790,Inscryption,Daniel Mullins Games,Devolver Digital,"Adventure, Indie, Strategy",Card Battler;Card Game;Story Rich;Deckbuilding;Horror;Dark;Puzzle;Rogue-lite;Strategy;Rogue-like;Psychological;Surreal;Experimental;First-Person;Point & Click;3D;2D;Pixel Graphics;FMV;Adventure,3,20,19.99,19.99,0.0,0,127792,4098,131890,0.9689,1,"2,000,000 .. 5,000,000",2000000,5000000,3500000,0,0,0,1301
431240,Golf With Your Friends,"Blacklight Interactive, Team17",Team17,"Casual, Indie, Sports",Multiplayer;Casual;Mini Golf;Sports;Golf;Indie;Funny;Family Friendly;Co-op;Singleplayer;Early Access;Physics;Simulation;Strategy;Great Soundtrack;Local Multiplayer;Difficult;Memes;Massively Multiplayer;Online Co-Op,3,20,14.99,14.99,0.0,0,59105,7975,67080,0.8811,1,"2,000,000 .. 5,000,000",2000000,5000000,3500000,0,0,0,979
248570,Toribash,Nabi Studios,"Nicalis, Inc.","Action, Indie, Strategy, Free To Play",Free to Play;3D Fighter;Fighting;Physics;Multiplayer;Gore;Action;Strategy;Turn-Based;Martial Arts;Funny;Indie;Blood;Simulation;Sandbox;Moddable;Difficult;Parkour;Singleplayer;Turn-Based Strategy,4,20,0.0,0.0,0.0,1,14775,1928,16703,0.8846,1,"2,000,000 .. 5,000,000",2000000,5000000,3500000,0,0,0,85
107100,Bastion,Supergiant Games,Supergiant Games,"Action, Indie, RPG",Great Soundtrack;Indie;Action;Singleplayer;Narration;RPG;Hack and Slash;Story Rich;Dynamic Narration;Isometric;Adventure;Action RPG;Fantasy;Atmospheric;Colorful;Post-apocalyptic;2D;Music;Twin Stick Shooter;Controller,3,20,14.99,14.99,0.0,0,35661,1731,37392,0.9537,1,"2,000,000 .. 5,000,000",2000000,5000000,3500000,0,0,0,15
209000,Batman: Arkham Origins,"WB Games Montreal, Splash Damage",Warner Bros. Interactive Entertainment,"Action, Adventure",Action;Open World;Superhero;Adventure;Stealth;Third Person;Singleplayer;Multiplayer;Fighting;Beat 'em up;Comic Book;Detective;Story Rich;Atmospheric;Action-Adventure;Controller;3D Vision;Sandbox;Third-Person Shooter;RPG,2,20,19.99,19.99,0.0,0,51192,6071,57263,0.894,1,"2,000,000 .. 5,000,000",2000000,5000000,3500000,0,0,0,616
24960,Battlefield: Bad Company 2,DICE,Electronic Arts,Action,FPS;Multiplayer;Action;Shooter;War;Team-Based;First-Person;Singleplayer;Destruction;Military;Co-op;Tactical;Atmospheric;Open World;Classic;Combat;Comedy;Adventure;Vehicular Combat;Fighting,1,20,0.0,0.0,0.0,1,31749,5438,37187,0.8538,1,"2,000,000 .. 5,000,000",2000000,5000000,3500000,0,0,0,22
848450,Subnautica: Below Zero,Unknown Worlds Entertainment,Unknown Worlds Entertainment,"Adventure, Indie",Open World Survival Craft;Survival;Underwater;Singleplayer;Open World;Horror;Exploration;Base-Building;Indie;Adventure;Crafting;Multiplayer;First-Person;Survival Horror;Sci-fi;Aliens;Action;Story Rich;Atmospheric;Sandbox,2,20,29.99,29.99,0.0,0,87607,9053,96660,0.9063,1,"2,000,000 .. 5,000,000",2000000,5000000,3500000,0,0,0,698
286940,S.K.I.L.L. - Special Force 2 (Shooter),"Dragonfly GF Co., LTD",Space Budgie,"Action, Adventure, Free To Play, Sports, Strategy",Free to Play;Shooter;Action;Multiplayer;FPS;First-Person;War;Co-op;Zombies;Singleplayer;Military;Massively Multiplayer;Survival;Open World;Tactical;Online Co-Op;Realistic;Adventure;Great Soundtrack;Sports,5,20,0.0,0.0,0.0,1,8049,3267,11316,0.7113,1,"2,000,000 .. 5,000,000",2000000,5000000,3500000,0,0,0,0
740130,Tales of ARISE,Bandai Namco Studios Inc.,Bandai Namco Entertainment,"Action, RPG",Anime;JRPG;RPG;Action RPG;Open World;Singleplayer;Fantasy;Action;Story Rich;Third Person;Magic;Adventure;Combat;Romance;Female Protagonist;Controller;Character Customization;Sexual Content;Hack and Slash;Multiplayer,2,20,49.99,49.99,0.0,0,30379,4403,34782,0.8734,1,"2,000,000 .. 5,000,000",2000000,5000000,3500000,0,0,0,182
17390,SPORE,Maxis™,Electronic Arts,"Action, Adventure, Casual, RPG, Simulation, Strategy",God Game;Open World;Sandbox;Colony Sim;Exploration;Simulation;Space;Casual;Cute;Science;Funny;Aliens;Sci-fi;Adventure;Cartoony;Colorful;Family Friendly;Resource Management;Comedy;Cartoon,6,20,19.99,19.99,0.0,0,61124,4996,66120,0.9244,1,"2,000,000 .. 5,000,000",2000000,5000000,3500000,0,0,0,599
530700,Argo,Bohemia Interactive,Bohemia Interactive,"Action, Free To Play",Free to Play;Shooter;FPS;Multiplayer;Action;Open World;Tactical;War;First-Person;Realistic;Co-op;Military;Online Co-Op;Violent;Massively Multiplayer;Singleplayer;Simulation;Strategy;Mod;Atmospheric,2,20,0.0,0.0,0.0,1,5610,5315,10925,0.5135,0,"2,000,000 .. 5,000,000",2000000,5000000,3500000,0,0,0,1
2622380,ELDEN RING NIGHTREIGN,"FromSoftware, Inc.","FromSoftware, Inc., Bandai Namco Entertainment","Action, RPG",Souls-like;Online Co-Op;Rogue-like;Multiplayer;Singleplayer;Co-op;Action;Third Person;PvE;Rogue-lite;RPG;Action RPG;Open World;Dark;3D;Survival;Violent;Sexual Content;Lore-Rich;Story Rich,2,20,39.99,39.99,0.0,0,48901,16771,65672,0.7446,1,"2,000,000 .. 5,000,000",2000000,5000000,3500000,0,0,0,163599
220240,Far Cry 3,"Ubisoft Montreal, Massive Entertainment, and Ubisoft Shanghai",Ubisoft,"Action, Adventure",Open World;FPS;Action;Adventure;Multiplayer;Shooter;Stealth;Co-op;First-Person;Hunting;Singleplayer;Sandbox;Story Rich;Survival;Online Co-Op;Nudity;Atmospheric;Crafting;Colorful;RPG,2,20,19.99,19.99,0.0,0,101914,12105,114019,0.8938,1,"2,000,000 .. 5,000,000",2000000,5000000,3500000,0,0,0,488
1217060,Gunfire Reborn,Gunfire Reborn Studio,Duoyi Games,"Action, Adventure, Indie, RPG",Rogue-lite;FPS;Rogue-like;Online Co-Op;Co-op;Multiplayer;Looter Shooter;Indie;Action;RPG;Adventure;Action Roguelike;Shooter;First-Person;Dungeon Crawler;Replay Value;Singleplayer;Fast-Paced;Early Access;Loot,4,20,13.99,19.99,30.0,0,92655,6517,99172,0.9343,1,"2,000,000 .. 5,000,000",2000000,5000000,3500000,0,0,0,1428
1248130,Farming Simulator 22,GIANTS Software,GIANTS Software,Simulation,Simulation;Farming Sim;Co-op;Multiplayer;Agriculture;Moddable;Management;Sandbox;3D;First-Person;Economy;Open World;Online Co-Op;Family Friendly;Immersive Sim;Character Customization;Nature;Horses;Third Person;America,1,20,19.99,19.99,0.0,0,78110,6402,84512,0.9242,1,"2,000,000 .. 5,000,000",2000000,5000000,3500000,0,0,0,5419
635260,CarX Drift Racing Online,"CarX Technologies, LLC","CarX Technologies, LLC","Action, Casual, Massively Multiplayer, Racing, Simulation, Sports",Racing;Physics;Simulation;Massively Multiplayer;Relaxing;Sandbox;Online Co-Op;Games Workshop;Automobile Sim;Multiplayer;Open World;Controller;VR;Singleplayer;Arcade;Realistic;Co-op;Local Multiplayer;Mod;Sports,6,20,3.39,16.99,80.0,0,79504,3912,83416,0.9531,1,"2,000,000 .. 5,000,000",2000000,5000000,3500000,0,0,0,1658
259080,Just Cause 2: Multiplayer Mod,Avalanche Studios,Square Enix,"Action, Adventure",Open World;Multiplayer;Action;Third-Person Shooter;Adventure;Mod;Sandbox;Massively Multiplayer;Shooter;Free to Play;Third Person;Co-op;Funny;Exploration;Epic;Racing;Moddable;Singleplayer;FPS;Zombies,2,20,0.0,0.0,0.0,1,13558,1246,14804,0.9158,1,"2,000,000 .. 5,000,000",2000000,5000000,3500000,0,0,0,7
414340,Hellblade: Senua's Sacrifice,Ninja Theory,"Ninja Theory, Xbox Game Studios","Action, Adventure, Indie",Atmospheric;Psychological;Story Rich;Female Protagonist;Mythology;Singleplayer;Dark;Adventure;Horror;Third Person;Dark Fantasy;Action;Violent;Indie;Walking Simulator;Hack and Slash;Action-Adventure;Fantasy;Realistic;Blood,3,20,29.99,29.99,0.0,0,66212,7260,73472,0.9012,1,"2,000,000 .. 5,000,000",2000000,5000000,3500000,0,0,0,73
42700,Call of Duty: Black Ops,Treyarch,Activision,Action,Action;FPS;Zombies;Multiplayer;Shooter;Singleplayer;Cold War;First-Person;War;Military;Online Co-Op;Co-op;Gore;Story Rich;Controller;Adventure;Linear;Horror;Massively Multiplayer;Great Soundtrack,1,20,19.99,39.99,50.0,0,36530,3695,40225,0.9081,1,"2,000,000 .. 5,000,000",2000000,5000000,3500000,0,0,0,527
108710,Alan Wake,Remedy Entertainment,Remedy Entertainment,"Action, Adventure",Action;Horror;Third Person;Adventure;Story Rich;Thriller;Atmospheric;Singleplayer;Psychological Horror;Great Soundtrack;Mystery;Episodic;Third-Person Shooter;Dark;Supernatural;Cinematic;Survival Horror;Narration;Shooter;Survival,2,20,14.99,14.99,0.0,0,44449,4714,49163,0.9041,1,"2,000,000 .. 5,000,000",2000000,5000000,3500000,0,0,0,165
55100,Homefront,"Kaos Studios, Digital Extremes",Deep Silver,Action,Action;FPS;Shooter;Multiplayer;Singleplayer;First-Person;Military;War;Atmospheric;Short;Open World;Violent;Story Rich;Gore;Co-op;Adventure;Alternate History;Survival;Linear;Realistic,1,20,19.99,19.99,0.0,0,7787,4980,12767,0.6099,0,"2,000,000 .. 5,000,000",2000000,5000000,3500000,0,0,0,12
1520470,封灵档案,（Hong Kong）GKD,（Hong Kong）GKD,"Action, Adventure, Massively Multiplayer, RPG, Strategy, Free To Play",Sexual Content;Nudity;Free to Play;Mature;Hentai;Horror;Multiplayer;Female Protagonist;Action;NSFW;Survival;Online Co-Op;PvP;3D Platformer;3D;Massively Multiplayer;Team-Based;Anime;Action-Adventure;Adventure,6,20,0.0,0.0,0.0,1,21945,4737,26682,0.8225,1,"2,000,000 .. 5,000,000",2000000,5000000,3500000,0,0,0,656
644560,Mirror,KAGAMI WORKS,Paradise Project,"Adventure, Indie, RPG",Sexual Content;Nudity;Hentai;Mature;Anime;NSFW;Match 3;Female Protagonist;Visual Novel;Dating Sim;Singleplayer;RPG;Cute;Story Rich;Puzzle;Adventure;JRPG;Indie;Shooter;Casual,3,20,1.99,1.99,0.0,0,80419,2554,82973,0.9692,1,"2,000,000 .. 5,000,000",2000000,5000000,3500000,0,0,0,106
1263850,Football Manager 2021,Sports Interactive,SEGA,"Simulation, Sports",Sports;Simulation;Management;Football (Soccer);Singleplayer;Multiplayer;Football (American);Strategy;Co-op;Free to Play,2,10,0.0,0.0,0.0,1,22342,1558,23900,0.9348,1,"2,000,000 .. 5,000,000",2000000,5000000,3500000,0,0,0,1122
407530,ARK: Survival Of The Fittest,"Studio Wildcard, Instinct Games, Efecto Studios, Virtual Basement LLC",Studio Wildcard,"Action, Adventure, Indie, Massively Multiplayer, RPG, Strategy",Free to Play;Survival;Dinosaurs;Multiplayer;Open World;Action;Adventure;Massively Multiplayer;PvP;Dragons;Early Access;Crafting;RPG;First-Person;Singleplayer;Strategy;Exploration;FPS;Sandbox;Indie,6,20,4.49,14.99,70.0,0,7766,3926,11692,0.6642,0,"2,000,000 .. 5,000,000",2000000,5000000,3500000,0,0,0,43
774171,Muse Dash,peropero,hasuhasu,"Action, Casual, Indie",Music;Rhythm;Anime;Cute;Sexual Content;Female Protagonist;Casual;Great Soundtrack;Singleplayer;2D;Colorful;Indie;Hentai;Difficult;Action;Funny;Arcade;Beautiful;Mature;Nudity,3,20,2.99,2.99,0.0,0,107491,11938,119429,0.9,1,"2,000,000 .. 5,000,000",2000000,5000000,3500000,0,0,0,672
201810,Wolfenstein: The New Order,MachineGames,Bethesda Softworks,Action,FPS;Action;Alternate History;Shooter;Singleplayer;Gore;First-Person;World War II;Atmospheric;Story Rich;Sci-fi;Stealth;War;Old School;Adventure;Dystopian;Great Soundtrack;Robots;Epic;Historical,1,20,19.99,19.99,0.0,0,51691,4778,56469,0.9154,1,"2,000,000 .. 5,000,000",2000000,5000000,3500000,0,0,0,417
319510,Five Nights at Freddy's,Scott Cawthon,Scott Cawthon,"Indie, Simulation",Horror;Singleplayer;Survival Horror;Robots;Psychological Horror;Indie;Difficult;First-Person;Point & Click;Dark;Survival;Atmospheric;Mouse only;Jump Scare;Supernatural;Resource Management;Lore-Rich;Silent Protagonist;Short;Historical,2,20,4.99,4.99,0.0,0,48831,3406,52237,0.9348,1,"2,000,000 .. 5,000,000",2000000,5000000,3500000,0,0,0,118
1888160,ARMORED CORE VI FIRES OF RUBICON,"FromSoftware, Inc.","FromSoftware, Inc., Bandai Namco Entertainment Inc.",Action,Mechs;Character Customization;Action;Robots;Third Person;Combat;Fast-Paced;Sci-fi;3D;Souls-like;Multiplayer;Futuristic;Post-apocalyptic;Singleplayer;Difficult;Vehicular Combat;Soundtrack;Military;Action-Adventure;Atmospheric,1,20,59.99,59.99,0.0,0,70425,6617,77042,0.9141,1,"2,000,000 .. 5,000,000",2000000,5000000,3500000,0,0,0,1011
674020,World War 3,Wishlist Games,Wishlist Games,"Action, Free To Play",Free to Play;FPS;Multiplayer;Realistic;Online Co-Op;Tactical;Military;PvP;Gun Customization;Character Customization;Shooter;Action;War;Modern;Team-Based;First-Person;Combat;Vehicular Combat;Physics;Atmospheric,2,20,0.0,0.0,0.0,1,29495,25034,54529,0.5409,0,"2,000,000 .. 5,000,000",2000000,5000000,3500000,0,0,0,59
310950,Street Fighter V,"CAPCOM Co., Ltd.","CAPCOM Co., Ltd.",Action,Fighting;Action;2D Fighter;Multiplayer;Competitive;Arcade;Local Multiplayer;e-sports;Controller;Anime;2.5D;Singleplayer;Great Soundtrack;Classic;2D;Nudity;Female Protagonist;Beat 'em up;Sexual Content;Funny,1,20,19.99,19.99,0.0,0,29529,14122,43651,0.6765,0,"2,000,000 .. 5,000,000",2000000,5000000,3500000,0,0,0,170
952060,Resident Evil 3,"CAPCOM Co., Ltd.","CAPCOM Co., Ltd.",Action,Action;Zombies;Horror;Female Protagonist;Multiplayer;Survival Horror;Remake;Singleplayer;Third Person;Co-op;Gore;Third-Person Shooter;Violent;Story Rich;Atmospheric;Adventure;Sexual Content;Classic;Difficult;Great Soundtrack,1,20,7.99,39.99,80.0,0,74536,16699,91235,0.817,1,"2,000,000 .. 5,000,000",2000000,5000000,3500000,0,0,0,362
949230,Cities: Skylines II,"Iceflake Studios, Colossal Order",Paradox Interactive,Simulation,City Builder;Simulation;Building;Sandbox;Singleplayer;Management;Economy;Strategy;Realistic;Moddable;Relaxing;Resource Management;Transportation;Casual;Multiplayer;Atmospheric;Early Access;Open World;Mod;Great Soundtrack,1,20,49.99,49.99,0.0,0,38697,34827,73524,0.5263,0,"2,000,000 .. 5,000,000",2000000,5000000,3500000,0,0,0,5392
1466860,Age of Empires IV: Anniversary Edition,"World's Edge, Relic Entertainment, Forgotten Empires, Climax Studios",Xbox Game Studios,Strategy,Strategy;RTS;Base-Building;Multiplayer;War;Singleplayer;Resource Management;Medieval;City Builder;Historical;Action RTS;PvP;PvE;Co-op;3D;Management;Isometric;Open World;Online Co-Op;Mature,1,20,39.99,39.99,0.0,0,69559,11311,80870,0.8601,1,"2,000,000 .. 5,000,000",2000000,5000000,3500000,0,0,0,7084
1904540,Football Manager 2023,Sports Interactive,SEGA,"Simulation, Sports",Simulation;Sports;Management;Football (Soccer);Real Time Tactics;e-sports;Multiplayer;Strategy;3D;Singleplayer;2D;Text-Based,2,12,0.0,0.0,0.0,1,17645,2012,19657,0.8976,1,"2,000,000 .. 5,000,000",2000000,5000000,3500000,0,0,0,4178
388410,Darksiders II Deathinitive Edition,"Gunfire Games, Vigil Games, THQ Nordic",THQ Nordic,"Action, Adventure, RPG",Action;Hack and Slash;Adventure;RPG;Open World;Singleplayer;Third Person;Fantasy;Puzzle;Story Rich;Great Soundtrack;Action RPG;Dark Fantasy;Parkour;Loot;Spectacle fighter;Gore;Controller;Multiplayer;Metroidvania,3,20,29.99,29.99,0.0,0,14223,3887,18110,0.7854,1,"2,000,000 .. 5,000,000",2000000,5000000,3500000,0,0,0,78
544810,KARDS - The WWII Card Game,1939 Games,1939 Games,"Casual, Indie, Strategy, Free To Play",Free to Play;Card Game;World War II;Trading Card Game;Wargame;PvP;Turn-Based Strategy;Board Game;Strategy;Top-Down;Turn-Based Combat;Deckbuilding;Historical;Tanks;Multiplayer;Military;War;Realistic;Casual;Singleplayer,4,20,0.0,0.0,0.0,1,28543,10136,38679,0.7379,1,"2,000,000 .. 5,000,000",2000000,5000000,3500000,0,0,0,4796
611500,Quake Champions,id Software,Bethesda Softworks,"Action, Free To Play",Arena Shooter;Hero Shooter;Early Access;FPS;Multiplayer;Free to Play;Fast-Paced;Gore;Shooter;Action;First-Person;Competitive;Violent;e-sports;Difficult;Classic;Sci-fi;Singleplayer;Lovecraftian;Horror,2,20,0.0,0.0,0.0,1,28297,10068,38365,0.7376,1,"2,000,000 .. 5,000,000",2000000,5000000,3500000,0,0,0,203
50,Half-Life: Opposing Force,Gearbox Software,Valve,Action,FPS;Action;Classic;Sci-fi;Singleplayer;Shooter;First-Person;Aliens;1990's;Adventure;Military;Atmospheric;Story Rich;Silent Protagonist;Great Soundtrack;Gore;Puzzle;Moddable;Retro;Co-op,1,20,4.99,4.99,0.0,0,24363,1198,25561,0.9531,1,"2,000,000 .. 5,000,000",2000000,5000000,3500000,0,0,0,74
1408720,Krunker,FRVR,FRVR,"Action, Casual",Shooter;FPS;PvP;Parkour;e-sports;3D;Character Customization;Action;Voxel;Team-Based;Free to Play;Multiplayer;Online Co-Op;Casual;Class-Based;Trading;Level Editor;Moddable;Modern;Arcade,2,20,0.0,0.0,0.0,1,21147,5599,26746,0.7907,1,"2,000,000 .. 5,000,000",2000000,5000000,3500000,0,0,0,32
310560,DiRT Rally,"Codemasters, Feral Interactive (Linux), Feral Interactive (Mac)","Codemasters, Feral Interactive (Linux), Feral Interactive (Mac), Electronic Arts","Racing, Simulation, Sports",Racing;Simulation;Automobile Sim;Driving;Multiplayer;Realistic;Offroad;Difficult;VR;Singleplayer;Sports;First-Person;Action;Atmospheric;Fast-Paced;Co-op;3D Vision;TrackIR;Open World;Family Friendly,3,20,0.0,0.0,0.0,1,34981,4810,39791,0.8791,1,"2,000,000 .. 5,000,000",2000000,5000000,3500000,0,0,0,84
1845910,Dragon Age: The Veilguard,BioWare,Electronic Arts,"Action, Adventure, RPG, Strategy",LGBTQ+;Fantasy;Singleplayer;RPG;Politics;Action RPG;Strategy;CRPG;Turn-Based Tactics;Character Customization;Action;Third Person;Adventure;Dragons;Magic;Romance;Story Rich;Multiple Endings;Lore-Rich;Choices Matter,4,20,59.99,59.99,0.0,0,28118,12361,40479,0.6946,0,"2,000,000 .. 5,000,000",2000000,5000000,3500000,0,0,0,804
254700,Resident Evil 4 (2005),Capcom,Capcom,"Action, Adventure",Inventory Management;Survival Horror;Action;Zombies;Horror;Third-Person Shooter;Singleplayer;Adventure;Classic;Third Person;Quick-Time Events;Atmospheric;Survival;Shooter;Gore;Replay Value;Great Soundtrack;Remake;Difficult;VR,2,20,4.99,19.99,75.0,0,77003,5431,82434,0.9341,1,"2,000,000 .. 5,000,000",2000000,5000000,3500000,0,0,0,673
1029690,Sniper Elite 5,Rebellion,Rebellion,"Action, Adventure",Singleplayer;Sniper;Stealth;Multiplayer;Action;World War II;Co-op;Shooter;Third-Person Shooter;Adventure;Gore;Third Person;Violent;Action-Adventure;Open World;Online Co-Op;War;FPS;Gun Customization;Sexual Content,2,20,49.99,49.99,0.0,0,18453,3750,22203,0.8311,1,"2,000,000 .. 5,000,000",2000000,5000000,3500000,0,0,0,1538
12220,Grand Theft Auto: Episodes from Liberty City,Rockstar North / Toronto,Rockstar Games,Action,Open World;Action;Automobile Sim;Third Person;Multiplayer;Crime;Adventure;Shooter;Sandbox;Singleplayer;Driving;Third-Person Shooter;Mature;Great Soundtrack;Nudity;Story Rich;Racing;Atmospheric;Comedy;Moddable,1,20,0.0,0.0,0.0,1,7524,2647,10171,0.7398,1,"2,000,000 .. 5,000,000",2000000,5000000,3500000,0,0,0,0
815370,Green Hell,Creepy Jar,Creepy Jar,"Action, Adventure, Indie, Simulation",Open World Survival Craft;Survival;Multiplayer;Online Co-Op;Open World;Crafting;Action;Base-Building;Singleplayer;Adventure;Co-op;Exploration;First-Person;Sandbox;Simulation;Survival Horror;Atmospheric;Building;Realistic;Action-Adventure,4,20,2.49,24.99,90.0,0,69304,11300,80604,0.8598,1,"2,000,000 .. 5,000,000",2000000,5000000,3500000,0,0,0,1656
470220,UNO,Ubisoft Entertainment,Ubisoft Entertainment,Casual,Card Game;Multiplayer;Tabletop;Board Game;Casual;Family Friendly;Funny;Strategy;Co-op;Online Co-Op;Singleplayer;Classic;Cult Classic;Local Multiplayer;Replay Value;Team-Based;Action;Party Game;PvP;Competitive,1,20,9.99,9.99,0.0,0,37173,14345,51518,0.7216,1,"2,000,000 .. 5,000,000",2000000,5000000,3500000,0,0,0,291
302830,BLOCKADE 3D,Novalink,Novalink,"Action, Free To Play, Early Access",Free to Play;Shooter;Multiplayer;FPS;Action;Building;Zombies;Early Access;Pixel Graphics;Online Co-Op;Survival;Sandbox;Co-op;3D Vision;Massively Multiplayer;Funny;Adventure;Open World;Casual;Controller,3,20,0.0,0.0,0.0,1,14974,10584,25558,0.5859,0,"2,000,000 .. 5,000,000",2000000,5000000,3500000,0,0,0,4
242920,Banished,Shining Rock Software LLC,Shining Rock Software LLC,"Indie, Simulation, Strategy",City Builder;Colony Sim;Strategy;Simulation;Survival;Indie;Singleplayer;Sandbox;Medieval;Resource Management;Relaxing;Economy;Building;Management;Open World;Difficult;Beautiful;Procedural Generation;Historical;RTS,3,20,19.99,19.99,0.0,0,38173,4073,42246,0.9036,1,"2,000,000 .. 5,000,000",2000000,5000000,3500000,0,0,0,477
236110,Dungeon Defenders II,Chromatic Games,Chromatic Games,"Action, Indie, RPG, Strategy, Free To Play",Multiplayer;Online Co-Op;Co-op Campaign;Tower Defense;Singleplayer;Strategy RPG;Survival;Action RPG;Building;Third Person;Character Customization;Tactical;Loot;Family Friendly;Cartoony;Fantasy;Team-Based;3D;Colorful;Party-Based RPG,5,20,0.0,0.0,0.0,1,16882,4941,21823,0.7736,1,"2,000,000 .. 5,000,000",2000000,5000000,3500000,0,0,0,351
383870,Firewatch,Campo Santo,"Panic, Campo Santo","Adventure, Indie",Adventure;Atmospheric;Story Rich;Walking Simulator;Mystery;First-Person;Singleplayer;Exploration;Open World;Indie;Great Soundtrack;Short;Horror;Comedy;Drama;Funny;Colorful;Thriller;Mature;Casual,2,20,19.99,19.99,0.0,0,81777,8661,90438,0.9042,1,"2,000,000 .. 5,000,000",2000000,5000000,3500000,0,0,0,81
1237950,STAR WARS Battlefront II,DICE,Electronic Arts,"Action, Adventure",Multiplayer;Shooter;Singleplayer;Action;Third-Person Shooter;Space;FPS;Sci-fi;Co-op;Combat;Online Co-Op;Vehicular Combat;First-Person;Third Person;Adventure;PvP;Aliens;Controller;Tactical;Character Customization,2,20,39.99,39.99,0.0,0,62342,8866,71208,0.8755,1,"2,000,000 .. 5,000,000",2000000,5000000,3500000,0,0,0,9213
1399780,Spellbreak,"Proletariat, Inc.","Proletariat, Inc.","Action, Adventure, Free To Play, RPG",Free to Play;Multiplayer;Magic;Battle Royale;PvP;Fantasy;Third Person;Action;RPG;Third-Person Shooter;Action RPG;Stylized;Team-Based;Colorful;Adventure;Class-Based;Controller;Co-op;Party;3D,4,20,0.0,0.0,0.0,1,12119,1887,14006,0.8653,1,"2,000,000 .. 5,000,000",2000000,5000000,3500000,0,0,0,1
312660,Sniper Elite 4,Rebellion,Rebellion,"Action, Adventure",Sniper;Action;Multiplayer;Shooter;War;Stealth;World War II;Co-op;Singleplayer;Third Person;Open World;Violent;Third-Person Shooter;Gore;FPS;Adventure;Tactical;Mature;Strategy;First-Person,2,20,59.99,59.99,0.0,0,53923,5232,59155,0.9116,1,"2,000,000 .. 5,000,000",2000000,5000000,3500000,0,0,0,541
502500,ACE COMBAT 7: SKIES UNKNOWN,Bandai Namco Studios Inc.,Bandai Namco Entertainment,"Action, Simulation",Flight;Jet;Military;War;Shooter;Arcade;Cinematic;PvP;3D;Action;First-Person;Story Rich;Simulation;Third Person;Multiplayer;Great Soundtrack;Singleplayer;Silent Protagonist;Sci-fi;Realistic,2,20,59.99,59.99,0.0,0,42202,5990,48192,0.8757,1,"2,000,000 .. 5,000,000",2000000,5000000,3500000,0,0,0,340
632470,Disco Elysium - The Final Cut,ZA/UM,ZA/UM,RPG,RPG;Story Rich;Choices Matter;Detective;Isometric;Atmospheric;Singleplayer;Point & Click;CRPG;Noir;Political;Surreal;Visual Novel;Exploration;Funny;Indie;Adventure;Open World;Character Customization;Sexual Content,1,20,39.99,39.99,0.0,0,104010,7702,111712,0.9311,1,"2,000,000 .. 5,000,000",2000000,5000000,3500000,0,0,0,918
200260,Batman: Arkham City - Game of the Year Edition,Rocksteady Studios,WB Games,"Action, Adventure",Action;Open World;Stealth;Superhero;Adventure;Third Person;Singleplayer;Beat 'em up;Comic Book;Detective;Story Rich;Atmospheric;Fighting;Action-Adventure;Cinematic;Controller;3D Vision;Sandbox;Metroidvania;Great Soundtrack,2,20,19.99,19.99,0.0,0,65947,2689,68636,0.9608,1,"2,000,000 .. 5,000,000",2000000,5000000,3500000,0,0,0,655
393380,Squad,Offworld,Offworld,"Action, Indie, Massively Multiplayer, Strategy",Military;Realistic;FPS;Multiplayer;Tactical;Shooter;Team-Based;War;First-Person;Action;Massively Multiplayer;Strategy;Modern;Simulation;Wargame;Base-Building;Open World;Immersive Sim;Atmospheric;PvP,4,20,39.99,39.99,0.0,0,175088,35463,210551,0.8316,1,"2,000,000 .. 5,000,000",2000000,5000000,3500000,0,0,0,9116
40800,Super Meat Boy,Team Meat,Unknown,Indie,Precision Platformer;Platformer;Difficult;Indie;2D Platformer;Pixel Graphics;2D;Singleplayer;Great Soundtrack;Fast-Paced;Retro;Controller;Unforgiving;Gore;Action;Time Attack;Funny;Comedy;Side Scroller;Replay Value,1,20,14.99,14.99,0.0,0,33571,1923,35494,0.9458,1,"2,000,000 .. 5,000,000",2000000,5000000,3500000,0,0,0,72
303390,Dead Bits,Microblast Games,SA Industry,"Action, Casual, Indie",Indie;Action;Casual;FPS;Shooter;First-Person;Great Soundtrack;Zombies;Singleplayer;Voxel;Multiplayer;Horror;Pixel Graphics;Difficult;Funny,3,15,0.49,4.99,90.0,0,5141,3408,8549,0.6014,0,"2,000,000 .. 5,000,000",2000000,5000000,3500000,0,0,0,2
280,Half-Life: Source,Valve,Valve,Action,FPS;Action;Classic;Sci-fi;Singleplayer;First-Person;Shooter;Aliens;1990's;Zombies;Story Rich;Adventure;Remake;Atmospheric;Silent Protagonist;Multiplayer;Horror;Great Soundtrack;Moddable;Gore,1,20,9.99,9.99,0.0,0,11068,4988,16056,0.6893,0,"2,000,000 .. 5,000,000",2000000,5000000,3500000,0,0,0,27
783770,Ironsight,"WipleGames Inc.,","WipleGames Inc.,","Action, Free To Play",Free to Play;Action;FPS;Multiplayer;Shooter;Battle Royale;Controller;PvP;Team-Based;Singleplayer;Violent;First-Person;Co-op;Competitive;Gun Customization;Online Co-Op;Military;Gore;Strategy;Casual,2,20,0.0,0.0,0.0,1,16204,6206,22410,0.7231,1,"2,000,000 .. 5,000,000",2000000,5000000,3500000,0,0,0,64
212070,Star Conflict,Star Gem Inc.,Gaijin Network Ltd,"Action, Adventure, Massively Multiplayer, RPG, Simulation, Free To Play",Online Co-Op;Free to Play;Space Sim;Open World;Massively Multiplayer;Action;PvE;Trading;Sandbox;Shooter;Flight;Crafting;3D;Choose Your Own Adventure;RPG;Third Person;Sci-fi;Atmospheric;Science;Aliens,6,20,0.0,0.0,0.0,1,10879,3974,14853,0.7324,1,"2,000,000 .. 5,000,000",2000000,5000000,3500000,0,0,0,95
110800,L.A. Noire,"Team Bondi, Rockstar Leeds",Rockstar Games,"Adventure, Strategy",Detective;Crime;Open World;Noir;Adventure;Story Rich;Mystery;Investigation;Third Person;Singleplayer;Cinematic;Action;Atmospheric;Mature;Nudity;Puzzle;Third-Person Shooter;Strategy;Thriller;3D Vision,2,20,5.99,19.99,70.0,0,29214,4812,34026,0.8586,1,"2,000,000 .. 5,000,000",2000000,5000000,3500000,0,0,0,150
41070,Serious Sam 3: BFE,Croteam,Devolver Digital,"Action, Indie",FPS;Action;Co-op;Gore;Comedy;Online Co-Op;Multiplayer;Aliens;Shooter;First-Person;Old School;Local Co-Op;Indie;Split Screen;Difficult;Funny;Singleplayer;Adventure;Sci-fi;Local Multiplayer,2,20,2.99,29.99,90.0,0,24491,3224,27715,0.8837,1,"2,000,000 .. 5,000,000",2000000,5000000,3500000,0,0,0,105
50300,Spec Ops: The Line,YAGER,"2K, Missing Link Games","Action, Adventure",Story Rich;Third-Person Shooter;Action;Psychological;Atmospheric;Singleplayer;War;Third Person;Shooter;Dark;Emotional;Military;Multiplayer;Mature;Political;Adventure;Great Soundtrack;Psychological Horror;Post-apocalyptic;Based On A Novel,2,20,0.0,0.0,0.0,1,51267,3642,54909,0.9337,1,"2,000,000 .. 5,000,000",2000000,5000000,3500000,0,0,0,31
1284210,Guild Wars 2,ArenaNet®,ArenaNet®,"Adventure, Massively Multiplayer, RPG, Free To Play",MMORPG;Adventure;RPG;Character Customization;Free to Play;Fantasy;Third Person;3D;Massively Multiplayer;PvP;Atmospheric;Class-Based;Combat;Multiplayer;Strategy;Crafting;Online Co-Op;Exploration;Story Rich;Singleplayer,4,20,0.0,0.0,0.0,1,19151,2392,21543,0.889,1,"2,000,000 .. 5,000,000",2000000,5000000,3500000,0,0,0,3277
485510,Nioh: Complete Edition,"KOEI TECMO GAMES CO., LTD.","KOEI TECMO GAMES CO., LTD.","Action, RPG",Souls-like;Action;RPG;Difficult;Hack and Slash;Dark Fantasy;Ninja;Action RPG;Third Person;JRPG;Singleplayer;Co-op;Multiplayer;Historical;Loot;Fantasy;Adventure;Atmospheric;Nudity;Great Soundtrack,2,20,49.99,49.99,0.0,0,27867,7025,34892,0.7987,1,"2,000,000 .. 5,000,000",2000000,5000000,3500000,0,0,0,291
35700,Trine Enchanted Edition,Frozenbyte,Frozenbyte,"Action, Adventure, Casual, Indie, RPG, Strategy",Puzzle-Platformer;Beautiful;Fantasy;Platformer;Physics;Action;Local Co-Op;Adventure;Puzzle;Great Soundtrack;Indie;Co-op;Online Co-Op;Singleplayer;Multiplayer;Atmospheric;Local Multiplayer;Casual;2D;Female Protagonist,6,20,2.99,14.99,80.0,0,14696,649,15345,0.9577,1,"2,000,000 .. 5,000,000",2000000,5000000,3500000,0,0,0,16
210770,Sanctum 2,Coffee Stain Studios,Coffee Stain Publishing,"Action, Indie, Strategy",Tower Defense;FPS;Co-op;Strategy;Action;Sci-fi;Indie;Online Co-Op;Multiplayer;First-Person;Shooter;Singleplayer;Survival;Aliens;Futuristic;Female Protagonist;Combat;Funny;Great Soundtrack;RPG,3,20,14.99,14.99,0.0,0,12856,1435,14291,0.8996,1,"2,000,000 .. 5,000,000",2000000,5000000,3500000,0,0,0,15
282140,SOMA,Frictional Games,Frictional Games,"Action, Adventure, Indie",Horror;Psychological Horror;Atmospheric;Dark;Story Rich;Survival Horror;Exploration;Sci-fi;Gore;First-Person;Lovecraftian;Singleplayer;Puzzle;Adventure;Walking Simulator;Indie;Action;Philosophical;Mystery;Drama,3,20,5.99,29.99,80.0,0,43530,1835,45365,0.9596,1,"2,000,000 .. 5,000,000",2000000,5000000,3500000,0,0,0,57
495420,State of Decay 2: Juggernaut Edition,Undead Labs,Xbox Game Studios,"Action, RPG, Simulation",Survival;Open World;Zombies;Base-Building;Multiplayer;Co-op;Online Co-Op;Post-apocalyptic;Simulation;Action;RPG;Sandbox;Third Person;Singleplayer;Gore;Horror;Perma Death;Violent;Replay Value;Atmospheric,3,20,29.99,29.99,0.0,0,52001,10715,62716,0.8292,1,"2,000,000 .. 5,000,000",2000000,5000000,3500000,0,0,0,1281
323580,Jotun: Valhalla Edition,Thunder Lotus,Thunder Lotus,"Action, Adventure, Indie",Adventure;Mythology;Action;Indie;Female Protagonist;Hand-drawn;Difficult;Singleplayer;Atmospheric;Exploration;Great Soundtrack;Isometric;2D;Fantasy;Vikings;Controller;Kickstarter;Story Rich;Boss Rush;Souls-like,3,20,14.99,14.99,0.0,0,6536,1905,8441,0.7743,1,"2,000,000 .. 5,000,000",2000000,5000000,3500000,0,0,0,3
225260,Brutal Legend,Double Fine Productions,Double Fine Productions,"Action, Adventure, Strategy",Action;Comedy;Adventure;Great Soundtrack;Open World;Music;Hack and Slash;Strategy;Third Person;Funny;RTS;Fantasy;Singleplayer;Gothic;Action-Adventure;Multiplayer;Atmospheric;Beat 'em up;RPG;Action RPG,3,20,14.99,14.99,0.0,0,17657,1314,18971,0.9307,1,"2,000,000 .. 5,000,000",2000000,5000000,3500000,0,0,0,36
2835570,Buckshot Roulette,Mike Klubnika,CRITICAL REFLEX,"Action, Indie, Simulation",Multiplayer;Dark;Gambling;Horror;First-Person;Strategy;Singleplayer;Indie;3D;Psychological;Puzzle;Psychological Horror;Blood;Experimental;Action;Rogue-like;Simulation;Surreal;FPS;Rogue-lite,3,20,2.99,2.99,0.0,0,91745,3796,95541,0.9603,1,"2,000,000 .. 5,000,000",2000000,5000000,3500000,0,0,0,793
464920,Surviving Mars,"Haemimont Games, Abstraction",Paradox Interactive,"Simulation, Strategy",Colony Sim;City Builder;Strategy;Survival;Space;Base-Building;Mars;Simulation;Sci-fi;Resource Management;Singleplayer;Building;Management;Sandbox;Space Sim;Futuristic;Open World;RTS;Great Soundtrack;Moddable,2,20,29.99,29.99,0.0,0,22472,4098,26570,0.8458,1,"2,000,000 .. 5,000,000",2000000,5000000,3500000,0,0,0,507
9900,Star Trek Online,Cryptic Studios,Arc Games,"Massively Multiplayer, RPG, Free To Play",Free to Play;Sci-fi;Massively Multiplayer;Space;MMORPG;RPG;Open World;Multiplayer;Character Customization;Action;Third Person;Adventure;Singleplayer;PvE;Online Co-Op;Co-op;PvP;Strategy;Action RPG;Tactical,3,20,0.0,0.0,0.0,1,15939,4206,20145,0.7912,1,"2,000,000 .. 5,000,000",2000000,5000000,3500000,0,0,0,1057
7940,Call of Duty 4: Modern Warfare (2007),Infinity Ward,Activision,Action,FPS;Action;Multiplayer;Shooter;Singleplayer;First-Person;Classic;Military;War;PvP;Story Rich;Great Soundtrack;Linear;Modern;Controller;Co-op;Atmospheric;Moddable;Competitive;Zombies,1,20,9.99,19.99,50.0,0,23438,1632,25070,0.9349,1,"2,000,000 .. 5,000,000",2000000,5000000,3500000,0,0,0,377
493340,Planet Coaster,"Frontier Developments, Aspyr (Mac)","Frontier Developments, Aspyr (Mac)","Action, Adventure, Casual, Simulation, Strategy",Simulation;Building;Management;Sandbox;Family Friendly;Relaxing;Strategy;Singleplayer;Economy;Realistic;Funny;Great Soundtrack;Atmospheric;Colorful;Third Person;City Builder;Casual;3D;God Game;Multiplayer,5,20,44.99,44.99,0.0,0,64131,6147,70278,0.9125,1,"2,000,000 .. 5,000,000",2000000,5000000,3500000,0,0,0,687
343710,Kholat,IMGN.PRO,IMGN.PRO,"Adventure, Indie",Horror;Atmospheric;Walking Simulator;Psychological Horror;Survival Horror;Indie;Narration;Singleplayer;First-Person;Exploration;Adventure;Historical;Mystery;Survival;Open World;Psychological;Story Rich;Music;Dark;Action,2,20,4.59,19.99,77.0,0,4485,2238,6723,0.6671,0,"2,000,000 .. 5,000,000",2000000,5000000,3500000,0,0,0,1
504230,Celeste,"Maddy Makes Games Inc., Extremely OK Games, Ltd.",Maddy Makes Games Inc.,"Action, Adventure, Indie",Precision Platformer;Difficult;Pixel Graphics;Great Soundtrack;Indie;Platformer;2D Platformer;Female Protagonist;Singleplayer;2D;Story Rich;Adventure;Cute;Puzzle-Platformer;LGBTQ+;Atmospheric;Action;Side Scroller;Retro;Exploration,3,20,4.99,19.99,75.0,0,117545,3057,120602,0.9747,1,"2,000,000 .. 5,000,000",2000000,5000000,3500000,0,0,0,1174
394510,HELLDIVERS Dive Harder Edition,Arrowhead Game Studios,PlayStation Publishing LLC,Action,Online Co-Op;Co-op;Top-Down Shooter;Twin Stick Shooter;Local Co-Op;Action;Multiplayer;Sci-fi;4 Player Local;Top-Down;Shooter;Comedy;Funny;Space;Difficult;Strategy;Isometric;Survival;Mechs;Hack and Slash,1,20,19.99,19.99,0.0,0,28441,3078,31519,0.9023,1,"2,000,000 .. 5,000,000",2000000,5000000,3500000,0,0,0,209
1128810,RISK: Global Domination,SMG Studio,SMG Studio,"Casual, Strategy, Free To Play",Free to Play;Multiplayer;Board Game;Strategy;Turn-Based Strategy;War;Turn-Based;Tactical;Singleplayer;Tabletop;Turn-Based Tactics;Casual;Local Co-Op;Classic;Online Co-Op;Grand Strategy;Indie;Local Multiplayer;Psychological Horror;Massively Multiplayer,3,20,0.0,0.0,0.0,1,31060,7783,38843,0.7996,1,"2,000,000 .. 5,000,000",2000000,5000000,3500000,0,0,0,2153
325610,Total War: ATTILA,"CREATIVE ASSEMBLY, Feral Interactive","SEGA, Feral Interactive",Strategy,Strategy;Historical;War;Turn-Based Strategy;Grand Strategy;RTS;Tactical;Rome;Multiplayer;Singleplayer;Real Time Tactics;Medieval;Co-op;Atmospheric;Action;Turn-Based;Open World;Survival;Simulation;Adventure,1,20,19.99,19.99,0.0,0,28785,6287,35072,0.8207,1,"2,000,000 .. 5,000,000",2000000,5000000,3500000,0,0,0,1422
1643320,S.T.A.L.K.E.R. 2: Heart of Chornobyl,GSC Game World,"GSC Game World (worldwide), SEGA (Japan), 4Divinity (China and South East Asia)","Action, Adventure, RPG",Open World;FPS;Post-apocalyptic;Survival;Atmospheric;Singleplayer;Shooter;Exploration;RPG;Story Rich;First-Person;Action;Lore-Rich;Sci-fi;Nonlinear;Multiple Endings;Choices Matter;Immersive Sim;Realistic;Cinematic,3,20,59.99,59.99,0.0,0,91274,22072,113346,0.8053,1,"2,000,000 .. 5,000,000",2000000,5000000,3500000,0,0,0,2403
204450,Call of Juarez: Gunslinger,Techland,Techland Publishing,Action,Western;FPS;Action;Singleplayer;Shooter;Story Rich;Bullet Time;Comedy;First-Person;Narration;Adventure;Dynamic Narration;Funny;Violent;Atmospheric;Arcade;America;Gore;Historical;Alternate History,1,20,2.99,14.99,80.0,0,38679,2027,40706,0.9502,1,"2,000,000 .. 5,000,000",2000000,5000000,3500000,0,0,0,91
63380,Sniper Elite V2,Rebellion,Rebellion,Action,Sniper;Action;Stealth;World War II;Co-op;Shooter;Third-Person Shooter;Multiplayer;Singleplayer;Third Person;War;Bullet Time;FPS;Tactical;Online Co-Op;Historical;Gore;Strategy;Simulation;Adventure,1,20,0.0,0.0,0.0,1,22263,2958,25221,0.8827,1,"2,000,000 .. 5,000,000",2000000,5000000,3500000,0,0,0,34
268420,Aura Kingdom,X-Legend,Aeria Games,"Adventure, Casual, Free To Play, Massively Multiplayer, RPG",Anime;Free to Play;MMORPG;RPG;Massively Multiplayer;Adventure;PvE;Multiplayer;Fantasy;Open World;Character Customization;Action;JRPG;Cute;Third Person;Magic;Online Co-Op;Dungeon Crawler;Co-op;Exploration,5,20,0.0,0.0,0.0,1,6676,1884,8560,0.7799,1,"2,000,000 .. 5,000,000",2000000,5000000,3500000,0,0,0,1
482730,Football Manager 2017,Sports Interactive,SEGA,"Simulation, Sports",Sports;Football (Soccer);Simulation;Management;Football (American);Strategy;Tactical;Multiplayer;Singleplayer;Casual;Action,2,11,0.0,0.0,0.0,1,6576,4465,11041,0.5956,0,"2,000,000 .. 5,000,000",2000000,5000000,3500000,0,0,0,388
22370,Fallout 3: Game of the Year Edition,Bethesda Game Studios,Bethesda Softworks,RPG,Open World;RPG;Post-apocalyptic;Singleplayer;Moddable;First-Person;Sci-fi;FPS;Adventure;Action;Exploration;Replay Value;Atmospheric;Sandbox;Third Person;Story Rich;Shooter;Action RPG;Cult Classic;Great Soundtrack,1,20,19.99,19.99,0.0,0,41078,9515,50593,0.8119,1,"2,000,000 .. 5,000,000",2000000,5000000,3500000,0,0,0,318
349040,NARUTO SHIPPUDEN: Ultimate Ninja STORM 4,CyberConnect2 Co. Ltd.,BANDAI NAMCO Entertainment,"Action, Adventure",Anime;Fighting;Action;Multiplayer;Ninja;Adventure;Story Rich;Local Multiplayer;Singleplayer;Third Person;Great Soundtrack;Open World;Fantasy;Co-op;Atmospheric;Online Co-Op;Local Co-Op;Beat 'em up;Memes;Heist,2,20,14.99,19.99,25.0,0,80515,7987,88502,0.9098,1,"2,000,000 .. 5,000,000",2000000,5000000,3500000,0,0,0,384
823130,Totally Accurate Battlegrounds,Landfall,Landfall,"Action, Indie, Free To Play",Multiplayer;Physics;Character Customization;Indie;Massively Multiplayer;Family Friendly;Simulation;Strategy;Battle Royale;FPS;Shooter;Memes;Action;PvP;Sandbox;Co-op;Survival;Open World;Team-Based;Parody,3,20,0.0,0.0,0.0,1,76919,10093,87012,0.884,1,"2,000,000 .. 5,000,000",2000000,5000000,3500000,0,0,0,121
204100,Max Payne 3,Rockstar Studios,Rockstar Games,Action,Action;Third-Person Shooter;Bullet Time;Story Rich;Multiplayer;Shooter;Cinematic;Third Person;Noir;Singleplayer;Great Soundtrack;Atmospheric;Violent;Nudity;Adventure;Dark;Linear;Drama;Open World;Co-op,1,20,19.99,19.99,0.0,0,49420,7656,57076,0.8659,1,"2,000,000 .. 5,000,000",2000000,5000000,3500000,0,0,0,197
1184370,Pathfinder: Wrath of the Righteous - Enhanced Edition,Owlcat Games,"META Publishing, Owlcat Games","Action, Adventure, Indie, RPG, Strategy",Singleplayer;Action RPG;3D;Third Person;Lore-Rich;Adventure;Turn-Based Combat;Rogue-lite;RPG;Action;PvE;Open World;Party-Based RPG;Romance;Strategy;Turn-Based Strategy;Sexual Content;Story Rich;Fantasy;CRPG,5,20,19.99,19.99,0.0,0,32303,6193,38496,0.8391,1,"2,000,000 .. 5,000,000",2000000,5000000,3500000,0,0,0,1874
640820,Pathfinder: Kingmaker — Enhanced Plus Edition,Owlcat Games,Knights Peak,"Adventure, RPG",RPG;Party-Based RPG;Fantasy;CRPG;Isometric;Character Customization;Strategy RPG;Choices Matter;Story Rich;Singleplayer;Real-Time with Pause;Dungeons & Dragons;Adventure;Strategy;Turn-Based;Sexual Content;Medieval;Open World;Turn-Based Strategy;Female Protagonist,2,20,19.99,19.99,0.0,0,26001,7420,33421,0.778,1,"2,000,000 .. 5,000,000",2000000,5000000,3500000,0,0,0,590
47890,The Sims 3,"The Sims Studio, Maxis",Electronic Arts,Simulation,Life Sim;Simulation;Character Customization;Building;Sandbox;Singleplayer;Casual;Funny;Moddable;Romance;RPG;Family Friendly;Comedy;Adventure;Replay Value;Multiplayer;Nudity;Great Soundtrack;Strategy;Action,1,20,19.99,19.99,0.0,0,28544,4366,32910,0.8673,1,"2,000,000 .. 5,000,000",2000000,5000000,3500000,0,0,0,1264
637650,FINAL FANTASY XV WINDOWS EDITION,Square Enix,Square Enix,RPG,RPG;Open World;JRPG;Fantasy;Story Rich;Great Soundtrack;Singleplayer;Adventure;Action;Multiplayer;Action RPG;Third Person;Anime;Hack and Slash;Atmospheric;Online Co-Op;Co-op;Violent;First-Person;Nudity,1,20,34.99,34.99,0.0,0,44632,9056,53688,0.8313,1,"2,000,000 .. 5,000,000",2000000,5000000,3500000,0,0,0,339
703080,Planet Zoo,Frontier Developments,Frontier Developments,"Casual, Simulation, Strategy",Management;Simulation;Building;Sandbox;Nature;City Builder;Economy;Realistic;Singleplayer;Family Friendly;Cute;Resource Management;Strategy;Great Soundtrack;Multiplayer;Relaxing;Open World;Casual;Funny;Horses,3,20,44.99,44.99,0.0,0,80029,7820,87849,0.911,1,"2,000,000 .. 5,000,000",2000000,5000000,3500000,0,0,0,2497
35140,Batman: Arkham Asylum Game of the Year Edition,Rocksteady Studios,WB Games,"Action, Adventure",Action;Stealth;Third Person;Superhero;Adventure;Singleplayer;Open World;Beat 'em up;Detective;Comic Book;Atmospheric;Story Rich;Action-Adventure;Fighting;Controller;Metroidvania;Puzzle;Horror;3D Vision;Dark,2,20,19.99,19.99,0.0,0,70940,2711,73651,0.9632,1,"2,000,000 .. 5,000,000",2000000,5000000,3500000,0,0,0,601
460950,Katana ZERO,Askiisoft,Devolver Digital,"Action, Indie",Pixel Graphics;Action;Great Soundtrack;Story Rich;Platformer;Cyberpunk;2D Platformer;Indie;2D;Hack and Slash;Fast-Paced;Violent;Difficult;Singleplayer;Time Manipulation;Gore;Ninja;Retro;Noir;Sci-fi,2,20,14.99,14.99,0.0,0,69672,1397,71069,0.9803,1,"2,000,000 .. 5,000,000",2000000,5000000,3500000,0,0,0,82
50620,Darksiders,Vigil Games,THQ Nordic,"Action, Adventure",Action;Adventure;Hack and Slash;Third Person;Singleplayer;Post-apocalyptic;Fantasy;Controller;Action RPG;Puzzle;Action-Adventure;Gore;Open World;RPG;Spectacle fighter;Beat 'em up;3D Platformer;Metroidvania;Character Action Game;Platformer,2,20,19.99,19.99,0.0,0,11074,1328,12402,0.8929,1,"2,000,000 .. 5,000,000",2000000,5000000,3500000,0,0,0,9
337000,Deus Ex: Mankind Divided,"Eidos Montreal, Feral Interactive (Linux/Mac)","Eidos Interactive Corp., Feral Interactive (Linux/Mac)","Action, RPG",Cyberpunk;Stealth;RPG;Sci-fi;Story Rich;Action;Atmospheric;Singleplayer;Futuristic;First-Person;Immersive Sim;Illuminati;FPS;Great Soundtrack;Open World;Shooter;Conspiracy;Dystopian;Transhumanism;Adventure,2,20,29.99,29.99,0.0,0,31037,9813,40850,0.7598,1,"2,000,000 .. 5,000,000",2000000,5000000,3500000,0,0,0,205
433340,Slime Rancher,Monomi Park,Monomi Park,"Action, Adventure, Indie, Simulation",Cute;Exploration;Adventure;Singleplayer;Open World;First-Person;Colorful;Funny;Sandbox;Casual;Simulation;Management;Fantasy;Family Friendly;Indie;Great Soundtrack;Female Protagonist;Action;Early Access;FPS,4,20,4.99,19.99,75.0,0,135271,2826,138097,0.9795,1,"2,000,000 .. 5,000,000",2000000,5000000,3500000,0,0,0,858
238010,Deus Ex: Human Revolution - Director's Cut,Eidos Montreal,Eidos Interactive Corp.,"Action, RPG",Cyberpunk;Stealth;RPG;Sci-fi;FPS;Action;Singleplayer;Story Rich;Great Soundtrack;Transhumanism;Dystopian;First-Person;Atmospheric;Adventure;Immersive Sim;Inventory Management;Immersive;Shooter;Futuristic;Replay Value,2,20,19.99,19.99,0.0,0,25909,2216,28125,0.9212,1,"2,000,000 .. 5,000,000",2000000,5000000,3500000,0,0,0,193
527230,For The King,IronOak Games,Curve Games,"Adventure, Indie, RPG, Strategy",RPG;Online Co-Op;Strategy;Turn-Based;Rogue-like;Open World;Multiplayer;Turn-Based Combat;Co-op;Tabletop;Adventure;Rogue-lite;Turn-Based Strategy;Party-Based RPG;Board Game;Local Co-Op;Indie;Fantasy;Hex Grid;Strategy RPG,4,20,19.99,19.99,0.0,0,36581,4906,41487,0.8817,1,"2,000,000 .. 5,000,000",2000000,5000000,3500000,0,0,0,428
39120,RIFT,gamigo US Inc.,gamigo US Inc.,"Action, Adventure, Massively Multiplayer, RPG, Free To Play",Free to Play;MMORPG;RPG;Fantasy;Open World;Old School;Nostalgia;Massively Multiplayer;Multiplayer;Adventure;Action;Character Customization;Co-op;PvP;Online Co-Op;Magic;Crafting;Third Person;Survival;3D,5,20,0.0,0.0,0.0,1,8347,2896,11243,0.7424,1,"2,000,000 .. 5,000,000",2000000,5000000,3500000,0,0,0,139
307690,Sleeping Dogs: Definitive Edition,"United Front Games, Feral Interactive (Mac)","Square Enix, Feral Interactive (Mac)","Action, Adventure, Racing",Open World;Action;Martial Arts;Crime;Singleplayer;Third Person;Story Rich;Parkour;Adventure;Multiplayer;Gore;Mature;Racing;Atmospheric;Shooter;Third-Person Shooter;Sandbox;Great Soundtrack;Fighting;Remake,3,20,19.99,19.99,0.0,0,64644,4385,69029,0.9365,1,"2,000,000 .. 5,000,000",2000000,5000000,3500000,0,0,0,524
266840,Age of Mythology: Extended Edition,"SkyBox Labs, Ensemble Studios, Forgotten Empires",Xbox Game Studios,"Simulation, Strategy",Strategy;Mythology;RTS;Classic;Multiplayer;Nostalgia;Great Soundtrack;Singleplayer;Epic;Fantasy;Simulation;Historical;Real-Time;Atmospheric;Tactical;Co-op;Adventure;Story Rich;Remake;Action,2,20,29.99,29.99,0.0,0,32895,2413,35308,0.9317,1,"2,000,000 .. 5,000,000",2000000,5000000,3500000,0,0,0,804
2054970,Dragon's Dogma 2,"CAPCOM Co., Ltd.","CAPCOM Co., Ltd.","Action, RPG",Open World;RPG;Action RPG;Fantasy;Singleplayer;Action;Adventure;Dragons;Magic;Action-Adventure;Medieval;Character Customization;Swordplay;Third Person;Physics;Artificial Intelligence;Lore-Rich;Multiplayer;3D;PvE,2,20,39.99,39.99,0.0,0,65154,41785,106939,0.6093,0,"2,000,000 .. 5,000,000",2000000,5000000,3500000,0,0,0,768
645630,Car Mechanic Simulator 2018,Red Dot Games,PlayWay S.A.,"Racing, Simulation",Simulation;Automobile Sim;Driving;Building;Realistic;Racing;Multiplayer;Singleplayer;First-Person;Sandbox;Education;Crafting;Moddable;Open World;Physics;Management;Strategy;Great Soundtrack;Co-op;Memes,2,20,19.99,19.99,0.0,0,47065,4456,51521,0.9135,1,"2,000,000 .. 5,000,000",2000000,5000000,3500000,0,0,0,202
300,Day of Defeat: Source,Valve,Valve,Action,FPS;World War II;Multiplayer;Action;Shooter;Military;War;Team-Based;First-Person;Historical;Class-Based;Classic;Tactical;Realistic;Online Co-Op;Gore;Strategy;Massively Multiplayer;Simulation;Violent,1,20,9.99,9.99,0.0,0,20798,1891,22689,0.9167,1,"2,000,000 .. 5,000,000",2000000,5000000,3500000,0,0,0,238
1790600,DRAGON BALL: Sparking! ZERO,"Spike Chunsoft Co., Ltd.",Bandai Namco Entertainment,Action,Anime;Action;Multiplayer;3D Fighter;Local Multiplayer;Fighting;PvP;Combat;Martial Arts;Singleplayer;Competitive;3D;Physics;Third Person;2.5D;Co-op;Action-Adventure;PvE;Open World;Spectacle fighter,1,20,49.99,49.99,0.0,0,58221,6959,65180,0.8932,1,"2,000,000 .. 5,000,000",2000000,5000000,3500000,0,0,0,949
368260,Marvel's Midnight Suns,Firaxis Games,2K,"RPG, Strategy",Superhero;Turn-Based Tactics;Deckbuilding;Turn-Based Strategy;Tactical RPG;Turn-Based Combat;Card Game;Character Customization;Strategy RPG;Tactical;RPG;Strategy;Card Battler;Adventure;Singleplayer;3D;Third Person;Supernatural;Magic;Fantasy,2,20,8.99,59.99,85.0,0,17871,4003,21874,0.817,1,"2,000,000 .. 5,000,000",2000000,5000000,3500000,0,0,0,436
389570,Mitos.is: The Game,Freakinware Studios,Freakinware Studios,"Casual, Simulation, Free To Play",Free to Play;Multiplayer;Massively Multiplayer;Strategy;2D;Survival;Funny;Casual;Simulation;PvP;Online Co-Op;Indie;Family Friendly;Difficult;Arcade;Singleplayer;Comedy;Illuminati;Life Sim;RTS,3,20,0.0,0.0,0.0,1,9560,2271,11831,0.808,1,"2,000,000 .. 5,000,000",2000000,5000000,3500000,0,0,0,43
736590,Operation: Harsh Doorstop,Drakeling Labs,"Funbox Media Ltd, ZOOM Platform Media","Action, Casual, Indie, Simulation, Strategy, Free To Play, Early Access",Free to Play;Military;FPS;Realistic;Multiplayer;Tactical;Shooter;Action;Singleplayer;Simulation;War;Strategy;First-Person;Casual;Wargame;Early Access;Moddable;World War II;Indie;Cold War,7,20,0.0,0.0,0.0,1,14167,4253,18420,0.7691,1,"2,000,000 .. 5,000,000",2000000,5000000,3500000,0,0,0,119
1637320,Dome Keeper,Bippinbits,Raw Fury,"Action, Adventure, Indie, Simulation",Singleplayer;Post-apocalyptic;Rogue-like;Action;Sci-fi;Combat;Resource Management;Tower Defense;Pixel Graphics;Atmospheric;Space;Procedural Generation;Physics;Replay Value;Exploration;Retro;2D;Controller;Tactical;Adventure,4,20,5.39,17.99,70.0,0,14952,1260,16212,0.9223,1,"2,000,000 .. 5,000,000",2000000,5000000,3500000,0,0,0,402
409720,BioShock 2 Remastered,"2K Marin, 2K China, Digital Extremes, 2K Australia, Blind Squirrel, Feral Interactive (Mac)","2K, Feral Interactive (Mac)","Action, RPG",FPS;Action;Singleplayer;Story Rich;Atmospheric;Horror;First-Person;Shooter;Dystopian;Sci-fi;RPG;Steampunk;Underwater;Adventure;Dark;Great Soundtrack;Alternate History;Immersive Sim;Remake;Multiplayer,2,20,19.99,19.99,0.0,0,18860,7762,26622,0.7084,1,"2,000,000 .. 5,000,000",2000000,5000000,3500000,0,0,0,198
975370,Dwarf Fortress,Bay 12 Games,Kitfox Games,"Indie, Simulation, Strategy",Dwarf;Colony Sim;Strategy;Simulation;Base-Building;City Builder;Sandbox;Management;Building;Survival;Rogue-like;Open World;Procedural Generation;Resource Management;Fantasy;Crafting;Economy;Moddable;Difficult;Exploration,3,20,29.99,29.99,0.0,0,27134,1445,28579,0.9494,1,"2,000,000 .. 5,000,000",2000000,5000000,3500000,0,0,0,915
15620,"Warhammer 40,000: Dawn of War II - Anniversary Edition (Classic)","Relic Entertainment, Feral Interactive (Mac/Linux)","Relic Entertainment, Feral Interactive (Mac/Linux)",Strategy,Warhammer 40K;Strategy;RTS;Sci-fi;Multiplayer;Games Workshop;Tactical;Singleplayer;Co-op;Gore;Futuristic;Online Co-Op;RPG;Co-op Campaign;Real-Time;Action;Fantasy;Great Soundtrack;Atmospheric;Violent,1,20,9.99,49.99,80.0,0,11298,1476,12774,0.8845,1,"2,000,000 .. 5,000,000",2000000,5000000,3500000,0,0,0,152
1371980,No Rest for the Wicked,Moon Studios GmbH,Moon Studios GmbH,"Action, Adventure, RPG, Early Access",Early Access;Open World;Souls-like;Action RPG;Combat;Cinematic;Exploration;Hack and Slash;Colorful;Immersive Sim;Character Customization;RPG;3D;Isometric;Controller;Action;Stylized;Dark Fantasy;Gothic;Atmospheric,4,20,39.99,39.99,0.0,0,39563,10970,50533,0.7829,1,"2,000,000 .. 5,000,000",2000000,5000000,3500000,0,0,0,947
993090,Lossless Scaling,THS,THS,Utilities,Utilities;Software;Pixel Graphics;3D;FPS;2D,1,6,6.99,6.99,0.0,0,22235,2653,24888,0.8934,1,"2,000,000 .. 5,000,000",2000000,5000000,3500000,0,0,0,5667
65930,The Bureau: XCOM Declassified,2K Marin,2K,Action,Action;Tactical;Sci-fi;Third-Person Shooter;Singleplayer;Third Person;Aliens;Strategy;Shooter;RPG;Atmospheric;Adventure;Cold War;Story Rich;Multiplayer;Open World;Noir;Stealth;Retro;Turn-Based,1,20,19.99,19.99,0.0,0,8277,3509,11786,0.7023,1,"2,000,000 .. 5,000,000",2000000,5000000,3500000,0,0,0,15
1277400,Monster Hunter Stories 2: Wings of Ruin,"CAPCOM Co., Ltd.","CAPCOM Co., Ltd.","Adventure, RPG",RPG;Adventure;JRPG;Exploration;Creature Collector;Cartoony;3D;Dragons;Third Person;Fantasy;Loot;Turn-Based;Character Customization;PvE;Emotional;PvP;Story Rich;Multiplayer;Online Co-Op;Hunting,2,20,14.79,39.99,63.0,0,13186,2801,15987,0.8248,1,"2,000,000 .. 5,000,000",2000000,5000000,3500000,0,0,0,118
2215430,Ghost of Tsushima DIRECTOR'S CUT,"Sucker Punch Productions, Nixxes Software",PlayStation Publishing LLC,"Action, Adventure",Open World;Action;Story Rich;Adventure;Singleplayer;Stealth;Combat;Ninja;Third Person;Action-Adventure;Action RPG;Souls-like;Historical;Multiplayer;Atmospheric;Exploration;Gore;Violent;Online Co-Op;Co-op,2,20,59.99,59.99,0.0,0,61086,4029,65115,0.9381,1,"2,000,000 .. 5,000,000",2000000,5000000,3500000,0,0,0,2025
602960,Barotrauma,"FakeFish, Undertow Games",Daedalic Entertainment,"Action, Indie, Simulation, Strategy",Co-op;Multiplayer;Survival;Submarine;Survival Horror;2D;Horror;Underwater;Simulation;Sci-fi;Management;Strategy;Action;Difficult;Moddable;Gore;Violent;Singleplayer;Naval;Early Access,4,20,34.99,34.99,0.0,0,70694,4640,75334,0.9384,1,"2,000,000 .. 5,000,000",2000000,5000000,3500000,0,0,0,2371
606150,Moonlighter,Digital Sun,11 bit studios,"Action, Adventure, Indie",Hack and Slash;Pixel Graphics;Dungeon Crawler;Rogue-lite;Action Roguelike;Rogue-like;RPG;Management;Action RPG;Character Action Game;Procedural Generation;Adventure;Controller;Singleplayer;Exploration;Top-Down;Action;Simulation;Fantasy;2D,3,20,19.99,19.99,0.0,0,16395,3518,19913,0.8233,1,"2,000,000 .. 5,000,000",2000000,5000000,3500000,0,0,0,127
342200,MechWarrior Online Solaris 7,Piranha Games Inc.,Piranha Games Inc.,"Action, Massively Multiplayer, Simulation, Strategy, Free To Play",Free to Play;Mechs;Multiplayer;Shooter;Action;Robots;Sci-fi;Simulation;FPS;PvP;Massively Multiplayer;Strategy;First-Person;Tactical;Team-Based;War;Survival;Singleplayer;Walking Simulator;Violent,5,20,0.0,0.0,0.0,1,9790,2430,12220,0.8011,1,"2,000,000 .. 5,000,000",2000000,5000000,3500000,0,0,0,392
1824220,Chivalry 2,Torn Banner Studios,Tripwire Presents,"Action, Massively Multiplayer",Swordplay;Medieval;Massively Multiplayer;Hack and Slash;Multiplayer;Gore;Historical;Action;PvP;War;First-Person;Combat;Military;3D;Third Person;FPS;Wargame;Atmospheric;Comedy;3D Fighter,2,20,39.99,39.99,0.0,0,37673,9288,46961,0.8022,1,"2,000,000 .. 5,000,000",2000000,5000000,3500000,0,0,0,1565
55150,"Warhammer 40,000: Space Marine - Anniversary Edition",Relic Entertainment,Relic Entertainment,Action,Warhammer 40K;Action;Third-Person Shooter;Sci-fi;Third Person;Multiplayer;Gore;Singleplayer;Shooter;Hack and Slash;Co-op;Games Workshop;Dystopian;Atmospheric;Adventure;Futuristic;Story Rich;Online Co-Op;Controller;Violent,1,20,9.99,39.99,75.0,0,27915,2501,30416,0.9178,1,"2,000,000 .. 5,000,000",2000000,5000000,3500000,0,0,0,95
8980,Borderlands Game of the Year,Gearbox Software,2K,"Action, RPG",Looter Shooter;FPS;Co-op;RPG;Action;Loot;Shooter;Online Co-Op;First-Person;Open World;Comedy;Multiplayer;Sci-fi;Post-apocalyptic;Singleplayer;Action RPG;Funny;Dark Humor;Adventure;Gore,2,20,29.99,29.99,0.0,0,28944,3579,32523,0.89,1,"2,000,000 .. 5,000,000",2000000,5000000,3500000,0,0,0,142
900883,The Elder Scrolls IV: Oblivion Game of the Year Edition Deluxe (2009),Bethesda Game Studios®,Bethesda Softworks,,RPG;Open World;Fantasy;Singleplayer;Moddable;First-Person;Adventure;Exploration;Great Soundtrack;Magic;Character Customization;Action;Story Rich;Atmospheric;Medieval;Sandbox;Classic;Action RPG;Third Person;Dark Fantasy,0,20,19.99,19.99,0.0,0,48307,2354,50661,0.9535,1,"2,000,000 .. 5,000,000",2000000,5000000,3500000,0,0,0,0
312530,Duck Game,Landon Podbielski,CORPTRON GAMES CORP.,"Action, Indie",Multiplayer;Funny;Local Multiplayer;Pixel Graphics;Action;2D;4 Player Local;Platformer;Indie;Fast-Paced;Shooter;Comedy;Competitive;Retro;Local Co-Op;Great Soundtrack;Co-op;Memes;Casual;1980s,2,20,12.99,12.99,0.0,0,37172,1304,38476,0.9661,1,"2,000,000 .. 5,000,000",2000000,5000000,3500000,0,0,0,112
1139900,Ghostrunner,"One More Level, 3D Realms, Slipgate Ironworks™, All in! Games",505 Games,Action,Action;Cyberpunk;Fast-Paced;First-Person;Difficult;Swordplay;Singleplayer;Hack and Slash;Futuristic;Violent;Sci-fi;Great Soundtrack;Action-Adventure;Combat;Adventure;Ninja;Post-apocalyptic;Fighting;Strategy;Shooter,1,20,29.99,29.99,0.0,0,57713,5436,63149,0.9139,1,"2,000,000 .. 5,000,000",2000000,5000000,3500000,0,0,0,174
1343400,RuneScape,Jagex Ltd,Jagex Ltd,"Massively Multiplayer, RPG, Free To Play",Free to Play;MMORPG;Open World;Massively Multiplayer;RPG;Multiplayer;Fantasy;Character Customization;Adventure;Story Rich;PvE;Lore-Rich;PvP;Classic;Cult Classic;Point & Click;Exploration;Great Soundtrack;Casual;Action,3,20,0.0,0.0,0.0,1,20941,4397,25338,0.8265,1,"2,000,000 .. 5,000,000",2000000,5000000,3500000,0,0,0,2496
738060,Freddy Fazbear's Pizzeria Simulator,Scott Cawthon,Scott Cawthon,"Free To Play, Indie, Simulation",Free to Play;Horror;Singleplayer;Robots;Survival Horror;Simulation;Difficult;Indie;First-Person;Strategy;Story Rich;Management;Psychological Horror;Funny;Pixel Graphics;Atmospheric;Retro;Memes;Family Friendly;Adventure,3,20,0.0,0.0,0.0,1,28374,1835,30209,0.9393,1,"2,000,000 .. 5,000,000",2000000,5000000,3500000,0,0,0,118
893520,Creative Destruction,NetEase Games,NetEase Games,"Action, Adventure, Casual, Massively Multiplayer",Multiplayer;Battle Royale;Action;Free to Play;Shooter;FPS;Building;Massively Multiplayer;First-Person;Third Person;Third-Person Shooter;PvP;Adventure;Controller;Casual;Destruction;Survival;Co-op;Open World;Online Co-Op,4,20,0.0,0.0,0.0,1,14571,3940,18511,0.7872,1,"2,000,000 .. 5,000,000",2000000,5000000,3500000,0,0,0,0
234650,Shadowrun Returns,Harebrained Schemes,Paradox Interactive,"Adventure, Indie, RPG, Strategy",RPG;Cyberpunk;Turn-Based;Isometric;Sci-fi;Indie;Strategy;Singleplayer;Tactical;Adventure;Moddable;Kickstarter;CRPG;Story Rich;Fantasy;Atmospheric;Dystopian;Crowdfunded;Turn-Based Strategy;Female Protagonist,4,20,14.99,14.99,0.0,0,11833,1549,13382,0.8842,1,"2,000,000 .. 5,000,000",2000000,5000000,3500000,0,0,0,31
744900,Dead Frontier 2,Creaky Corpse Ltd,Creaky Corpse Ltd,"Action, Indie, Massively Multiplayer, RPG, Free To Play",Free to Play;Multiplayer;Survival Horror;Zombies;Horror;Online Co-Op;Third-Person Shooter;MMORPG;Survival;PvE;Gore;Massively Multiplayer;Violent;Sandbox;Inventory Management;Trading;Atmospheric;Post-apocalyptic;Action;RPG,5,20,0.0,0.0,0.0,1,18844,7957,26801,0.7031,1,"2,000,000 .. 5,000,000",2000000,5000000,3500000,0,0,0,647
314160,Microsoft Flight Simulator X: Steam Edition,Microsoft Game Studios,Xbox Game Studios,Simulation,Flight;Simulation;Realistic;Open World;Multiplayer;Singleplayer;Moddable;Adventure;First-Person;Atmospheric;VR;Action;Difficult;Massively Multiplayer;Co-op;Military;Third Person;Strategy;Local Multiplayer;Sandbox,1,20,24.99,24.99,0.0,0,22120,3483,25603,0.864,1,"2,000,000 .. 5,000,000",2000000,5000000,3500000,0,0,0,486
1364780,Street Fighter 6,"CAPCOM Co., Ltd.","CAPCOM Co., Ltd.","Action, Adventure",2D Fighter;Fighting;Character Customization;Arcade;Action;Multiplayer;Competitive;PvP;Adventure;Singleplayer;e-sports;Open World;Local Multiplayer;Controller;3D;Martial Arts;Action RPG;Great Soundtrack;Sandbox;Anime,2,20,39.99,39.99,0.0,0,48252,8414,56666,0.8515,1,"2,000,000 .. 5,000,000",2000000,5000000,3500000,0,0,0,14920
9010,Return to Castle Wolfenstein,Gray Matter Studios,Bethesda Softworks,Action,FPS;Action;World War II;Classic;Supernatural;Alternate History;Shooter;Singleplayer;First-Person;Horror;Atmospheric;Gore;Multiplayer;Zombies;Stealth;Sci-fi;Adventure;Retro;Great Soundtrack;Old School,1,20,4.99,4.99,0.0,0,7832,585,8417,0.9305,1,"2,000,000 .. 5,000,000",2000000,5000000,3500000,0,0,0,26
554620,Life is Strange: Before the Storm,"Deck Nine, Feral Interactive (Mac), Feral Interactive (Linux)","Square Enix, Feral Interactive (Mac), Feral Interactive (Linux)","Action, Adventure",Story Rich;Choices Matter;Great Soundtrack;Female Protagonist;Atmospheric;Singleplayer;Episodic;Adventure;Choose Your Own Adventure;Multiple Endings;Third Person;Drama;Mystery;Action;Indie;LGBTQ+;Walking Simulator;Point & Click;Psychological Horror;Memes,2,20,16.99,16.99,0.0,0,34787,2506,37293,0.9328,1,"2,000,000 .. 5,000,000",2000000,5000000,3500000,0,0,0,35
368500,Assassin's Creed Syndicate,"Ubisoft Quebec, in collaboration with Ubisoft Annecy, Bucharest, Kiev, Montreal, Montpellier, Shanghai, Singapore, Sofia, Toronto studios",Ubisoft,"Action, Adventure",Assassin;Open World;Action;Stealth;Parkour;Historical;Adventure;Third Person;Singleplayer;Story Rich;Female Protagonist;Atmospheric;Multiplayer;Steampunk;Great Soundtrack;Strategy;Gore;Funny;Co-op;RPG,2,20,29.99,29.99,0.0,0,23779,5900,29679,0.8012,1,"2,000,000 .. 5,000,000",2000000,5000000,3500000,0,0,0,173
17470,Dead Space (2008),EA Redwood Shores,Electronic Arts,"Action, Adventure",Horror;Sci-fi;Action;Space;Survival Horror;Third Person;Atmospheric;Singleplayer;Third-Person Shooter;Gore;Shooter;Aliens;Dark;Futuristic;Story Rich;Silent Protagonist;Survival;Adventure;Zombies;Immersive,2,20,19.99,19.99,0.0,0,25388,2272,27660,0.9179,1,"2,000,000 .. 5,000,000",2000000,5000000,3500000,0,0,0,43
204300,Awesomenauts,Ronimo Games,Atari,"Action, Indie, Strategy",MOBA;Multiplayer;2D;Platformer;Action;Indie;Local Co-Op;Co-op;Great Soundtrack;Strategy;Free to Play;Controller;Local Multiplayer;Sci-fi;Online Co-Op;Competitive;Space;Side Scroller;Cartoon;Funny,3,20,19.99,19.99,0.0,0,22618,4113,26731,0.8461,1,"2,000,000 .. 5,000,000",2000000,5000000,3500000,0,0,0,83
630100,SoulWorker - Anime Action MMO,"Lion Games Co., Ltd.",Gameforge 4D GmbH,"Action, Free To Play, Massively Multiplayer, RPG",Anime;Free to Play;MMORPG;Massively Multiplayer;RPG;Action;Sexual Content;Hack and Slash;Multiplayer;Nudity;Character Customization;JRPG;Online Co-Op;Open World;Co-op;Mature;Singleplayer;Female Protagonist;Controller;Psychological Horror,4,20,0.0,0.0,0.0,1,11048,2901,13949,0.792,1,"2,000,000 .. 5,000,000",2000000,5000000,3500000,0,0,0,0
750920,Shadow of the Tomb Raider: Definitive Edition,"Eidos-Montréal, Crystal Dynamics, Nixxes, Feral Interactive (Mac), Feral interactive (Linux)","Crystal Dynamics, Feral Interactive (Mac), Feral interactive (Linux)","Action, Adventure",Adventure;Action;Female Protagonist;Singleplayer;Open World;Third Person;Story Rich;Puzzle;Stealth;Action-Adventure;Exploration;Survival;Violent;Atmospheric;Shooter;Gore;Great Soundtrack;Multiplayer;Dark;Heist,2,20,39.99,39.99,0.0,0,66684,12759,79443,0.8394,1,"2,000,000 .. 5,000,000",2000000,5000000,3500000,0,0,0,582
436520,Line of Sight,BlackSpot Entertainment,BlackSpot Entertainment,"Action, Free To Play, Indie, Massively Multiplayer",Free to Play;FPS;Action;Multiplayer;Shooter;Gun Customization;First-Person;Military;Character Customization;Open World;Singleplayer;Zombies;Survival;War;Controller;Co-op;Competitive;Strategy;Adventure;Indie,4,20,0.0,0.0,0.0,1,5402,3653,9055,0.5966,0,"2,000,000 .. 5,000,000",2000000,5000000,3500000,0,0,0,9
1659040,HITMAN World of Assassination,IO Interactive A/S,IO Interactive A/S,"Action, Adventure",Stealth;Assassin;Action;Singleplayer;VR;Sandbox;Shooter;Violent;Multiplayer;Third Person;Third-Person Shooter;Realistic;Adventure;Cinematic;Open World;Puzzle;Funny;Immersive Sim;Gore;Capitalism,2,20,2.99,29.99,90.0,0,39449,6333,45782,0.8617,1,"2,000,000 .. 5,000,000",2000000,5000000,3500000,0,0,0,2637
788100,Neon Abyss,Veewo Games,"Team17, Veewo Games","Action, Adventure, Indie, RPG",Rogue-like;Platformer;Loot;Procedural Generation;Singleplayer;Pixel Graphics;Replay Value;Cyberpunk;Shooter;Adventure;Bullet Hell;Rogue-lite;Action Roguelike;Dungeon Crawler;2D Platformer;RPG;Action;2D;Action-Adventure;Character Customization,4,20,19.99,19.99,0.0,0,19957,3183,23140,0.8624,1,"2,000,000 .. 5,000,000",2000000,5000000,3500000,0,0,0,161
858820,Tribes of Midgard,Norsfell,"Gearbox Publishing, 2K","Action, Adventure, Indie, RPG",Open World Survival Craft;Online Co-Op;Multiplayer;Action RPG;PvE;Base-Building;Vikings;Survival;Co-op;Rogue-lite;Action;Exploration;Colorful;Mythology;Boss Rush;Procedural Generation;Indie;Hack and Slash;Singleplayer;Spectacle fighter,4,20,19.99,19.99,0.0,0,17197,5278,22475,0.7652,1,"2,000,000 .. 5,000,000",2000000,5000000,3500000,0,0,0,113
680420,OUTRIDERS,People Can Fly,Square Enix,"Action, Adventure, RPG",Looter Shooter;RPG;Co-op;Third-Person Shooter;Action;Adventure;Multiplayer;Loot;Singleplayer;Shooter;Online Co-Op;Gore;Sci-fi;Violent;Open World;Third Person;Character Customization;Post-apocalyptic;Story Rich;Sexual Content,3,20,19.99,19.99,0.0,0,40267,20201,60468,0.6659,0,"2,000,000 .. 5,000,000",2000000,5000000,3500000,0,0,0,178
678960,CODE VEIN,Bandai Namco Studios,Bandai Namco Entertainment,"Action, RPG",Souls-like;Anime;Character Customization;Action RPG;JRPG;Co-op;Third Person;Singleplayer;Action;Difficult;RPG;Vampire;Multiplayer;Dark Fantasy;Post-apocalyptic;Online Co-Op;Hack and Slash;Violent;Adventure;Gore,2,20,59.99,59.99,0.0,0,48327,8991,57318,0.8431,1,"2,000,000 .. 5,000,000",2000000,5000000,3500000,0,0,0,443
1611910,"Warhammer 40,000: Chaos Gate - Daemonhunters",Complex Games,Frontier Foundry,"RPG, Strategy",Warhammer 40K;Turn-Based Strategy;Turn-Based Tactics;Strategy RPG;Tactical;Choices Matter;Strategy;Character Customization;PvE;3D;Turn-Based Combat;Third Person;Story Rich;Dark Fantasy;Stylized;Sci-fi;RPG;Demons;Tactical RPG;Futuristic,2,20,11.24,44.99,75.0,0,10162,2945,13107,0.7753,1,"2,000,000 .. 5,000,000",2000000,5000000,3500000,0,0,0,373
206440,To the Moon,Freebird Games,"Freebird Games, Serenity Forge","Adventure, Indie, RPG",Story Rich;Great Soundtrack;Indie;Emotional;RPGMaker;Pixel Graphics;Adventure;Singleplayer;Interactive Fiction;Romance;RPG;Short;2D;Funny;Psychological;Retro;Cute;Linear;Casual;Female Protagonist,3,20,9.99,9.99,0.0,0,77246,3015,80261,0.9624,1,"2,000,000 .. 5,000,000",2000000,5000000,3500000,0,0,0,86
424280,Iron Snout,SnoutUp,SnoutUp,"Action, Indie, Free To Play",Free to Play;2D Fighter;Action;Funny;Fighting;Gore;2D;Indie;Singleplayer;Cartoon;Blood;Survival;Violent;Beat 'em up;Fast-Paced;Casual;Arcade;Cute;Difficult;Co-op,3,20,0.0,0.0,0.0,1,16955,391,17346,0.9775,1,"2,000,000 .. 5,000,000",2000000,5000000,3500000,0,0,0,13
212160,Vindictus,devCAT,NEXON Korea Corp. &amp; NEXON America Inc.,"Action, Adventure, Massively Multiplayer, RPG, Free To Play",Free to Play;Hack and Slash;Massively Multiplayer;Action;MMORPG;RPG;Character Customization;Nudity;Adventure;Multiplayer;Third Person;Co-op;Action RPG;Fantasy;Open World;PvP;Singleplayer;Violent;Fast-Paced;Gore,5,20,0.0,0.0,0.0,1,5300,2563,7863,0.674,0,"2,000,000 .. 5,000,000",2000000,5000000,3500000,0,0,0,141
1030830,Mafia II: Definitive Edition,"Hangar 13, D3T",2K,"Action, Adventure",Action;Adventure;Crime;Open World;Story Rich;Sexual Content;Nudity;Violent;Singleplayer;Third Person;Third-Person Shooter;Gore;Noir;Shooter;Atmospheric;Great Soundtrack;Mature;Classic;Action-Adventure;Remake,2,20,29.99,29.99,0.0,0,21955,8309,30264,0.7254,1,"2,000,000 .. 5,000,000",2000000,5000000,3500000,0,0,0,538
365450,Hacknet,Team Fractal Alligator,Fellow Traveller,"Indie, Simulation",Hacking;Simulation;Programming;Typing;Singleplayer;Story Rich;Great Soundtrack;Choices Matter;Crime;Atmospheric;Cyberpunk;Detective;Logic;2D;Education;Adventure;Difficult;Dystopian;Sci-fi;Indie,2,20,1.49,9.99,85.0,0,23511,1604,25115,0.9361,1,"2,000,000 .. 5,000,000",2000000,5000000,3500000,0,0,0,31
302510,Ryse: Son of Rome,Crytek,Crytek,Action,Hack and Slash;Action;Quick-Time Events;Rome;Historical;Third Person;Singleplayer;Gore;Adventure;Linear;War;Atmospheric;Nudity;RPG;Multiplayer;Co-op;Open World;Benchmark;Short;Fantasy,1,20,9.99,9.99,0.0,0,35415,5411,40826,0.8675,1,"2,000,000 .. 5,000,000",2000000,5000000,3500000,0,0,0,83
22330,The Elder Scrolls IV: Oblivion Game of the Year Edition (2009),Bethesda Game Studios,Bethesda Softworks,RPG,RPG;Open World;Fantasy;Singleplayer;Moddable;First-Person;Adventure;Exploration;Great Soundtrack;Magic;Character Customization;Action;Story Rich;Atmospheric;Medieval;Sandbox;Classic;Action RPG;Third Person;Dark Fantasy,1,20,14.99,14.99,0.0,0,48307,2354,50661,0.9535,1,"2,000,000 .. 5,000,000",2000000,5000000,3500000,0,0,0,1156
1687950,Persona 5 Royal,ATLUS,SEGA,RPG,JRPG;Story Rich;Great Soundtrack;Turn-Based Combat;Anime;RPG;Singleplayer;Dating Sim;Party-Based RPG;Multiple Endings;Turn-Based Strategy;Emotional;Visual Novel;Sexual Content;Colorful;Adventure;Heist;Soundtrack;Detective;Violent,1,20,59.99,59.99,0.0,0,99657,3487,103144,0.9662,1,"2,000,000 .. 5,000,000",2000000,5000000,3500000,0,0,0,4994
238370,Magicka 2,Pieces Interactive,Paradox Interactive,"Action, Adventure",Magic;Co-op;Adventure;Multiplayer;Comedy;Action;Online Co-Op;Funny;Local Co-Op;RPG;Team-Based;Atmospheric;PvP;Fantasy;Local Multiplayer;Open World;Singleplayer;Gore;Memes;Isometric,2,20,14.99,14.99,0.0,0,11061,2330,13391,0.826,1,"2,000,000 .. 5,000,000",2000000,5000000,3500000,0,0,0,26
113020,Monaco: What's Yours Is Mine,Pocketwatch Games,Balor Games,"Action, Adventure, Casual, Indie, Strategy",Co-op;Stealth;Indie;Heist;Local Co-Op;Strategy;Online Co-Op;Top-Down;Action;Multiplayer;Crime;Casual;Great Soundtrack;Adventure;Pixel Graphics;Local Multiplayer;Controller;2D;Singleplayer;Loot,5,20,14.99,14.99,0.0,0,7728,800,8528,0.9062,1,"2,000,000 .. 5,000,000",2000000,5000000,3500000,0,0,0,6
3070070,TCG Card Shop Simulator,OPNeon Games,OPNeon Games,"Simulation, Early Access",Simulation;Management;Economy;Singleplayer;Collectathon;Capitalism;Trading Card Game;Early Access;Card Game;Trading;3D;Life Sim;Immersive Sim;Relaxing;First-Person;Casual;Shop Keeper;Job Simulator;Co-op,2,19,19.99,19.99,0.0,0,38392,1107,39499,0.972,1,"2,000,000 .. 5,000,000",2000000,5000000,3500000,0,0,0,1661
977950,A Dance of Fire and Ice,7th Beat Games,"7th Beat Games, indienova",Indie,Rhythm;Music;Difficult;Level Editor;Singleplayer;Indie;2D;Arcade;Fantasy;Colorful;Psychedelic;Casual;Action;Atmospheric;Family Friendly;Co-op;Multiplayer;Great Soundtrack;Games Workshop;Anime,1,20,5.99,5.99,0.0,0,69052,4419,73471,0.9399,1,"2,000,000 .. 5,000,000",2000000,5000000,3500000,0,0,0,1870
6860,Hitman: Blood Money,Io-Interactive A/S,Io-Interactive A/S,Action,Stealth;Action;Assassin;Singleplayer;Third Person;Classic;Great Soundtrack;Third-Person Shooter;Cult Classic;Sandbox;Puzzle;Replay Value;Crime;Shooter;Atmospheric;First-Person;Difficult;Strategy;Dark;Simulation,1,20,9.99,9.99,0.0,0,13213,821,14034,0.9415,1,"2,000,000 .. 5,000,000",2000000,5000000,3500000,0,0,0,66
1057240,Crucible Beta,Relentless Studios,Amazon Games,"Action, Free To Play",Free to Play;Action;PvP;Shooter;Multiplayer;Team-Based;Hero Shooter;PvE;Sci-fi;MOBA;Third-Person Shooter;Battle Royale;Early Access;Third Person;FPS;Online Co-Op;Competitive;Casual;Local Multiplayer;Fighting,2,20,0.0,0.0,0.0,1,4624,6120,10744,0.4304,0,"2,000,000 .. 5,000,000",2000000,5000000,3500000,0,0,0,0
268050,The Evil Within,Tango Gameworks,Bethesda Softworks,Action,Horror;Survival Horror;Psychological Horror;Gore;Atmospheric;Singleplayer;Action;Third Person;Survival;Zombies;Dark;Stealth;Third-Person Shooter;Difficult;Adventure;Cinematic;Shooter;Story Rich;Multiplayer;Open World,1,20,19.99,19.99,0.0,0,25820,4485,30305,0.852,1,"2,000,000 .. 5,000,000",2000000,5000000,3500000,0,0,0,211
511470,Glass Masquerade,Onyx Lute,Onyx Lute,"Casual, Indie",Puzzle;Relaxing;Casual;Indie;Atmospheric;Great Soundtrack;Beautiful;Singleplayer;2D,2,9,4.99,4.99,0.0,0,6405,202,6607,0.9694,1,"2,000,000 .. 5,000,000",2000000,5000000,3500000,0,0,0,11
389430,Knight Online,"Noah System, Mgame",NTTGame,"Action, Adventure, Free To Play, Massively Multiplayer, RPG",Free to Play;MMORPG;Massively Multiplayer;Action;Open World;Multiplayer;PvP;Adventure;RPG;Action-Adventure;War;Strategy;Survival;Action RPG;Character Customization;Casual;Fantasy;Anime;Horror;MOBA,5,20,0.0,0.0,0.0,1,5482,5404,10886,0.5036,0,"2,000,000 .. 5,000,000",2000000,5000000,3500000,0,0,0,1421
289130,ENDLESS Legend,AMPLITUDE Studios,AMPLITUDE Studios,"RPG, Strategy",Strategy;4X;Turn-Based;Turn-Based Strategy;Fantasy;Hex Grid;Multiplayer;RPG;Singleplayer;Great Soundtrack;Sci-fi;Indie;Tactical;Grand Strategy;Adventure;Medieval;Atmospheric;Exploration;Open World;Sandbox,2,20,29.99,29.99,0.0,0,15589,3042,18631,0.8367,1,"2,000,000 .. 5,000,000",2000000,5000000,3500000,0,0,0,173
488790,South Park: The Fractured But Whole,Ubisoft San Francisco,Ubisoft,RPG,RPG;Comedy;Dark Humor;Funny;Superhero;Singleplayer;Mature;Turn-Based;Cartoon;Memes;Adventure;Story Rich;Nudity;Open World;Satire;Action;2D;Sexual Content;Illuminati;Atmospheric,1,20,29.99,29.99,0.0,0,24764,4520,29284,0.8456,1,"2,000,000 .. 5,000,000",2000000,5000000,3500000,0,0,0,250
493520,GTFO,10 Chambers,10 Chambers,Action,Online Co-Op;Horror;Co-op;FPS;Difficult;Multiplayer;Shooter;Survival Horror;Action;Stealth;Tactical;Team-Based;Gore;First-Person;Zombies;PvE;Atmospheric;Character Customization;Violent;Replay Value,1,20,11.19,39.99,72.0,0,52357,9740,62097,0.8431,1,"2,000,000 .. 5,000,000",2000000,5000000,3500000,0,0,0,307
546560,Half-Life: Alyx,Valve,Valve,"Action, Adventure",VR;FPS;Story Rich;Horror;Female Protagonist;Shooter;Singleplayer;First-Person;Action;Sci-fi;Atmospheric;Zombies;Beautiful;Aliens;Adventure;Futuristic;Psychological Horror;Memes;Great Soundtrack;Gore,2,20,59.99,59.99,0.0,0,95555,1674,97229,0.9828,1,"2,000,000 .. 5,000,000",2000000,5000000,3500000,0,0,0,202
439190,Stories: The Path of Destinies,Spearhead Games,Spearhead Games,"Action, Adventure, Indie, RPG",Adventure;RPG;Action;Choices Matter;Indie;Fantasy;Dynamic Narration;Hack and Slash;Multiple Endings;Action RPG;Singleplayer;Colorful;Swordplay;Great Soundtrack;Story Rich;Isometric;Funny;Narration;Comedy;Action-Adventure,4,20,14.99,14.99,0.0,0,5754,767,6521,0.8824,1,"2,000,000 .. 5,000,000",2000000,5000000,3500000,0,0,0,3
67370,The Darkness II,Digital Extremes,2K,Action,FPS;Action;Gore;Dark;Shooter;Singleplayer;Horror;Co-op;First-Person;Violent;Multiplayer;Atmospheric;Story Rich;Supernatural;Comic Book;Short;Adventure;Multiple Endings;Nudity;Funny,1,20,2.99,29.99,90.0,0,18121,1651,19772,0.9165,1,"2,000,000 .. 5,000,000",2000000,5000000,3500000,0,0,0,19
845070,The Awesome Adventures of Captain Spirit,DONTNOD Entertainment,Square Enix,"Adventure, Free To Play",Free to Play;Story Rich;Adventure;Choices Matter;Atmospheric;Singleplayer;Great Soundtrack;Drama;Superhero;Short;Point & Click;Walking Simulator;Third Person;Controller;Casual;Emotional;Action;Cute;Indie;Memes,2,20,0.0,0.0,0.0,1,13218,1036,14254,0.9273,1,"2,000,000 .. 5,000,000",2000000,5000000,3500000,0,0,0,16
453480,Shadowverse CCG,"Cygames, Inc.","Cygames, Inc., Cygames Korea Inc.","Strategy, Free To Play",Free to Play;Card Battler;Trading Card Game;Deckbuilding;Anime;Card Game;Strategy;Sexual Content;Multiplayer;Nudity;Fantasy;Turn-Based;PvP;Singleplayer;Competitive;Cute;Casual;RPG;JRPG;Adventure,2,20,0.0,0.0,0.0,1,10839,3875,14714,0.7366,1,"2,000,000 .. 5,000,000",2000000,5000000,3500000,0,0,0,1122
633230,NARUTO TO BORUTO: SHINOBI STRIKER,Soleil Ltd.,Bandai Namco Entertainment,Action,Anime;Multiplayer;Character Customization;Action;Fighting;Ninja;Co-op;PvP;Open World;RPG;Third Person;Massively Multiplayer;Controller;Adventure;Singleplayer;Team-Based;Online Co-Op;MMORPG;Strategy;MOBA,1,20,19.99,19.99,0.0,0,47138,8892,56030,0.8413,1,"2,000,000 .. 5,000,000",2000000,5000000,3500000,0,0,0,255
32370,STAR WARS Knights of the Old Republic,"BioWare, Aspyr (Mac)","LucasArts, Aspyr (Mac), Disney, Lucasfilm","Adventure, RPG",RPG;Sci-fi;Story Rich;Singleplayer;Classic;Adventure;Party-Based RPG;Real-Time with Pause;Choices Matter;Third Person;Action;Space;Exploration;Fantasy;Atmospheric;Turn-Based;Great Soundtrack;Moddable;Female Protagonist;Open World,2,20,9.99,9.99,0.0,0,28928,2810,31738,0.9115,1,"2,000,000 .. 5,000,000",2000000,5000000,3500000,0,0,0,424
476600,Call of Duty: WWII,"Sledgehammer Games, Raven Software",Activision,Action,World War II;FPS;Multiplayer;Singleplayer;Zombies;War;Action;Shooter;First-Person;Co-op;Violent;Gore;Historical;Story Rich;Psychological Horror;Horror;Massively Multiplayer;Open World;Female Protagonist;Heist,1,20,14.99,59.99,75.0,0,30055,13278,43333,0.6936,0,"2,000,000 .. 5,000,000",2000000,5000000,3500000,0,0,0,298
1404210,Red Dead Online,Rockstar Games,Rockstar Games,"Action, Adventure",Open World;Multiplayer;Western;Action;Adventure;Horses;Realistic;Shooter;Online Co-Op;Third-Person Shooter;Character Customization;PvP;Story Rich;Singleplayer;Co-op;Violent;First-Person;MMORPG;Controller;Gore,2,20,19.99,19.99,0.0,0,55526,11255,66781,0.8315,1,"2,000,000 .. 5,000,000",2000000,5000000,3500000,0,0,0,2207
1557740,ROUNDS,Landfall,Landfall,"Action, Indie",Multiplayer;Fighting;Local Multiplayer;2D Fighter;Deckbuilding;Rogue-lite;Action;Indie;Physics;Card Battler;PvP;2D;Roguelike Deckbuilder;Card Game;Party Game;Platformer;2D Platformer;Side Scroller;Arcade;Twin Stick Shooter,2,20,2.99,5.99,50.0,0,34893,1765,36658,0.9519,1,"2,000,000 .. 5,000,000",2000000,5000000,3500000,0,0,0,555
683320,GRIS,Nomada Studio,Devolver Digital,"Adventure, Indie",Beautiful;Atmospheric;Great Soundtrack;Indie;Female Protagonist;Adventure;Hand-drawn;Platformer;Singleplayer;Relaxing;2D;Story Rich;Puzzle;Colorful;Puzzle-Platformer;Surreal;Casual;Exploration;Walking Simulator;Anime,2,20,14.99,14.99,0.0,0,80404,3044,83448,0.9635,1,"2,000,000 .. 5,000,000",2000000,5000000,3500000,0,0,0,67
2551020,One-armed robber,Duhndal,Duhndal,"Action, Indie, Simulation, Strategy, Free To Play",Free to Play;Multiplayer;Heist;Co-op;Action;Simulation;FPS;Funny;Strategy;First-Person;Shooter;Stealth;3D;Singleplayer;Physics;VR;Tactical;Real Time Tactics;Indie;Stylized,5,20,0.0,0.0,0.0,1,35393,3335,38728,0.9139,1,"2,000,000 .. 5,000,000",2000000,5000000,3500000,0,0,0,786
1536610,OpenTTD,OpenTTD,OpenTTD,"Casual, Indie, Simulation, Free To Play",Simulation;Building;Free to Play;Economy;Sandbox;Management;Trains;Transportation;Multiplayer;Resource Management;City Builder;Moddable;Singleplayer;2D;Isometric;Strategy;Online Co-Op;Co-op;Indie;Casual,4,20,0.0,0.0,0.0,1,13845,549,14394,0.9619,1,"1,000,000 .. 2,000,000",1000000,2000000,1500000,0,0,0,445
386940,Ultimate Chicken Horse,Clever Endeavour Games,Clever Endeavour Games,"Action, Casual, Indie",Multiplayer;Party;Funny;Platformer;Local Co-Op;Party Game;PvP;Local Multiplayer;Level Editor;Precision Platformer;4 Player Local;Online Co-Op;Casual;Competitive;Family Friendly;Parkour;2D;Cute;Action;2D Platformer,3,20,14.99,14.99,0.0,0,46319,1981,48300,0.959,1,"1,000,000 .. 2,000,000",1000000,2000000,1500000,0,0,0,350
346010,Besiege,Spiderling Studios,Spiderling Studios,"Indie, Simulation",Simulation;Sandbox;Destruction;Physics;Medieval;Building;Moddable;Real-Time with Pause;Multiplayer;Puzzle;Flight;Replay Value;Logic;PvE;Robots;Level Editor;Vehicular Combat;LEGO;Naval Combat;Dark Humor,2,20,14.99,14.99,0.0,0,47491,2263,49754,0.9545,1,"1,000,000 .. 2,000,000",1000000,2000000,1500000,0,0,0,243
924970,Back 4 Blood,Turtle Rock Studios,Warner Bros. Games,Action,Zombies;Online Co-Op;Multiplayer;FPS;Shooter;Action;Co-op;Gore;Horror;Singleplayer;First-Person;Survival;Blood;Violent;Adventure;Survival Horror;PvE;PvP;Rogue-lite;Replay Value,1,20,59.99,59.99,0.0,0,46833,21608,68441,0.6843,0,"1,000,000 .. 2,000,000",1000000,2000000,1500000,0,0,0,1288
349700,Romero's Aftermath,Free Reign Entertainment,"OP Productions LLC, Free Reign East LLC","Action, Free To Play, Indie, Massively Multiplayer",Free to Play;Zombies;Survival;Open World Survival Craft;Multiplayer;Open World;Action;Shooter;First-Person;Crafting;Co-op;Online Co-Op;Massively Multiplayer;FPS;Adventure;Survival Horror;Sandbox;Singleplayer;Horror;Walking Simulator,4,20,0.0,0.0,0.0,1,5385,5693,11078,0.4861,0,"1,000,000 .. 2,000,000",1000000,2000000,1500000,0,0,0,0
208140,ENDLESS Space - Definitive Edition,AMPLITUDE Studios,AMPLITUDE Studios,Strategy,Strategy;4X;Space;Sci-fi;Turn-Based Strategy;Turn-Based;Multiplayer;Singleplayer;Indie;Exploration;Great Soundtrack;Futuristic;Diplomacy;Grand Strategy;Aliens;Simulation;Atmospheric;Replay Value;Management;Sandbox,1,20,9.99,9.99,0.0,0,7540,1824,9364,0.8052,1,"1,000,000 .. 2,000,000",1000000,2000000,1500000,0,0,0,106
206500,AirMech Strike,Carbon Games,Carbon Games,"Action, Indie, Strategy, Free To Play",Free to Play;Strategy;Multiplayer;Mechs;RTS;MOBA;Action;Robots;Online Co-Op;Indie;Co-op;Sci-fi;PvP;Shooter;Massively Multiplayer;Singleplayer;Early Access;Adventure;Fast-Paced;RPG,4,20,0.0,0.0,0.0,1,8984,1695,10679,0.8413,1,"1,000,000 .. 2,000,000",1000000,2000000,1500000,0,0,0,30
57690,Tropico 4,Haemimont Games,Kalypso Media Digital,"Simulation, Strategy",City Builder;Simulation;Strategy;Management;Comedy;Sandbox;Singleplayer;Great Soundtrack;Economy;Real-Time with Pause;Politics;Building;Resource Management;Political;Funny;Cold War;RTS;Atmospheric;Capitalism;God Game,2,20,4.49,14.99,70.0,0,11400,1027,12427,0.9174,1,"1,000,000 .. 2,000,000",1000000,2000000,1500000,0,0,0,87
2322010,God of War Ragnarök,"Santa Monica Studio, Jetpack Interactive",PlayStation Publishing LLC,"Action, Adventure, RPG",Action;Adventure;Action-Adventure;RPG;Hack and Slash;Cinematic;Action RPG;Third Person;Mythology;3D;Atmospheric;Story Rich;Emotional;Fantasy;Drama;Singleplayer;Combat;Open World;Gore;Souls-like,3,20,59.99,59.99,0.0,0,27127,4261,31388,0.8642,1,"1,000,000 .. 2,000,000",1000000,2000000,1500000,0,0,0,1591
274940,Depth,Ammobox Studios,Ammobox Studios,"Action, Indie",Shooter;Multiplayer;Underwater;Atmospheric;Team-Based;FPS;Horror;Gore;Survival;Hunting;Co-op;Survival Horror;PvP;Action;Exploration;Adventure;Singleplayer;First-Person;Third Person;Online Co-Op,2,20,19.99,19.99,0.0,0,28701,3964,32665,0.8786,1,"1,000,000 .. 2,000,000",1000000,2000000,1500000,0,0,0,13
412220,DDraceNetwork,DDNet Team,DDNet Team,"Action, Indie, Racing, Free To Play",Online Co-Op;Free to Play;Multiplayer;2D Platformer;Precision Platformer;2D;Level Editor;Puzzle-Platformer;Platformer;Team-Based;Co-op;Moddable;Singleplayer;Puzzle;Action;Indie;Racing;Ninja;Character Customization;Choices Matter,4,20,0.0,0.0,0.0,1,33440,4010,37450,0.8929,1,"1,000,000 .. 2,000,000",1000000,2000000,1500000,0,0,0,2679
1290000,PowerWash Simulator,FuturLab,FuturLab,"Casual, Indie, Simulation",Casual;Relaxing;Simulation;Multiplayer;First-Person;3D;Sandbox;Funny;Co-op;Immersive Sim;Online Co-Op;Family Friendly;Colorful;Story Rich;Realistic;Wholesome;Singleplayer;Indie;Cozy;Atmospheric,3,20,9.99,24.99,60.0,0,50767,1643,52410,0.9687,1,"1,000,000 .. 2,000,000",1000000,2000000,1500000,0,0,0,2547
1286680,Tiny Tina's Wonderlands,Gearbox Software,2K,"Action, Adventure, RPG",Loot;Adventure;Looter Shooter;Multiplayer;Shooter;RPG;FPS;Fantasy;Online Co-Op;Action;Comedy;Co-op;Singleplayer;Character Customization;Stylized;Narration;PvE;Class-Based;Local Co-Op;3D,3,20,29.99,29.99,0.0,0,15933,6053,21986,0.7247,1,"1,000,000 .. 2,000,000",1000000,2000000,1500000,0,0,0,866
39500,Gothic 3,Piranha Bytes,THQ Nordic,"Action, RPG",RPG;Open World;Fantasy;Action;Singleplayer;Third Person;Atmospheric;Medieval;Gothic;Adventure;Great Soundtrack;Story Rich;Magic;Action RPG;Classic;Sandbox;First-Person;Dark Fantasy;Replay Value;Exploration,2,20,19.99,19.99,0.0,0,9244,2120,11364,0.8134,1,"1,000,000 .. 2,000,000",1000000,2000000,1500000,0,0,0,173
872790,Football Manager 2019,Sports Interactive,SEGA,"Simulation, Sports",Simulation;Sports;Football (Soccer);Management;Football (American);Strategy;Multiplayer;Singleplayer;Addictive;Tactical;Economy;Casual;Real Time Tactics;Free to Play,2,14,0.0,0.0,0.0,1,10827,1653,12480,0.8675,1,"1,000,000 .. 2,000,000",1000000,2000000,1500000,0,0,0,581
291650,Pillars of Eternity,Obsidian Entertainment,Xbox Game Studios,RPG,RPG;Isometric;Fantasy;Story Rich;Singleplayer;CRPG;Party-Based RPG;Real-Time with Pause;Adventure;Character Customization;Kickstarter;Atmospheric;Dark Fantasy;Open World;Exploration;Classic;Great Soundtrack;Strategy;Indie;Crowdfunded,1,20,29.99,29.99,0.0,0,21751,2899,24650,0.8824,1,"1,000,000 .. 2,000,000",1000000,2000000,1500000,0,0,0,204
1533390,Gorilla Tag,Another Axiom Inc.,Another Axiom Inc.,"Action, Casual",VR;Psychological Horror;Multiplayer;First-Person;Funny;Parkour;Horror;3D;3D Platformer;PvP;Action;Nature;Survival Horror;Physics;Casual;Platformer;Moddable;6DOF;Early Access;Minimalist,2,20,19.99,19.99,0.0,0,64966,6197,71163,0.9129,1,"1,000,000 .. 2,000,000",1000000,2000000,1500000,0,0,0,852
606280,Darksiders III,Gunfire Games,THQ Nordic,"Action, Adventure, RPG",Hack and Slash;Action;Female Protagonist;Souls-like;Singleplayer;Adventure;RPG;Action-Adventure;Open World;Violent;Third Person;Story Rich;Dark Fantasy;Atmospheric;Post-apocalyptic;Puzzle;Fantasy;Gore;Difficult;Dark,3,20,39.99,39.99,0.0,0,11626,3571,15197,0.765,1,"1,000,000 .. 2,000,000",1000000,2000000,1500000,0,0,0,52
10500,Total War: EMPIRE – Definitive Edition,"CREATIVE ASSEMBLY, Feral Interactive (Mac), Feral Interactive (Linux)","SEGA, Feral Interactive (Mac), Feral Interactive (Linux)",Strategy,Strategy;Historical;Military;Grand Strategy;Turn-Based Strategy;War;Tactical;RTS;Multiplayer;Singleplayer;Turn-Based;Naval;America;Real Time Tactics;Action;Great Soundtrack;Turn-Based Tactics;Atmospheric;Classic;Adventure,1,20,19.99,19.99,0.0,0,32211,3269,35480,0.9079,1,"1,000,000 .. 2,000,000",1000000,2000000,1500000,0,0,0,2028
1476970,Legends of IdleOn - Idle MMO,Lavaflame2,Lavaflame2,"Casual, Indie, Massively Multiplayer, RPG, Simulation, Free To Play, Early Access",Idler;Pixel Graphics;Free to Play;MMORPG;Management;RPG;Multiplayer;Clicker;Crafting;Resource Management;Sandbox;Indie;Massively Multiplayer;Casual;Simulation;Character Customization;Early Access;PvE;Old School;Cute,7,20,0.0,0.0,0.0,1,17310,4406,21716,0.7971,1,"1,000,000 .. 2,000,000",1000000,2000000,1500000,0,0,0,11081
1262580,Need for Speed Payback,Ghost Games,Electronic Arts,"Action, Adventure, Racing, Sports, Strategy",Racing;Open World;Multiplayer;Combat Racing;Controller;Sports;PvP;Sandbox;Arcade;Third Person;First-Person;Strategy;Offroad;Vehicular Combat;Simulation;Co-op;Atmospheric;Online Co-Op;Singleplayer;Action,5,20,29.99,29.99,0.0,0,24868,4186,29054,0.8559,1,"1,000,000 .. 2,000,000",1000000,2000000,1500000,0,0,0,204
246620,Plague Inc: Evolved,Ndemic Creations,Ndemic Creations,"Casual, Indie, Simulation, Strategy",Strategy;Simulation;Outbreak Sim;Indie;Singleplayer;Multiplayer;Zombies;Casual;Tactical;Replay Value;Post-apocalyptic;Addictive;Realistic;2D;Difficult;Atmospheric;Co-op;Sandbox;Early Access;Survival,4,20,14.99,14.99,0.0,0,52571,3093,55664,0.9444,1,"1,000,000 .. 2,000,000",1000000,2000000,1500000,0,0,0,1494
324800,Shadow Warrior 2,Flying Wild Hog,Devolver Digital,"Action, Adventure",Action;Gore;Looter Shooter;FPS;Co-op;Multiplayer;Ninja;Hack and Slash;Shooter;Swordplay;First-Person;Comedy;Open World;Demons;Loot;Funny;Singleplayer;Adventure;Parkour;Memes,2,20,29.99,29.99,0.0,0,23758,3472,27230,0.8725,1,"1,000,000 .. 2,000,000",1000000,2000000,1500000,0,0,0,61
341800,Keep Talking and Nobody Explodes,Steel Crate Games,Steel Crate Games,Indie,Co-op;Local Multiplayer;Puzzle;Party Game;Board Game;Local Co-Op;Multiplayer;Party;VR;Casual;Indie;Difficult;Team-Based;Family Friendly;Funny;Asymmetric VR;Moddable;Procedural Generation;Simulation;Strategy,1,20,14.99,14.99,0.0,0,15346,401,15747,0.9745,1,"1,000,000 .. 2,000,000",1000000,2000000,1500000,0,0,0,148
322500,SUPERHOT,SUPERHOT Team,SUPERHOT Team,"Action, Indie",Action;FPS;Bullet Time;Time Manipulation;Indie;Singleplayer;First-Person;Shooter;Puzzle;Minimalist;Short;Difficult;Cyberpunk;Kickstarter;Fast-Paced;Violent;Sci-fi;Casual;Gore;Adventure,2,20,24.99,24.99,0.0,0,35390,3386,38776,0.9127,1,"1,000,000 .. 2,000,000",1000000,2000000,1500000,0,0,0,43
939960,Far Cry New Dawn,"Ubisoft Montreal, Ubisoft Kiev, Ubisoft Shanghai",Ubisoft,"Action, Adventure",Open World;FPS;Action;Multiplayer;Co-op;Post-apocalyptic;Adventure;First-Person;Shooter;Online Co-Op;Singleplayer;Stealth;Story Rich;Survival;RPG;Female Protagonist;Action RPG;Casual;Character Customization;LGBTQ+,2,20,39.99,39.99,0.0,0,24362,7819,32181,0.757,1,"1,000,000 .. 2,000,000",1000000,2000000,1500000,0,0,0,215
239820,Game Dev Tycoon,Greenheart Games,Greenheart Games,"Casual, Indie, Simulation, Strategy",Management;Simulation;Indie;Strategy;Casual;Singleplayer;Economy;2D;Moddable;Addictive;Replay Value;GameMaker;Sandbox;Funny;Difficult;Point & Click;Great Soundtrack;Isometric;Comedy;Touch-Friendly,4,20,9.99,9.99,0.0,0,34126,1657,35783,0.9537,1,"1,000,000 .. 2,000,000",1000000,2000000,1500000,0,0,0,157
509980,BIGFOOT,CyberLight Game Studio,CyberLight Game Studio,"Action, Adventure, Indie, Early Access",Early Access;Horror;Multiplayer;Survival Horror;Online Co-Op;Co-op;PvP;PvE;Multiple Endings;FPS;Psychological Horror;Atmospheric;Action;Funny;Adventure;Open World;Supernatural;First-Person;Singleplayer;Shooter,4,20,19.99,19.99,0.0,0,17125,3741,20866,0.8207,1,"1,000,000 .. 2,000,000",1000000,2000000,1500000,0,0,0,121
364360,Total War: WARHAMMER,"CREATIVE ASSEMBLY, Feral Interactive (Linux), Feral Interactive (Mac)","SEGA, Feral Interactive (Linux), Feral Interactive (Mac)","Action, Strategy",Strategy;Fantasy;RTS;War;Turn-Based Strategy;Games Workshop;Grand Strategy;Multiplayer;Tactical;Dark Fantasy;Action;Singleplayer;Turn-Based;Dwarf;Atmospheric;Co-op;Story Rich;Open World;RPG;Gore,2,20,59.99,59.99,0.0,0,40889,11533,52422,0.78,1,"1,000,000 .. 2,000,000",1000000,2000000,1500000,0,0,0,297
492720,Tropico 6,"Limbic Entertainment, Realmforge Studios",Kalypso Media,"Simulation, Strategy",City Builder;Strategy;Simulation;Economy;Management;Political Sim;Multiplayer;Sandbox;Politics;Building;Political;Singleplayer;Funny;Co-op;Choices Matter;Diplomacy;Destruction;Atmospheric;Story Rich;Top-Down,2,20,11.99,39.99,70.0,0,23776,3415,27191,0.8744,1,"1,000,000 .. 2,000,000",1000000,2000000,1500000,0,0,0,575
12110,Grand Theft Auto: Vice City,Rockstar Games,Rockstar Games,Action,Open World;Action;Automobile Sim;1980s;Classic;Great Soundtrack;Crime;Third Person;Singleplayer;Sandbox;Driving;Atmospheric;Third-Person Shooter;Violent;Shooter;Adventure;Mature;Funny;Music;Multiplayer,1,20,0.0,0.0,0.0,1,27142,2134,29276,0.9271,1,"1,000,000 .. 2,000,000",1000000,2000000,1500000,0,0,0,113
460790,Bayonetta,PlatinumGames,SEGA,"Action, Adventure",Action;Female Protagonist;Hack and Slash;Sexual Content;Nudity;Singleplayer;Spectacle fighter;Mature;Great Soundtrack;Character Action Game;Adventure;Fast-Paced;Third Person;Fantasy;Beat 'em up;Comedy;Gore;Classic;Anime;Atmospheric,2,20,19.99,19.99,0.0,0,26797,2156,28953,0.9255,1,"1,000,000 .. 2,000,000",1000000,2000000,1500000,0,0,0,109
1213210,Command & Conquer Remastered Collection,"Petroglyph, Lemon Sky Studios",Electronic Arts,Strategy,Strategy;RTS;Base-Building;Multiplayer;Classic;Great Soundtrack;War;Singleplayer;1990's;FMV;Remake;PvP;Level Editor;Replay Value;Tanks;Soundtrack;Cinematic;Real Time Tactics;Isometric;Retro,1,20,19.99,19.99,0.0,0,29891,3069,32960,0.9069,1,"1,000,000 .. 2,000,000",1000000,2000000,1500000,0,0,0,564
627690,Idle Champions of the Forgotten Realms,Codename Entertainment Inc.,Codename Entertainment Inc.,"Action, Adventure, Indie, Strategy, Free To Play",Dungeons & Dragons;Free to Play;Idler;Strategy;Fantasy;Clicker;Adventure;Singleplayer;Management;Indie;RPG;Casual;Action;2D;Loot;Dungeon Crawler;Puzzle;Magic;Funny;Action-Adventure,5,20,0.0,0.0,0.0,1,11212,3268,14480,0.7743,1,"1,000,000 .. 2,000,000",1000000,2000000,1500000,0,0,0,3034
569480,Kingdoms and Castles,"Lion Shield, LLC","Lion Shield, LLC","Indie, Simulation, Strategy",City Builder;Colony Sim;Strategy;Medieval;Building;Simulation;Sandbox;Resource Management;Base-Building;Singleplayer;Survival;Management;RTS;Economy;Action;Colorful;Relaxing;Open World;Great Soundtrack;Crafting,3,20,19.99,19.99,0.0,0,27743,1972,29715,0.9336,1,"1,000,000 .. 2,000,000",1000000,2000000,1500000,0,0,0,317
2021910,FPS Chess,Meta Fork,DigiPen Institute of Technology,"Action, Casual, Free To Play, Strategy",FPS;PvP;Shooter;Free to Play;Multiplayer;Board Game;Strategy;Tabletop;Turn-Based Strategy;3D;Sports;First-Person;Funny;Psychological Horror;Action;Chess;Casual;Local Multiplayer;Family Friendly;Stylized,4,20,0.0,0.0,0.0,1,31223,5909,37132,0.8409,1,"1,000,000 .. 2,000,000",1000000,2000000,1500000,0,0,0,228
242860,Verdun,BlackMill Games,BlackMill Games,"Action, Indie, Massively Multiplayer, Simulation, Strategy",Shooter;Co-op;PvP;Massively Multiplayer;World War I;FPS;Action;Historical;First-Person;Strategy;Wargame;Multiplayer;War;Military;Atmospheric;Realistic;Simulation;Gore;Tactical;Team-Based,5,20,19.99,19.99,0.0,0,32142,5175,37317,0.8613,1,"1,000,000 .. 2,000,000",1000000,2000000,1500000,0,0,0,64
239160,Thief,"Eidos-Montréal, Feral Interactive (Mac)","Eidos Interactive Corp., Feral Interactive (Mac)","Action, Adventure",Stealth;Action;First-Person;Adventure;Singleplayer;Dark;Reboot;Steampunk;Atmospheric;Horror;Parkour;Open World;Assassin;Heist;Medieval;Nudity;RPG;Fantasy;FPS;Remake,2,20,19.99,19.99,0.0,0,17337,5926,23263,0.7453,1,"1,000,000 .. 2,000,000",1000000,2000000,1500000,0,0,0,110
391460,WARMODE,Novalink,Novalink,"Action, Free To Play",Free to Play;FPS;Multiplayer;Shooter;Action;First-Person;Early Access;War;Co-op;Massively Multiplayer;Zombies;Singleplayer;Survival;Online Co-Op;Controller;Gore;Open World;Atmospheric;Adventure;RPG,2,20,0.0,0.0,0.0,1,10255,6275,16530,0.6204,0,"1,000,000 .. 2,000,000",1000000,2000000,1500000,0,0,0,2
636480,Ravenfield,SteelRaven7,SteelRaven7,"Action, Indie, Early Access",FPS;War;Singleplayer;Shooter;Military;Action;Sandbox;First-Person;Early Access;Funny;Team-Based;Tactical;Moddable;Strategy;Simulation;Indie;Physics;Realistic;Atmospheric;Adventure,3,20,17.99,17.99,0.0,0,71341,2264,73605,0.9692,1,"1,000,000 .. 2,000,000",1000000,2000000,1500000,0,0,0,617
2100,Dark Messiah of Might & Magic,Arkane Studios,Ubisoft,"Action, RPG",RPG;First-Person;Action;Fantasy;Swordplay;Dark Fantasy;Adventure;Magic;Classic;Singleplayer;Stealth;Multiple Endings;Medieval;Action RPG;Story Rich;Atmospheric;Gore;Immersive Sim;Hack and Slash;Multiplayer,2,20,9.99,9.99,0.0,0,9813,951,10764,0.9116,1,"1,000,000 .. 2,000,000",1000000,2000000,1500000,0,0,0,45
228280,Baldur's Gate: Enhanced Edition,Beamdog,Beamdog,"Adventure, RPG",RPG;Fantasy;Dungeons & Dragons;CRPG;Isometric;Party-Based RPG;Real-Time with Pause;Singleplayer;Story Rich;Character Customization;Old School;Adventure;Co-op;Multiplayer;Magic;Online Co-Op;Atmospheric;Action-Adventure;Remake;Strategy,2,20,19.99,19.99,0.0,0,15123,1275,16398,0.9222,1,"1,000,000 .. 2,000,000",1000000,2000000,1500000,0,0,0,378
21690,Resident Evil 5,Capcom,Capcom,"Action, Adventure",Co-op;Action;Zombies;Co-op Campaign;Third-Person Shooter;Online Co-Op;Horror;Multiplayer;Adventure;Third Person;Survival Horror;Shooter;Local Co-Op;Singleplayer;Female Protagonist;Quick-Time Events;Survival;Gore;Split Screen;Atmospheric,2,20,4.99,19.99,75.0,0,42807,6310,49117,0.8715,1,"1,000,000 .. 2,000,000",1000000,2000000,1500000,0,0,0,566
2420510,HoloCure - Save the Fans!,KayAnimate,KayAnimate,"Action, Adventure, Casual, Indie",Pixel Graphics;Bullet Hell;Anime;Action Roguelike;Cute;Rogue-lite;2D;Action;Top-Down Shooter;Singleplayer;Casual;Female Protagonist;Arcade;Colorful;Fishing;Farming;Score Attack;Fantasy;Free to Play;Comedy,4,20,0.0,0.0,0.0,1,37623,363,37986,0.9904,1,"1,000,000 .. 2,000,000",1000000,2000000,1500000,0,0,0,645
629730,Blade and Sorcery,WarpFrog,WarpFrog,"Action, Adventure, Indie, RPG, Simulation",VR;Swordplay;Moddable;Sandbox;Gore;Magic;Action;Violent;Physics;Medieval;Simulation;Fighting;First-Person;Fantasy;Singleplayer;Adventure;RPG;Indie;Early Access;Games Workshop,5,20,29.99,29.99,0.0,0,55566,1919,57485,0.9666,1,"1,000,000 .. 2,000,000",1000000,2000000,1500000,0,0,0,657
113420,Fallen Earth Free2Play,Little Orbit,Little Orbit,"Free To Play, Massively Multiplayer, RPG",Free to Play;Survival;Open World;Multiplayer;Post-apocalyptic;Zombies;Massively Multiplayer;Crafting;RPG;Shooter;FPS;Adventure;Sandbox;Co-op;First-Person;Action;Singleplayer;MMORPG;Third-Person Shooter;Action RPG,3,20,0.0,0.0,0.0,1,4484,3047,7531,0.5954,0,"1,000,000 .. 2,000,000",1000000,2000000,1500000,0,0,0,1
304240,Resident Evil,"CAPCOM Co., Ltd.","CAPCOM Co., Ltd.","Action, Adventure",Survival Horror;Zombies;Horror;Classic;Remake;Atmospheric;Singleplayer;Puzzle;Survival;Adventure;Third Person;Action;Female Protagonist;Cult Classic;Story Rich;Difficult;Gore;Shooter;Great Soundtrack;Third-Person Shooter,2,20,4.99,19.99,75.0,0,24613,2154,26767,0.9195,1,"1,000,000 .. 2,000,000",1000000,2000000,1500000,0,0,0,186
269210,Hero Siege,Panic Art Studios Ltd,Panic Art Studios Ltd,"Action, Adventure, Indie, Massively Multiplayer, RPG",Action RPG;Pixel Graphics;Hack and Slash;Action Roguelike;RPG;Multiplayer;Co-op;Action;Indie;Adventure;Rogue-like;2D;Top-Down;Local Co-Op;Rogue-lite;Bullet Hell;Fantasy;Difficult;Controller;Singleplayer,5,20,7.99,7.99,0.0,0,29813,13699,43512,0.6852,0,"1,000,000 .. 2,000,000",1000000,2000000,1500000,0,0,0,369
706990,BLOCKPOST,Skullcap Studios,Skullcap Studios,"Action, Indie, Free To Play",Free to Play;FPS;Multiplayer;Pixel Graphics;Action;Shooter;First-Person;Indie;Massively Multiplayer;Building;Co-op;Early Access;Online Co-Op;Funny;Zombies;Survival;Gore;Fast-Paced;Singleplayer;Simulation,3,20,0.0,0.0,0.0,1,12342,4219,16561,0.7452,1,"1,000,000 .. 2,000,000",1000000,2000000,1500000,0,0,0,13
621060,PC Building Simulator,"Claudiu Kiss, The Irregular Corporation",The Irregular Corporation,"Indie, Simulation",Simulation;Education;Immersive Sim;Building;Management;Sandbox;First-Person;3D;Life Sim;Realistic;Casual;Relaxing;Singleplayer;Hardware;Funny;Puzzle;Modern;Inventory Management;Atmospheric;Indie,2,20,19.99,19.99,0.0,0,48356,3299,51655,0.9361,1,"1,000,000 .. 2,000,000",1000000,2000000,1500000,0,0,0,132
48190,Assassin’s Creed Brotherhood,Ubisoft Montreal,Ubisoft,"Action, Adventure",Action;Open World;Adventure;Parkour;Stealth;Assassin;Third Person;Historical;Multiplayer;Singleplayer;Rome;Story Rich;Great Soundtrack;Action-Adventure;Atmospheric;Conspiracy;Medieval;Sandbox;Controller;Casual,2,20,19.99,19.99,0.0,0,20484,2652,23136,0.8854,1,"1,000,000 .. 2,000,000",1000000,2000000,1500000,0,0,0,169
638970,Yakuza 0,Ryu Ga Gotoku Studio,SEGA,"Action, Adventure, RPG",Story Rich;Action;Beat 'em up;Great Soundtrack;Crime;Open World;Minigames;Funny;RPG;Singleplayer;Violent;Mature;Adventure;Comedy;Sexual Content;Third Person;Drama;Atmospheric;JRPG;Dating Sim,3,20,10.99,19.99,45.0,0,70292,3189,73481,0.9566,1,"1,000,000 .. 2,000,000",1000000,2000000,1500000,0,0,0,550
24010,Train Simulator Classic,Dovetail Games,"Dovetail Games - Trains, Dovetail Games",Simulation,Simulation;Trains;Singleplayer;Driving;Realistic;Casual;Relaxing;Open World;Building;Moddable;Sandbox;Level Editor;TrackIR;Atmospheric;Transportation;Action;Adventure;VR;City Builder;Strategy,1,20,29.99,29.99,0.0,0,20015,8172,28187,0.7101,1,"1,000,000 .. 2,000,000",1000000,2000000,1500000,0,0,0,503
228380,Wreckfest,Bugbear,THQ Nordic,"Action, Indie, Racing, Simulation, Sports",Racing;Destruction;Automobile Sim;Simulation;Multiplayer;Driving;Physics;Action;Indie;Sports;Singleplayer;Realistic;Funny;Arcade;Early Access;Sandbox;Third Person;Co-op;Open World;Atmospheric,5,20,29.99,29.99,0.0,0,34031,4586,38617,0.8812,1,"1,000,000 .. 2,000,000",1000000,2000000,1500000,0,0,0,328
327690,Gigantic,Motiga Inc.,Perfect World Entertainment,"Action, Free To Play, Strategy",Free to Play;Multiplayer;MOBA;Action;Strategy;Third-Person Shooter;PvP;Third Person;Co-op;Fantasy;Shooter;Massively Multiplayer;RPG;FPS;Team-Based;Adventure;Controller;Open World;Anime;Hero Shooter,3,20,0.0,0.0,0.0,1,5759,1731,7490,0.7689,1,"1,000,000 .. 2,000,000",1000000,2000000,1500000,0,0,0,0
417860,Emily is Away,Kyle Seeley,Kyle Seeley,"Adventure, Casual, Free To Play, Indie, Simulation",Free to Play;Story Rich;Singleplayer;Choices Matter;Indie;Interactive Fiction;Simulation;Retro;Casual;Choose Your Own Adventure;Visual Novel;Romance;Pixel Graphics;Dating Sim;Short;Text-Based;Adventure;2D;Funny;Illuminati,5,20,0.0,0.0,0.0,1,28260,3636,31896,0.886,1,"1,000,000 .. 2,000,000",1000000,2000000,1500000,0,0,0,9
1262350,SIGNALIS,rose-engine,Balor Games,"Action, Adventure, Indie",Survival Horror;Psychological Horror;Female Protagonist;Sci-fi;Atmospheric;Lovecraftian;Dark;Mystery;LGBTQ+;Singleplayer;Dystopian;Cyberpunk;Puzzle;Violent;Action;Adventure;Cinematic;Shooter;Action-Adventure;Third-Person Shooter,3,20,19.99,19.99,0.0,0,25320,837,26157,0.968,1,"1,000,000 .. 2,000,000",1000000,2000000,1500000,0,0,0,108
582160,Assassin's Creed Origins,Ubisoft Montreal,Ubisoft,"Action, Adventure, RPG",Open World;Assassin;Action;RPG;Stealth;Parkour;Adventure;Historical;Singleplayer;Third Person;Story Rich;Multiplayer;Action RPG;Exploration;Atmospheric;Great Soundtrack;Nudity;Heist;Sexual Content;Co-op,3,20,59.99,59.99,0.0,0,97301,16195,113496,0.8573,1,"1,000,000 .. 2,000,000",1000000,2000000,1500000,0,0,0,1604
287450,Rise of Nations: Extended Edition,"SkyBox Labs, Big Huge Games",Xbox Game Studios,"Simulation, Strategy",Strategy;RTS;Classic;Historical;Multiplayer;Nostalgia;Simulation;War;Great Soundtrack;Singleplayer;Epic;Base-Building;City Builder;Real-Time;Co-op;Remake;Building;Isometric;Action;Atmospheric,2,20,19.99,19.99,0.0,0,13962,782,14744,0.947,1,"1,000,000 .. 2,000,000",1000000,2000000,1500000,0,0,0,522
582500,We Were Here,Total Mayhem Games,Total Mayhem Games,"Action, Adventure, Indie, Free To Play",Free to Play;Co-op;Escape Room;Puzzle;Horror;Multiplayer;Co-op Campaign;Mystery;Adventure;Psychological Horror;Online Co-Op;Exploration;First-Person;Investigation;Atmospheric;Multiple Endings;Indie;Casual;Dark;Action-Adventure,4,20,0.0,0.0,0.0,1,27014,2983,29997,0.9006,1,"1,000,000 .. 2,000,000",1000000,2000000,1500000,0,0,0,142
442080,Riders of Icarus,"WeMade, VALOFE",VALOFE,"Adventure, Massively Multiplayer, RPG, Free To Play",Free to Play;Massively Multiplayer;RPG;MMORPG;Adventure;Dragons;Open World;Multiplayer;Fantasy;Character Customization;Action;Fighting;PvP;Action RPG;Co-op;Singleplayer;First-Person;Survival;Anime;FPS,4,20,0.0,0.0,0.0,1,7083,3643,10726,0.6604,0,"1,000,000 .. 2,000,000",1000000,2000000,1500000,0,0,0,4
519860,DUSK,David Szymanski,New Blood Interactive,"Action, Indie",Boomer Shooter;FPS;Retro;Shooter;Fast-Paced;Old School;Horror;First-Person;Great Soundtrack;Lovecraftian;1990's;Action;Singleplayer;Dark Humor;Atmospheric;Classic;Arena Shooter;Blood;Level Editor;PvP,2,20,19.99,19.99,0.0,0,22830,639,23469,0.9728,1,"1,000,000 .. 2,000,000",1000000,2000000,1500000,0,0,0,36
22320,The Elder Scrolls III: Morrowind Game of the Year Edition,Bethesda Game Studios,Bethesda Softworks,RPG,RPG;Open World;Fantasy;Classic;Great Soundtrack;Moddable;Singleplayer;First-Person;Adventure;Cult Classic;Atmospheric;Magic;Exploration;Story Rich;Sandbox;Character Customization;Action RPG;Medieval;Action;Third Person,1,20,14.99,14.99,0.0,0,25172,1212,26384,0.9541,1,"1,000,000 .. 2,000,000",1000000,2000000,1500000,0,0,0,635
704270,Generation Zero,Systemic Reaction™,Avalanche Studios,"Action, Adventure",Open World;Survival;Co-op;FPS;Multiplayer;Base-Building;Robots;Post-apocalyptic;Atmospheric;Shooter;Sci-fi;Mechs;Sandbox;Horror;1980s;Crafting;Survival Horror;PvE;Action;Exploration,2,20,4.99,24.99,80.0,0,29053,11451,40504,0.7173,1,"1,000,000 .. 2,000,000",1000000,2000000,1500000,0,0,0,234
40990,Mafia,Illusion Softworks,2K,"Action, Adventure",Action;Story Rich;Crime;Open World;Classic;Atmospheric;Singleplayer;Great Soundtrack;Third Person;Violent;Adventure;Third-Person Shooter;Shooter;Difficult;Cult Classic;Multiplayer;Racing;Drama;Historical;Controller,2,20,14.99,14.99,0.0,0,13346,1911,15257,0.8747,1,"1,000,000 .. 2,000,000",1000000,2000000,1500000,0,0,0,59
612880,Wolfenstein II: The New Colossus,MachineGames,Bethesda Softworks,Action,FPS;Action;Gore;Singleplayer;Alternate History;Violent;First-Person;Shooter;World War II;Story Rich;Nudity;Sci-fi;Stealth;Atmospheric;Comedy;Dystopian;Adventure;Great Soundtrack;Multiplayer;Open World,1,20,39.99,39.99,0.0,0,36084,8413,44497,0.8109,1,"1,000,000 .. 2,000,000",1000000,2000000,1500000,0,0,0,290
3146520,WEBFISHING,lamedeveloper,lamedeveloper,"Casual, Indie, Massively Multiplayer",Fishing;Multiplayer;Casual;Cute;Character Customization;Psychological Horror;Creature Collector;Indie;Online Co-Op;LGBTQ+;3D;Collectathon;Stylized;Cartoon;Third Person;Colorful;Singleplayer;Co-op;Nonlinear;Sandbox,3,20,4.99,4.99,0.0,0,64473,1337,65810,0.9797,1,"1,000,000 .. 2,000,000",1000000,2000000,1500000,0,0,0,686
537180,Digimon Masters Online,"Move Games Co., Ltd.",MOVE ON USA CO.,"Action, Adventure, Casual, Free To Play, Massively Multiplayer, RPG",Free to Play;Anime;MMORPG;Massively Multiplayer;Adventure;RPG;Action;Open World;Casual;Multiplayer;Fantasy;Action-Adventure;Co-op;Action RPG;Arcade;Creature Collector;Online Co-Op;Singleplayer;Survival;FPS,6,20,0.0,0.0,0.0,1,5461,2664,8125,0.6721,0,"1,000,000 .. 2,000,000",1000000,2000000,1500000,0,0,0,236
232890,Stronghold Crusader 2,Firefly Studios,Firefly Studios,"Simulation, Strategy",Strategy;Medieval;City Builder;RTS;Multiplayer;Simulation;Historical;Co-op;Building;Classic;Singleplayer;Resource Management;Atmospheric;Sandbox;Tactical;Action;Open World;Adventure;Survival;Base-Building,2,20,39.99,39.99,0.0,0,12328,4754,17082,0.7217,1,"1,000,000 .. 2,000,000",1000000,2000000,1500000,0,0,0,217
6000,STAR WARS Republic Commando,LucasArts,"LucasArts, Lucasfilm, Disney",Action,FPS;Action;Tactical;Sci-fi;Singleplayer;Shooter;First-Person;Classic;Multiplayer;Great Soundtrack;Space;Atmospheric;Epic;Team-Based;Adventure;War;Co-op;Strategy;Dark;Futuristic,1,20,9.99,9.99,0.0,0,15357,687,16044,0.9572,1,"1,000,000 .. 2,000,000",1000000,2000000,1500000,0,0,0,68
1049410,Superliminal,Pillow Castle,Pillow Castle,"Action, Adventure",Puzzle;First-Person;Surreal;Psychological;Narration;Physics;Singleplayer;Thriller;Story Rich;Adventure;Psychedelic;Funny;Exploration;3D Vision;Puzzle-Platformer;Psychological Horror;Minimalist;Cinematic;Dark Humor;Colorful,2,20,19.99,19.99,0.0,0,28522,1629,30151,0.946,1,"1,000,000 .. 2,000,000",1000000,2000000,1500000,0,0,0,65
1343370,Old School RuneScape,Jagex Ltd,Jagex Ltd,"Adventure, Massively Multiplayer, RPG, Free To Play",MMORPG;Free to Play;Nostalgia;Adventure;Fantasy;Story Rich;Massively Multiplayer;Multiplayer;RPG;Character Customization;Third Person;PvE;Open World;Old School;PvP;Great Soundtrack;Classic;Exploration;Cult Classic;Lore-Rich,4,20,0.0,0.0,0.0,1,15244,3091,18335,0.8314,1,"1,000,000 .. 2,000,000",1000000,2000000,1500000,0,0,0,1050
1238860,Battlefield 4,DICE,Electronic Arts,Action,Multiplayer;FPS;Singleplayer;Shooter;Military;War;Action;First-Person;PvP;Co-op;Destruction;Violent;Massively Multiplayer;Controller;Tactical;Story Rich;Open World;Online Co-Op;Strategy;Great Soundtrack,1,20,39.99,39.99,0.0,0,60650,10498,71148,0.8524,1,"1,000,000 .. 2,000,000",1000000,2000000,1500000,0,0,0,1153
961200,Predecessor,Omeda Studios,Omeda Studios,"Action, Strategy, Free To Play",MOBA;Free to Play;Shooter;Multiplayer;Third Person;Strategy;Action;PvP;Team-Based;Third-Person Shooter;Competitive;Fantasy;Sci-fi;3D;Online Co-Op;Co-op;Tactical;PvE;Combat;Early Access,3,20,0.0,0.0,0.0,1,10260,3776,14036,0.731,1,"1,000,000 .. 2,000,000",1000000,2000000,1500000,0,0,0,1816
102600,Orcs Must Die!,Robot Entertainment,Robot Entertainment,"Action, Indie, Strategy",Tower Defense;Action;Strategy;Third Person;Fantasy;Indie;Singleplayer;Comedy;Funny;Third-Person Shooter;Cartoony;Magic;Great Soundtrack;Multiplayer;Score Attack;Addictive;Shooter;Adventure;RPG;Arcade,3,20,9.99,9.99,0.0,0,7856,333,8189,0.9593,1,"1,000,000 .. 2,000,000",1000000,2000000,1500000,0,0,0,20
2527500,MiSide,AIHASTO,"IndieArk, Shochiku (Japan)","Adventure, Indie, RPG, Simulation",Psychological Horror;Cute;Story Rich;Horror;First-Person;Singleplayer;Sexual Content;3D;Atmospheric;Thriller;Conversation;Adventure;Puzzle;Drama;Anime;Simulation;Life Sim;Hentai;RPG;2D,4,20,11.99,14.99,20.0,0,108883,2204,111087,0.9802,1,"1,000,000 .. 2,000,000",1000000,2000000,1500000,0,0,0,631
870780,CONTROL Ultimate Edition,Remedy Entertainment,Remedy Entertainment,"Action, Adventure",Action;Supernatural;Female Protagonist;Story Rich;Adventure;Third Person;Atmospheric;Singleplayer;Sci-fi;Horror;Third-Person Shooter;Surreal;Psychological Horror;Shooter;Metroidvania;Open World;Epic;Violent;Difficult;Great Soundtrack,2,20,39.99,39.99,0.0,0,44045,6403,50448,0.8731,1,"1,000,000 .. 2,000,000",1000000,2000000,1500000,0,0,0,648
24980,Mass Effect 2 (2010 Edition),BioWare,Electronic Arts,RPG,RPG;Sci-fi;Story Rich;Third-Person Shooter;Action;Space;Singleplayer;Great Soundtrack;Choices Matter;Adventure;Cinematic;Romance;Third Person;Character Customization;Shooter;Atmospheric;Female Protagonist;Action RPG;Real-Time with Pause;Classic,1,20,0.0,0.0,0.0,1,14623,920,15543,0.9408,1,"1,000,000 .. 2,000,000",1000000,2000000,1500000,0,0,0,8
312520,Rain World,Videocult,Akupara Games,"Action, Adventure, Indie",Difficult;Atmospheric;Survival;Exploration;Indie;Pixel Graphics;Platformer;2D;Post-apocalyptic;Open World;Adventure;2D Platformer;Cute;Survival Horror;Metroidvania;Physics;Singleplayer;Simulation;Souls-like;Action,3,20,8.74,24.99,65.0,0,39787,2490,42277,0.9411,1,"1,000,000 .. 2,000,000",1000000,2000000,1500000,0,0,0,836
285190,"Warhammer 40,000: Dawn of War III","Relic Entertainment, Feral Interactive (Mac), Feral Interactive (Linux)","Relic Entertainment, Feral Interactive (Mac), Feral Interactive (Linux)","Action, Simulation, Strategy",Warhammer 40K;Strategy;RTS;Sci-fi;Multiplayer;Action;Games Workshop;MOBA;Base-Building;Singleplayer;Gore;War;Atmospheric;Tactical;Co-op;Great Soundtrack;Story Rich;Classic;Violent;Casual,3,20,7.99,39.99,80.0,0,10879,11638,22517,0.4831,0,"1,000,000 .. 2,000,000",1000000,2000000,1500000,0,0,0,88
202170,Sleeping Dogs,United Front Games,Square Enix,"Action, Adventure",Open World;Action;Martial Arts;Third Person;Crime;Adventure;Fighting;Singleplayer;Sandbox;Story Rich;Great Soundtrack;Driving;Automobile Sim;Parkour;Violent;RPG;Third-Person Shooter;Shooter;Atmospheric;Multiplayer,2,20,0.0,0.0,0.0,1,16134,950,17084,0.9444,1,"1,000,000 .. 2,000,000",1000000,2000000,1500000,0,0,0,18
235600,Tom Clancy’s Splinter Cell Blacklist,Ubisoft Toronto,Ubisoft,"Action, Adventure",Stealth;Action;Co-op;Third Person;Singleplayer;Multiplayer;Shooter;Adventure;Tactical;Third-Person Shooter;Online Co-Op;Parkour;Story Rich;FPS;Controller;Strategy;Atmospheric;First-Person;RPG;Mature,2,20,19.99,19.99,0.0,0,15918,3989,19907,0.7996,1,"1,000,000 .. 2,000,000",1000000,2000000,1500000,0,0,0,43
34030,Total War: NAPOLEON – Definitive Edition,"CREATIVE ASSEMBLY, Feral Interactive (Mac)","SEGA, Feral Interactive (Mac)",Strategy,Strategy;Historical;Grand Strategy;War;Turn-Based Strategy;RTS;Multiplayer;Tactical;Military;Singleplayer;Real Time Tactics;Turn-Based;Action;Turn-Based Tactics;Simulation;Co-op;Naval;Great Soundtrack;Moddable;Classic,1,20,19.99,19.99,0.0,0,23179,2186,25365,0.9138,1,"1,000,000 .. 2,000,000",1000000,2000000,1500000,0,0,0,929
459820,Crush Crush,Sad Panda Studios,Sad Panda Studios,"Casual, Indie, Free To Play",Sexual Content;Nudity;Free to Play;Hentai;Dating Sim;Anime;Mature;Clicker;Cute;Singleplayer;NSFW;Romance;Visual Novel;Casual;Funny;Comedy;Indie;Female Protagonist;Memes;Resource Management,3,20,0.0,0.0,0.0,1,24246,2949,27195,0.8916,1,"1,000,000 .. 2,000,000",1000000,2000000,1500000,0,0,0,892
47810,Dragon Age: Origins - Ultimate Edition,BioWare,Electronic Arts,RPG,RPG;Fantasy;Story Rich;Choices Matter;Singleplayer;Party-Based RPG;Real-Time with Pause;Character Customization;Mature;Adventure;Multiple Endings;Well-Written;Dark Fantasy;Strategy;Dragons;Female Protagonist;Classic;Open World;Tactical;Moddable,1,20,29.99,29.99,0.0,0,24599,3813,28412,0.8658,1,"1,000,000 .. 2,000,000",1000000,2000000,1500000,0,0,0,394
1313860,EA SPORTS FIFA 21,EA Canada,Electronic Arts,"Simulation, Sports",Football (American);Football (Soccer);Sports;Multiplayer;PvP;Competitive;Controller;e-sports;Simulation;Local Multiplayer;Singleplayer;Online Co-Op;Realistic;Local Co-Op;Co-op;Modern;Casual;Runner;Great Soundtrack;Action,2,20,0.0,0.0,0.0,1,42906,13377,56283,0.7623,1,"1,000,000 .. 2,000,000",1000000,2000000,1500000,0,0,0,138
280790,Creativerse,Playful Corp.,Playful Corp.,"Action, Adventure, Casual, Indie, Massively Multiplayer, RPG, Simulation",Exploration;Sandbox;Voxel;Building;Crafting;Survival;Adventure;Open World Survival Craft;First-Person;Fantasy;Indie;Multiplayer;Family Friendly;Singleplayer;Online Co-Op;RPG;Action-Adventure;Open World;Third Person;Co-op,7,20,24.99,24.99,0.0,0,24051,6924,30975,0.7765,1,"1,000,000 .. 2,000,000",1000000,2000000,1500000,0,0,0,35
2280,DOOM + DOOM II,"id Software, Nightdive Studios",Bethesda,Action,FPS;Classic;1990's;Action;Great Soundtrack;Retro;Old School;Demons;Shooter;Gore;First-Person;Singleplayer;Boomer Shooter;Moddable;Fast-Paced;Sci-fi;Violent;2.5D;Multiplayer;Difficult,1,20,9.99,9.99,0.0,0,24105,879,24984,0.9648,1,"1,000,000 .. 2,000,000",1000000,2000000,1500000,0,0,0,345
637090,BATTLETECH,Harebrained Schemes,Paradox Interactive,"Action, Adventure, Strategy",Mechs;Strategy;Turn-Based Tactics;Turn-Based;Sci-fi;Turn-Based Strategy;Tactical;Action;Robots;Character Customization;Singleplayer;RPG;Space;Adventure;Futuristic;Management;Multiplayer;Story Rich;Great Soundtrack;Difficult,3,20,39.99,39.99,0.0,0,26438,5125,31563,0.8376,1,"1,000,000 .. 2,000,000",1000000,2000000,1500000,0,0,0,1446
690790,DiRT Rally 2.0,Codemasters,"Codemasters, Electronic Arts","Racing, Simulation, Sports",Racing;Automobile Sim;Simulation;Multiplayer;VR;Driving;Sports;Offroad;Realistic;Singleplayer;Difficult;First-Person;Controller;Open World;Co-op;3D Vision;Family Friendly;TrackIR;Action;Adventure,3,20,19.99,19.99,0.0,0,39383,5212,44595,0.8831,1,"1,000,000 .. 2,000,000",1000000,2000000,1500000,0,0,0,631
704850,Thief Simulator,Noble Muffins,PlayWay S.A.,"Action, Adventure, Indie, Simulation",Simulation;Stealth;Singleplayer;Crime;First-Person;Open World;Adventure;Heist;Action;Indie;Co-op;Sandbox;Funny;Exploration;Realistic;FPS;RPG;Silent Protagonist;Atmospheric;Immersive Sim,4,20,19.99,19.99,0.0,0,31601,4206,35807,0.8825,1,"1,000,000 .. 2,000,000",1000000,2000000,1500000,0,0,0,243
424370,Wolcen: Lords of Mayhem,WOLCEN Studio,WOLCEN Studio,"Action, Adventure, Indie, RPG",Action RPG;Hack and Slash;Singleplayer;Isometric;RPG;Loot;Action;Adventure;Indie;Dark Fantasy;Character Customization;Dungeon Crawler;Fantasy;Top-Down;Controller;Medieval;Difficult;Multiplayer;Co-op;Online Co-Op,4,20,19.99,19.99,0.0,0,37846,29831,67677,0.5592,0,"1,000,000 .. 2,000,000",1000000,2000000,1500000,0,0,0,30
851850,DRAGON BALL Z: KAKAROT,CyberConnect2 Co. Ltd.,Bandai Namco Entertainment Inc.,"Action, RPG",Action;RPG;Anime;Open World;Multiplayer;Fighting;Singleplayer;Story Rich;Adventure;JRPG;Controller;Great Soundtrack;Action RPG;Beat 'em up;Fantasy;Dragons;Third Person;Atmospheric;Character Customization;Difficult,2,20,19.99,19.99,0.0,0,50976,3704,54680,0.9323,1,"1,000,000 .. 2,000,000",1000000,2000000,1500000,0,0,0,264
243470,Watch_Dogs,Ubisoft,Ubisoft,"Action, Adventure",Open World;Hacking;Action;Multiplayer;Third Person;Adventure;Stealth;Third-Person Shooter;Singleplayer;Shooter;Atmospheric;Parkour;Epic;Driving;Co-op;Beautiful;Strategy;Futuristic;RPG;Simulation,2,20,19.99,19.99,0.0,0,35770,9953,45723,0.7823,1,"1,000,000 .. 2,000,000",1000000,2000000,1500000,0,0,0,388
1384160,GUILTY GEAR -STRIVE-,Arc System Works,Arc System Works,Action,Fighting;2D Fighter;Great Soundtrack;Anime;PvP;2.5D;Arcade;Lore-Rich;Multiplayer;Action;2D;Story Rich;Local Multiplayer;3D;Combat;Fantasy;LGBTQ+;Cinematic;Drama;Casual,1,20,39.99,39.99,0.0,0,52377,7005,59382,0.882,1,"1,000,000 .. 2,000,000",1000000,2000000,1500000,0,0,0,2463
491950,Orwell: Keeping an Eye On You,Osmotic Studios,Daedalic Entertainment,"Adventure, Indie, Simulation",Choices Matter;Political Sim;Dystopian;Story Rich;Indie;Singleplayer;Detective;Simulation;Interactive Fiction;Hacking;Politics;Political;Adventure;Mouse only;Atmospheric;Visual Novel;Episodic;Mystery;Point & Click;Great Soundtrack,3,20,9.99,9.99,0.0,0,13540,1414,14954,0.9054,1,"1,000,000 .. 2,000,000",1000000,2000000,1500000,0,0,0,14
2622000,Astral Party,STAR ENGINE PROJECT,Neverland Entertainment,"Casual, Indie, RPG, Strategy",Sexual Content;Hentai;Anime;Board Game;Free to Play;Multiplayer;PvP;Cute;Party Game;Turn-Based;Strategy;Relaxing;Casual;Nudity;Female Protagonist;Card Game;Funny;RPG;Indie;Mature,4,20,0.0,0.0,0.0,1,9547,7422,16969,0.5626,0,"1,000,000 .. 2,000,000",1000000,2000000,1500000,0,0,0,3227
1061910,Metal: Hellsinger,The Outsiders,Funcom,"Action, Adventure",Rhythm;FPS;Atmospheric;Singleplayer;Music;Shooter;Action;Demons;First-Person;Combat;Female Protagonist;Adventure;Score Attack;3D;Dark Fantasy;Stylized;Dark;Cinematic;Narration;Fantasy,2,20,8.99,29.99,70.0,0,15140,626,15766,0.9603,1,"1,000,000 .. 2,000,000",1000000,2000000,1500000,0,0,0,45
247080,Crypt of the NecroDancer,Brace Yourself Games,"Brace Yourself Games, Klei Entertainment","Action, Indie, RPG",Rhythm;Female Protagonist;Difficult;Rogue-like;Great Soundtrack;Pixel Graphics;Dungeon Crawler;Indie;Music;Local Co-Op;RPG;2D;Action;Rogue-lite;Procedural Generation;Singleplayer;Co-op;Fantasy;Adventure;Retro,3,20,14.99,14.99,0.0,0,24053,1063,25116,0.9577,1,"1,000,000 .. 2,000,000",1000000,2000000,1500000,0,0,0,114
392110,ENDLESS Space 2,AMPLITUDE Studios,AMPLITUDE Studios,Strategy,Strategy;Space;Sci-fi;4X;Turn-Based Strategy;Multiplayer;Turn-Based;Grand Strategy;Great Soundtrack;Singleplayer;Action;Open World;War;Atmospheric;Co-op;Moddable;Sandbox;RPG;Indie;RTS,1,20,39.99,39.99,0.0,0,18526,3664,22190,0.8349,1,"1,000,000 .. 2,000,000",1000000,2000000,1500000,0,0,0,359
214420,Gear Up,Doctor Entertainment AB,Doctor Entertainment AB,"Action, Free To Play, Indie",Free to Play;Multiplayer;Robots;Action;Shooter;Building;Tanks;PvP;Third Person;War;Sandbox;Massively Multiplayer;Indie;Open World;Strategy;Funny;Simulation;FPS;Adventure;Singleplayer,3,20,0.0,0.0,0.0,1,6243,2119,8362,0.7466,1,"1,000,000 .. 2,000,000",1000000,2000000,1500000,0,0,0,4
438040,Shakes and Fidget,Playa Games GmbH,Playa Games GmbH,"Adventure, Casual, Indie, Massively Multiplayer, RPG, Strategy, Free To Play",Free to Play;RPG;Massively Multiplayer;Casual;Multiplayer;Adventure;Strategy;Clicker;MMORPG;Character Customization;Fantasy;Indie;Comedy;Medieval;Singleplayer;Funny;Classic;Dark Humor;Story Rich;Cult Classic,7,20,0.0,0.0,0.0,1,33837,2756,36593,0.9247,1,"1,000,000 .. 2,000,000",1000000,2000000,1500000,0,0,0,1389
752590,A Plague Tale: Innocence,Asobo Studio,Focus Entertainment,"Action, Adventure",Story Rich;Adventure;Stealth;Female Protagonist;Medieval;Atmospheric;Singleplayer;Third Person;Action;Dark;Horror;Great Soundtrack;Historical;Emotional;Violent;Survival;Puzzle;Dark Fantasy;Post-apocalyptic;Walking Simulator,2,20,3.99,39.99,90.0,0,58909,4133,63042,0.9344,1,"1,000,000 .. 2,000,000",1000000,2000000,1500000,0,0,0,145
736220,Squad 44,Offworld,Offworld,"Action, Indie, Massively Multiplayer, Strategy",World War II;FPS;Simulation;Military;Singleplayer;Multiplayer;Realistic;Massively Multiplayer;Action;War;Strategy;First-Person;Shooter;Indie;Historical;Tactical;Team-Based;Violent;Co-op;Open World,4,20,19.99,19.99,0.0,0,18508,6156,24664,0.7504,1,"1,000,000 .. 2,000,000",1000000,2000000,1500000,0,0,0,143
933110,Age of Empires III: Definitive Edition,"World's Edge, Tantalus Media, Forgotten Empires",Xbox Game Studios,Strategy,Strategy;Base-Building;RTS;Multiplayer;Military;City Builder;Historical;War;Singleplayer;Free to Play;Resource Management;PvP;Combat;3D;Online Co-Op;Co-op;Medieval;Moddable;Story Rich;Level Editor,1,20,34.99,34.99,0.0,0,40941,7401,48342,0.8469,1,"1,000,000 .. 2,000,000",1000000,2000000,1500000,0,0,0,3016
24200,DC Universe Online,Dimensional Ink Games,Daybreak Game Company,"Action, Adventure, Massively Multiplayer, RPG, Free To Play",Free to Play;Superhero;MMORPG;Massively Multiplayer;Character Customization;Action;Comic Book;RPG;Multiplayer;Adventure;Controller;Third Person;Open World;Combat;Beat 'em up;Exploration;PvP;Online Co-Op;Fighting;Co-op,5,20,0.0,0.0,0.0,1,16923,4093,21016,0.8052,1,"1,000,000 .. 2,000,000",1000000,2000000,1500000,0,0,0,546
228200,Company of Heroes,Relic Entertainment,Relic Entertainment,"Action, Strategy",Strategy;World War II;RTS;War;Singleplayer;Multiplayer;Action;Military;Tactical;Violent;Historical;Base-Building;Co-op;Real Time Tactics;Classic;Moddable;Mod;Story Rich;Mature;Great Soundtrack,2,20,14.99,14.99,0.0,0,16025,946,16971,0.9443,1,"1,000,000 .. 2,000,000",1000000,2000000,1500000,0,0,0,864
233720,Surgeon Simulator,Bossa Studios,"Infogrames, Atari","Action, Indie, Simulation",Simulation;Funny;Physics;Comedy;Medical Sim;Indie;Dark Humor;Difficult;Puzzle;Intentionally Awkward Controls;VR;First-Person;Casual;Aliens;Singleplayer;Dark;Action;Blood;Gore;Great Soundtrack,3,20,9.99,9.99,0.0,0,13566,2927,16493,0.8225,1,"1,000,000 .. 2,000,000",1000000,2000000,1500000,0,0,0,11
1483870,Draw & Guess,Acureus,Acureus,"Casual, Indie",Party;Multiplayer;Funny;Casual;Online Co-Op;Party Game;Relaxing;Comedy;2D;PvP;Cute;PvE;Colorful;Cartoony;Cartoon;Hand-drawn;Co-op;Singleplayer;Spelling;Puzzle,2,20,4.99,4.99,0.0,0,28294,5381,33675,0.8402,1,"1,000,000 .. 2,000,000",1000000,2000000,1500000,0,0,0,296
692850,Bloodstained: Ritual of the Night,ArtPlay,505 Games,"Action, Adventure, RPG",Metroidvania;RPG;Female Protagonist;Action;Adventure;Anime;Side Scroller;2.5D;Platformer;Great Soundtrack;Dark Fantasy;Gothic;Exploration;Singleplayer;Crafting;2D;Difficult;Nudity;Indie;Sexual Content,3,20,39.99,39.99,0.0,0,36999,2486,39485,0.937,1,"1,000,000 .. 2,000,000",1000000,2000000,1500000,0,0,0,158
15100,Assassin's Creed: Director's Cut Edition,Ubisoft Montreal,Ubisoft,"Action, Adventure",Action;Combat;Stealth;Adventure;Historical;Third Person;Parkour;Exploration;Assassin;Singleplayer;Medieval;Story Rich;Conspiracy;Atmospheric;Realistic;Action-Adventure;Open World;3D;Cinematic;Narration,2,20,19.99,19.99,0.0,0,17822,4075,21897,0.8139,1,"1,000,000 .. 2,000,000",1000000,2000000,1500000,0,0,0,61
1241100,POLYGON: Multiplayer Shooter,Redaster Studio,Redaster Studio,"Action, Indie, Massively Multiplayer, Free To Play, Early Access",Free to Play;FPS;Multiplayer;Shooter;Military;First-Person;Action;Tactical;War;Team-Based;PvP;Gun Customization;Massively Multiplayer;Competitive;Character Customization;Indie;Atmospheric;Stylized;Early Access;Colorful,5,20,0.0,0.0,0.0,1,26313,8756,35069,0.7503,1,"1,000,000 .. 2,000,000",1000000,2000000,1500000,0,0,0,119
1282100,REMNANT II,Gunfire Games,"Arc Games, THQ Nordic","Action, Adventure, RPG",Souls-like;Co-op;Action;Adventure;Third-Person Shooter;RPG;Shooter;Dark;Action-Adventure;Online Co-Op;Post-apocalyptic;Multiplayer;Third Person;Combat;Horror;Atmospheric;PvE;Singleplayer;Controller;Looter Shooter,3,20,49.99,49.99,0.0,0,50249,10114,60363,0.8324,1,"1,000,000 .. 2,000,000",1000000,2000000,1500000,0,0,0,1573
287290,Resident Evil Revelations 2,"CAPCOM Co., Ltd.","CAPCOM Co., Ltd.","Action, Adventure",Zombies;Horror;Multiplayer;Survival Horror;Action;Co-op;Adventure;Third-Person Shooter;Survival;Female Protagonist;Singleplayer;Local Co-Op;Third Person;Gore;Episodic;Atmospheric;Online Co-Op;Story Rich;Shooter;Action RPG,2,20,4.99,19.99,75.0,0,22413,6276,28689,0.7812,1,"1,000,000 .. 2,000,000",1000000,2000000,1500000,0,0,0,141
1225330,NBA 2K21,Visual Concepts,2K,"Simulation, Sports",Basketball;Sports;Simulation;Character Customization;Realistic;Multiplayer;Action;Third Person;Team-Based;3D;Singleplayer;Local Co-Op;Online Co-Op;Local Multiplayer;Co-op;Competitive;4 Player Local;e-sports;Management;Immersive Sim,2,20,0.0,0.0,0.0,1,16233,22823,39056,0.4156,0,"1,000,000 .. 2,000,000",1000000,2000000,1500000,0,0,0,148
4920,Natural Selection 2,Unknown Worlds Entertainment,"Unknown Worlds Entertainment, KRAFTON, Inc.","Action, Indie, Strategy",Multiplayer;Strategy;FPS;Team-Based;Action;Sci-fi;RTS;Aliens;Indie;Competitive;Shooter;Co-op;Tactical;Moddable;First-Person;Space;Futuristic;Atmospheric;Online Co-Op;Adventure,3,20,4.99,4.99,0.0,0,11207,1932,13139,0.853,1,"1,000,000 .. 2,000,000",1000000,2000000,1500000,0,0,0,95
19900,Far Cry 2,Ubisoft Montreal,Ubisoft,Action,Open World;FPS;Action;Shooter;Singleplayer;First-Person;Multiplayer;Adventure;Realistic;Sandbox;Atmospheric;Stealth;Survival;Exploration;Story Rich;Level Editor;Immersive Sim;Controller;Great Soundtrack;Co-op,1,20,9.99,9.99,0.0,0,12895,3942,16837,0.7659,1,"1,000,000 .. 2,000,000",1000000,2000000,1500000,0,0,0,77
979690,The Ascent,Neon Giant,"KRAFTON, Inc.","Action, Adventure, Indie, RPG",Top-Down Shooter;Cyberpunk;RPG;Action;Co-op;Shooter;Open World;Indie;Adventure;Isometric;Twin Stick Shooter;Action RPG;Violent;Dystopian;Gore;Futuristic;Character Customization;Local Co-Op;Split Screen;PvE,4,20,29.99,29.99,0.0,0,16932,5952,22884,0.7399,1,"1,000,000 .. 2,000,000",1000000,2000000,1500000,0,0,0,211
130,Half-Life: Blue Shift,Gearbox Software,Valve,Action,FPS;Action;Sci-fi;Singleplayer;Shooter;Aliens;Classic;First-Person;Zombies;Adventure;1990's;Short;Atmospheric;Silent Protagonist;Story Rich;Puzzle;Moddable;Retro;Great Soundtrack;Violent,1,20,4.99,4.99,0.0,0,17384,1410,18794,0.925,1,"1,000,000 .. 2,000,000",1000000,2000000,1500000,0,0,0,35
809960,Radical Heights,Boss Key Productions,Boss Key Productions,"Action, Adventure, Free To Play, Indie, Massively Multiplayer, Early Access",Battle Royale;Free to Play;Action;Massively Multiplayer;Multiplayer;Survival;Early Access;Adventure;Indie;Third-Person Shooter;Shooter;Open World;1980s;PvP;Character Customization;FPS;Memes;Co-op;Anime;BMX,6,20,0.0,0.0,0.0,1,6072,3727,9799,0.6197,0,"1,000,000 .. 2,000,000",1000000,2000000,1500000,0,0,0,0
47790,Medal of Honor,Electronic Arts,Electronic Arts,Action,FPS;Action;Shooter;Singleplayer;Multiplayer;Military;First-Person;War;Modern;Realistic;Co-op;Controller;America;Stealth;Linear;Mature;Story Rich;Open World;Atmospheric;VR,1,20,19.99,19.99,0.0,0,7621,2438,10059,0.7576,1,"1,000,000 .. 2,000,000",1000000,2000000,1500000,0,0,0,24
253980,Enclave,Starbreeze,Topware Interactive,"Action, RPG",RPG;Action;Fantasy;Third Person;Hack and Slash;Singleplayer;Adventure;Classic;Action RPG;Magic;Female Protagonist;Atmospheric;Multiplayer;First-Person;Great Soundtrack;Nudity;Open World;Dark Fantasy;Action-Adventure;Medieval,2,20,4.99,9.99,50.0,0,5068,1312,6380,0.7944,1,"1,000,000 .. 2,000,000",1000000,2000000,1500000,0,0,0,63
292730,Call of Duty: Infinite Warfare,Infinity Ward,Activision,"Action, Adventure",Action;FPS;Multiplayer;Zombies;Futuristic;Space;Shooter;Hero Shooter;First-Person;Singleplayer;Sci-fi;Robots;Adventure;Story Rich;Atmospheric;Quick-Time Events;War;Great Soundtrack;Co-op;Post-apocalyptic,2,20,14.99,59.99,75.0,0,16982,11396,28378,0.5984,0,"1,000,000 .. 2,000,000",1000000,2000000,1500000,0,0,0,326
774361,Blasphemous,The Game Kitchen,Team17,"Action, Adventure, Indie",Metroidvania;Pixel Graphics;Souls-like;Dark Fantasy;Gore;2D;Violent;Action;Indie;Difficult;Platformer;Singleplayer;Blood;Adventure;Gothic;Horror;Lore-Rich;Great Soundtrack;Side Scroller;Nudity,3,20,6.24,24.99,75.0,0,46393,5091,51484,0.9011,1,"1,000,000 .. 2,000,000",1000000,2000000,1500000,0,0,0,479
34270,SEGA Mega Drive and Genesis Classics,D3T Limited,SEGA,"Action, Adventure, Casual, RPG",Classic;Action;Adventure;RPG;Retro;Casual;1990's;2D;Arcade;Pixel Graphics;Platformer;Old School;Singleplayer;Beat 'em up;Multiplayer;Great Soundtrack;Co-op;Local Multiplayer;Moddable;VR,4,20,0.0,0.0,0.0,1,9533,2269,11802,0.8077,1,"1,000,000 .. 2,000,000",1000000,2000000,1500000,0,0,0,22
251060,Wargame: Red Dragon,Eugen Systems,Eugen Systems,"Indie, Simulation, Strategy",Strategy;RTS;Military;Realistic;Wargame;Cold War;Tactical;Multiplayer;Real Time Tactics;War;Simulation;Naval;Alternate History;Singleplayer;Real-Time;Action;Co-op;Difficult;Epic;Adventure,3,20,29.99,29.99,0.0,0,17036,2147,19183,0.8881,1,"1,000,000 .. 2,000,000",1000000,2000000,1500000,0,0,0,434
4500,S.T.A.L.K.E.R.: Shadow of Chernobyl,GSC Game World,GSC Game World,"Action, RPG",Atmospheric;Post-apocalyptic;Open World;FPS;Survival;Action;Survival Horror;Shooter;RPG;Horror;First-Person;Singleplayer;Classic;Based On A Novel;Moddable;Adventure;Immersive;Sci-fi;Inventory Management;Difficult,2,20,19.99,19.99,0.0,0,44761,2530,47291,0.9465,1,"1,000,000 .. 2,000,000",1000000,2000000,1500000,0,0,0,185
32470,STAR WARS Empire at War - Gold Pack,Petroglyph,"LucasArts, Lucasfilm, Disney",Strategy,Strategy;RTS;Space;Sci-fi;Multiplayer;Singleplayer;Moddable;Mod;Tactical;War;Action;Classic;Grand Strategy;Great Soundtrack;Simulation;Co-op;4X;Adventure;Atmospheric;Epic,1,20,19.99,19.99,0.0,0,38503,932,39435,0.9764,1,"1,000,000 .. 2,000,000",1000000,2000000,1500000,0,0,0,2818
837470,Untitled Goose Game,House House,Panic,"Action, Indie",Funny;Villain Protagonist;Multiplayer;Co-op;Cute;Comedy;Indie;Puzzle;Stealth;Singleplayer;Family Friendly;Local Co-Op;Colorful;Sandbox;Local Multiplayer;Physics;Third Person;Adventure;Action;Simulation,2,20,19.99,19.99,0.0,0,21184,920,22104,0.9584,1,"1,000,000 .. 2,000,000",1000000,2000000,1500000,0,0,0,100
834910,ATLAS,"Grapeshot Games, Instinct Games","Grapeshot Games, Snail Games USA","Action, Adventure, Massively Multiplayer, RPG, Early Access",Survival;Open World;Pirates;Sailing;Adventure;Massively Multiplayer;Crafting;Naval Combat;Early Access;Online Co-Op;Multiplayer;RPG;MMORPG;Exploration;Sandbox;Base-Building;Action;PvP;Co-op;PvE,5,20,29.99,29.99,0.0,0,20142,22392,42534,0.4736,0,"1,000,000 .. 2,000,000",1000000,2000000,1500000,0,0,0,468
454650,DRAGON BALL XENOVERSE 2,"QLOC, Dimps Corporation",Bandai Namco Entertainment,"Action, Adventure, Casual, Massively Multiplayer",Anime;Fighting;Character Customization;Action;Multiplayer;Adventure;Massively Multiplayer;Co-op;RPG;Online Co-Op;Singleplayer;Open World;Third Person;Story Rich;MMORPG;Beat 'em up;Moddable;Great Soundtrack;Casual;Dragons,4,20,4.99,19.99,75.0,0,47781,5102,52883,0.9035,1,"1,000,000 .. 2,000,000",1000000,2000000,1500000,0,0,0,652
1284410,GWENT: The Witcher Card Game,CD PROJEKT RED,CD PROJEKT RED,"RPG, Strategy, Free To Play",Free to Play;Strategy;Card Game;RPG;Multiplayer;Deckbuilding;Trading Card Game;PvP;Fantasy;Singleplayer;Nudity;Turn-Based;Sexual Content;Great Soundtrack;Card Battler;Difficult;Casual;Board Game;Atmospheric;Mature,3,20,0.0,0.0,0.0,1,24044,5320,29364,0.8188,1,"1,000,000 .. 2,000,000",1000000,2000000,1500000,0,0,0,619
1238820,Battlefield 3,DICE,Electronic Arts,Action,Action;Multiplayer;Shooter;Singleplayer;FPS;First-Person;Team-Based;PvP;Tactical;Destruction;Atmospheric;War;Military;Violent;Co-op;Story Rich;Controller;Online Co-Op;Co-op Campaign;Open World,1,20,39.99,39.99,0.0,0,10748,4612,15360,0.6997,0,"1,000,000 .. 2,000,000",1000000,2000000,1500000,0,0,0,90
323470,DRAGON BALL XENOVERSE,DIMPS,BANDAI NAMCO Entertainment,Action,Anime;Fighting;Action;Character Customization;Multiplayer;Co-op;Adventure;Singleplayer;RPG;Online Co-Op;Third Person;Fantasy;Dragons;Beat 'em up;Controller;Open World;Action RPG;Funny;Fast-Paced;Local Co-Op,1,20,6.49,64.98,90.0,0,18775,2127,20902,0.8982,1,"1,000,000 .. 2,000,000",1000000,2000000,1500000,0,0,0,63
1089980,The Henry Stickmin Collection,PuffballsUnited,Innersloth,"Adventure, Casual, Indie",Funny;Multiple Endings;Choose Your Own Adventure;Memes;Comedy;Singleplayer;Choices Matter;Classic;Point & Click;2D;Epic;Hand-drawn;Adventure;Indie;Family Friendly;Action;Interactive Fiction;Casual;Parody;Old School,3,20,14.99,14.99,0.0,0,50017,681,50698,0.9866,1,"1,000,000 .. 2,000,000",1000000,2000000,1500000,0,0,0,185
1147560,Skul: The Hero Slayer,SOUTHPAW GAMES,NEOWIZ,"Action, Indie",Indie;Action;Action Roguelike;Pixel Graphics;2D;Rogue-like;Rogue-lite;Singleplayer;Platformer;Metroidvania;Difficult;Side Scroller;Hack and Slash;Adventure;Villain Protagonist;Action-Adventure;Fantasy;Story Rich;Multiplayer;Cute,2,20,19.99,19.99,0.0,0,51218,3683,54901,0.9329,1,"1,000,000 .. 2,000,000",1000000,2000000,1500000,0,0,0,1205
214560,Mark of the Ninja,Klei Entertainment,Microsoft Studios,"Action, Adventure, Indie",Stealth;Platformer;Ninja;Indie;2D;Action;Singleplayer;Side Scroller;Adventure;Assassin;Atmospheric;Controller;Replay Value;Cartoon;Puzzle;Dark;Short;Story Rich;Strategy;Casual,3,20,4.99,4.99,0.0,0,15360,476,15836,0.9699,1,"1,000,000 .. 2,000,000",1000000,2000000,1500000,0,0,0,2
225080,Brothers - A Tale of Two Sons,Starbreeze Studios AB,505 Games,"Action, Adventure, Indie",Adventure;Atmospheric;Story Rich;Controller;Indie;Emotional;Puzzle;Short;Fantasy;Singleplayer;Beautiful;Great Soundtrack;Local Co-Op;Multiplayer;Action;Platformer;Third Person;Casual;Walking Simulator;3D Vision,3,20,14.99,14.99,0.0,0,38721,2274,40995,0.9445,1,"1,000,000 .. 2,000,000",1000000,2000000,1500000,0,0,0,9
237930,Transistor,Supergiant Games,Supergiant Games,"Action, Indie, RPG",Great Soundtrack;Female Protagonist;Indie;Cyberpunk;Story Rich;Sci-fi;Action RPG;Singleplayer;RPG;Beautiful;Isometric;Atmospheric;Action;Narration;Strategy;Tactical;Adventure;Turn-Based;Short;Hack and Slash,3,20,19.99,19.99,0.0,0,28786,1806,30592,0.941,1,"1,000,000 .. 2,000,000",1000000,2000000,1500000,0,0,0,10
96100,Defy Gravity Extended,Paul Fisch,Fish Factory Games,"Action, Casual, Indie",Puzzle-Platformer;Platformer;Indie;Puzzle;Space;2D;Action;Singleplayer;Difficult;Casual;Sci-fi;Great Soundtrack;Female Protagonist;Physics;Retro;Arcade;Shooter;Funny;Multiplayer;Third Person,3,20,1.99,1.99,0.0,0,7365,1187,8552,0.8612,1,"1,000,000 .. 2,000,000",1000000,2000000,1500000,0,0,0,0
113200,The Binding of Isaac,"Edmund McMillen, Florian Himsl",Edmund McMillen,"Action, Adventure, Indie, RPG",Action Roguelike;Rogue-like;Indie;Replay Value;Difficult;Procedural Generation;Dark;Action;Top-Down;Great Soundtrack;Addictive;Singleplayer;Adventure;Rogue-lite;2D;Dungeon Crawler;Survival;RPG;Perma Death;Bullet Hell,4,20,4.99,4.99,0.0,0,57299,3080,60379,0.949,1,"1,000,000 .. 2,000,000",1000000,2000000,1500000,0,0,0,213
2310,Quake,"id Software, Nightdive Studios, MachineGames",Bethesda Softworks,Action,FPS;Classic;Action;Shooter;1990's;Multiplayer;Singleplayer;First-Person;Old School;Gore;Retro;Horror;Great Soundtrack;Fast-Paced;Atmospheric;Boomer Shooter;Moddable;Sci-fi;Arena Shooter;Co-op,1,20,9.99,9.99,0.0,0,13926,474,14400,0.9671,1,"1,000,000 .. 2,000,000",1000000,2000000,1500000,0,0,0,82
599140,Graveyard Keeper,Lazy Bear Games,tinyBuild,"Adventure, Indie, RPG, Simulation",Pixel Graphics;Crafting;RPG;Simulation;Sandbox;Management;Indie;Singleplayer;Medieval;Building;Adventure;Dark Humor;Agriculture;2D;Fantasy;Story Rich;Dark;Mystery;Gore;Violent,4,20,19.99,19.99,0.0,0,37721,5926,43647,0.8642,1,"1,000,000 .. 2,000,000",1000000,2000000,1500000,0,0,0,941
1840,Source Filmmaker,Valve,Valve,"Animation & Modeling, Video Production",Animation & Modeling;Free to Play;Video Production;Software;Movie;Difficult;Sandbox;Funny;Comedy;Singleplayer;Moddable;Character Customization;Memes;Survival Horror;Games Workshop;3D;Anime;Great Soundtrack;Souls-like;Family Friendly,2,20,0.0,0.0,0.0,1,37791,2868,40659,0.9295,1,"1,000,000 .. 2,000,000",1000000,2000000,1500000,0,0,0,1047
65980,Sid Meier's Civilization: Beyond Earth,"Firaxis Games, Aspyr (Mac), Aspyr (Linux)","2K, Aspyr (Mac), Aspyr (Linux)",Strategy,Strategy;Turn-Based Strategy;Sci-fi;Space;4X;Turn-Based;Multiplayer;Futuristic;Singleplayer;Aliens;Hex Grid;Tactical;Grand Strategy;Replay Value;Exploration;Atmospheric;Moddable;Adventure;Simulation;Action,1,20,9.99,39.99,75.0,0,13604,8974,22578,0.6025,0,"1,000,000 .. 2,000,000",1000000,2000000,1500000,0,0,0,268
373420,Divinity: Original Sin - Enhanced Edition,Larian Studios,Larian Studios,"Adventure, Indie, RPG, Strategy",RPG;Turn-Based;Co-op;Adventure;Fantasy;Party-Based RPG;Strategy;Turn-Based Combat;Story Rich;Character Customization;CRPG;Open World;Local Co-Op;Singleplayer;Isometric;Multiplayer;Indie;Turn-Based Strategy;Great Soundtrack;Split Screen,4,20,39.99,39.99,0.0,0,26069,2997,29066,0.8969,1,"1,000,000 .. 2,000,000",1000000,2000000,1500000,0,0,0,387
1621690,Core Keeper,Pugstorm,"Fireshine Games, bilibili","Action, Adventure, Indie, RPG, Simulation",Pixel Graphics;Open World Survival Craft;Online Co-Op;Sandbox;Survival;Adventure;Crafting;Exploration;2D;Building;Mining;Dungeon Crawler;Procedural Generation;Farming Sim;Relaxing;Cooking;Simulation;Atmospheric;Mystery;Casual,5,20,19.99,19.99,0.0,0,51042,3937,54979,0.9284,1,"1,000,000 .. 2,000,000",1000000,2000000,1500000,0,0,0,3688
1089090,ONE PIECE: PIRATE WARRIORS 4,Koei Tecmo,BANDAI NAMCO Entertainment,Action,Anime;Hack and Slash;Beat 'em up;Pirates;Fighting;Split Screen;Action;PvP;Arcade;Multiplayer;Musou;Co-op;Adventure;RPG;Local Co-Op;Online Co-Op;Comedy;Singleplayer;Open World;Controller,1,20,7.99,39.99,80.0,0,18314,1666,19980,0.9166,1,"1,000,000 .. 2,000,000",1000000,2000000,1500000,0,0,0,191
942970,Unheard - Voices of Crime,NEXT Studios,"NEXT Studios, 505 Games","Indie, RPG, Simulation",Detective;Puzzle;Mystery;Indie;RPG;Simulation;Story Rich;Horror;Singleplayer;Atmospheric;Investigation;Point & Click;2D;Top-Down;Crime;Short,3,16,6.99,6.99,0.0,0,30125,1184,31309,0.9622,1,"1,000,000 .. 2,000,000",1000000,2000000,1500000,0,0,0,68
41500,Torchlight,Runic Games,XD,RPG,RPG;Action RPG;Hack and Slash;Dungeon Crawler;Fantasy;Singleplayer;Loot;Indie;Moddable;Action;Adventure;Isometric;Magic;Cartoon;Exploration;Top-Down;Female Protagonist;Steampunk;Great Soundtrack;Multiplayer,1,20,14.99,14.99,0.0,0,6319,637,6956,0.9084,1,"1,000,000 .. 2,000,000",1000000,2000000,1500000,0,0,0,40
17080,Tribes: Ascend,Hi-Rez Studios,Hi-Rez Studios,"Action, Free To Play",Free to Play;FPS;Multiplayer;Action;Shooter;Fast-Paced;Sci-fi;Futuristic;First-Person;Co-op;Massively Multiplayer;Open World;Competitive;Team-Based;Online Co-Op;Difficult;Robots;Adventure;Singleplayer;RPG,2,20,0.0,0.0,0.0,1,6946,1639,8585,0.8091,1,"1,000,000 .. 2,000,000",1000000,2000000,1500000,0,0,0,0
1778820,TEKKEN 8,Bandai Namco Studios Inc.,Bandai Namco Entertainment,Action,Fighting;3D Fighter;Action;Multiplayer;Local Multiplayer;e-sports;PvP;Arcade;Singleplayer;Competitive;Character Customization;Martial Arts;Casual;Great Soundtrack;Anime;Difficult;Controller;Gambling;Sexual Content;Story Rich,1,20,39.99,39.99,0.0,0,33020,28048,61068,0.5407,0,"1,000,000 .. 2,000,000",1000000,2000000,1500000,0,0,0,4409
1522820,Orcs Must Die! 3,Robot Entertainment,Robot Entertainment,"Action, Adventure, Indie, Strategy",Tower Defense;Co-op;Strategy;Third-Person Shooter;PvE;Action;Multiplayer;Third Person;Online Co-Op;3D;Funny;Fantasy;Co-op Campaign;Adventure;Combat;Physics;Singleplayer;Stylized;Comedy;Cartoony,4,20,29.99,29.99,0.0,0,12067,2016,14083,0.8568,1,"1,000,000 .. 2,000,000",1000000,2000000,1500000,0,0,0,161
4570,"Warhammer 40,000: Dawn of War - Anniversary Edition (Classic)",Relic Entertainment,Relic Entertainment,Strategy,Strategy;RTS;Warhammer 40K;Base-Building;Sci-fi;Multiplayer;Real-Time;Games Workshop;Tactical;Singleplayer;War;Classic;Action;Gore;Epic;Great Soundtrack;Fantasy;Story Rich;Futuristic;Violent,1,20,14.99,14.99,0.0,0,10634,572,11206,0.949,1,"1,000,000 .. 2,000,000",1000000,2000000,1500000,0,0,0,76
2322560,Love Is All Around,intiny,intiny,"Adventure, Indie, RPG, Simulation, Strategy",Dating Sim;Sexual Content;Singleplayer;FMV;Visual Novel;Romance;First-Person;Multiple Endings;Choices Matter;Interactive Fiction;Story Rich;Immersive Sim;RPG;Choose Your Own Adventure;Emotional;Drama;Female Protagonist;Relaxing;Simulation;Multiplayer,5,20,9.99,9.99,0.0,0,42490,2924,45414,0.9356,1,"1,000,000 .. 2,000,000",1000000,2000000,1500000,0,0,0,71
2344520,Diablo IV,"Blizzard Entertainment, Inc.","Blizzard Entertainment, Inc.","Action, Adventure, Casual, Massively Multiplayer, RPG",Action RPG;Hack and Slash;Loot;Isometric;RPG;Online Co-Op;Singleplayer;Co-op;Dungeon Crawler;Multiplayer;Action;Third Person;PvE;Fantasy;Dark Fantasy;Story Rich;Gore;Exploration;Violent;MMORPG,5,20,49.99,49.99,0.0,0,32969,17333,50302,0.6554,0,"1,000,000 .. 2,000,000",1000000,2000000,1500000,0,0,0,8835
10680,Aliens vs. Predator,Rebellion,SEGA,Action,Action;FPS;Aliens;Multiplayer;Sci-fi;Horror;Shooter;Singleplayer;Gore;First-Person;Stealth;Atmospheric;Survival;Co-op;Blood;Hunting;Survival Horror;Adventure;Online Co-Op;Strategy,1,20,14.99,14.99,0.0,0,18175,1778,19953,0.9109,1,"1,000,000 .. 2,000,000",1000000,2000000,1500000,0,0,0,49
216150,MapleStory,NEXON Korea Corporation,Nexon America Inc.,"Action, Adventure, Casual, Massively Multiplayer, RPG, Free To Play",MMORPG;2D Platformer;Character Customization;Loot;Free to Play;Side Scroller;PvE;Multiplayer;Multiple Endings;Co-op;Cute;Anime;Platformer;PvP;Third Person;Massively Multiplayer;Story Rich;RPG;2D;Casual,6,20,0.0,0.0,0.0,1,8882,5305,14187,0.6261,0,"1,000,000 .. 2,000,000",1000000,2000000,1500000,0,0,0,8092
378540,The Surge,Deck13,Focus Entertainment,"Action, RPG",Souls-like;Action;RPG;Sci-fi;Third Person;Difficult;Singleplayer;Mechs;Hack and Slash;Violent;Robots;Open World;Exploration;Cyberpunk;Action RPG;Gore;Adventure;Horror;Futuristic;Story Rich,2,20,1.94,14.99,87.0,0,8236,2715,10951,0.7521,1,"1,000,000 .. 2,000,000",1000000,2000000,1500000,0,0,0,92
527430,"Warhammer 40,000: Inquisitor - Martyr",NeocoreGames,NeocoreGames,"Action, Adventure, Indie, RPG",Warhammer 40K;Action RPG;RPG;Hack and Slash;Action;Loot;Dark;Co-op;Adventure;Games Workshop;Space;Indie;Isometric;Violent;Online Co-Op;Sci-fi;Multiplayer;Singleplayer;War;Inventory Management,4,20,49.99,49.99,0.0,0,16053,5097,21150,0.759,1,"1,000,000 .. 2,000,000",1000000,2000000,1500000,0,0,0,208
753640,Outer Wilds,Mobius Digital,Annapurna Interactive,"Action, Adventure",Exploration;Space;Mystery;Story Rich;Adventure;Great Soundtrack;Atmospheric;Puzzle;Open World;Singleplayer;Indie;Sci-fi;Horror;First-Person;Beautiful;Psychological Horror;Epic;3D;Simulation;Action,2,20,24.99,24.99,0.0,0,80833,3655,84488,0.9567,1,"1,000,000 .. 2,000,000",1000000,2000000,1500000,0,0,0,928
583950,Artifact,Valve,Valve,Strategy,Card Battler;Deckbuilding;Card Game;Trading Card Game;Strategy;Multiplayer;e-sports;Tactical;Competitive;Turn-Based Strategy;Difficult;Fantasy;Singleplayer;Casual;Turn-Based;Atmospheric;Great Soundtrack;Magic;Funny;Violent,1,20,0.0,0.0,0.0,1,11614,13144,24758,0.4691,0,"1,000,000 .. 2,000,000",1000000,2000000,1500000,0,0,0,33
206480,Dungeons & Dragons Online,Standing Stone Games,Daybreak Game Company LLC,"Action, Adventure, Massively Multiplayer, RPG, Free To Play",Free to Play;RPG;MMORPG;Dungeons & Dragons;Massively Multiplayer;Fantasy;Adventure;Multiplayer;Action;Dragons;Open World;Magic;Character Customization;Co-op;Dungeon Crawler;Third Person;Dwarf;Online Co-Op;Puzzle;Sandbox,5,20,0.0,0.0,0.0,1,5140,2090,7230,0.7109,1,"1,000,000 .. 2,000,000",1000000,2000000,1500000,0,0,0,260
921630,音灵 INVAXION,Nanjing AQUATRAX,bilibili,"Casual, Indie, Racing",Music;Rhythm;Casual;Indie;Anime;Racing,3,6,0.0,0.0,0.0,1,3303,2911,6214,0.5315,0,"1,000,000 .. 2,000,000",1000000,2000000,1500000,0,0,0,0
215080,WAKFU,Ankama Studio,Ankama Games,"Action, Adventure, Casual, Indie, Massively Multiplayer, RPG, Strategy, Free To Play",Free to Play;Massively Multiplayer;Turn-Based Strategy;MMORPG;RPG;Open World;Turn-Based;Strategy;Adventure;Anime;Tactical;Multiplayer;Fantasy;Isometric;2D;Tactical RPG;Turn-Based Combat;Action;Sandbox;Co-op,8,20,0.0,0.0,0.0,1,7744,2492,10236,0.7565,1,"1,000,000 .. 2,000,000",1000000,2000000,1500000,0,0,0,257
65790,Arma: Cold War Assault Remastered,"Bohemia Interactive, Josef Šimánek (retro)",Bohemia Interactive,"Action, Simulation, Strategy",Simulation;Action;Military;Strategy;FPS;Cold War;Classic;Open World;Tactical;Multiplayer;War;Shooter;Realistic;First-Person;Singleplayer;Sandbox;Moddable;Team-Based;Third Person;Gore,3,20,9.99,9.99,0.0,0,4857,1236,6093,0.7971,1,"1,000,000 .. 2,000,000",1000000,2000000,1500000,0,0,0,10
332070,School of Dragons,"JumpStart Games, Inc.","JumpStart Games, Inc.","Adventure, Free To Play, Massively Multiplayer, RPG",Free to Play;Dragons;Adventure;Multiplayer;Massively Multiplayer;RPG;Open World;MMORPG;Family Friendly;Fantasy;Action;Online Co-Op;Singleplayer;Simulation;Co-op;Survival;Funny;PvP;First-Person;Atmospheric,4,20,0.0,0.0,0.0,1,3435,2127,5562,0.6176,0,"1,000,000 .. 2,000,000",1000000,2000000,1500000,0,0,0,1
311340,METAL GEAR SOLID V: GROUND ZEROES,KONAMI,KONAMI,"Action, Adventure",Stealth;Action;Tactical;Short;Singleplayer;Third Person;Story Rich;Cinematic;Open World;Replay Value;Atmospheric;Great Soundtrack;Adventure;Third-Person Shooter;Shooter;Sandbox;Classic;Cold War;Dark;Multiplayer,2,20,17.99,29.99,40.0,0,14283,2673,16956,0.8424,1,"1,000,000 .. 2,000,000",1000000,2000000,1500000,0,0,0,47
535930,Two Point Hospital,Two Point Studios,SEGA,"Indie, Simulation",Simulation;Management;Medical Sim;Building;Funny;Singleplayer;Strategy;Sandbox;Indie;Comedy;Casual;City Builder;Cartoony;Replay Value;Isometric;Multiplayer;Family Friendly;Retro;Classic;Tactical,2,20,29.99,29.99,0.0,0,30563,2711,33274,0.9185,1,"1,000,000 .. 2,000,000",1000000,2000000,1500000,0,0,0,518
414700,Outlast 2,Red Barrels,Red Barrels,"Action, Adventure, Indie",Horror;Psychological Horror;Survival Horror;First-Person;Gore;Singleplayer;Dark;Atmospheric;Violent;Mature;Survival;Action;Nudity;Sexual Content;Adventure;Story Rich;Multiplayer;Parkour;Indie;FPS,3,20,19.99,19.99,0.0,0,50676,4824,55500,0.9131,1,"1,000,000 .. 2,000,000",1000000,2000000,1500000,0,0,0,119
270150,RUNNING WITH RIFLES,Osumia Games,Osumia Games,"Action, Indie",Top-Down Shooter;Action;Tactical;Military;Artificial Intelligence;Open World;Sandbox;Wargame;Top-Down;Moddable;Multiplayer;Singleplayer;Loot;PvE;Co-op;Online Co-Op;Shooter;Co-op Campaign;RPG;Isometric,2,20,14.99,14.99,0.0,0,14195,1932,16127,0.8802,1,"1,000,000 .. 2,000,000",1000000,2000000,1500000,0,0,0,165
292910,Deponia: The Complete Journey,Daedalic Entertainment,Daedalic Entertainment,Adventure,Adventure;Point & Click;Comedy;Puzzle;Singleplayer;Funny;2D;Story Rich;Great Soundtrack;Classic;Cult Classic;Steampunk;Retro;Sci-fi;Indie;Hand-drawn;Cartoon;Dystopian;Escape Room;Sexual Content,1,20,29.99,29.99,0.0,0,5613,931,6544,0.8577,1,"1,000,000 .. 2,000,000",1000000,2000000,1500000,0,0,0,31
447020,Farming Simulator 17,GIANTS Software,GIANTS Software,Simulation,Farming Sim;Simulation;Automobile Sim;Multiplayer;Agriculture;Open World;Realistic;Economy;Driving;Moddable;Singleplayer;Management;First-Person;Co-op;Online Co-Op;Family Friendly;Third Person;Sandbox;Strategy;Great Soundtrack,1,20,14.99,14.99,0.0,0,23379,1630,25009,0.9348,1,"1,000,000 .. 2,000,000",1000000,2000000,1500000,0,0,0,221
1282730,Loop Hero,Four Quarters,Devolver Digital,"Indie, RPG, Strategy",Tactical;Rogue-like;Pixel Graphics;Deckbuilding;Rogue-lite;Choices Matter;Indie;Resource Management;Card Game;Strategy RPG;2D;Dark Fantasy;Old School;Story Rich;Fantasy;Time Management;RPG;Turn-Based Tactics;Minimalist;Adventure,3,20,14.99,14.99,0.0,0,32214,2445,34659,0.9295,1,"1,000,000 .. 2,000,000",1000000,2000000,1500000,0,0,0,348
17300,Crysis,Crytek,Electronic Arts,Action,FPS;Action;Sci-fi;Singleplayer;Shooter;Stealth;Open World;Aliens;First-Person;Benchmark;Multiplayer;Futuristic;Atmospheric;Adventure;Story Rich;Classic;Destruction;Sandbox;Great Soundtrack;Moddable,1,20,29.99,29.99,0.0,0,10565,2649,13214,0.7995,1,"1,000,000 .. 2,000,000",1000000,2000000,1500000,0,0,0,10
102500,Kingdoms of Amalur: Reckoning,"Big Huge Games, 38 Studios","38 Studios, Electronic Arts","Action, RPG",RPG;Fantasy;Open World;Singleplayer;Action RPG;Action;Adventure;Third Person;Loot;Story Rich;Magic;Character Customization;Hack and Slash;Exploration;Controller;Sandbox;Atmospheric;Crafting;Female Protagonist;Great Soundtrack,2,20,0.0,0.0,0.0,1,11366,1553,12919,0.8798,1,"1,000,000 .. 2,000,000",1000000,2000000,1500000,0,0,0,21
32800,Lord of the Rings: War in the North,Snowblind Studios,Warner Bros. Interactive Entertainment,"Action, RPG",RPG;Action;Co-op;Fantasy;Hack and Slash;Online Co-Op;Third Person;Action RPG;Adventure;Singleplayer;Multiplayer;Controller;Dwarf;Open World;Gore;Medieval;Atmospheric;Female Protagonist;3D Vision;Linear,2,20,0.0,0.0,0.0,1,7603,1749,9352,0.813,1,"1,000,000 .. 2,000,000",1000000,2000000,1500000,0,0,0,16
8850,BioShock 2,"2K Marin, 2K China, Digital Extremes, 2K Australia",2K,Action,FPS;Action;Singleplayer;Story Rich;Atmospheric;Horror;First-Person;Shooter;Steampunk;Sci-fi;Underwater;Multiplayer;Dystopian;Adventure;Immersive;RPG;Dark;Great Soundtrack;Philosophical;Action RPG,1,20,19.99,19.99,0.0,0,12864,1555,14419,0.8922,1,"1,000,000 .. 2,000,000",1000000,2000000,1500000,0,0,0,23
899440,GOD EATER 3,BANDAI NAMCO Studios Inc.,BANDAI NAMCO Entertainment,Action,Anime;Action;Character Customization;Hack and Slash;Hunting;Multiplayer;Co-op;JRPG;RPG;Online Co-Op;Singleplayer;Action RPG;Third Person;Post-apocalyptic;Great Soundtrack;Story Rich;Adventure;Female Protagonist;Open World;Sexual Content,1,20,5.99,59.99,90.0,0,7450,1921,9371,0.795,1,"1,000,000 .. 2,000,000",1000000,2000000,1500000,0,0,0,249
418240,Shadow Tactics: Blades of the Shogun,Mimimi Games,Daedalic Entertainment,"Indie, Strategy",Stealth;Strategy;Tactical;Ninja;Real Time Tactics;Singleplayer;Indie;Isometric;Assassin;Historical;Action;RTS;Difficult;Violent;Atmospheric;Third Person;Adventure;Puzzle;Survival;Great Soundtrack,2,20,3.99,39.99,90.0,0,35767,1470,37237,0.9605,1,"1,000,000 .. 2,000,000",1000000,2000000,1500000,0,0,0,218
207230,ArcheBlade,CodeBrush Games,Codebrush Games,"Action, Free To Play, Indie",Free to Play;Anime;Action;Fighting;Multiplayer;Massively Multiplayer;MOBA;Indie;PvP;MMORPG;Third Person;Hack and Slash;RPG;Adventure;Fantasy;Team-Based;Female Protagonist;Online Co-Op;Co-op;Third-Person Shooter,3,20,0.0,0.0,0.0,1,5594,2053,7647,0.7315,1,"1,000,000 .. 2,000,000",1000000,2000000,1500000,0,0,0,3
17460,Mass Effect (2007),BioWare,Electronic Arts,"Action, RPG",RPG;Sci-fi;Story Rich;Action;Space;Third-Person Shooter;Singleplayer;Choices Matter;Great Soundtrack;Third Person;Character Customization;Shooter;Adventure;Female Protagonist;Romance;Atmospheric;Open World;Action RPG;Real-Time with Pause;Immersive,2,20,29.99,29.99,0.0,0,15394,1040,16434,0.9367,1,"1,000,000 .. 2,000,000",1000000,2000000,1500000,0,0,0,22
383150,Dead Island Definitive Edition,Techland,Deep Silver,Action,Zombies;Open World;Co-op;Multiplayer;Survival;Action;Gore;Horror;First-Person;FPS;Online Co-Op;Singleplayer;Crafting;RPG;Survival Horror;Violent;Adventure;Nudity;Controller;Female Protagonist,1,20,19.99,19.99,0.0,0,20934,4593,25527,0.8201,1,"1,000,000 .. 2,000,000",1000000,2000000,1500000,0,0,0,410
224760,FEZ,Polytron Corporation,Trapdoor,Indie,Platformer;Indie;Puzzle;Pixel Graphics;Exploration;Great Soundtrack;Singleplayer;Adventure;Casual;Mystery;Puzzle-Platformer;2D;Beautiful;Relaxing;Atmospheric;2.5D;Cute;Retro;Controller;Metroidvania,1,20,9.99,9.99,0.0,0,14425,1137,15562,0.9269,1,"1,000,000 .. 2,000,000",1000000,2000000,1500000,0,0,0,37
1178830,Bright Memory: Infinite,FYQD-Studio,"FYQD-Studio, PLAYISM","Action, Indie",Action;Female Protagonist;Sexual Content;FPS;Indie;Singleplayer;Shooter;Sci-fi;Hack and Slash;First-Person;Mature;Gore;Violent;Souls-like;Character Customization;Short;Multiplayer;Swordplay;Futuristic;Realistic,2,20,19.99,19.99,0.0,0,35622,3089,38711,0.9202,1,"1,000,000 .. 2,000,000",1000000,2000000,1500000,0,0,0,44
2012510,Stormgate,Frost Giant Studios,Frost Giant Studios,"Action, Strategy, Free To Play, Early Access",Early Access;RTS;Base-Building;Strategy;Multiplayer;War;e-sports;Free to Play;Futuristic;Top-Down;Building;PvP;Fantasy;Moddable;Singleplayer;PvE;3D;Modern;Space;Action,4,20,0.0,0.0,0.0,1,3728,3755,7483,0.4982,0,"1,000,000 .. 2,000,000",1000000,2000000,1500000,0,0,0,36
297000,Heroes of Might & Magic III - HD Edition,Dotemu,Ubisoft Entertainment,"RPG, Strategy",Strategy;Turn-Based Strategy;Classic;Multiplayer;Fantasy;RPG;Great Soundtrack;Turn-Based;Atmospheric;Singleplayer;Co-op;Remake;Adventure;Replay Value;Local Multiplayer;Retro;Magic;Local Co-Op;Nostalgia;Action,2,20,14.99,14.99,0.0,0,18085,4694,22779,0.7939,1,"1,000,000 .. 2,000,000",1000000,2000000,1500000,0,0,0,1213
1151640,Horizon Zero Dawn Complete Edition,Guerrilla,PlayStation Publishing LLC,"Action, Adventure, RPG",Open World;Adventure;Female Protagonist;Singleplayer;Story Rich;RPG;Action;Post-apocalyptic;Sci-fi;Robots;Third Person;Exploration;Beautiful;Atmospheric;Action RPG;Archery;Hunting;Great Soundtrack;Stealth;Dinosaurs,3,20,49.99,49.99,0.0,0,110049,15148,125197,0.879,1,"1,000,000 .. 2,000,000",1000000,2000000,1500000,0,0,0,700
334230,Town of Salem,BlankMediaGames,Digital Bandidos,"Action, Casual, RPG, Strategy",Multiplayer;Strategy;Mystery;Indie;Social Deduction;RPG;Casual;Werewolves;Funny;Survival;Tactical;2D;Massively Multiplayer;Memes;Comedy;Family Friendly;Party-Based RPG;Action;Strategy RPG;2.5D,4,20,4.99,4.99,0.0,0,32095,4314,36409,0.8815,1,"1,000,000 .. 2,000,000",1000000,2000000,1500000,0,0,0,117
364470,The Elder Scrolls: Legends,"Sparkypants Studios, LLC",Bethesda Softworks,Free To Play,Free to Play;Card Game;Trading Card Game;Multiplayer;Strategy;Fantasy;Singleplayer;Board Game;Great Soundtrack;Tactical;Story Rich;Atmospheric;Turn-Based;Dark Fantasy;Casual;Action;Deckbuilding;Turn-Based Tactics;Nudity,1,19,0.0,0.0,0.0,1,8267,2776,11043,0.7486,1,"1,000,000 .. 2,000,000",1000000,2000000,1500000,0,0,0,1
601430,The Evil Within 2,Tango Gameworks,Bethesda Softworks,"Action, Adventure",Horror;Survival Horror;Psychological Horror;Story Rich;Open World;Action;Adventure;Gore;Singleplayer;Atmospheric;Third-Person Shooter;Third Person;Violent;Zombies;Stealth;Survival;Shooter;First-Person;Dark;Great Soundtrack,2,20,39.99,39.99,0.0,0,26655,2251,28906,0.9221,1,"1,000,000 .. 2,000,000",1000000,2000000,1500000,0,0,0,176
1190000,Car Mechanic Simulator 2021,Red Dot Games,PlayWay S.A.,"Racing, Simulation",Simulation;Automobile Sim;Realistic;Sandbox;Moddable;Driving;Racing;3D;Singleplayer;Education;First-Person;Immersive Sim;Puzzle;Open World;Atmospheric;Adventure;Minigames;VR;Indie;Strategy,2,20,24.99,24.99,0.0,0,28630,1211,29841,0.9594,1,"1,000,000 .. 2,000,000",1000000,2000000,1500000,0,0,0,1343
39140,FINAL FANTASY VII,Square Enix,Square Enix,RPG,JRPG;RPG;Classic;Turn-Based;Story Rich;Singleplayer;Great Soundtrack;Fantasy;Retro;Adventure;Party-Based RPG;Epic;Sci-fi;Open World;Cyberpunk;Atmospheric;Dystopian;Exploration;1990's;Strategy,1,20,11.99,11.99,0.0,0,25998,2013,28011,0.9281,1,"1,000,000 .. 2,000,000",1000000,2000000,1500000,0,0,0,386
4700,Total War: MEDIEVAL II – Definitive Edition,"CREATIVE ASSEMBLY, Feral Interactive (Mac), Feral Interactive (Linux)","SEGA, Feral Interactive (Mac), Feral Interactive (Linux)",Strategy,Strategy;Medieval;Historical;Turn-Based Strategy;Grand Strategy;War;RTS;Tactical;Multiplayer;Singleplayer;Moddable;Military;Turn-Based;Real Time Tactics;Classic;Simulation;Action;Sandbox;Great Soundtrack;4X,1,20,19.99,19.99,0.0,0,31910,1434,33344,0.957,1,"1,000,000 .. 2,000,000",1000000,2000000,1500000,0,0,0,2814
675010,MudRunner,Saber Interactive,Focus Entertainment,Simulation,Offroad;Simulation;Automobile Sim;Multiplayer;Driving;Realistic;Open World;Physics;Co-op;Online Co-Op;Mod;Moddable;Singleplayer;Sandbox;Exploration;Racing;Atmospheric;Adventure;First-Person;Third Person,1,20,3.99,19.99,80.0,0,34349,3347,37696,0.9112,1,"1,000,000 .. 2,000,000",1000000,2000000,1500000,0,0,0,280
220440,DmC: Devil May Cry,Ninja Theory,Capcom,"Action, Adventure",Action;Hack and Slash;Great Soundtrack;Spectacle fighter;Demons;Adventure;Third Person;Singleplayer;Character Action Game;Reboot;Controller;Gore;Stylized;Beat 'em up;Atmospheric;Fast-Paced;Fantasy;Comedy;Story Rich;Platformer,2,20,29.99,29.99,0.0,0,27949,2035,29984,0.9321,1,"1,000,000 .. 2,000,000",1000000,2000000,1500000,0,0,0,107
544730,Catan Universe,Client/Frontend: Endava  / Backend: SuperNimbus,USM,"Casual, Strategy",Board Game;Multiplayer;Casual;Strategy;Free to Play;Card Game;Tabletop;Singleplayer,2,8,0.0,0.0,0.0,1,7826,8234,16060,0.4873,0,"1,000,000 .. 2,000,000",1000000,2000000,1500000,0,0,0,848
337320,Paint the Town Red,South East Games,South East Games,"Action, Indie",Gore;Blood;Action;Violent;Multiplayer;Fighting;First-Person;Physics;Rogue-like;Beat 'em up;Funny;Voxel;Rogue-lite;Singleplayer;FPS;Indie;Mature;Adventure;Difficult;Arcade,2,20,19.99,19.99,0.0,0,28358,1218,29576,0.9588,1,"1,000,000 .. 2,000,000",1000000,2000000,1500000,0,0,0,296
350640,Sherlock Holmes: The Devil's Daughter,Frogwares,Frogwares,"Action, Adventure",Adventure;Detective;Mystery;Story Rich;Puzzle;Crime;Thriller;Singleplayer;Third Person;Atmospheric;Action;Investigation;Point & Click;Choices Matter;First-Person;Action-Adventure;3D;Casual;Controller;Multiplayer,2,20,29.99,29.99,0.0,0,10985,2803,13788,0.7967,1,"1,000,000 .. 2,000,000",1000000,2000000,1500000,0,0,0,21
2231450,Pizza Tower,Tour De Pizza,Tour De Pizza,"Action, Indie",Great Soundtrack;2D Platformer;Fast-Paced;Indie;Cartoony;Platformer;Funny;Singleplayer;Pixel Graphics;Comedy;Action;2D;Epic;Colorful;Difficult;Retro;1990's;Adventure;Memes;War,2,20,19.99,19.99,0.0,0,65599,1094,66693,0.9836,1,"1,000,000 .. 2,000,000",1000000,2000000,1500000,0,0,0,367
552100,Brick Rigs,Fluppisoft GmbH,Fluppisoft GmbH,Simulation,Sandbox;Destruction;Building;Multiplayer;LEGO;Open World;Physics;Family Friendly;Driving;Simulation;Funny;Early Access;Racing;Action;First-Person;Zombies;Singleplayer;FPS;Gun Customization;Flight,1,20,13.99,19.99,30.0,0,47391,2731,50122,0.9455,1,"1,000,000 .. 2,000,000",1000000,2000000,1500000,0,0,0,983
1475810,Ghostwire: Tokyo,Tango Gameworks,Bethesda Softworks,Action,Singleplayer;Supernatural;Open World;First-Person;Horror;Action-Adventure;Action;Story Rich;Atmospheric;Surreal;Lore-Rich;Mystery;Combat;Exploration;FPS;Cyberpunk;Adventure;Realistic;Psychological Horror;Survival Horror,1,20,59.99,59.99,0.0,0,15393,3269,18662,0.8248,1,"1,000,000 .. 2,000,000",1000000,2000000,1500000,0,0,0,97
427270,Orcs Must Die! Unchained,Robot Entertainment,Robot Entertainment,"Action, Free To Play, Strategy",Free to Play;Tower Defense;Multiplayer;Co-op;Action;Strategy;MOBA;PvE;Survival;Fantasy;Singleplayer;Third Person;PvP;RPG;Adventure;Funny;Massively Multiplayer;Online Co-Op;FPS;Open World,3,20,0.0,0.0,0.0,1,4205,1915,6120,0.6871,0,"1,000,000 .. 2,000,000",1000000,2000000,1500000,0,0,0,2
392160,X4: Foundations,Egosoft,Egosoft,"Action, Simulation, Strategy",Space Sim;Simulation;Sandbox;Economy;Space;Flight;Capitalism;Trading;Exploration;Base-Building;Grand Strategy;Open World;Strategy;3D;First-Person;Singleplayer;Procedural Generation;Management;Building;Immersive,3,20,49.99,49.99,0.0,0,18951,4896,23847,0.7947,1,"1,000,000 .. 2,000,000",1000000,2000000,1500000,0,0,0,2141
3910,Sid Meier's Civilization III Complete,Firaxis Games,2K,Strategy,Strategy;Turn-Based Strategy;Turn-Based;Classic;4X;Historical;Singleplayer;Multiplayer;Replay Value;Grand Strategy;Simulation;Military;Exploration;Addictive;City Builder;Old School;War;Isometric;Diplomacy;Alternate History,1,20,3.99,4.99,20.0,0,6485,746,7231,0.8968,1,"1,000,000 .. 2,000,000",1000000,2000000,1500000,0,0,0,1383
805550,Assetto Corsa Competizione,Kunos Simulazioni,505 Games,"Racing, Simulation, Sports",Racing;Automobile Sim;Simulation;VR;Multiplayer;Driving;Realistic;Sports;Controller;Singleplayer;Open World;e-sports;Online Co-Op;Competitive;First-Person;Early Access;Atmospheric;Moddable;Difficult;PvP,3,20,9.99,39.99,75.0,0,36035,2908,38943,0.9253,1,"1,000,000 .. 2,000,000",1000000,2000000,1500000,0,0,0,1479
41000,Serious Sam HD: The First Encounter,Croteam,Devolver Digital,"Action, Indie",FPS;Action;Shooter;Co-op;Gore;Multiplayer;Comedy;Online Co-Op;Classic;First-Person;Old School;Indie;Singleplayer;Aliens;Difficult;Funny;Remake;Adventure;Sci-fi;Colorful,2,20,1.49,14.99,90.0,0,7652,539,8191,0.9342,1,"1,000,000 .. 2,000,000",1000000,2000000,1500000,0,0,0,46
1284190,The Planet Crafter,Miju Games,Miju Games,Adventure,Open World Survival Craft;Base-Building;Survival;Online Co-Op;Co-op;Building;Crafting;Open World;Exploration;Space;Automation;Sandbox;First-Person;Resource Management;Singleplayer;Sci-fi;Adventure;Story Rich;Immersive Sim;Aliens,1,20,11.99,23.99,50.0,0,52168,2148,54316,0.9605,1,"1,000,000 .. 2,000,000",1000000,2000000,1500000,0,0,0,7330
2064650,Tower of Fantasy,Hotta Studio,Perfect World Games,"Action, Massively Multiplayer, RPG, Free To Play",Anime;MMORPG;Open World;RPG;Action;Action-Adventure;Free to Play;Action RPG;3D Platformer;Cinematic;Cartoony;Drama;Sci-fi;Post-apocalyptic;Futuristic;Cyberpunk;Character Customization;Massively Multiplayer;Story Rich;Bullet Time,4,20,0.0,0.0,0.0,1,7595,3375,10970,0.6923,0,"1,000,000 .. 2,000,000",1000000,2000000,1500000,0,0,0,354
56437,"Warhammer 40,000: Dawn of War II: Retribution","Relic Entertainment, Feral Interactive (Mac/Linux)","SEGA, Feral Interactive (Mac/Linux)",Strategy,Warhammer 40K;Strategy;RTS;Tactical;Multiplayer;Sci-fi;Games Workshop;Online Co-Op;Co-op;Singleplayer;Real-Time;Futuristic;Gore;RPG;Action;Fantasy;Great Soundtrack;Atmospheric;Adventure;Co-op Campaign,1,20,0.0,0.0,0.0,1,11303,1207,12510,0.9035,1,"1,000,000 .. 2,000,000",1000000,2000000,1500000,0,0,0,0
585420,Trailmakers,Flashbulb,Flashbulb,"Action, Adventure, Indie, Racing, Simulation",Space;Action;Family Friendly;Co-op Campaign;Online Co-Op;Singleplayer;Adventure;Action-Adventure;Colorful;Building;Racing;Open World;Sandbox;Vehicular Combat;Multiplayer;Crafting;Survival;Exploration;Physics;Jet,5,20,24.99,24.99,0.0,0,25941,2106,28047,0.9249,1,"1,000,000 .. 2,000,000",1000000,2000000,1500000,0,0,0,903
1562430,DREDGE,Black Salt Games,Team17,"Adventure, RPG",Exploration;Fishing;Lovecraftian;Adventure;Open World;Mystery;Inventory Management;Atmospheric;Psychological Horror;Horror;RPG;Simulation;Singleplayer;Stylized;Survival Horror;Psychological;Story Rich;Indie;Sailing;3D,2,20,24.99,24.99,0.0,0,42127,1839,43966,0.9582,1,"1,000,000 .. 2,000,000",1000000,2000000,1500000,0,0,0,517
1987080,Inside the Backrooms,MrFatcat,"MrFatcat, Dropsiick","Adventure, Indie, Early Access",Horror;Multiplayer;Survival Horror;Puzzle;Psychological Horror;Co-op;Online Co-Op;Adventure;Exploration;First-Person;Atmospheric;FPS;3D;Dark;Mystery;Sci-fi;VR;Story Rich;PvE;Early Access,3,20,6.99,6.99,0.0,0,36836,8196,45032,0.818,1,"1,000,000 .. 2,000,000",1000000,2000000,1500000,0,0,0,237
666220,CS2D,Unreal Software,Unreal Software,"Action, Casual, Indie, Free To Play",Free to Play;2D;Shooter;Multiplayer;Action;Top-Down Shooter;Casual;Indie;Top-Down;Zombies;FPS;Funny;Gore;Singleplayer;Pixel Graphics;Survival;Strategy;Co-op;2D Fighter;Competitive,4,20,0.0,0.0,0.0,1,8950,987,9937,0.9007,1,"1,000,000 .. 2,000,000",1000000,2000000,1500000,0,0,0,20
529340,Victoria 3,Paradox Development Studio,Paradox Interactive,"Simulation, Strategy",Grand Strategy;Economy;Historical;Political Sim;Strategy;Capitalism;Politics;Diplomacy;Management;Simulation;Alternate History;Moddable;Political;Resource Management;Real-Time with Pause;Sandbox;Replay Value;Multiplayer;Singleplayer;Military,2,20,14.99,49.99,70.0,0,35043,17575,52618,0.666,0,"1,000,000 .. 2,000,000",1000000,2000000,1500000,0,0,0,4609
245620,Tropico 5,Haemimont Games,Kalypso Media Digital,"RPG, Simulation, Strategy",Strategy;City Builder;Simulation;Sandbox;Multiplayer;Economy;Politics;Management;Resource Management;Singleplayer;Comedy;Co-op;RPG;Historical;Great Soundtrack;RTS;Funny;Atmospheric;Open World;Adventure,3,20,6.99,19.99,65.0,0,11092,3031,14123,0.7854,1,"1,000,000 .. 2,000,000",1000000,2000000,1500000,0,0,0,97
657200,Hand Simulator,HFM Games,HFM Games,Simulation,Simulation;Funny;Multiplayer;VR;Difficult;Psychological Horror;First-Person;Memes;Comedy;Intentionally Awkward Controls;Sexual Content;Horror;Nudity;Action;FPS;Singleplayer;Atmospheric;World War II;Open World;Shooter,1,20,2.99,2.99,0.0,0,30653,5873,36526,0.8392,1,"1,000,000 .. 2,000,000",1000000,2000000,1500000,0,0,0,20
209160,Call of Duty: Ghosts,Infinity Ward,Activision,Action,Dog;FPS;Action;Multiplayer;Shooter;First-Person;Singleplayer;Military;War;Co-op;Online Co-Op;America;Linear;Fast-Paced;Hacking;Tactical;Survival Horror;Futuristic;Team-Based;Competitive,1,20,15.99,39.99,60.0,0,19917,10996,30913,0.6443,0,"1,000,000 .. 2,000,000",1000000,2000000,1500000,0,0,0,106
1388770,Cruelty Squad,Consumer Softproducts,Consumer Softproducts,"Action, Indie, Simulation",Capitalism;Surreal;Immersive Sim;FPS;Psychological Horror;Psychedelic;Shooter;Cyberpunk;First-Person;Dark Humor;Lore-Rich;Stealth;Dystopian;Stylized;Action;Assassin;Retro;Tactical;Post-apocalyptic;Simulation,3,20,19.99,19.99,0.0,0,20136,655,20791,0.9685,1,"1,000,000 .. 2,000,000",1000000,2000000,1500000,0,0,0,50
603850,Age of History II,Łukasz Jakowski,Łukasz Jakowski Games,Strategy,Strategy;Historical;War;Grand Strategy;Turn-Based Strategy;Political Sim;Turn-Based;Simulation;Sandbox;Multiplayer;Singleplayer;World War II;Political;Diplomacy;Politics;Alternate History;World War I;Indie;Open World;Casual,1,20,5.99,5.99,0.0,0,41684,4711,46395,0.8985,1,"1,000,000 .. 2,000,000",1000000,2000000,1500000,0,0,0,513
32430,STAR WARS - The Force Unleashed Ultimate Sith Edition,LucasArts,"LucasArts, Lucasfilm, Disney",Action,Action;Singleplayer;Hack and Slash;Third Person;Sci-fi;Adventure;Story Rich;Controller;Quick-Time Events;Great Soundtrack;Beat 'em up;Space;Platformer;Multiple Endings;Classic;RPG;Difficult;Physics;Atmospheric;Multiplayer,1,20,19.99,19.99,0.0,0,8334,2681,11015,0.7566,1,"1,000,000 .. 2,000,000",1000000,2000000,1500000,0,0,0,197
1113000,Persona 4 Golden,ATLUS,SEGA,RPG,JRPG;Great Soundtrack;Story Rich;Anime;Turn-Based Combat;RPG;Singleplayer;Party-Based RPG;Mystery;Emotional;Multiple Endings;Turn-Based Strategy;Detective;Dating Sim;Colorful;Adventure;Strategy;Visual Novel;Violent;Turn-Based,1,20,19.99,19.99,0.0,0,76008,2338,78346,0.9702,1,"1,000,000 .. 2,000,000",1000000,2000000,1500000,0,0,0,962
1016920,Unrailed!,Indoor Astronaut,Daedalic Entertainment,"Action, Casual, Indie",Multiplayer;Co-op;Online Co-Op;Local Co-Op;Casual;Trains;Local Multiplayer;Action;Procedural Generation;Indie;4 Player Local;Voxel;Family Friendly;Funny;Survival;Isometric;Controller;Cute;Competitive;Pixel Graphics,3,20,2.99,19.99,85.0,0,17426,1243,18669,0.9334,1,"1,000,000 .. 2,000,000",1000000,2000000,1500000,0,0,0,182
955050,Bright Memory,FYQD-Studio,"FYQD-Studio, PLAYISM","Action, Adventure, Indie",Female Protagonist;FPS;Hack and Slash;Shooter;First-Person;Action;Souls-like;Open World;Sci-fi;Adventure;Singleplayer;Anime;Multiplayer;Indie;Sexual Content;Gore;Violent;Nudity;Short;Early Access,3,20,3.19,7.99,60.0,0,29613,3115,32728,0.9048,1,"1,000,000 .. 2,000,000",1000000,2000000,1500000,0,0,0,5
1929610,Demonologist,Clock Wizard Games,Clock Wizard Games,"Action, Adventure, Indie",Horror;Multiplayer;Online Co-Op;Psychological Horror;Co-op;Investigation;First-Person;Dark;Demons;Surreal;Mystery;Detective;Indie;Cinematic;Thriller;3D;Action;Tactical;Lovecraftian;Survival Horror,3,20,19.99,19.99,0.0,0,18742,3006,21748,0.8618,1,"1,000,000 .. 2,000,000",1000000,2000000,1500000,0,0,0,266
2096610,Crysis 3 Remastered,"Crytek, Saber Interactive",Crytek,Action,Action;FPS;Shooter;Aliens;Sci-fi;Hero Shooter;Post-apocalyptic;First-Person;Dystopian;Sandbox;Futuristic;War;Shoot 'Em Up;Combat;Physics;PvE;Stealth;Singleplayer;Story Rich;Violent,1,20,29.99,29.99,0.0,0,5108,685,5793,0.8818,1,"1,000,000 .. 2,000,000",1000000,2000000,1500000,0,0,0,59
1850570,DEATH STRANDING DIRECTOR'S CUT,KOJIMA PRODUCTIONS,505 Games,"Action, Adventure",Story Rich;Open World;Walking Simulator;Atmospheric;Adventure;Great Soundtrack;Exploration;Post-apocalyptic;Cinematic;Singleplayer;Third Person;Action;Sci-fi;Horror;Relaxing;Action-Adventure;Stealth;Third-Person Shooter;Multiplayer;Combat,2,20,39.99,39.99,0.0,0,36697,2819,39516,0.9287,1,"1,000,000 .. 2,000,000",1000000,2000000,1500000,0,0,0,1604
446800,Transport Fever,Urban Games,Good Shepherd Entertainment,Simulation,Flight;City Builder;Sandbox;Building;Driving;Economy;Trains;Management;Transportation;Strategy;Relaxing;Open World;Procedural Generation;Simulation;Realistic;Moddable;Adventure;Resource Management;Multiplayer;Singleplayer,1,20,29.99,29.99,0.0,0,8934,1788,10722,0.8332,1,"1,000,000 .. 2,000,000",1000000,2000000,1500000,0,0,0,91
209170,Call of Duty: Ghosts,Infinity Ward,Activision,Action,Dog;FPS;Action;Multiplayer;Shooter;First-Person;Military;Singleplayer;War;Co-op;Online Co-Op;America;Short;Linear;Fast-Paced;Masterpiece;Hacking;Survival Horror;Futuristic;Tactical,1,20,15.99,39.99,60.0,0,15087,10789,25876,0.583,0,"1,000,000 .. 2,000,000",1000000,2000000,1500000,0,0,0,32
250400,How to Survive,Eko Software,505 Games,"Action, Adventure, RPG",Survival;Zombies;Crafting;Open World Survival Craft;Action;Co-op;Multiplayer;RPG;Local Co-Op;Online Co-Op;Adventure;Survival Horror;Open World;Hack and Slash;Post-apocalyptic;Gore;Singleplayer;Third Person;Comedy;Indie,3,20,14.99,14.99,0.0,0,14071,2954,17025,0.8265,1,"1,000,000 .. 2,000,000",1000000,2000000,1500000,0,0,0,10
1296830,暖雪 Warm Snow,BadMudStudio,bilibili,"Action, Adventure, Indie, RPG",Action Roguelike;Rogue-lite;Martial Arts;Action-Adventure;Rogue-like;2D;RPG;Character Customization;Top-Down;Story Rich;Multiple Endings;Deckbuilding;Action;Mythology;Dark Fantasy;Singleplayer;Sexual Content;Adventure;Procedural Generation;Indie,4,20,12.59,17.99,30.0,0,34444,2563,37007,0.9307,1,"1,000,000 .. 2,000,000",1000000,2000000,1500000,0,0,0,516
1211020,Wobbly Life,RubberBandGames,RubberBandGames,"Action, Adventure, Casual, Indie, Simulation",Adventure;Multiplayer;Open World;Simulation;Sandbox;Casual;Action;Indie;Funny;Co-op;Physics;Family Friendly;Early Access;Online Co-Op;Split Screen;Local Multiplayer;Cute;Party;Life Sim;4 Player Local,5,20,24.99,24.99,0.0,0,26141,799,26940,0.9703,1,"1,000,000 .. 2,000,000",1000000,2000000,1500000,0,0,0,625
410320,EARTH DEFENSE FORCE 4.1 The Shadow of New Despair,SANDLOT,D3PUBLISHER,Action,Action;Third-Person Shooter;Co-op;Online Co-Op;Aliens;Mechs;Sci-fi;Local Co-Op;Anime;Split Screen;Funny;Multiplayer;Shooter;Robots;Destruction;Comedy;Difficult;Singleplayer;Gore;Memes,1,20,19.99,19.99,0.0,0,9554,500,10054,0.9503,1,"1,000,000 .. 2,000,000",1000000,2000000,1500000,0,0,0,71
261110,Killer is Dead - Nightmare Edition,KADOKAWA GAMES / GRASSHOPPER MANUFACTURE,Deep Silver,Action,Action;Hack and Slash;Surreal;Singleplayer;Stylized;Character Action Game;Gore;Spectacle fighter;Third Person;Adventure;Great Soundtrack;Atmospheric;Swordplay;Comedy;Story Rich;Dating Sim;Violent;Cyberpunk;Beat 'em up;Sexual Content,1,20,19.99,19.99,0.0,0,6296,2105,8401,0.7494,1,"1,000,000 .. 2,000,000",1000000,2000000,1500000,0,0,0,9
208580,STAR WARS Knights of the Old Republic II - The Sith Lords,"Obsidian Entertainment, Aspyr (Mac, Linux, & Windows Update)","LucasArts, Lucasfilm, Aspyr (Mac, Linux)",RPG,RPG;Story Rich;Sci-fi;Singleplayer;Classic;Choices Matter;Real-Time with Pause;Party-Based RPG;Adventure;Character Customization;Moddable;Third Person;Multiple Endings;Space;Atmospheric;Female Protagonist;Action;Turn-Based Combat;Turn-Based;Great Soundtrack,1,20,9.99,9.99,0.0,0,22754,1556,24310,0.936,1,"1,000,000 .. 2,000,000",1000000,2000000,1500000,0,0,0,551
775500,SCARLET NEXUS,BANDAI NAMCO Studios Inc.,BANDAI NAMCO Entertainment,"Action, Adventure, RPG",Anime;Action;RPG;JRPG;Action RPG;Adventure;Sci-fi;Action-Adventure;Character Action Game;Combat;Open World;Fighting;Fantasy;Interactive Fiction;Futuristic;Character Customization;Singleplayer;Strategy RPG;Hack and Slash;Souls-like,3,20,59.99,59.99,0.0,0,13888,3237,17125,0.811,1,"1,000,000 .. 2,000,000",1000000,2000000,1500000,0,0,0,58
447820,Day of Infamy,New World Interactive,New World Interactive,"Action, Indie, Strategy",World War II;FPS;Multiplayer;War;Realistic;Shooter;Military;Action;Singleplayer;Tactical;First-Person;Strategy;Co-op;Historical;Gore;Indie;Online Co-Op;Simulation;Open World;Violent,3,20,14.99,14.99,0.0,0,18172,3883,22055,0.8239,1,"1,000,000 .. 2,000,000",1000000,2000000,1500000,0,0,0,17
1599600,PlateUp!,It's happening,"Yogscast Games, Gamersky Games","Action, Casual, Indie, Strategy",Co-op;Management;Cooking;Rogue-lite;Building;Local Co-Op;Rogue-like;Cute;Procedural Generation;Funny;Base-Building;Casual;4 Player Local;Online Co-Op;Controller;Strategy;Action Roguelike;Top-Down;Singleplayer;Action,4,20,19.99,19.99,0.0,0,22204,1197,23401,0.9488,1,"1,000,000 .. 2,000,000",1000000,2000000,1500000,0,0,0,832
475550,Beholder,Alawar Stargaze (Warm Lamp Games),Alawar,"Adventure, Indie, Strategy",Dystopian;Choices Matter;Political Sim;Strategy;Dark;Atmospheric;Singleplayer;Simulation;Story Rich;Multiple Endings;Political;Point & Click;Dark Humor;Indie;Great Soundtrack;3D;Adventure;2D;RPG;Violent,3,20,13.99,13.99,0.0,0,25444,2303,27747,0.917,1,"1,000,000 .. 2,000,000",1000000,2000000,1500000,0,0,0,138
257510,The Talos Principle,Croteam,"Devolver Digital, Croteam","Action, Adventure, Indie",Puzzle;Philosophical;First-Person;Sci-fi;Atmospheric;Story Rich;Singleplayer;Great Soundtrack;Robots;Exploration;Adventure;Indie;Multiple Endings;Difficult;Mystery;Post-apocalyptic;Action;Simulation;Science;Artificial Intelligence,3,20,29.99,29.99,0.0,0,30399,1462,31861,0.9541,1,"1,000,000 .. 2,000,000",1000000,2000000,1500000,0,0,0,117
474960,Quantum Break,Remedy Entertainment,Xbox Game Studios,Action,Action;Story Rich;Time Manipulation;Sci-fi;Singleplayer;Cinematic;Third Person;Third-Person Shooter;Choices Matter;Atmospheric;Time Travel;Episodic;Adventure;Shooter;Bullet Time;Great Soundtrack;Controller;Open World;FMV;Stealth,1,20,39.99,39.99,0.0,0,24117,4023,28140,0.857,1,"1,000,000 .. 2,000,000",1000000,2000000,1500000,0,0,0,46
237110,Mortal Kombat Komplete Edition,"NetherRealm Studios, High Voltage Software",Warner Bros. Interactive Entertainment,Action,Fighting;Gore;Action;Violent;Multiplayer;Classic;Blood;Co-op;Arcade;Nostalgia;Singleplayer;2D Fighter;Competitive;Local Multiplayer;Local Co-Op;Replay Value;2.5D;Remake;Beat 'em up;2D,1,20,0.0,0.0,0.0,1,16939,1574,18513,0.915,1,"1,000,000 .. 2,000,000",1000000,2000000,1500000,0,0,0,37
444640,Bloons TD Battles,Ninja Kiwi,Ninja Kiwi,"Action, Free To Play, Strategy",Free to Play;Tower Defense;Multiplayer;Strategy;Competitive;Action;PvP;Casual;2D;Funny;Co-op;Family Friendly;Massively Multiplayer;Mod;Singleplayer;Difficult;Building;Sandbox;Adventure;Indie,3,20,0.0,0.0,0.0,1,26414,2682,29096,0.9078,1,"1,000,000 .. 2,000,000",1000000,2000000,1500000,0,0,0,215
843380,Super Animal Royale,Pixile,Pixile,"Action, Adventure, Casual, Indie, Massively Multiplayer, Free To Play",Battle Royale;Free to Play;Cute;Multiplayer;Casual;Online Co-Op;Shooter;Massively Multiplayer;Funny;Character Customization;Co-op;Top-Down Shooter;PvP;Action;Indie;Survival;Colorful;Lore-Rich;Family Friendly;Adventure,6,20,0.0,0.0,0.0,1,39667,2700,42367,0.9363,1,"1,000,000 .. 2,000,000",1000000,2000000,1500000,0,0,0,364
560130,Pillars of Eternity II: Deadfire,Obsidian Entertainment,"Versus Evil, Obsidian Entertainment, Xbox Game Studios",RPG,RPG;Party-Based RPG;Isometric;CRPG;Story Rich;Character Customization;Singleplayer;Fantasy;Choices Matter;Open World;Turn-Based;Real-Time with Pause;Pirates;Adventure;Nudity;Exploration;Romance;Atmospheric;Great Soundtrack;Female Protagonist,1,20,19.99,19.99,0.0,0,16666,2265,18931,0.8804,1,"1,000,000 .. 2,000,000",1000000,2000000,1500000,0,0,0,233
4760,Rome: Total War - Collection,CREATIVE ASSEMBLY,SEGA,Strategy,Strategy;Historical;Rome;Turn-Based Strategy;RTS;Grand Strategy;Classic;Tactical;War;Great Soundtrack;Multiplayer;Singleplayer;Turn-Based;Moddable;Real Time Tactics;Action;Atmospheric;Simulation;4X;Nostalgia,1,20,0.0,0.0,0.0,1,15304,873,16177,0.946,1,"1,000,000 .. 2,000,000",1000000,2000000,1500000,0,0,0,552
568220,Lobotomy Corporation | Monster Management Simulation,ProjectMoon,ProjectMoon,"Indie, Simulation",Management;Difficult;Psychological Horror;Story Rich;Simulation;Horror;Gore;Great Soundtrack;Singleplayer;Indie;Strategy;2D;Cute;Lovecraftian;Anime;Atmospheric;RTS;Rogue-like;Visual Novel;Rogue-lite,2,20,24.99,24.99,0.0,0,41213,2719,43932,0.9381,1,"1,000,000 .. 2,000,000",1000000,2000000,1500000,0,0,0,1524
257350,Baldur's Gate II: Enhanced Edition,Beamdog,Beamdog,"Adventure, RPG",RPG;Dungeons & Dragons;Story Rich;CRPG;Fantasy;Party-Based RPG;Open World;Tabletop;Character Customization;Real-Time with Pause;Choices Matter;Multiplayer;Adventure;Magic;Online Co-Op;Singleplayer;Isometric;Atmospheric;Action-Adventure;Old School,2,20,19.99,19.99,0.0,0,9243,797,10040,0.9206,1,"1,000,000 .. 2,000,000",1000000,2000000,1500000,0,0,0,279
202750,Alan Wake's American Nightmare,Remedy Entertainment,Remedy Entertainment,"Action, Adventure",Action;Adventure;Horror;Third Person;Singleplayer;Third-Person Shooter;Thriller;Psychological Horror;Mystery;Atmospheric;Arcade;Shooter;Cinematic;Survival Horror;Detective;Story Rich;Supernatural;Survival;Short;Controller,2,20,8.99,8.99,0.0,0,6527,2433,8960,0.7285,1,"1,000,000 .. 2,000,000",1000000,2000000,1500000,0,0,0,21
34870,Sniper: Ghost Warrior 2,City Interactive,CI Games,Action,Sniper;Action;FPS;Multiplayer;Shooter;Stealth;Singleplayer;First-Person;Military;Tactical;Open World;Co-op;Adventure;Strategy;Online Co-Op;Bullet Time;Simulation;Controller;Difficult;Atmospheric,1,20,9.99,9.99,0.0,0,13533,4383,17916,0.7554,1,"1,000,000 .. 2,000,000",1000000,2000000,1500000,0,0,0,25
224540,Ace of Spades: Battle Builder,Jagex Limited,Jagex Limited,"Action, Indie",Action;Multiplayer;Shooter;FPS;Building;Sandbox;Indie;Zombies;First-Person;Class-Based;Voxel;Co-op;Competitive;Funny;Open World;Massively Multiplayer;Replay Value;Casual;Adventure;Free to Play,2,20,0.0,0.0,0.0,1,11922,6346,18268,0.6526,0,"1,000,000 .. 2,000,000",1000000,2000000,1500000,0,0,0,0
699130,World War Z,Saber Interactive Inc,Saber Interactive Inc,Action,Zombies;Multiplayer;Online Co-Op;Action;Co-op;Singleplayer;Shooter;Third-Person Shooter;PvE;Survival Horror;FPS;Post-apocalyptic;Gore;Gun Customization;Character Customization;First-Person;Third Person;Horror;Combat;Violent,1,20,29.99,29.99,0.0,0,21657,4401,26058,0.8311,1,"1,000,000 .. 2,000,000",1000000,2000000,1500000,0,0,0,1663
816020,JUMP FORCE,"Spike Chunsoft Co., Ltd.",BANDAI NAMCO Entertainment,Action,Anime;Fighting;Action;Multiplayer;Character Customization;Singleplayer;Local Multiplayer;RPG;Open World;Controller;Beat 'em up;Co-op;Story Rich;Casual;Nudity;Violent;Fantasy;Massively Multiplayer;3D Fighter;Great Soundtrack,1,20,0.0,0.0,0.0,1,16682,6019,22701,0.7349,1,"1,000,000 .. 2,000,000",1000000,2000000,1500000,0,0,0,12
462780,Darksiders Warmastered Edition,"KAIKO, Vigil Games",THQ Nordic,"Action, Adventure, RPG",Action;Hack and Slash;Adventure;Third Person;RPG;Dark Fantasy;Singleplayer;Violent;Puzzle;Gore;Fantasy;Demons;Post-apocalyptic;Open World;Story Rich;Metroidvania;Controller;Remake;Difficult;Action RPG,3,20,19.99,19.99,0.0,0,13991,1943,15934,0.8781,1,"1,000,000 .. 2,000,000",1000000,2000000,1500000,0,0,0,87
681660,Bless Online,NEOWIZ BLESS STUDIO,NEOWIZ,"Action, Adventure, Free To Play, Massively Multiplayer, RPG",MMORPG;Massively Multiplayer;RPG;Adventure;Open World;Free to Play;Action;Sexual Content;PvP;Character Customization;Early Access;PvE;Fantasy;Multiplayer;Violent;Anime;Gore;Crafting;Nudity;Singleplayer,5,20,0.0,0.0,0.0,1,3683,6185,9868,0.3732,0,"1,000,000 .. 2,000,000",1000000,2000000,1500000,0,0,0,0
448510,Overcooked,Ghost Town Games Ltd.,Team17 Digital Ltd,"Action, Casual, Indie, Simulation",Local Co-Op;Multiplayer;Local Multiplayer;Co-op;Casual;Cooking;4 Player Local;Family Friendly;Funny;Co-op Campaign;Indie;Simulation;Action;Cute;Singleplayer;Colorful;Split Screen;Difficult;Great Soundtrack;Adventure,4,20,3.39,16.99,80.0,0,13706,1469,15175,0.9032,1,"1,000,000 .. 2,000,000",1000000,2000000,1500000,0,0,0,61
1307550,Craftopia,Pocketpair,Pocketpair,"Action, Adventure, Indie, RPG, Early Access",Open World;Crafting;Survival;Multiplayer;Open World Survival Craft;Sandbox;RPG;Building;Online Co-Op;Adventure;Action;Early Access;Co-op;Anime;Character Customization;Indie;Automation;Hack and Slash;Singleplayer;Third Person,5,20,14.99,24.99,40.0,0,15406,4977,20383,0.7558,1,"1,000,000 .. 2,000,000",1000000,2000000,1500000,0,0,0,119
1129580,Medieval Dynasty,Render Cube,Toplitz Productions,"Action, Adventure, Indie, RPG, Simulation",Crafting;Building;Multiplayer;Co-op;Medieval;Survival;Open World;Immersive Sim;Sandbox;Base-Building;RPG;Singleplayer;Simulation;Atmospheric;Realistic;First-Person;Adventure;Historical;Management;Agriculture,5,20,17.49,34.99,50.0,0,40992,4174,45166,0.9076,1,"1,000,000 .. 2,000,000",1000000,2000000,1500000,0,0,0,1366
460920,Steep,"Ubisoft Annecy, Ubisoft Montpellier, Ubisoft Kiev",Ubisoft,"Action, Sports",Sports;Open World;Multiplayer;Action;Simulation;Atmospheric;Exploration;Great Soundtrack;Snowboarding;Adventure;Racing;First-Person;Skiing;Third Person;Co-op;Realistic;Singleplayer;Sandbox;Casual;Snow,2,20,29.99,29.99,0.0,0,25437,5447,30884,0.8236,1,"1,000,000 .. 2,000,000",1000000,2000000,1500000,0,0,0,128
278080,DYNASTY WARRIORS 8: Xtreme Legends Complete Edition,"KOEI TECMO GAMES CO., LTD.","KOEI TECMO GAMES CO., LTD.",Action,Hack and Slash;Action;Musou;Historical;Third Person;Great Soundtrack;Local Co-Op;Local Multiplayer;Beat 'em up;Multiplayer;Singleplayer;Action RPG;RPG;Fighting;Adventure;Co-op;JRPG;Strategy;Spectacle fighter;Casual,1,20,49.99,49.99,0.0,0,11342,2155,13497,0.8403,1,"1,000,000 .. 2,000,000",1000000,2000000,1500000,0,0,0,242
996580,Spyro Reignited Trilogy,"Toys for Bob, Iron Galaxy Studios",Activision,"Action, Adventure",3D Platformer;Adventure;Remake;Dragons;Family Friendly;Action;Classic;Singleplayer;Platformer;Colorful;Collectathon;Cute;Fantasy;Cult Classic;Cartoony;Great Soundtrack;Casual;Third Person;Funny;Atmospheric,2,20,13.99,39.99,65.0,0,19266,1240,20506,0.9395,1,"1,000,000 .. 2,000,000",1000000,2000000,1500000,0,0,0,351
108800,Crysis 2 - Maximum Edition,Crytek Studios,Electronic Arts,Action,Action;FPS;Sci-fi;Shooter;Singleplayer;Multiplayer;Stealth;Aliens;First-Person;Futuristic;Benchmark;Atmospheric;Great Soundtrack;Adventure;Story Rich;Cyberpunk;3D Vision;Open World;Survival;RPG,1,20,29.99,29.99,0.0,0,11621,2008,13629,0.8527,1,"1,000,000 .. 2,000,000",1000000,2000000,1500000,0,0,0,27
673950,Farm Together,Milkstone Studios,Milkstone Studios,"Casual, Indie, Simulation",Agriculture;Multiplayer;Simulation;Relaxing;Online Co-Op;Casual;Farming Sim;Building;Co-op;Cute;Sandbox;Singleplayer;Character Customization;Third Person;Cartoony;Replay Value;Controller;Colony Sim;Horses;Female Protagonist,3,20,9.99,19.99,50.0,0,20462,1266,21728,0.9417,1,"1,000,000 .. 2,000,000",1000000,2000000,1500000,0,0,0,311
1094520,Sands of Salzaar,汉家松鼠Han-Squirrel Studio,XD,"Adventure, Indie, RPG, Strategy",Open World;RPG;Strategy;War;Indie;Adventure;Sandbox;Singleplayer;Character Customization;Hack and Slash;Action RPG;Top-Down;Story Rich;Multiplayer;Martial Arts;Early Access;Anime;Mature;Moddable;Action,4,20,14.99,14.99,0.0,0,18556,4085,22641,0.8196,1,"1,000,000 .. 2,000,000",1000000,2000000,1500000,0,0,0,90
747660,Five Nights at Freddy's: Security Breach,Steel Wool Studios,ScottGames,"Action, Adventure, Indie",Horror;Singleplayer;Survival Horror;Robots;Multiple Endings;First-Person;Stealth;Exploration;3D;Action;Adventure;Indie;Story Rich;Artificial Intelligence;Thriller;Action-Adventure;Colorful;Family Friendly;Cartoony;Atmospheric,3,20,39.99,39.99,0.0,0,56080,8779,64859,0.8646,1,"1,000,000 .. 2,000,000",1000000,2000000,1500000,0,0,0,196
6910,Deus Ex: Game of the Year Edition,Ion Storm,Eidos Interactive Corp.,Action,Cyberpunk;RPG;Stealth;Classic;Immersive Sim;FPS;Sci-fi;Cult Classic;Action;Singleplayer;Dystopian;Story Rich;Great Soundtrack;Inventory Management;First-Person;Atmospheric;Conspiracy;Moddable;Action RPG;Shooter,1,20,6.99,6.99,0.0,0,13801,751,14552,0.9484,1,"1,000,000 .. 2,000,000",1000000,2000000,1500000,0,0,0,48
239350,Spelunky,Mossmouth,Mossmouth,Indie,Platformer;Rogue-like;Action Roguelike;Indie;Difficult;2D;Local Co-Op;Replay Value;Procedural Generation;Arcade;Addictive;Action;Perma Death;Singleplayer;Adventure;Co-op;Great Soundtrack;Local Multiplayer;Controller;Side Scroller,1,20,14.99,14.99,0.0,0,15005,1288,16293,0.9209,1,"1,000,000 .. 2,000,000",1000000,2000000,1500000,0,0,0,60
215280,Secret World Legends,Funcom,Funcom,"Action, Adventure, Massively Multiplayer, RPG, Free To Play",MMORPG;Massively Multiplayer;Lovecraftian;RPG;Horror;Story Rich;Illuminati;Conspiracy;Open World;Action;Free to Play;Supernatural;Mythology;Adventure;Exploration;Puzzle;Multiplayer;Character Customization;Zombies;Third Person,5,20,0.0,0.0,0.0,1,6104,2956,9060,0.6737,0,"1,000,000 .. 2,000,000",1000000,2000000,1500000,0,0,0,34
360430,Mafia III: Definitive Edition,"Hangar 13, Aspyr (Mac)","2K, Aspyr (Mac)","Action, Adventure",Crime;Open World;Action;Story Rich;Singleplayer;Third Person;Violent;Shooter;Atmospheric;Great Soundtrack;Third-Person Shooter;Adventure;Nudity;Stealth;Multiplayer;Classic;Mature;Sandbox;Gore;FPS,2,20,29.99,29.99,0.0,0,32366,24142,56508,0.5728,0,"1,000,000 .. 2,000,000",1000000,2000000,1500000,0,0,0,869
673130,AMID EVIL,Indefatigable,New Blood Interactive,"Action, Adventure, Indie",Old School;Boomer Shooter;Arena Shooter;FPS;Sci-fi;Magic;Surreal;Shooter;First-Person;Psychedelic;Colorful;Action;Fantasy;Dark Fantasy;Atmospheric;Adventure;Retro;1990's;Singleplayer;Combat,3,20,19.99,19.99,0.0,0,6709,448,7157,0.9374,1,"1,000,000 .. 2,000,000",1000000,2000000,1500000,0,0,0,9
2552430,KINGDOM HEARTS -HD 1.5+2.5 ReMIX-,Square Enix,Square Enix,"Action, Adventure, RPG",Action;RPG;Adventure;JRPG;Great Soundtrack;Action-Adventure;Emotional;Story Rich;Singleplayer;Fantasy;3D;Magic;Colorful;Action RPG;Atmospheric;Anime;Cute;Character Action Game;Classic;Hack and Slash,3,20,49.99,49.99,0.0,0,6361,1241,7602,0.8368,1,"1,000,000 .. 2,000,000",1000000,2000000,1500000,0,0,0,886
323850,Move or Die,"Xelu, Those Awesome Guys",Those Awesome Guys,"Action, Indie",Multiplayer;Funny;Local Multiplayer;Action;Fast-Paced;2D;4 Player Local;Indie;Online Co-Op;Platformer;Casual;Competitive;Co-op;Local Co-Op;Arcade;Great Soundtrack;Party Game;Memes;Party;Singleplayer,2,20,14.99,14.99,0.0,0,20818,2415,23233,0.8961,1,"1,000,000 .. 2,000,000",1000000,2000000,1500000,0,0,0,21
1030840,Mafia: Definitive Edition,Hangar 13,2K,"Action, Adventure",Open World;Crime;Story Rich;Action;Singleplayer;Adventure;Sexual Content;Multiplayer;Third-Person Shooter;Remake;Violent;Third Person;Shooter;Atmospheric;Classic;Mature;Noir;Gore;Great Soundtrack;Racing,2,20,39.99,39.99,0.0,0,79686,12107,91793,0.8681,1,"1,000,000 .. 2,000,000",1000000,2000000,1500000,0,0,0,686
823500,BONEWORKS,Stress Level Zero,Stress Level Zero,"Action, Adventure, Indie, Simulation",VR;Physics;Action;Sandbox;Shooter;Singleplayer;Great Soundtrack;Adventure;Puzzle;First-Person;Realistic;Simulation;FPS;Violent;Indie;Horror;Parkour;Sci-fi;Gore;Funny,4,20,29.99,29.99,0.0,0,32917,2762,35679,0.9226,1,"1,000,000 .. 2,000,000",1000000,2000000,1500000,0,0,0,38
841370,NBA 2K19,Visual Concepts,2K,"Simulation, Sports",Sports;Basketball;Simulation;Multiplayer;Singleplayer;e-sports;Co-op;Great Soundtrack;Competitive;Funny;Controller;Violent;Open World;Loot;Local Multiplayer;Realistic;Football (Soccer);Massively Multiplayer;Atmospheric;FPS,2,20,0.0,0.0,0.0,1,8866,13826,22692,0.3907,0,"1,000,000 .. 2,000,000",1000000,2000000,1500000,0,0,0,129
204340,Serious Sam II,Croteam,Devolver Digital,"Action, Indie",Action;FPS;Co-op;Comedy;Multiplayer;Shooter;First-Person;Gore;Funny;Classic;Singleplayer;Adventure;Indie;Sci-fi;Online Co-Op;Colorful;Great Soundtrack;Atmospheric;Boomer Shooter;Difficult,2,20,0.99,9.99,90.0,0,11356,1312,12668,0.8964,1,"1,000,000 .. 2,000,000",1000000,2000000,1500000,0,0,0,61
794260,Outward Definitive Edition,Nine Dots Studio,"Prime Matter, Deep Silver",RPG,RPG;Open World;Survival;Co-op;Online Co-Op;Local Co-Op;Souls-like;Split Screen;Fantasy;Adventure;Exploration;Multiplayer;Singleplayer;Third Person;Difficult;Atmospheric;Resource Management;Realistic;Moddable;Violent,1,20,39.99,39.99,0.0,0,20738,7717,28455,0.7288,1,"1,000,000 .. 2,000,000",1000000,2000000,1500000,0,0,0,469
2680010,The First Berserker: Khazan,Neople,NEXON,"Action, Adventure, RPG",Souls-like;Difficult;Hack and Slash;Action RPG;Anime;Action-Adventure;Third Person;RPG;Action;3D;Dark Fantasy;Cartoony;Atmospheric;Adventure;Dark;Cartoon;Destruction;Combat;Linear;Singleplayer,3,20,59.99,59.99,0.0,0,15733,1816,17549,0.8965,1,"1,000,000 .. 2,000,000",1000000,2000000,1500000,0,0,0,1253
299460,Woodle Tree Adventures,Fabio Ferrara,Chubby Pixel,"Action, Adventure, Indie",Indie;Platformer;Adventure;Cute;3D Platformer;Action;Family Friendly;Local Co-Op;Casual;Colorful;Singleplayer;Short;Multiplayer,3,13,0.75,3.99,81.0,0,3717,1800,5517,0.6737,0,"1,000,000 .. 2,000,000",1000000,2000000,1500000,0,0,0,3
265550,Dead Rising 3 Apocalypse Edition,Capcom Game Studio Vancouver,Capcom,Action,Zombies;Open World;Action;Co-op;Gore;Survival;Comedy;Open World Survival Craft;Multiplayer;Third Person;Funny;Crafting;Adventure;Online Co-Op;Sandbox;Horror;Singleplayer;Survival Horror;Atmospheric;RPG,1,20,5.99,29.99,80.0,0,14615,4459,19074,0.7662,1,"1,000,000 .. 2,000,000",1000000,2000000,1500000,0,0,0,136
246900,Viscera Cleanup Detail,RuneStorm,RuneStorm,"Indie, Simulation",Simulation;Gore;Multiplayer;Co-op;First-Person;Funny;Physics;Indie;Sci-fi;Comedy;Horror;Singleplayer;Space;Blood;Casual;Walking Simulator;Sandbox;Parody;Relaxing;Adventure,2,20,12.99,12.99,0.0,0,20651,1639,22290,0.9265,1,"1,000,000 .. 2,000,000",1000000,2000000,1500000,0,0,0,140
450390,The Lab,Valve,Valve,Free To Play,Free to Play;VR;Singleplayer;Action;First-Person;Adventure;Funny;Sandbox;Casual;Family Friendly;Sci-fi;FPS;Puzzle;Shooter;Memes;Strategy;Archery;Multiplayer;Atmospheric;Simulation,1,20,0.0,0.0,0.0,1,6066,323,6389,0.9494,1,"1,000,000 .. 2,000,000",1000000,2000000,1500000,0,0,0,18
920210,LEGO Star Wars: The Skywalker Saga,TT Games,"Warner Bros. Games, Warner Bros. Interactive Entertainment","Action, Adventure",LEGO;Adventure;Co-op;Multiplayer;Open World;Space;Local Co-Op;Action;Sci-fi;Singleplayer;Funny;Family Friendly;Third Person;Story Rich;Epic;Great Soundtrack;Memes;Beautiful;Puzzle;NSFW,2,20,49.99,49.99,0.0,0,40865,4173,45038,0.9073,1,"1,000,000 .. 2,000,000",1000000,2000000,1500000,0,0,0,719
17480,Command & Conquer: Red Alert 3,EA Los Angeles,Electronic Arts,"Action, Strategy",Family Friendly;Level Editor;Strategy;RTS;Action;Multiplayer;Co-op;Singleplayer;Base-Building;Online Co-Op;Alternate History;War;Real-Time;Sci-fi;Co-op Campaign;Classic;Great Soundtrack;Comedy;FMV;Atmospheric,2,20,19.88,19.88,0.0,0,12792,2220,15012,0.8521,1,"1,000,000 .. 2,000,000",1000000,2000000,1500000,0,0,0,362
249130,LEGO Marvel Super Heroes,Traveller's Tales,Warner Bros. Interactive Entertainment,"Action, Adventure",LEGO;Open World;Superhero;Local Co-Op;Adventure;Action;Family Friendly;Co-op;Multiplayer;Comedy;Funny;Singleplayer;Comic Book;Third Person;Split Screen;Local Multiplayer;Puzzle;Casual;Sandbox;Platformer,2,20,19.99,19.99,0.0,0,24959,1218,26177,0.9535,1,"1,000,000 .. 2,000,000",1000000,2000000,1500000,0,0,0,298
1017180,The Long Drive,Genesz,Genesz,"Action, Adventure, Casual, Indie, Simulation, Early Access",Driving;Open World;Multiplayer;Survival;Automobile Sim;Exploration;Post-apocalyptic;Adventure;First-Person;Racing;Simulation;Shooter;Singleplayer;Horror;Early Access;Sexual Content;Indie;Casual;Realistic;Psychological Horror,6,20,15.99,15.99,0.0,0,42761,4666,47427,0.9016,1,"1,000,000 .. 2,000,000",1000000,2000000,1500000,0,0,0,377
26800,Braid,Number None,Number None,"Casual, Indie, Strategy",Puzzle-Platformer;Puzzle;2D Platformer;Platformer;Indie;Time Manipulation;2D;Singleplayer;Great Soundtrack;Difficult;Time Travel;Casual;Atmospheric;Classic;Story Rich;Side Scroller;Strategy;Beautiful;Adventure;Short,3,20,14.99,14.99,0.0,0,9121,640,9761,0.9344,1,"1,000,000 .. 2,000,000",1000000,2000000,1500000,0,0,0,5
640590,The LEGO NINJAGO Movie Video Game,"Traveller's Tales, TT Games",Warner Bros. Interactive Entertainment,Action,Action;LEGO;Ninja;Multiplayer;Co-op;Open World;Adventure;Funny;Comedy;Family Friendly;Local Co-Op;Singleplayer;Third Person;Story Rich;Local Multiplayer;Platformer;3D Platformer;Controller;Action-Adventure;Online Co-Op,1,20,19.99,19.99,0.0,0,6151,1028,7179,0.8568,1,"1,000,000 .. 2,000,000",1000000,2000000,1500000,0,0,0,28
1515210,The Past Within,Rusty Lake,Rusty Lake,"Adventure, Indie",Co-op;Puzzle;Online Co-Op;Multiplayer;Escape Room;Horror;Mystery;Point & Click;Adventure;Indie;Psychological Horror;Local Co-Op;Story Rich;Atmospheric;Local Multiplayer;Asynchronous Multiplayer;Thriller;2D;Surreal;3D,2,20,5.99,5.99,0.0,0,14362,794,15156,0.9476,1,"1,000,000 .. 2,000,000",1000000,2000000,1500000,0,0,0,51
1147550,Not For Broadcast,NotGames,tinyBuild,"Adventure, Indie, Simulation",Adventure;1980s;Choices Matter;Dystopian;Simulation;Dark Comedy;FMV;Story Rich;Multiple Endings;Management;Interactive Fiction;Political Sim;Choose Your Own Adventure;Political;Atmospheric;Point & Click;Alternate History;First-Person;Singleplayer;Indie,3,20,24.99,24.99,0.0,0,10897,687,11584,0.9407,1,"1,000,000 .. 2,000,000",1000000,2000000,1500000,0,0,0,33
434650,Lost Castle / 失落城堡,Hunter Studio,Neon Doctrine,"Action, Adventure, Indie, RPG",4 Player Local;Action Roguelike;Beat 'em up;Side Scroller;Dungeon Crawler;Rogue-lite;Hack and Slash;Multiplayer;Rogue-like;PvP;PvE;Difficult;RPG;Local Multiplayer;2D;Action RPG;Loot;Multiple Endings;Colorful;Singleplayer,4,20,9.99,9.99,0.0,0,20442,3082,23524,0.869,1,"1,000,000 .. 2,000,000",1000000,2000000,1500000,0,0,0,114
1774580,STAR WARS Jedi: Survivor,Respawn,Electronic Arts,"Action, Adventure",Action;Adventure;Souls-like;Singleplayer;Third Person;Open World;Sci-fi;Action-Adventure;Story Rich;Space;Swordplay;Exploration;Parkour;Combat;Character Customization;RPG;Atmospheric;Great Soundtrack;Difficult;Multiplayer,2,20,69.99,69.99,0.0,0,46131,20923,67054,0.688,0,"1,000,000 .. 2,000,000",1000000,2000000,1500000,0,0,0,2353
431730,Aseprite,Igara Studio,Igara Studio,"Animation & Modeling, Design & Illustration, Game Development",Pixel Graphics;Design & Illustration;Animation & Modeling;Software;Game Development;2D;Utilities;Indie;Retro;Cute;Singleplayer;Survival Horror,3,12,19.99,19.99,0.0,0,21620,198,21818,0.9909,1,"1,000,000 .. 2,000,000",1000000,2000000,1500000,0,0,0,4541
780310,The Riftbreaker,EXOR Studios,"EXOR Studios, Surefire.Games","Action, Adventure, Indie, RPG, Simulation, Strategy",Base-Building;Tower Defense;Survival;Strategy;Hack and Slash;Crafting;Resource Management;Sci-fi;Building;Exploration;Action RPG;Adventure;RPG;Isometric;Loot;Sandbox;Simulation;Mechs;Action;Atmospheric,6,20,8.99,29.99,70.0,0,16245,1760,18005,0.9022,1,"1,000,000 .. 2,000,000",1000000,2000000,1500000,0,0,0,231
261030,The Walking Dead: Season Two,Telltale Games,Skybound Games,Adventure,Zombies;Adventure;Story Rich;Episodic;Point & Click;Singleplayer;Female Protagonist;Drama;Choices Matter;Atmospheric;Choose Your Own Adventure;Horror;Comic Book;Emotional;Mature;Survival;Post-apocalyptic;Cinematic;Action;Gore,1,20,14.99,14.99,0.0,0,30526,1113,31639,0.9648,1,"1,000,000 .. 2,000,000",1000000,2000000,1500000,0,0,0,199
1328670,Mass Effect Legendary Edition,BioWare,Electronic Arts,"Action, RPG",Story Rich;RPG;Choices Matter;Sci-fi;Singleplayer;Space;Character Customization;Third-Person Shooter;Action;Action RPG;Sexual Content;Shooter;Romance;Great Soundtrack;Atmospheric;Nudity;Female Protagonist;Combat;Military;Classic,2,20,59.99,59.99,0.0,0,51295,5033,56328,0.9106,1,"1,000,000 .. 2,000,000",1000000,2000000,1500000,0,0,0,2420
226840,Age of Wonders III,Triumph Studios,Paradox Interactive,"RPG, Strategy",Strategy;Turn-Based Strategy;Fantasy;RPG;4X;Turn-Based;Multiplayer;Singleplayer;Tactical;Dwarf;Hex Grid;Co-op;Adventure;Grand Strategy;Great Soundtrack;Atmospheric;Classic;Moddable;Female Protagonist;Action,2,20,29.99,29.99,0.0,0,10093,2485,12578,0.8024,1,"1,000,000 .. 2,000,000",1000000,2000000,1500000,0,0,0,163
374040,Portal Knights,Keen Games GmbH,505 Games,"Action, Adventure, RPG",Adventure;Multiplayer;Sandbox;RPG;Building;Crafting;Survival;Co-op;Action;Exploration;Singleplayer;Fantasy;Voxel;Casual;Dungeon Crawler;Cute;Early Access;Third Person;Local Co-Op;Great Soundtrack,3,20,19.99,19.99,0.0,0,18093,3593,21686,0.8343,1,"1,000,000 .. 2,000,000",1000000,2000000,1500000,0,0,0,76
668580,Atomic Heart,Mundfish,"Focus Entertainment, 4Divinity, Mundfish","Action, Adventure, RPG",Sexual Content;FPS;Horror;Singleplayer;Puzzle;Robots;Mystery;Action;Shooter;Sci-fi;First-Person;Open World;Action-Adventure;Alternate History;Exploration;Atmospheric;Gore;Cyberpunk;Action RPG;RPG,3,20,11.99,59.99,80.0,0,31167,6828,37995,0.8203,1,"1,000,000 .. 2,000,000",1000000,2000000,1500000,0,0,0,466
1044720,Farthest Frontier,Crate Entertainment,Crate Entertainment,"Indie, Simulation, Strategy",Early Access;Historical;Agriculture;Medieval;4X;Immersive Sim;City Builder;Resource Management;Top-Down;RTS;Strategy;Management;Base-Building;Building;Simulation;Economy;Survival;Farming;Action RTS;War,3,20,20.99,34.99,40.0,0,16780,2724,19504,0.8603,1,"1,000,000 .. 2,000,000",1000000,2000000,1500000,0,0,0,995
544750,SOULCALIBUR VI,"BANDAI NAMCO Studios Inc., Dimps Corporation",BANDAI NAMCO Entertainment,Action,Fighting;Action;Character Customization;Multiplayer;Fantasy;Swordplay;Local Multiplayer;Arcade;3D Fighter;Nudity;Singleplayer;Competitive;Female Protagonist;Great Soundtrack;Sexual Content;Medieval;Anime;Story Rich;Beat 'em up;2D Fighter,1,20,5.99,59.99,90.0,0,11147,2394,13541,0.8232,1,"1,000,000 .. 2,000,000",1000000,2000000,1500000,0,0,0,119
972660,Spiritfarer: Farewell Edition,Thunder Lotus,Thunder Lotus,"Adventure, Indie, Simulation",Emotional;Story Rich;Indie;Management;Relaxing;Building;Adventure;Hand-drawn;Exploration;Female Protagonist;Atmospheric;Local Co-Op;Platformer;Co-op;Crafting;Simulation;Funny;Cartoony;Farming Sim;Fishing,3,20,29.99,29.99,0.0,0,44192,2225,46417,0.9521,1,"1,000,000 .. 2,000,000",1000000,2000000,1500000,0,0,0,702
1150690,OMORI,"OMOCAT, LLC","OMOCAT, LLC","Adventure, Indie, RPG",Psychological Horror;Story Rich;Pixel Graphics;Indie;Great Soundtrack;RPG;Multiple Endings;RPGMaker;Hand-drawn;Horror;2D;Colorful;Turn-Based;Atmospheric;Party-Based RPG;Exploration;JRPG;Stylized;Anime;Fantasy,3,20,19.99,19.99,0.0,0,78023,2214,80237,0.9724,1,"1,000,000 .. 2,000,000",1000000,2000000,1500000,0,0,0,506
9450,"Warhammer 40,000: Dawn of War - Soulstorm",Relic Entertainment,SEGA,Strategy,Warhammer 40K;Strategy;RTS;Base-Building;Sci-fi;Multiplayer;Real-Time;Games Workshop;Singleplayer;Futuristic;Classic;Action;Atmospheric;Great Soundtrack;Gore;Moddable;Adventure;Fantasy;Co-op;Memes,1,20,0.0,0.0,0.0,1,16764,847,17611,0.9519,1,"1,000,000 .. 2,000,000",1000000,2000000,1500000,0,0,0,673
1301720,Escape Room - Der kranke Kollege,Bitbeast Games,Bitbeast Games,"Adventure, Casual, Free To Play",Multiplayer;Free to Play;Horror;Puzzle;Investigation;Adventure;Logic;Escape Room;First-Person;Psychological Horror;Detective;Casual;Atmospheric;Exploration;Crime;Realistic;Immersive Sim;Multiple Endings;Relaxing;Tutorial,3,20,0.0,0.0,0.0,1,9872,2233,12105,0.8155,1,"1,000,000 .. 2,000,000",1000000,2000000,1500000,0,0,0,63
921060,Modern Combat 5,Gameloft,Gameloft,"Action, Free To Play, Massively Multiplayer",Free to Play;FPS;Action;Shooter;Multiplayer;Massively Multiplayer;Battle Royale;Controller;Singleplayer;First-Person;Co-op;Online Co-Op;Adventure;Zombies;Violent;Gore;Story Rich;Sexual Content,3,18,0.0,0.0,0.0,1,3130,2595,5725,0.5467,0,"1,000,000 .. 2,000,000",1000000,2000000,1500000,0,0,0,1
70000,Dino D-Day,800 North and Digital Ranch,800 North and Digital Ranch,"Action, Indie",Dinosaurs;Multiplayer;Action;World War II;FPS;Indie;Shooter;First-Person;War;Comedy;Funny;Third Person;Alternate History;Co-op;Survival;Historical;PvP;Third-Person Shooter;Gore;Open World,2,20,0.99,9.99,90.0,0,12659,2391,15050,0.8411,1,"1,000,000 .. 2,000,000",1000000,2000000,1500000,0,0,0,3
274520,Darkwood,Acid Wizard Studio,"Hooded Horse, Acid Wizard Studio","Action, Adventure, RPG, Strategy",Horror;Survival Horror;Top-Down;Atmospheric;Survival;Dark;Indie;Open World;Singleplayer;Lovecraftian;Exploration;RPG;Adventure;Crafting;Psychological Horror;Inventory Management;Action;Gore;Building;Rogue-like,4,20,19.99,19.99,0.0,0,20529,1089,21618,0.9496,1,"1,000,000 .. 2,000,000",1000000,2000000,1500000,0,0,0,86
239200,Amnesia: A Machine for Pigs,The Chinese Room,Frictional Games,"Action, Adventure, Indie",Horror;Walking Simulator;Atmospheric;Story Rich;First-Person;Psychological Horror;Exploration;Mystery;Interactive Fiction;Singleplayer;Adventure;Indie;Survival Horror;Dark;Narration;Short;Lovecraftian;Action;Puzzle;Linear,3,20,19.99,19.99,0.0,0,7886,3457,11343,0.6952,0,"1,000,000 .. 2,000,000",1000000,2000000,1500000,0,0,0,10
257420,Serious Sam 4,Croteam,Devolver Digital,"Action, Adventure, Indie",Action;Gore;FPS;Co-op;Shooter;Multiplayer;Violent;Adventure;Comedy;Singleplayer;Great Soundtrack;Blood;Fast-Paced;First-Person;Classic;Indie;Difficult;Arena Shooter;Open World;Third-Person Shooter,3,20,7.99,39.99,80.0,0,13456,2672,16128,0.8343,1,"1,000,000 .. 2,000,000",1000000,2000000,1500000,0,0,0,145
1335200,Action Taimanin,LiLith,Infini-Brain inc.,"Action, Adventure, RPG, Free To Play",Sexual Content;Nudity;Hentai;Mature;Free to Play;NSFW;Female Protagonist;Anime;3D;Action;Hack and Slash;RPG;Singleplayer;Fighting;Action RPG;Adventure;Third Person;Ninja;Multiplayer;FPS,4,20,0.0,0.0,0.0,1,15495,3149,18644,0.8311,1,"1,000,000 .. 2,000,000",1000000,2000000,1500000,0,0,0,993
1888930,The Last of Us Part I,"Naughty Dog LLC, Iron Galaxy Studios",PlayStation Publishing LLC,"Action, Adventure",Story Rich;Post-apocalyptic;Zombies;Shooter;Action-Adventure;Horror;Third-Person Shooter;Third Person;Singleplayer;Survival;Survival Horror;Cinematic;Action;Emotional;Adventure;Thriller;Atmospheric;Drama;Remake;Soundtrack,2,20,59.99,59.99,0.0,0,63713,16142,79855,0.7979,1,"1,000,000 .. 2,000,000",1000000,2000000,1500000,0,0,0,4144
654880,Dream Daddy: A Dad Dating Simulator,Game Grumps,Game Grumps,"Casual, Indie, Simulation",LGBTQ+;Dating Sim;Sexual Content;Romance;Visual Novel;Simulation;Character Customization;Indie;Memes;Casual;Funny;Choices Matter;NSFW;Cute;Nudity;Singleplayer;Mature;Story Rich;Multiple Endings;Comedy,3,20,14.99,14.99,0.0,0,5578,509,6087,0.9164,1,"1,000,000 .. 2,000,000",1000000,2000000,1500000,0,0,0,21
625960,Stoneshard,Ink Stains Games,HypeTrain Digital,"Adventure, Indie, RPG, Strategy, Early Access",RPG;Rogue-like;Strategy;Pixel Graphics;Survival;Turn-Based;Open World Survival Craft;Procedural Generation;Singleplayer;2D;Dungeon Crawler;Turn-Based Combat;Dark Fantasy;Indie;Difficult;Medieval;Replay Value;Sandbox;Early Access;Open World,5,20,24.99,24.99,0.0,0,22298,7764,30062,0.7417,1,"1,000,000 .. 2,000,000",1000000,2000000,1500000,0,0,0,744
1509960,PICO PARK,TECOPARK,TECOPARK,"Action, Casual, Indie",Multiplayer;Online Co-Op;Puzzle-Platformer;Co-op;Local Co-Op;Casual;Cute;Local Multiplayer;Platformer;2D;Action;Funny;Pixel Graphics;Puzzle;Party Game;Indie;Horror;Difficult;Retro;Souls-like,3,20,4.99,4.99,0.0,0,25879,2620,28499,0.9081,1,"1,000,000 .. 2,000,000",1000000,2000000,1500000,0,0,0,124
1544020,The Callisto Protocol,Striking Distance Studios,"KRAFTON, Inc.","Action, Adventure",Horror;Sci-fi;Survival Horror;Third-Person Shooter;Space;Shooter;Action-Adventure;Third Person;PvE;Action;3D;Story Rich;Linear;Realistic;Adventure;Robots;Cinematic;Dark;Futuristic;Singleplayer,2,20,59.99,59.99,0.0,0,25601,13829,39430,0.6493,0,"1,000,000 .. 2,000,000",1000000,2000000,1500000,0,0,0,46
1447430,小黑盒加速器,Qing Feng Beijing Technology,Qing Feng Beijing Technology,"Software Training, Web Publishing, Game Development",Web Publishing;Game Development;Software Training;Utilities;Software,3,5,0.0,0.0,0.0,1,7088,1800,8888,0.7975,1,"1,000,000 .. 2,000,000",1000000,2000000,1500000,0,0,0,3328
104900,ORION: Prelude,DANKIE,DANKIE,"Action, Adventure, Indie, RPG",Dinosaurs;Action;FPS;Multiplayer;Online Co-Op;Co-op;Shooter;Adventure;Indie;Open World;Sci-fi;First-Person;Team-Based;Third-Person Shooter;Singleplayer;PvP;Mechs;Epic;Third Person;Strategy,4,20,0.99,0.99,0.0,0,21458,7027,28485,0.7533,1,"1,000,000 .. 2,000,000",1000000,2000000,1500000,0,0,0,3
1201240,BLEACH Brave Souls,KLab Inc.,KLab Inc.,"Action, Casual, RPG, Free To Play",Free to Play;Anime;RPG;Multiplayer;Action;Action RPG;Singleplayer;JRPG;Online Co-Op;Co-op;PvP;Hack and Slash;Casual;Modern;Sci-fi;Story Rich;Open World;Great Soundtrack;Mod;MMORPG,4,20,0.0,0.0,0.0,1,10533,1351,11884,0.8863,1,"1,000,000 .. 2,000,000",1000000,2000000,1500000,0,0,0,1349
1686940,Bopl Battle,Johan Grönvall,Zapray Games,Action,Multiplayer;4 Player Local;2D Fighter;Action;Online Co-Op;Funny;Local Co-Op;Strategy;Cartoony;Co-op;Local Multiplayer;2D;Colorful;Hand-drawn;Cute;PvP;Physics;Controller;Casual;Comedy,1,20,9.99,9.99,0.0,0,18609,516,19125,0.973,1,"1,000,000 .. 2,000,000",1000000,2000000,1500000,0,0,0,480
859570,Secret Neighbor: Hello Neighbor Multiplayer,"Hologryph, Eerie Guest Studios",tinyBuild,"Action, Adventure, Indie",Multiplayer;Horror;Online Co-Op;PvP;Co-op;Cartoony;Survival Horror;First-Person;Stealth;Adventure;Family Friendly;Mystery;Colorful;Funny;Action;Indie;Puzzle;Thriller;Casual;Comedy,3,20,19.99,19.99,0.0,0,15991,2508,18499,0.8644,1,"1,000,000 .. 2,000,000",1000000,2000000,1500000,0,0,0,91
1846380,Need for Speed Unbound,Criterion Games,Electronic Arts,"Action, Racing",Racing;Multiplayer;Open World;Action;Driving;Singleplayer;Character Customization;Combat Racing;Controller;Arcade;Online Co-Op;Casual;Simulation;Sports;Atmospheric;Adventure;Anime;Immersive;Music;Split Screen,2,20,69.99,69.99,0.0,0,29906,19702,49608,0.6028,0,"1,000,000 .. 2,000,000",1000000,2000000,1500000,0,0,0,618
313120,Stranded Deep,Beam Team Games,Beam Team Publishing,"Adventure, Indie",Open World Survival Craft;Survival;Multiplayer;Open World;Crafting;First-Person;Adventure;Exploration;Realistic;Singleplayer;Building;Co-op;Sandbox;Simulation;Underwater;Early Access;Action;Atmospheric;Indie;Strategy,2,20,19.99,19.99,0.0,0,34118,11710,45828,0.7445,1,"1,000,000 .. 2,000,000",1000000,2000000,1500000,0,0,0,256
1435790,Escape Simulator,Pine Studio,Pine Studio,"Adventure, Casual, Indie, Simulation",Puzzle;Co-op;Multiplayer;Escape Room;First-Person;Adventure;Online Co-Op;Mystery;Controller;Singleplayer;Family Friendly;Casual;Simulation;Indie;VR;Story Rich;Investigation;Point & Click;Exploration;Level Editor,4,20,19.99,19.99,0.0,0,16281,1027,17308,0.9407,1,"1,000,000 .. 2,000,000",1000000,2000000,1500000,0,0,0,674
1062090,Timberborn,Mechanistry,Mechanistry,"Indie, Simulation, Strategy",City Builder;Voxel;Colony Sim;Nature;Sandbox;Building;Automation;Management;Survival;Base-Building;Science;Physics;Farming Sim;Strategy;3D;Post-apocalyptic;Simulation;Early Access;Stylized;Level Editor,3,20,24.49,34.99,30.0,0,30266,1412,31678,0.9554,1,"1,000,000 .. 2,000,000",1000000,2000000,1500000,0,0,0,3884
21100,F.E.A.R. 3,Day 1 Studios,Warner Bros. Interactive Entertainment,Action,FPS;Horror;Co-op;Action;Multiplayer;Shooter;Singleplayer;Gore;First-Person;Online Co-Op;Bullet Time;Sci-fi;Adventure;Co-op Campaign;Zombies;Atmospheric;Story Rich;Mechs;Controller;Short,1,20,19.99,19.99,0.0,0,9070,3688,12758,0.7109,1,"1,000,000 .. 2,000,000",1000000,2000000,1500000,0,0,0,36
1259970,eFootball PES 2021 SEASON UPDATE,Konami Digital Entertainment,Konami Digital Entertainment,Sports,Sports;Football (Soccer);Multiplayer;e-sports;Realistic;Local Multiplayer;Co-op;Singleplayer;Football (American);Local Co-Op;Online Co-Op;Controller;Psychological Horror;Free to Play;Simulation;Team-Based;Casual;Horror;Sexual Content,1,19,0.0,0.0,0.0,1,29393,8549,37942,0.7747,1,"1,000,000 .. 2,000,000",1000000,2000000,1500000,0,0,0,989
2096600,Crysis 2 Remastered,"Crytek, Saber Interactive",Crytek,Action,Action;FPS;Shooter;Sandbox;First-Person;Aliens;Hero Shooter;Shoot 'Em Up;Dark Humor;Dystopian;Futuristic;Post-apocalyptic;Sci-fi;Tactical;Singleplayer;Combat;PvE;Violent;Multiplayer;Story Rich,1,20,29.99,29.99,0.0,0,6022,731,6753,0.8918,1,"1,000,000 .. 2,000,000",1000000,2000000,1500000,0,0,0,79
400040,ShareX,ShareX Team,ShareX Team,"Free To Play, Audio Production, Design & Illustration, Photo Editing, Utilities, Video Production, Web Publishing",Photo Editing;Utilities;Free to Play;Video Production;Software;Design & Illustration;Web Publishing;Audio Production;Sexual Content,7,9,0.0,0.0,0.0,1,7196,328,7524,0.9564,1,"1,000,000 .. 2,000,000",1000000,2000000,1500000,0,0,0,2777
512900,Streets of Rogue,Matt Dabrowski,tinyBuild,"Action, Adventure, Indie, RPG",Rogue-lite;Action Roguelike;Pixel Graphics;Multiplayer;RPG;Rogue-like;Indie;Action;Co-op;Adventure;Local Co-Op;Funny;Online Co-Op;Stealth;Procedural Generation;Great Soundtrack;2D;Immersive Sim;Violent;Gore,4,20,19.99,19.99,0.0,0,21076,857,21933,0.9609,1,"1,000,000 .. 2,000,000",1000000,2000000,1500000,0,0,0,317
383080,Sakura Clicker,Winged Cloud,Winged Cloud,"Casual, Free To Play, Indie",Nudity;Free to Play;Anime;Sexual Content;Mature;Clicker;Female Protagonist;Singleplayer;Hentai;Casual;NSFW;Indie;Fantasy;2D;Memes;Funny;Dating Sim;Adventure;RPG;Idler,3,20,0.0,0.0,0.0,1,12127,2429,14556,0.8331,1,"1,000,000 .. 2,000,000",1000000,2000000,1500000,0,0,0,58
573090,Stormworks: Build and Rescue,Geometa,Geometa,Simulation,Sandbox;Base-Building;Open World;Building;Immersive Sim;Automation;Flight;Physics;PvP;Programming;Exploration;Sailing;Tutorial;Survival;Trains;Naval;Open World Survival Craft;First-Person;Third Person;Character Customization,1,20,24.99,24.99,0.0,0,47662,5280,52942,0.9003,1,"1,000,000 .. 2,000,000",1000000,2000000,1500000,0,0,0,1488
20510,S.T.A.L.K.E.R.: Clear Sky,GSC Game World,GSC World Publishing,"Action, RPG",Open World;Atmospheric;Post-apocalyptic;FPS;Survival;Action;First-Person;RPG;Shooter;Singleplayer;Survival Horror;Adventure;Horror;Multiplayer;Sci-fi;Classic;Moddable;Zombies;Inventory Management;Sandbox,2,20,19.99,19.99,0.0,0,18987,3267,22254,0.8532,1,"1,000,000 .. 2,000,000",1000000,2000000,1500000,0,0,0,107
1268750,Starship Troopers: Extermination,Offworld,Offworld,"Action, Indie",Online Co-Op;Action;Sci-fi;First-Person;FPS;Combat;Multiplayer;Co-op;Aliens;Arcade;PvE;Wargame;Shooter;Space;Base-Building;Arena Shooter;Class-Based;3D;Realistic;Early Access,2,20,29.99,29.99,0.0,0,25027,5995,31022,0.8068,1,"1,000,000 .. 2,000,000",1000000,2000000,1500000,0,0,0,283
774861,Project Winter,Other Ocean Interactive,Other Ocean Group,"Action, Adventure, Casual, Indie, Strategy",Team-Based;Snow;PvP;Exploration;Adventure;Crafting;Stylized;Controller;Social Deduction;Multiplayer;Survival;PvE;Colorful;Strategy;Funny;Atmospheric;Investigation;Action-Adventure;Action;Casual,5,20,9.99,9.99,0.0,0,15638,3261,18899,0.8275,1,"1,000,000 .. 2,000,000",1000000,2000000,1500000,0,0,0,16
1169040,Necesse,Fair Games ApS,Fair Games ApS,"Action, Adventure, Indie, RPG",Open World Survival Craft;Multiplayer;Open World;Sandbox;Pixel Graphics;Indie;Adventure;Survival;Crafting;Early Access;RPG;Co-op;Building;Action;Exploration;Online Co-Op;Automation;2D;Atmospheric;Base-Building,4,20,14.99,14.99,0.0,0,15988,1083,17071,0.9366,1,"1,000,000 .. 2,000,000",1000000,2000000,1500000,0,0,0,507
1501750,Lords of the Fallen,CI Games,CI Games,"Action, Adventure, RPG",Souls-like;Exploration;Combat;Action;Dark Fantasy;RPG;Dragons;Story Rich;Online Co-Op;Action RPG;Singleplayer;Action-Adventure;Adventure;Medieval;Lore-Rich;Magic;Character Customization;Multiplayer;Fantasy;Open World,3,20,29.99,29.99,0.0,0,27969,14164,42133,0.6638,0,"1,000,000 .. 2,000,000",1000000,2000000,1500000,0,0,0,827
969990,SpongeBob SquarePants: Battle for Bikini Bottom - Rehydrated,Purple Lamp,THQ Nordic,"Action, Adventure, Casual",3D Platformer;Adventure;Cult Classic;Remake;Multiplayer;Action;Family Friendly;Cartoon;Casual;Funny;Classic;Underwater;Great Soundtrack;Singleplayer;Co-op;Colorful;Comedy;Open World;Story Rich;Collectathon,3,20,29.99,29.99,0.0,0,15692,989,16681,0.9407,1,"1,000,000 .. 2,000,000",1000000,2000000,1500000,0,0,0,52
516750,My Summer Car,Amistech Games,Amistech Games,"Indie, Racing, Simulation",Automobile Sim;Simulation;Driving;Open World;Survival;Realistic;First-Person;Building;Racing;Singleplayer;Funny;Sandbox;Difficult;Early Access;Multiplayer;Perma Death;Comedy;Indie;Adventure;Psychological Horror,3,20,14.99,14.99,0.0,0,86445,4949,91394,0.9458,1,"1,000,000 .. 2,000,000",1000000,2000000,1500000,0,0,0,1044
210970,The Witness,"Thekla, Inc.","Thekla, Inc.","Adventure, Indie",Puzzle;Exploration;First-Person;Open World;Singleplayer;Colorful;Indie;Atmospheric;Difficult;Walking Simulator;Adventure;Mystery;Nonlinear;Philosophical;Relaxing;Surreal;Casual;Great Soundtrack;Story Rich;Beautiful,2,20,39.99,39.99,0.0,0,16069,2868,18937,0.8486,1,"1,000,000 .. 2,000,000",1000000,2000000,1500000,0,0,0,103
361280,Turmoil,Gamious,Gamious,"Indie, Simulation, Strategy",Management;Mining;Strategy;Time Management;Resource Management;Turn-Based Strategy;Multiplayer;Asynchronous Multiplayer;Singleplayer;Relaxing;2D;Capitalism;Economy;Turn-Based Tactics;Simulation;Indie;Real Time Tactics;Historical;PvE;PvP,3,20,12.99,12.99,0.0,0,13816,1037,14853,0.9302,1,"1,000,000 .. 2,000,000",1000000,2000000,1500000,0,0,0,767
457330,High Octane Drift,Cruderocks,Cruderocks,"Free To Play, Racing, Simulation, Sports, Early Access",Racing;Automobile Sim;Free to Play;Multiplayer;Driving;Simulation;Early Access;Sports;Massively Multiplayer;Open World;Action;Controller;Online Co-Op;Singleplayer;4 Player Local;Casual;Gore;First-Person;Shooter;Arcade,5,20,0.0,0.0,0.0,1,3265,2684,5949,0.5488,0,"1,000,000 .. 2,000,000",1000000,2000000,1500000,0,0,0,4
4580,"Warhammer 40,000: Dawn of War - Dark Crusade",Relic Entertainment,SEGA,Strategy,Strategy;Warhammer 40K;RTS;Base-Building;Sci-fi;Multiplayer;Singleplayer;Games Workshop;Real-Time;Classic;War;Gore;Action;Tactical;Atmospheric;Co-op;Fantasy;Space;Violent;Adventure,1,20,0.0,0.0,0.0,1,8658,318,8976,0.9646,1,"1,000,000 .. 2,000,000",1000000,2000000,1500000,0,0,0,236
584400,Sonic Mania,"Christian Whitehead, Headcannon, PagodaWest Games",SEGA,"Action, Adventure, Casual",Great Soundtrack;2D;Platformer;Retro;Classic;Pixel Graphics;Fast-Paced;Colorful;Adventure;Action;Side Scroller;Singleplayer;Family Friendly;Local Co-Op;Casual;Multiplayer;Arcade;Action-Adventure;Cartoony;Remake,3,20,19.99,19.99,0.0,0,24500,1631,26131,0.9376,1,"1,000,000 .. 2,000,000",1000000,2000000,1500000,0,0,0,78
860510,Little Nightmares II,Tarsier Studios,BANDAI NAMCO Entertainment,Adventure,Horror;Adventure;Singleplayer;Puzzle;Dark;Atmospheric;Psychological Horror;Story Rich;Multiplayer;Stealth;Action-Adventure;Puzzle-Platformer;Indie;Platformer;Great Soundtrack;2.5D;Thriller;Action;Co-op;Violent,1,20,9.89,29.99,67.0,0,40494,2548,43042,0.9408,1,"1,000,000 .. 2,000,000",1000000,2000000,1500000,0,0,0,229
2400,The Ship: Murder Party,Outerlight Ltd.,Blazing Griffin,"Action, Indie, RPG",Multiplayer;Indie;First-Person;Action;Stealth;Mystery;RPG;Assassin;Funny;Survival;FPS;Simulation;Singleplayer;Comedy;Shooter;Adventure;Strategy;Difficult;Stylized;Replay Value,3,20,9.99,9.99,0.0,0,5108,842,5950,0.8585,1,"1,000,000 .. 2,000,000",1000000,2000000,1500000,0,0,0,3
423230,Furi,The Game Bakers,The Game Bakers,"Action, Indie",Bullet Hell;Hack and Slash;Difficult;Shoot 'Em Up;Beat 'em up;Top-Down;Boss Rush;Third Person;Atmospheric;Sci-fi;Controller;Action;Story Rich;Cyberpunk;Fast-Paced;Violent;Replay Value;Singleplayer;Indie;Great Soundtrack,2,20,19.99,19.99,0.0,0,11103,1101,12204,0.9098,1,"1,000,000 .. 2,000,000",1000000,2000000,1500000,0,0,0,15
682990,Drug Dealer Simulator,Byterunners,Movie Games S.A.,"Action, Adventure, Indie, Simulation",Simulation;Crime;Action;Indie;Singleplayer;Open World;Resource Management;Crafting;Trading;Management;Adventure;First-Person;Realistic;Sandbox;Inventory Management;Strategy;Dark Comedy;Co-op;Funny;Atmospheric,4,20,19.99,19.99,0.0,0,18054,6004,24058,0.7504,1,"1,000,000 .. 2,000,000",1000000,2000000,1500000,0,0,0,89
356670,Spooky's Jump Scare Mansion,Lag Studios,Lag Studios,"Action, Adventure, Free To Play, Indie",Horror;Free to Play;Cute;First-Person;Singleplayer;Indie;Atmospheric;Psychological Horror;Cartoon;Dark Humor;Funny;Dark;Adventure;Survival Horror;Procedural Generation;Survival;Action;3D;Walking Simulator;Comedy,4,20,0.0,0.0,0.0,1,13926,1072,14998,0.9285,1,"1,000,000 .. 2,000,000",1000000,2000000,1500000,0,0,0,8
977400,Cell to Singularity - Evolution Never Ends,Computer Lunch,Computer Lunch,"Casual, Simulation, Free To Play",Clicker;Free to Play;Simulation;Science;Idler;Casual;Historical;Singleplayer;Dinosaurs;Space;Education;Early Access;God Game;Sci-fi;Sandbox;Point & Click;Multiplayer;Atmospheric;Family Friendly;Strategy,3,20,0.0,0.0,0.0,1,21284,2406,23690,0.8984,1,"1,000,000 .. 2,000,000",1000000,2000000,1500000,0,0,0,3036
295110,Just Survive,Daybreak Game Company,Daybreak Game Company,"Action, Adventure, Massively Multiplayer",Zombies;Survival;Open World;Multiplayer;Massively Multiplayer;Crafting;Post-apocalyptic;Action;Survival Horror;Co-op;Shooter;Adventure;Sandbox;Exploration;FPS;Walking Simulator;Horror;Early Access;Simulation;RPG,3,20,0.0,0.0,0.0,1,45716,31640,77356,0.591,0,"1,000,000 .. 2,000,000",1000000,2000000,1500000,0,0,0,1
31280,Poker Night at the Inventory,Telltale Games,Soldak Entertainment,"Casual, Sports",Card Game;Casual;Comedy;Singleplayer;Funny;Gambling;Strategy;Sports;Conversation;Simulation;Memes;Indie;First-Person;Touch-Friendly;Point & Click;Board Game;Multiplayer;Action;Relaxing;Great Soundtrack,2,20,0.0,0.0,0.0,1,8477,969,9446,0.8974,1,"1,000,000 .. 2,000,000",1000000,2000000,1500000,0,0,0,13
1940340,Darkest Dungeon II,Red Hook Studios,Red Hook Studios,"Indie, RPG, Strategy",Turn-Based Tactics;Dungeon Crawler;Rogue-lite;Dark Fantasy;Lovecraftian;Singleplayer;Rogue-like;Perma Death;Turn-Based;CRPG;Story Rich;Turn-Based Combat;Party-Based RPG;2D;Gothic;Hand-drawn;RPG;Procedural Generation;Turn-Based Strategy;Stylized,3,20,39.99,39.99,0.0,0,16355,5184,21539,0.7593,1,"1,000,000 .. 2,000,000",1000000,2000000,1500000,0,0,0,1054
1262540,Need for Speed,Ghost Games,Electronic Arts,"Action, Adventure, Racing, Simulation",Racing;Multiplayer;Driving;Open World;Action;Adventure;Automobile Sim;Singleplayer;Destruction;Arcade;Simulation;Third Person;Combat Racing;First-Person;Co-op;Movie;Top-Down;Controller;Online Co-Op;Split Screen,4,20,29.99,29.99,0.0,0,16504,7099,23603,0.6992,0,"1,000,000 .. 2,000,000",1000000,2000000,1500000,0,0,0,125
38410,Fallout 2: A Post Nuclear Role Playing Game,Black Isle Studios,Bethesda Softworks,RPG,RPG;Post-apocalyptic;Classic;Isometric;Open World;Turn-Based Combat;Turn-Based;Singleplayer;Atmospheric;Story Rich;Sci-fi;CRPG;Retro;Exploration;Dark Humor;Great Soundtrack;Replay Value;Adventure;Sandbox;2D,1,20,9.99,9.99,0.0,0,14550,884,15434,0.9427,1,"1,000,000 .. 2,000,000",1000000,2000000,1500000,0,0,0,129
418530,Spelunky 2,"Mossmouth, BlitWorks",Mossmouth,"Action, Indie",Platformer;2D Platformer;Difficult;Online Co-Op;Perma Death;Co-op;Replay Value;Indie;Procedural Generation;4 Player Local;Local Co-Op;PvP;Action;2D;Action Roguelike;Side Scroller;Cute;Rogue-like;Funny;Dark Humor,2,20,19.99,19.99,0.0,0,19062,1423,20485,0.9305,1,"1,000,000 .. 2,000,000",1000000,2000000,1500000,0,0,0,313
9420,Supreme Commander: Forged Alliance,Gas Powered Games,Square Enix,Strategy,Strategy;RTS;Sci-fi;Multiplayer;Singleplayer;Base-Building;Grand Strategy;Co-op;Moddable;Real-Time with Pause;Robots;Competitive;Real-Time;Action;Online Co-Op;Classic;War;Great Soundtrack;Space;Adventure,1,20,12.99,12.99,0.0,0,13042,426,13468,0.9684,1,"1,000,000 .. 2,000,000",1000000,2000000,1500000,0,0,0,691
3830,Psychonauts,Double Fine Productions,Double Fine Productions,Action,Platformer;Comedy;Adventure;Cult Classic;Singleplayer;Action;Funny;Third Person;3D Platformer;Classic;Story Rich;Psychological;Great Soundtrack;Surreal;Cartoony;Collectathon;Exploration;Action-Adventure;3D;Indie,1,20,9.99,9.99,0.0,0,17040,885,17925,0.9506,1,"1,000,000 .. 2,000,000",1000000,2000000,1500000,0,0,0,56
212740,TERA - Action MMORPG,"Bluehole, Inc.",Gameforge 4D GmbH,"Action, Adventure, Free To Play, Massively Multiplayer, RPG",MMORPG;Massively Multiplayer;Free to Play;RPG;Class-Based;Fantasy;Action;Open World;PvE;PvP;Adventure;Multiplayer;Co-op;Action RPG;Action-Adventure;Character Customization;Online Co-Op;Mystery;Spectacle fighter;Third Person,5,20,0.0,0.0,0.0,1,6071,1678,7749,0.7835,1,"1,000,000 .. 2,000,000",1000000,2000000,1500000,0,0,0,1
992300,嗜血印 Bloody Spell,艺龙游戏,艺龙游戏,"Action, Adventure, Indie, RPG",Nudity;Sexual Content;Female Protagonist;Action RPG;Hack and Slash;Action;Martial Arts;3D;Open World;Rogue-like;Singleplayer;Violent;Rogue-lite;Multiplayer;RPG;3D Vision;Gore;Online Co-Op;Adventure;Indie,4,20,24.99,24.99,0.0,0,31311,3806,35117,0.8916,1,"1,000,000 .. 2,000,000",1000000,2000000,1500000,0,0,0,62
217200,Worms Armageddon,Team17 Digital Ltd,Team17 Digital Ltd,Strategy,Strategy;Multiplayer;Classic;Turn-Based;Turn-Based Strategy;Funny;2D;Local Multiplayer;Comedy;Co-op;Physics;Local Co-Op;Action;Party;Singleplayer;Platformer;1990's;Retro;Online Co-Op;Adventure,1,20,14.99,14.99,0.0,0,9524,583,10107,0.9423,1,"1,000,000 .. 2,000,000",1000000,2000000,1500000,0,0,0,136
16900,GROUND BRANCH,"BlackFoot Studios, MicroProse Software",MicroProse Software,"Action, Indie, Simulation",Tactical;Realistic;Military;FPS;Shooter;Multiplayer;Singleplayer;Simulation;Action;Co-op;First-Person;Gun Customization;War;Online Co-Op;Early Access;Indie;Strategy;Team-Based;Sandbox;Atmospheric,3,20,29.99,29.99,0.0,0,19351,2325,21676,0.8927,1,"1,000,000 .. 2,000,000",1000000,2000000,1500000,0,0,0,349
304650,SUNLESS SEA,Failbetter Games,Failbetter Games,"Adventure, Indie, RPG",Exploration;Lovecraftian;Survival;Story Rich;Dark;Adventure;Atmospheric;Singleplayer;RPG;Rogue-like;Indie;Horror;Steampunk;Great Soundtrack;Open World;Rogue-lite;2D;Top-Down;Kickstarter;Gothic,3,20,18.99,18.99,0.0,0,7715,1573,9288,0.8306,1,"1,000,000 .. 2,000,000",1000000,2000000,1500000,0,0,0,45
233270,Far Cry 3 - Blood Dragon,Ubisoft Montreal,Ubisoft,"Action, Adventure",FPS;1980s;Comedy;Open World;Action;Great Soundtrack;Singleplayer;Cyberpunk;Adventure;Shooter;Sci-fi;Stealth;Retro;Funny;First-Person;Futuristic;Dragons;Atmospheric;Parody;Post-apocalyptic,2,20,14.99,14.99,0.0,0,15566,2168,17734,0.8777,1,"1,000,000 .. 2,000,000",1000000,2000000,1500000,0,0,0,20
20,Team Fortress Classic,Valve,Valve,Action,Action;FPS;Multiplayer;Classic;Hero Shooter;Shooter;Team-Based;Class-Based;First-Person;1990's;Old School;Co-op;Competitive;Fast-Paced;Retro;Online Co-Op;Violent;Funny;Mod;Remake,1,20,4.99,4.99,0.0,0,7602,1136,8738,0.87,1,"1,000,000 .. 2,000,000",1000000,2000000,1500000,0,0,0,66
9200,RAGE,id Software,Bethesda Softworks,Action,FPS;Post-apocalyptic;Action;Open World;Shooter;Singleplayer;First-Person;Racing;Multiplayer;Sci-fi;Co-op;Gore;Atmospheric;Adventure;RPG;Horror;Crafting;Survival;Linear;Online Co-Op,1,20,9.99,9.99,0.0,0,13646,3915,17561,0.7771,1,"1,000,000 .. 2,000,000",1000000,2000000,1500000,0,0,0,34
3117820,Sultan's Game,Double Cross,2P Games,"Adventure, Indie, RPG, Simulation, Strategy",RPG;Simulation;Adventure;Tabletop;Strategy;Story Rich;Card Game;Time Management;Choose Your Own Adventure;Psychological Horror;Turn-Based Strategy;Dark Fantasy;Emotional;Lore-Rich;Dark Humor;Choices Matter;Multiple Endings;Drama;Singleplayer;Management,5,20,24.99,24.99,0.0,0,20637,1233,21870,0.9436,1,"1,000,000 .. 2,000,000",1000000,2000000,1500000,0,0,0,7726
383980,Rivals of Aether,Aether Studios,Aether Studios,Indie,Fighting;2D Fighter;Multiplayer;Pixel Graphics;Indie;Local Multiplayer;Competitive;Platformer;Games Workshop;Moddable;2D;Great Soundtrack;4 Player Local;Action;Controller;Arcade;Beat 'em up;Singleplayer;Retro;GameMaker,1,20,29.99,29.99,0.0,0,34357,1469,35826,0.959,1,"1,000,000 .. 2,000,000",1000000,2000000,1500000,0,0,0,285
288470,Fable Anniversary,Lionhead Studios,Xbox Game Studios,RPG,RPG;Open World;Fantasy;Adventure;Singleplayer;Classic;Choices Matter;Remake;Action RPG;Atmospheric;Third Person;Story Rich;Character Customization;Action;Comedy;Great Soundtrack;Medieval;Magic;Sandbox;Funny,1,20,34.99,34.99,0.0,0,12507,2088,14595,0.8569,1,"1,000,000 .. 2,000,000",1000000,2000000,1500000,0,0,0,115
368370,Her Story,Sam Barlow,Sam Barlow,"Adventure, Casual, Indie, Simulation",Investigation;Typing;Choose Your Own Adventure;Interactive Fiction;Exploration;Detective;Puzzle;Crime;Visual Novel;FMV;Point & Click;Female Protagonist;Nonlinear;Conversation;Psychological Horror;Story Rich;Simulation;Casual;Singleplayer;Realistic,4,20,9.99,9.99,0.0,0,8718,1014,9732,0.8958,1,"1,000,000 .. 2,000,000",1000000,2000000,1500000,0,0,0,11
226700,Infestation: Survivor Stories 2020,Fredaikis AB,OP Productions LLC,"Action, Indie, Massively Multiplayer, RPG, Free To Play",Zombies;Survival;Massively Multiplayer;Open World;Action;PvP;Multiplayer;RPG;Indie;Simulation;FPS;Co-op;Horror;Post-apocalyptic;Shooter;PvE;Free to Play;Third-Person Shooter;Third Person;Casual,5,20,0.0,0.0,0.0,1,10644,14774,25418,0.4188,0,"1,000,000 .. 2,000,000",1000000,2000000,1500000,0,0,0,30
394310,Punch Club,Lazy Bear Games,tinyBuild,"Indie, RPG, Strategy",Management;Pixel Graphics;Time Management;Boxing;Beat 'em up;RPG;Fighting;2D Fighter;Simulation;Sports;Arcade;2D;Story Rich;Choices Matter;Funny;Retro;Cartoony;Action;Atmospheric;1990's,3,20,9.99,9.99,0.0,0,11986,2883,14869,0.8061,1,"1,000,000 .. 2,000,000",1000000,2000000,1500000,0,0,0,55
505460,Foxhole,Siege Camp,Siege Camp,"Action, Indie, Massively Multiplayer, RPG, Strategy",Massively Multiplayer;Wargame;Military;Base-Building;Open World;World War II;Sandbox;War;Top-Down;Tactical;PvP;Strategy;Multiplayer;Top-Down Shooter;Team-Based;Co-op;Crafting;Shooter;Action;RPG,5,20,29.99,29.99,0.0,0,36855,7213,44068,0.8363,1,"1,000,000 .. 2,000,000",1000000,2000000,1500000,0,0,0,2821
250320,The Wolf Among Us,Telltale,Telltale,"Action, Adventure, Casual",Adventure;Detective;Story Rich;Episodic;Choose Your Own Adventure;Point & Click;Noir;Mature;Choices Matter;Visual Novel;Singleplayer;Atmospheric;Comic Book;Mystery;Cinematic;Action;Dark;Well-Written;Fantasy;Casual,3,20,14.99,14.99,0.0,0,34914,764,35678,0.9786,1,"1,000,000 .. 2,000,000",1000000,2000000,1500000,0,0,0,116
481510,Night in the Woods,Infinite Fall,Finji,Adventure,Story Rich;Adventure;Atmospheric;Stylized;Dark Humor;Exploration;Choices Matter;Singleplayer;Narrative;2D;Psychological Horror;Hand-drawn;Cats;Mystery;Visual Novel;Platformer;Conversation;2D Platformer;Funny;Capitalism,1,20,19.99,19.99,0.0,0,17649,1092,18741,0.9417,1,"1,000,000 .. 2,000,000",1000000,2000000,1500000,0,0,0,53
302670,Call to Arms,Digitalmindsoft,Digitalmindsoft,"Action, Indie, Simulation, Strategy",Strategy;Military;Action;RTS;Multiplayer;War;Shooter;Tactical;Simulation;First-Person;Real-Time;Singleplayer;FPS;Modern;Realistic;Co-op;Sandbox;Third Person;Indie;Early Access,4,20,14.99,14.99,0.0,0,18474,4759,23233,0.7952,1,"1,000,000 .. 2,000,000",1000000,2000000,1500000,0,0,0,117
311560,Assassin’s Creed Rogue,"Ubisoft Sofia, Ubisoft Kiev",Ubisoft,"Action, Adventure",Open World;Assassin;Action;Parkour;Stealth;Third Person;Adventure;Historical;Singleplayer;Cinematic;Pirates;Atmospheric;Story Rich;Action-Adventure;Quick-Time Events;Puzzle;Co-op;Simulation;Naval;Linear,2,20,19.99,19.99,0.0,0,15451,2611,18062,0.8554,1,"1,000,000 .. 2,000,000",1000000,2000000,1500000,0,0,0,155
736190,Chinese Parents,墨鱼玩游戏,墨鱼玩游戏,"Casual, Indie, RPG, Simulation",Life Sim;Psychological Horror;Memes;Simulation;Casual;RPG;Indie;Singleplayer;Dating Sim;Anime;Funny;Cute;Strategy;Education;Survival Horror;Mature;Dark Humor;Horror;Puzzle;Survival,4,20,9.99,9.99,0.0,0,23459,2192,25651,0.9145,1,"1,000,000 .. 2,000,000",1000000,2000000,1500000,0,0,0,287
243970,"Invisible, Inc.",Klei Entertainment,Klei Entertainment,"Action, Indie, Strategy",Cyberpunk;Difficult;Turn-Based Tactics;Isometric;Strategy;Tactical RPG;Stealth;Rogue-lite;Sci-fi;Tactical;Turn-Based;Perma Death;Rogue-like;Female Protagonist;Procedural Generation;Choices Matter;Turn-Based Strategy;Turn-Based Combat;Simulation;Singleplayer,3,20,19.99,19.99,0.0,0,5126,481,5607,0.9142,1,"1,000,000 .. 2,000,000",1000000,2000000,1500000,0,0,0,19
230290,Universe Sandbox,Giant Army,Giant Army,"Casual, Indie, Simulation, Early Access",Sandbox;Space;Simulation;Physics;Science;Destruction;Realistic;God Game;Education;Singleplayer;Early Access;Relaxing;Family Friendly;Open World;Space Sim;Casual;Sci-fi;Indie;Atmospheric;Exploration,4,20,29.99,29.99,0.0,0,26456,992,27448,0.9639,1,"1,000,000 .. 2,000,000",1000000,2000000,1500000,0,0,0,357
2338770,NBA 2K24,Visual Concepts,2K,"Simulation, Sports",Sports;Basketball;Simulation;e-sports;Realistic;3D;Management;PvP;Character Customization;Controller;Immersive Sim;Team-Based;Trading;Co-op;Local Co-Op;Local Multiplayer;Multiplayer;Gambling;Online Co-Op;Singleplayer,2,20,59.99,59.99,0.0,0,13567,29895,43462,0.3122,0,"1,000,000 .. 2,000,000",1000000,2000000,1500000,0,0,0,2932
614570,Dishonored: Death of the Outsider,Arkane Studios,Bethesda Softworks,Action,Stealth;Action;First-Person;Assassin;Female Protagonist;Steampunk;Singleplayer;Atmospheric;Story Rich;Violent;Magic;Adventure;Immersive Sim;Dark;Choices Matter;Open World;Gore;FPS;Parkour;Fantasy,1,20,29.99,29.99,0.0,0,10794,1509,12303,0.8773,1,"1,000,000 .. 2,000,000",1000000,2000000,1500000,0,0,0,45
655500,MX Bikes,PiBoSo,PiBoSo,"Racing, Simulation, Sports, Early Access",Motocross;Motorbike;Multiplayer;Simulation;Offroad;VR;Realistic;Racing;Moddable;Controller;e-sports;Automobile Sim;Bikes;Early Access;Physics;Difficult;Immersive Sim;3D;First-Person;Third Person,4,20,34.99,34.99,0.0,0,26514,1602,28116,0.943,1,"1,000,000 .. 2,000,000",1000000,2000000,1500000,0,0,0,3605
496300,Kingdom: New Lands,Noio,Raw Fury,"Indie, Simulation, Strategy",Tower Defense;Survival;Base-Building;Minimalist;Exploration;Rogue-lite;Rogue-like;Building;Strategy;Colony Sim;Atmospheric;Side Scroller;Singleplayer;Soundtrack;Pixel Graphics;Adventure;Fantasy;Medieval;Open World;Simulation,3,20,14.99,14.99,0.0,0,10095,1646,11741,0.8598,1,"1,000,000 .. 2,000,000",1000000,2000000,1500000,0,0,0,63
57900,Duke Nukem Forever,Gearbox Software,2K,Action,FPS;Action;Nudity;Shooter;Aliens;Singleplayer;Comedy;Multiplayer;First-Person;Sci-fi;Mature;Funny;Gore;Dark Humor;Classic;Adventure;Memes;Old School;Linear;Atmospheric,1,20,19.99,19.99,0.0,0,7586,3406,10992,0.6901,0,"1,000,000 .. 2,000,000",1000000,2000000,1500000,0,0,0,24
333420,Cossacks 3,GSC Game World,GSC Game World,"Action, Adventure, Strategy",Strategy;RTS;War;Multiplayer;Singleplayer;Historical;Resource Management;Action RTS;Base-Building;PvP;PvE;3D;City Builder;Action;Isometric;Open World;Co-op;Economy;Replay Value;Real-Time with Pause,3,20,19.99,19.99,0.0,0,12060,2690,14750,0.8176,1,"1,000,000 .. 2,000,000",1000000,2000000,1500000,0,0,0,446
2456740,inZOI,inZOI Studio,"KRAFTON, Inc.","Adventure, Casual, Simulation, Early Access",Life Sim;Character Customization;Sexual Content;Realistic;Simulation;Singleplayer;Building;Romance;Sandbox;Dating Sim;Immersive Sim;City Builder;Cats;Modern;Moddable;Relaxing;Casual;Family Friendly;Cute;Early Access,4,20,39.99,39.99,0.0,0,16548,4311,20859,0.7933,1,"1,000,000 .. 2,000,000",1000000,2000000,1500000,0,0,0,1039
1291340,Townscaper,Oskar Stålberg,Raw Fury,"Casual, Indie, Simulation",Experimental;Building;Relaxing;Sandbox;Casual;City Builder;Short;Singleplayer;Simulation;Indie;Stylized;Family Friendly;Atmospheric;Cute;Colorful;Procedural Generation;Minimalist;Open World;Controller;Nature,3,20,5.99,5.99,0.0,0,20101,927,21028,0.9559,1,"1,000,000 .. 2,000,000",1000000,2000000,1500000,0,0,0,33
242700,Injustice: Gods Among Us Ultimate Edition,"NetherRealm Studios, High Voltage Software",Warner Bros. Interactive Entertainment,Action,Fighting;Superhero;Action;Multiplayer;Comic Book;Local Multiplayer;Singleplayer;Controller;2D Fighter;Arcade;Beat 'em up;Competitive;2.5D;Story Rich;Atmospheric;2D;3D Vision;Great Soundtrack;Gore;Co-op,1,20,19.99,19.99,0.0,0,16534,2651,19185,0.8618,1,"1,000,000 .. 2,000,000",1000000,2000000,1500000,0,0,0,69
450540,"Hot Dogs, Horseshoes & Hand Grenades",RUST LTD.,RUST LTD.,"Action, Simulation",Sandbox;VR;Physics;Shooter;FPS;Simulation;Gun Customization;First-Person;Funny;Moddable;Realistic;Action;America;Comedy;Destruction;Singleplayer;Atmospheric;Memes;Early Access;Indie,2,20,19.99,19.99,0.0,0,21452,652,22104,0.9705,1,"1,000,000 .. 2,000,000",1000000,2000000,1500000,0,0,0,218
249050,Dungeon of the ENDLESS,AMPLITUDE Studios,AMPLITUDE Studios,"Adventure, Indie, RPG, Strategy",Rogue-like;Strategy;Tower Defense;Pixel Graphics;Indie;RPG;Dungeon Crawler;Sci-fi;Adventure;Perma Death;Procedural Generation;Co-op;Difficult;Resource Management;Survival;Rogue-lite;Replay Value;Great Soundtrack;Singleplayer;2D,4,20,11.99,11.99,0.0,0,11749,1985,13734,0.8555,1,"1,000,000 .. 2,000,000",1000000,2000000,1500000,0,0,0,61
258970,Gauntlet Slayer Edition,Arrowhead Game Studios,WB Games,"Action, Adventure, RPG",Co-op;Dungeon Crawler;Hack and Slash;Local Co-Op;Action;RPG;Multiplayer;Adventure;Top-Down;4 Player Local;Online Co-Op;Arcade;Remake;Local Multiplayer;Fantasy;Classic;Action RPG;Isometric;Old School;Casual,3,20,19.99,19.99,0.0,0,8079,1808,9887,0.8171,1,"1,000,000 .. 2,000,000",1000000,2000000,1500000,0,0,0,37
429660,Tales of Berseria,BANDAI NAMCO Studios Inc.,BANDAI NAMCO Entertainment,"Action, RPG",Anime;JRPG;RPG;Female Protagonist;Story Rich;Action;Fantasy;Action RPG;Singleplayer;Open World;Adventure;Great Soundtrack;Hack and Slash;Cute;Local Co-Op;Mature;Sexual Content;Co-op;Multiplayer;Nudity,2,20,49.99,49.99,0.0,0,16835,1573,18408,0.9145,1,"1,000,000 .. 2,000,000",1000000,2000000,1500000,0,0,0,74
201870,Assassin's Creed Revelations,Ubisoft Montreal,Ubisoft,"Action, Adventure",Action;Open World;Parkour;Stealth;Adventure;Assassin;Third Person;Multiplayer;Historical;Singleplayer;Story Rich;Atmospheric;Action-Adventure;Great Soundtrack;Medieval;Conspiracy;Controller;RPG;Sandbox;Sci-fi,2,20,19.99,19.99,0.0,0,15282,2765,18047,0.8468,1,"1,000,000 .. 2,000,000",1000000,2000000,1500000,0,0,0,104
1809540,Nine Sols,RedCandleGames,RedCandleGames,"Action, Adventure, Indie",Metroidvania;Souls-like;Difficult;Action;2D;Platformer;Hand-drawn;Atmospheric;Adventure;Story Rich;Cats;Indie;Gore;Dark Fantasy;Sci-fi;Mythology;Singleplayer;Martial Arts;Action-Adventure;Comic Book,3,20,29.99,29.99,0.0,0,27488,1408,28896,0.9513,1,"1,000,000 .. 2,000,000",1000000,2000000,1500000,0,0,0,625
304030,ArcheAge,XLGAMES,Kakao Games Europe B.V.,"Massively Multiplayer, RPG, Free To Play",Massively Multiplayer;Free to Play;MMORPG;Open World;RPG;Sandbox;Fantasy;Adventure;PvP;Multiplayer;PvE;Pirates;Action;Exploration;Crafting;Nudity;Walking Simulator;Third Person;Beautiful;Co-op,3,20,0.0,0.0,0.0,1,3833,3545,7378,0.5195,0,"1,000,000 .. 2,000,000",1000000,2000000,1500000,0,0,0,2
617830,SUPERHOT VR,SUPERHOT Team,SUPERHOT Team,"Action, Indie",VR;Shooter;Bullet Time;FPS;Puzzle;Time Manipulation;First-Person;Atmospheric;Cyberpunk;Action;Cinematic;Singleplayer;Sci-fi;Minimalist;Adventure;Artificial Intelligence;Hero Shooter;Combat;Old School;Retro,2,20,24.99,24.99,0.0,0,7652,2597,10249,0.7466,1,"1,000,000 .. 2,000,000",1000000,2000000,1500000,0,0,0,30
1462040,FINAL FANTASY VII REMAKE INTERGRADE,Square Enix,Square Enix,"Action, Adventure, RPG",RPG;Action RPG;JRPG;Singleplayer;Action-Adventure;Party-Based RPG;Spectacle fighter;Third Person;Action;Controller;Adventure;3D;Fantasy;3D Platformer;Magic;Story Rich;Cinematic;Realistic;Drama;Sci-fi,3,20,39.99,39.99,0.0,0,33079,4228,37307,0.8867,1,"1,000,000 .. 2,000,000",1000000,2000000,1500000,0,0,0,761
729040,Borderlands Game of the Year Enhanced,"Gearbox Software, Blind Squirrel Games",2K,"Action, RPG",FPS;Co-op;Shooter;First-Person;Loot;Online Co-Op;Action;RPG;Dark Humor;Looter Shooter;Comedy;Action RPG;Singleplayer;Gore;Multiplayer;Sci-fi;Funny;Atmospheric;Violent;Character Action Game,2,20,29.99,29.99,0.0,0,20262,4221,24483,0.8276,1,"1,000,000 .. 2,000,000",1000000,2000000,1500000,0,0,0,620
1672970,Minecraft Dungeons,"Mojang Studios, ‪Double Eleven",Xbox Game Studios,"Action, Adventure, RPG",Dungeon Crawler;Hack and Slash;Adventure;Action;RPG;Action RPG;Action-Adventure;Exploration;Top-Down;Loot;Isometric;Arcade;Colorful;Voxel;Fantasy;Cute;Family Friendly;Atmospheric;Funny;Magic,3,20,19.99,19.99,0.0,0,12725,1227,13952,0.9121,1,"1,000,000 .. 2,000,000",1000000,2000000,1500000,0,0,0,260
747610,Zula Global,Madbyte Games,Madbyte Games,"Action, Massively Multiplayer, Free To Play",Free to Play;FPS;Action;Shooter;Multiplayer;Massively Multiplayer;Battle Royale;First-Person;Strategy;Casual;Co-op;Adventure;e-sports;Arena Shooter;Real Time Tactics;Bullet Hell;Wargame;Driving;Tactical;Sniper,3,20,0.0,0.0,0.0,1,5310,2285,7595,0.6991,0,"1,000,000 .. 2,000,000",1000000,2000000,1500000,0,0,0,170
1022450,War Selection,Glyph Worlds,Glyph Worlds,"Indie, Massively Multiplayer, Strategy, Free To Play, Early Access",Strategy;Base-Building;Free to Play;RTS;Multiplayer;Military;War;Online Co-Op;Massively Multiplayer;PvP;Singleplayer;Survival;Historical;Co-op;Management;PvE;Indie;Early Access;Atmospheric;Replay Value,5,20,0.0,0.0,0.0,1,18745,3109,21854,0.8577,1,"1,000,000 .. 2,000,000",1000000,2000000,1500000,0,0,0,507
1041720,Kingdoms of Amalur: Re-Reckoning,"KAIKO, Big Huge Games, 38 Studios",THQ Nordic,"Action, RPG",RPG;Action;Fantasy;Action RPG;Singleplayer;Open World;Character Customization;Combat;Hack and Slash;Atmospheric;Third Person;Adventure;Gore;Story Rich;Fighting;Loot;Choices Matter;Magic;Remake;Exploration,2,20,39.99,39.99,0.0,0,5468,1670,7138,0.766,1,"1,000,000 .. 2,000,000",1000000,2000000,1500000,0,0,0,114
1527950,Wartales,Shiro Games,Shiro Games,"Adventure, Indie, RPG, Strategy",RPG;Open World;Turn-Based Strategy;Party-Based RPG;Medieval;Co-op;Adventure;Turn-Based Combat;Strategy;Multiplayer;Tactical RPG;Singleplayer;Sandbox;Exploration;Survival;Turn-Based;Online Co-Op;Story Rich;Violent;Indie,4,20,9.79,34.99,72.0,0,26326,3010,29336,0.8974,1,"1,000,000 .. 2,000,000",1000000,2000000,1500000,0,0,0,1632
950670,Gothic Playable Teaser,THQ Nordic Barcelona,THQ Nordic,RPG,RPG;Singleplayer;Gothic;Atmospheric;Third Person;Exploration;Medieval;Gore;Fantasy;Open World;Action;Action RPG;Dark Fantasy;Sexual Content,1,14,0.0,0.0,0.0,1,10607,4457,15064,0.7041,1,"1,000,000 .. 2,000,000",1000000,2000000,1500000,0,0,0,5
326460,ShellShock Live,kChamp Games,kChamp Games,"Action, Casual, Indie, Massively Multiplayer, Strategy",Tanks;Multiplayer;Strategy;2D;Action;Turn-Based;Shooter;Casual;Online Co-Op;Early Access;Massively Multiplayer;Indie;Colorful;Funny;Turn-Based Strategy;Co-op;Singleplayer;Physics;Great Soundtrack;Family Friendly,5,20,9.99,9.99,0.0,0,32540,2353,34893,0.9326,1,"1,000,000 .. 2,000,000",1000000,2000000,1500000,0,0,0,297
40700,Machinarium,Amanita Design,Amanita Design,"Adventure, Indie",Point & Click;Puzzle;Hand-drawn;Steampunk;Robots;2D;Atmospheric;Story Rich;Casual;Cute;Family Friendly;Adventure;Surreal;Stylized;Sci-fi;Linear;Singleplayer;Indie;Great Soundtrack;Touch-Friendly,2,20,19.99,19.99,0.0,0,16384,860,17244,0.9501,1,"1,000,000 .. 2,000,000",1000000,2000000,1500000,0,0,0,125
12900,AudioSurf,Dylan Fitterer,Unknown,Indie,Music;Rhythm;Indie;Casual;Music-Based Procedural Generation;Arcade;Colorful;Singleplayer;Relaxing;Score Attack;Addictive;Local Co-Op;Procedural Generation;Replay Value;Puzzle;Fast-Paced;Great Soundtrack;Racing;Co-op;Local Multiplayer,1,20,9.99,9.99,0.0,0,10490,470,10960,0.9571,1,"1,000,000 .. 2,000,000",1000000,2000000,1500000,0,0,0,11
223850,3DMark,UL Solutions,UL Solutions,Utilities,Benchmark;Utilities;Software;3D;FPS;Multiplayer,1,6,29.99,29.99,0.0,0,17160,1192,18352,0.935,1,"1,000,000 .. 2,000,000",1000000,2000000,1500000,0,0,0,699
2108330,F1 23,Codemasters,Electronic Arts,"Racing, Sports",VR;Racing;Driving;Multiplayer;Automobile Sim;Sports;Singleplayer;Simulation;Competitive;e-sports;Relaxing;3D;Action-Adventure;Cinematic;Arcade;Immersive Sim;First-Person;PvP;3D Platformer;PvE,2,20,0.0,0.0,0.0,1,15059,2456,17515,0.8598,1,"1,000,000 .. 2,000,000",1000000,2000000,1500000,0,0,0,515
1451940,NEEDY STREAMER OVERLOAD,"WSS playground, xemono","WSS playground, Alliance Arts","Adventure, Indie",Psychological Horror;Anime;Sexual Content;Visual Novel;Cute;Pixel Graphics;Multiple Endings;Psychological;2D;Dark Humor;Story Rich;Point & Click;Psychedelic;Choose Your Own Adventure;Singleplayer;Colorful;Hentai;Adventure;Text-Based;Conversation,2,20,5.43,15.99,66.0,0,44718,2487,47205,0.9473,1,"1,000,000 .. 2,000,000",1000000,2000000,1500000,0,0,0,170
1930,Two Worlds Epic Edition,Reality Pump Studios,Topware Interactive,RPG,RPG;Open World;Fantasy;Singleplayer;Third Person;Multiplayer;Adventure;Action;Medieval;Action RPG;Story Rich;Character Customization;Dark Fantasy;Magic;Hack and Slash;Co-op;Exploration;3D;Atmospheric;Sandbox,1,20,4.49,14.99,70.0,0,4283,1311,5594,0.7656,1,"1,000,000 .. 2,000,000",1000000,2000000,1500000,0,0,0,17
290340,Armello,League of Geeks,League of Geeks,"Adventure, Indie, RPG, Strategy",Board Game;PvP;Turn-Based Strategy;Card Game;Turn-Based;Strategy;RPG;Dark Fantasy;3D;Atmospheric;Hand-drawn;2D;Tabletop;Multiple Endings;Fantasy;Hex Grid;Lore-Rich;Adventure;Tactical RPG;Grand Strategy,4,20,24.99,24.99,0.0,0,12911,2848,15759,0.8193,1,"1,000,000 .. 2,000,000",1000000,2000000,1500000,0,0,0,61
997010,Police Simulator: Patrol Officers,Aesir Interactive,astragon Entertainment,Simulation,Simulation;Crime;Open World;Multiplayer;Realistic;Investigation;Online Co-Op;Immersive Sim;Singleplayer;America;Co-op;Third Person;3D;Exploration;Automobile Sim;Character Customization;Choices Matter;Education;Early Access;Female Protagonist,1,20,19.99,39.99,50.0,0,15108,4313,19421,0.7779,1,"1,000,000 .. 2,000,000",1000000,2000000,1500000,0,0,0,318
1029550,Torque Drift,Grease Monkey Games,Grease Monkey Games,Racing,Free to Play;Racing;Multiplayer;Driving;Controller;Open World;Asynchronous Multiplayer;Automobile Sim;Realistic;Sports;e-sports;PvP;Competitive;3D;Arcade;Physics;Singleplayer;Addictive;Building;Early Access,1,20,0.0,0.0,0.0,1,9259,2867,12126,0.7636,1,"1,000,000 .. 2,000,000",1000000,2000000,1500000,0,0,0,91
668630,Tricolour Lovestory,HL-Galgame,HL-Galgame,"Adventure, Casual, Indie",Visual Novel;Dating Sim;Mature;Sexual Content;Nudity;Anime;Simulation;Casual;NSFW;Great Soundtrack;Romance;Story Rich;Indie;Soundtrack;Singleplayer;Drama;Cute;Adventure;Hentai;FPS,3,20,1.99,1.99,0.0,0,22818,5038,27856,0.8191,1,"1,000,000 .. 2,000,000",1000000,2000000,1500000,0,0,0,22
553640,ICEY,FantaBlade Network,XD,"Action, Adventure, RPG",Action;Female Protagonist;Hack and Slash;Anime;Side Scroller;Adventure;Indie;Singleplayer;2D;RPG;Narration;Cyberpunk;Great Soundtrack;Character Action Game;Spectacle fighter;Sci-fi;Metroidvania;Platformer;Funny;Lovecraftian,3,20,10.99,10.99,0.0,0,24297,2629,26926,0.9024,1,"1,000,000 .. 2,000,000",1000000,2000000,1500000,0,0,0,26
21090,F.E.A.R.,"Monolith Productions, Inc., Timegate","Warner Bros. Games, Warner Bros. Interactive Entertainment",Action,Horror;FPS;Action;Bullet Time;Classic;Singleplayer;Shooter;Atmospheric;Gore;First-Person;Psychological Horror;Dark;Story Rich;Sci-fi;Jump Scare;Great Soundtrack;Survival Horror;Old School;Thriller;Multiplayer,1,20,9.99,9.99,0.0,0,15867,1069,16936,0.9369,1,"1,000,000 .. 2,000,000",1000000,2000000,1500000,0,0,0,87
437220,The Culling,Xaviant,Xaviant Games,"Action, Free To Play, Indie",Survival;Multiplayer;Action;Battle Royale;First-Person;Crafting;Early Access;Open World;PvP;Gore;Co-op;FPS;Violent;Indie;Blood;Competitive;Free to Play;Strategy;Atmospheric;Massively Multiplayer,3,20,0.0,0.0,0.0,1,9960,7437,17397,0.5725,0,"1,000,000 .. 2,000,000",1000000,2000000,1500000,0,0,0,0
2252570,Football Manager 2024,Sports Interactive,SEGA,"Simulation, Sports, Strategy",Simulation;Sports;Management;Football (Soccer);Strategy;Multiplayer;Economy;Real Time Tactics;Singleplayer;e-sports;3D;Text-Based;2D;Games Workshop;LGBTQ+,3,15,59.99,59.99,0.0,0,20927,2121,23048,0.908,1,"1,000,000 .. 2,000,000",1000000,2000000,1500000,0,0,0,47931
578310,BRAIN / OUT,Desertkun,Desertkun,"Action, Free To Play, Indie, Massively Multiplayer",Free to Play;2D;Shooter;Multiplayer;Pixel Graphics;Action;Survival;Massively Multiplayer;Platformer;Indie;Co-op;Violent;Gun Customization;Side Scroller;War;Post-apocalyptic;Gore;Local Multiplayer;Singleplayer;Casual,4,20,0.0,0.0,0.0,1,12592,2769,15361,0.8197,1,"1,000,000 .. 2,000,000",1000000,2000000,1500000,0,0,0,9
234630,Project CARS,Slightly Mad Studios,"Codemasters, Slightly Mad Studios, Electronic Arts","Racing, Simulation, Sports",Racing;Simulation;Automobile Sim;Driving;Multiplayer;Realistic;Sports;Singleplayer;Physics;VR;Atmospheric;First-Person;Controller;Action;Open World;Third Person;Co-op;Arcade;TrackIR;Indie,3,20,0.0,0.0,0.0,1,11422,2986,14408,0.7928,1,"1,000,000 .. 2,000,000",1000000,2000000,1500000,0,0,0,45
794600,LET IT DIE,"SUPERTRICK GAMES, Inc., GRASSHOPPER MANUFACTURE INC.","GungHo Online Entertainment America, Inc.",Action,Free to Play;Action;Souls-like;Sexual Content;Gore;Nudity;Multiplayer;Rogue-like;Singleplayer;Violent;Hack and Slash;Third Person;Difficult;Blood;Dark Comedy;Great Soundtrack;Funny;Cyberpunk;Asynchronous Multiplayer;Surreal,1,20,19.99,19.99,0.0,0,4404,1487,5891,0.7476,1,"1,000,000 .. 2,000,000",1000000,2000000,1500000,0,0,0,117
339340,Resident Evil 0,"CAPCOM Co., Ltd.","CAPCOM Co., Ltd.","Action, Adventure",Horror;Zombies;Survival Horror;Adventure;Classic;Action;Singleplayer;Remake;Third Person;Atmospheric;Survival;Female Protagonist;Puzzle;Difficult;Story Rich;Gore;Third-Person Shooter;Multiplayer;Great Soundtrack;Shooter,2,20,4.99,19.99,75.0,0,11048,2522,13570,0.8141,1,"1,000,000 .. 2,000,000",1000000,2000000,1500000,0,0,0,83
489940,BATTALION 1944,BULKHEAD,BULKHEAD,"Action, Free To Play",FPS;Arena Shooter;PvP;Competitive;Shooter;Arcade;First-Person;Action;World War II;Military;Tactical;Survival;War;Multiplayer;Co-op;Singleplayer;Massively Multiplayer;Early Access;Violent;Fast-Paced,2,20,0.0,0.0,0.0,1,9796,6659,16455,0.5953,0,"1,000,000 .. 2,000,000",1000000,2000000,1500000,0,0,0,4
1012880,60 Seconds! Reatomized,Robot Gentleman,Robot Gentleman,"Adventure, Casual, Indie, Simulation, Strategy",2D;Choose Your Own Adventure;Dark Humor;Turn-Based Tactics;Exploration;Outbreak Sim;Immersive Sim;Strategy;Point & Click;Difficult;Life Sim;Text-Based;Wrestling;Post-apocalyptic;Survival;3D;Dark Comedy;Management;Funny;Horror,5,20,9.99,9.99,0.0,0,15967,957,16924,0.9435,1,"1,000,000 .. 2,000,000",1000000,2000000,1500000,0,0,0,251
378860,Project CARS 2,Slightly Mad Studios,BANDAI NAMCO Entertainment,Racing,Racing;Driving;Automobile Sim;Simulation;VR;Multiplayer;Realistic;Sports;Singleplayer;Open World;Controller;Atmospheric;Arcade;Action;Difficult;First-Person;Co-op;Great Soundtrack,1,18,0.0,0.0,0.0,1,14903,3471,18374,0.8111,1,"1,000,000 .. 2,000,000",1000000,2000000,1500000,0,0,0,130
382490,Relic Hunters Zero: Remix,Rogue Snail,Akupara Games,"Action, Indie, Free To Play",Looter Shooter;Twin Stick Shooter;Action;Top-Down Shooter;Action Roguelike;Adventure;Co-op;Multiplayer;Free to Play;Bullet Hell;Pixel Graphics;Local Co-Op;Shooter;Rogue-like;2D;Colorful;RPG;Singleplayer;Co-op Campaign;Space,3,20,0.0,0.0,0.0,1,6309,459,6768,0.9322,1,"1,000,000 .. 2,000,000",1000000,2000000,1500000,0,0,0,4
731490,Crash Bandicoot N. Sane Trilogy,"Vicarious Visions, Iron Galaxy Studios",Activision,Action,3D Platformer;Remake;Platformer;Classic;Difficult;Singleplayer;Adventure;Great Soundtrack;Action;Funny;Cartoony;Colorful;Controller;Family Friendly;Retro;1990's;Comedy;Third Person;Nostalgia;Cute,1,20,11.99,39.99,70.0,0,16702,1332,18034,0.9261,1,"1,000,000 .. 2,000,000",1000000,2000000,1500000,0,0,0,311
517630,Just Cause 4 Reloaded,Avalanche Studios,Square Enix,"Action, Adventure",Open World;Action;Destruction;Singleplayer;Adventure;Sandbox;Third-Person Shooter;Shooter;Physics;Violent;Funny;Story Rich;Gore;Atmospheric;Co-op;Driving;Third Person;FPS;Heist;Comedy,2,20,69.03,69.03,0.0,0,18698,11600,30298,0.6171,0,"1,000,000 .. 2,000,000",1000000,2000000,1500000,0,0,0,232
282800,100% Orange Juice,"Orange_Juice, Fruitbat Factory",Fruitbat Factory,"Indie, Strategy",Anime;Board Game;Cute;Multiplayer;Strategy;Card Game;Turn-Based;Indie;Casual;Funny;Great Soundtrack;Co-op;Female Protagonist;Singleplayer;2D;Difficult;Memes;Family Friendly;Comedy;Survival Horror,2,20,1.74,6.99,75.0,0,25886,2350,28236,0.9168,1,"1,000,000 .. 2,000,000",1000000,2000000,1500000,0,0,0,158
42960,Victoria II,Paradox Development Studio,Paradox Interactive,Strategy,Grand Strategy;Strategy;Historical;Political Sim;Politics;Economy;Simulation;Real-Time with Pause;Military;World War I;War;Sandbox;Singleplayer;RTS;Management;Alternate History;Multiplayer;Moddable;Diplomacy;Great Soundtrack,1,20,19.99,19.99,0.0,0,17950,1527,19477,0.9216,1,"1,000,000 .. 2,000,000",1000000,2000000,1500000,0,0,0,490
32440,LEGO Star Wars - The Complete Saga,Traveller's Tales,"LucasArts, Lucasfilm, Disney",Adventure,LEGO;Local Co-Op;Adventure;Co-op;Family Friendly;Multiplayer;Comedy;Singleplayer;Funny;Classic;Action;Sci-fi;Local Multiplayer;Great Soundtrack;Space;Controller;Casual;Puzzle;Open World;Online Co-Op,1,20,19.99,19.99,0.0,0,23000,787,23787,0.9669,1,"1,000,000 .. 2,000,000",1000000,2000000,1500000,0,0,0,334
115320,Prototype 2,Radical Entertainment,Activision,"Action, Adventure",Action;Open World;Gore;Superhero;Violent;Third Person;Singleplayer;Adventure;Zombies;Parkour;Hack and Slash;Sandbox;Sci-fi;Story Rich;RPG;Multiplayer;Horror;Stealth;Atmospheric;Co-op,2,20,11.99,39.99,70.0,0,11376,3605,14981,0.7594,1,"1,000,000 .. 2,000,000",1000000,2000000,1500000,0,0,0,144
383120,Empyrion - Galactic Survival,Eleon Game Studios,Eleon Game Studios,"Adventure, Indie, Simulation, Strategy",Simulation;Co-op;Open World Survival Craft;Space;Survival;Building;Open World;Exploration;Space Sim;Sandbox;Voxel;Physics;Multiplayer;Singleplayer;Sci-fi;PvE;PvP;Crafting;Strategy;FPS,4,20,19.99,19.99,0.0,0,26195,7052,33247,0.7879,1,"1,000,000 .. 2,000,000",1000000,2000000,1500000,0,0,0,990
557340,My Friend Pedro,DeadToast Entertainment,Devolver Digital,"Action, Indie",Action;Indie;Shooter;Parkour;Bullet Time;Violent;Great Soundtrack;Gore;Singleplayer;Side Scroller;Platformer;Fast-Paced;Funny;2D;Comedy;Blood;2.5D;Physics;Controller;Multiplayer,2,20,19.99,19.99,0.0,0,26344,1183,27527,0.957,1,"1,000,000 .. 2,000,000",1000000,2000000,1500000,0,0,0,22
39000,Moonbase Alpha,"Virtual Heroes, Army Game Studio",NASA,"Adventure, Simulation, Strategy",Space;Simulation;Free to Play;Multiplayer;Online Co-Op;Funny;Memes;Strategy;Adventure;Open World;Walking Simulator;Co-op;Sandbox;Realistic;Comedy;Third Person;Massively Multiplayer;Singleplayer;First-Person;Puzzle,3,20,0.0,0.0,0.0,1,11622,1216,12838,0.9053,1,"1,000,000 .. 2,000,000",1000000,2000000,1500000,0,0,0,3
690640,Trine 4: The Nightmare Prince,Frozenbyte,Frozenbyte,"Action, Adventure, Indie, RPG",Puzzle-Platformer;Local Co-Op;Online Co-Op;Action-Adventure;Co-op;Beautiful;Fantasy;2.5D;Multiplayer;Adventure;Puzzle;Platformer;Action;Atmospheric;Local Multiplayer;Great Soundtrack;Stylized;Indie;Singleplayer;RPG,4,20,5.99,29.99,80.0,0,11924,1455,13379,0.8912,1,"1,000,000 .. 2,000,000",1000000,2000000,1500000,0,0,0,76
214510,LEGO The Lord of the Rings,Traveller's Tales,Warner Bros. Interactive Entertainment,"Action, Adventure",LEGO;Adventure;Local Co-Op;Action;Fantasy;Open World;Comedy;Family Friendly;Co-op;Singleplayer;Funny;Casual;Controller;Multiplayer;Split Screen;Local Multiplayer;Platformer;Third Person;Puzzle;Dwarf,2,20,19.99,19.99,0.0,0,12822,1390,14212,0.9022,1,"1,000,000 .. 2,000,000",1000000,2000000,1500000,0,0,0,154
577800,NBA 2K18,Visual Concepts,2K,"Simulation, Sports",Sports;Basketball;Gambling;Multiplayer;Simulation;Singleplayer;Realistic;Local Multiplayer;Great Soundtrack;Competitive;Walking Simulator;Survival,2,12,0.0,0.0,0.0,1,5473,13319,18792,0.2912,0,"1,000,000 .. 2,000,000",1000000,2000000,1500000,0,0,0,58
1252330,DEATHLOOP,Arkane Studios,Bethesda Softworks,Action,FPS;Action;Stealth;Immersive Sim;First-Person;Shooter;Singleplayer;Multiplayer;Time Manipulation;Assassin;Rogue-lite;Story Rich;Adventure;PvP;Violent;Tactical;Gore;Parkour;Action-Adventure;Sexual Content,1,20,59.99,59.99,0.0,0,22306,6899,29205,0.7638,1,"1,000,000 .. 2,000,000",1000000,2000000,1500000,0,0,0,73
362960,Tyranny,Obsidian Entertainment,Paradox Interactive,"Adventure, RPG",RPG;Choices Matter;Story Rich;Isometric;CRPG;Dark Fantasy;Adventure;Villain Protagonist;Singleplayer;Fantasy;Real-Time with Pause;Character Customization;Atmospheric;Party-Based RPG;Open World;Great Soundtrack;Turn-Based;Strategy;Female Protagonist;Action,2,20,29.99,29.99,0.0,0,11080,1658,12738,0.8698,1,"1,000,000 .. 2,000,000",1000000,2000000,1500000,0,0,0,47
250820,SteamVR,Valve,Digital Leisure Inc.,,VR;Software;Simulation;Utilities;3D;Shooter;Realistic;Combat;Co-op;Romance,0,10,0.0,0.0,0.0,1,61933,8707,70640,0.8767,1,"1,000,000 .. 2,000,000",1000000,2000000,1500000,0,0,0,0
1161580,Hardspace: Shipbreaker,Blackbird Interactive,Blackbird Interactive,Simulation,Space;Sci-fi;Simulation;Physics;Singleplayer;Destruction;Sandbox;Puzzle;First-Person;Space Sim;Strategy;Futuristic;Dystopian;Building;Early Access;Procedural Generation;Open World;Relaxing;Action;Great Soundtrack,1,20,10.49,34.99,70.0,0,18276,2146,20422,0.8949,1,"1,000,000 .. 2,000,000",1000000,2000000,1500000,0,0,0,270
2320,Quake II,"id Software, Nightdive Studios, MachineGames",Bethesda Softworks,Action,FPS;Classic;Action;Shooter;Boomer Shooter;1990's;Sci-fi;Singleplayer;Great Soundtrack;Multiplayer;Gore;First-Person;Fast-Paced;Retro;Old School;Moddable;Arena Shooter;Co-op;Horror;Atmospheric,1,20,9.99,9.99,0.0,0,8821,407,9228,0.9559,1,"1,000,000 .. 2,000,000",1000000,2000000,1500000,0,0,0,80
1088150,Scribble It!,Detach Entertainment,Detach Entertainment,"Casual, Indie, Free To Play",Free to Play;Multiplayer;Funny;Word Game;Family Friendly;Comedy;Typing;PvP;Casual;Spelling;Hand-drawn;Team-Based;Colorful;Co-op;Education;Online Co-Op;2D;Singleplayer;Great Soundtrack;Sexual Content,3,20,0.0,0.0,0.0,1,6711,1080,7791,0.8614,1,"1,000,000 .. 2,000,000",1000000,2000000,1500000,0,0,0,76
236690,Blood Bowl 2: Legendary Edition (Classic),Cyanide Studios,Slitherine Ltd.,"Sports, Strategy",Strategy;Multiplayer;Fantasy;Board Game;Singleplayer;Turn-Based;Turn-Based Strategy;Tactical;RPG;PvP;Funny;Dark Fantasy;Action;Turn-Based Tactics;Gore;Violent;Games Workshop;Sports;Football (American);Dark Humor,2,20,29.99,29.99,0.0,0,6997,1893,8890,0.7871,1,"1,000,000 .. 2,000,000",1000000,2000000,1500000,0,0,0,84
1096530,Solasta: Crown of the Magister,Tactical Adventures,Tactical Adventures,"Adventure, RPG, Strategy",RPG;Co-op Campaign;Character Customization;Multiplayer;Turn-Based Combat;Dungeons & Dragons;Choices Matter;CRPG;Story Rich;Fantasy;Adventure;Strategy RPG;Combat;Strategy;Singleplayer;Class-Based;Controller;Party-Based RPG;Team-Based;Online Co-Op,3,20,7.49,29.99,75.0,0,17785,2608,20393,0.8721,1,"1,000,000 .. 2,000,000",1000000,2000000,1500000,0,0,0,396
213610,Sonic Adventure 2,SEGA,SEGA,Action,Action;Great Soundtrack;3D Platformer;Platformer;Fast-Paced;Adventure;Classic;Singleplayer;Replay Value;Third Person;Local Multiplayer;Retro;Story Rich;Family Friendly;Multiplayer;3D;Split Screen;Racing;Sci-fi;Comedy,1,20,9.99,9.99,0.0,0,22711,2761,25472,0.8916,1,"1,000,000 .. 2,000,000",1000000,2000000,1500000,0,0,0,234
541570,Sally Face - Episode One,Portable Moose,Portable Moose,"Adventure, Indie",Story Rich;Psychological Horror;Indie;Horror;Dark;Puzzle;Adventure;Mystery;Atmospheric;Singleplayer;Point & Click;Hand-drawn;Narrative;2D;Supernatural;Emotional;Interactive Fiction;Demons;Dark Humor;Casual,2,20,2.99,2.99,0.0,0,21939,622,22561,0.9724,1,"1,000,000 .. 2,000,000",1000000,2000000,1500000,0,0,0,100
1455840,Dorfromantik,Toukana Interactive,Toukana Interactive,"Casual, Indie, Simulation, Strategy",Puzzle;Relaxing;City Builder;Turn-Based Strategy;Board Game;Strategy;Casual;Sandbox;Simulation;Resource Management;Minimalist;Family Friendly;Procedural Generation;Logic;Controller;Indie;Turn-Based Tactics;3D;Hand-drawn;Singleplayer,4,20,9.09,13.99,35.0,0,26639,958,27597,0.9653,1,"1,000,000 .. 2,000,000",1000000,2000000,1500000,0,0,0,365
710920,Darksiders Genesis,Airship Syndicate,THQ Nordic,"Action, Adventure",Action;Adventure;Co-op;Hack and Slash;Local Co-Op;Multiplayer;Isometric;Top-Down;Action RPG;RPG;Dungeon Crawler;Loot;Gore;Singleplayer;Top-Down Shooter;Split Screen;Great Soundtrack;Fantasy;Puzzle;Twin Stick Shooter,2,20,29.99,29.99,0.0,0,10185,2188,12373,0.8232,1,"1,000,000 .. 2,000,000",1000000,2000000,1500000,0,0,0,29
670290,Real Pool 3D - Poolians,Poolians.com,Poolians.com,"Action, Casual, Indie, Massively Multiplayer, Simulation, Sports, Strategy, Free To Play",Pool;Sports;Free to Play;Multiplayer;Simulation;Casual;Indie;Massively Multiplayer;Strategy;VR;Relaxing;Shooter;Singleplayer;FPS;Funny;PvP;Action;Co-op;3D;Psychological Horror,8,20,0.0,0.0,0.0,1,13042,3918,16960,0.769,1,"1,000,000 .. 2,000,000",1000000,2000000,1500000,0,0,0,911
1124300,HUMANKIND,AMPLITUDE Studios,AMPLITUDE Studios,Strategy,Strategy;Turn-Based Strategy;4X;Multiplayer;City Builder;Historical;Grand Strategy;Management;Singleplayer;Turn-Based;War;Hex Grid;Simulation;Alternate History;Open World;Tactical;Great Soundtrack;Building;Survival;Character Customization,1,20,49.99,49.99,0.0,0,18573,8672,27245,0.6817,0,"1,000,000 .. 2,000,000",1000000,2000000,1500000,0,0,0,411
269950,X-Plane 11,Laminar Research,Laminar Research,Simulation,Simulation;Flight;Realistic;Open World;Multiplayer;VR;Singleplayer;Physics;First-Person;Sandbox;Atmospheric;Adventure;Third Person;Education;Exploration;Family Friendly;Beautiful;Action;Controller;Massively Multiplayer,1,20,29.99,29.99,0.0,0,17554,1363,18917,0.9279,1,"1,000,000 .. 2,000,000",1000000,2000000,1500000,0,0,0,381
300380,Road Redemption,"Redemption Road, Pixel Dash Studios",Tripwire Presents,"Action, Adventure, Indie, Racing, Simulation",Vehicular Combat;Racing;Beat 'em up;Action;Motorbike;Violent;Multiplayer;Controller;Indie;Local Co-Op;Gore;PvP;Arcade;4 Player Local;Co-op;Combat Racing;Singleplayer;Local Multiplayer;Third Person;Funny,5,20,19.99,19.99,0.0,0,10485,2262,12747,0.8225,1,"1,000,000 .. 2,000,000",1000000,2000000,1500000,0,0,0,21
329050,Devil May Cry 4 Special Edition,"CAPCOM Co., Ltd.","CAPCOM Co., Ltd.",Action,Action;Hack and Slash;Character Action Game;Great Soundtrack;Singleplayer;Spectacle fighter;Third Person;Stylized;Difficult;Classic;Story Rich;Anime;Adventure;Atmospheric;Beat 'em up;Replay Value;Female Protagonist;Controller;Remake;Demons,1,20,24.99,24.99,0.0,0,16223,2172,18395,0.8819,1,"1,000,000 .. 2,000,000",1000000,2000000,1500000,0,0,0,220
1253920,Rogue Legacy 2,Cellar Door Games,Cellar Door Games,"Action, Adventure, Indie, RPG",Arcade;Metroidvania;Platformer;Action;Indie;Adventure;RPG;Rogue-lite;Difficult;Singleplayer;2D;Side Scroller;Rogue-like;Procedural Generation;Cartoony;Action Roguelike;2D Platformer;Roguevania;Great Soundtrack;Replay Value,4,20,24.99,24.99,0.0,0,13143,1326,14469,0.9084,1,"1,000,000 .. 2,000,000",1000000,2000000,1500000,0,0,0,167
332950,Dark Deception,Glowstick Entertainment,Glowstick Entertainment,"Action, Adventure, Indie, Free To Play",Horror;Free to Play;Multiplayer;Singleplayer;First-Person;Psychological Horror;Runner;Survival Horror;Indie;Action;Survival;Dark Humor;Adventure;Story Rich;Arcade;RPG;Multiple Endings;Cinematic;Dark;Difficult,4,20,0.0,0.0,0.0,1,18879,2352,21231,0.8892,1,"1,000,000 .. 2,000,000",1000000,2000000,1500000,0,0,0,162
232010,Euro Truck Simulator,SCS Software,SCS Software,"Indie, Simulation",Simulation;Automobile Sim;Driving;Open World;Multiplayer;Singleplayer;Realistic;First-Person;Indie;Relaxing;TrackIR;Moddable;Adventure;Third Person;Atmospheric;Management;Exploration;Sandbox;Online Co-Op;Action,2,20,4.99,4.99,0.0,0,6093,1198,7291,0.8357,1,"1,000,000 .. 2,000,000",1000000,2000000,1500000,0,0,0,3
1184140,KartRider: Drift,NEXON Korea Corporation,Nexon America Inc.,Racing,Racing;Free to Play;Multiplayer;Casual;Cute;Arcade;Anime;Cartoon;Funny;Third Person;Massively Multiplayer;Singleplayer;Action;Split Screen;First-Person;Driving;Local Multiplayer;Competitive;Controller;Sexual Content,1,20,0.0,0.0,0.0,1,3910,1460,5370,0.7281,1,"1,000,000 .. 2,000,000",1000000,2000000,1500000,0,0,0,3
410900,Forts,EarthWork Games,EarthWork Games,"Action, Indie, Strategy",Base-Building;Multiplayer;Physics;Strategy;Destruction;Building;Moddable;Sandbox;Action;2D;Military;Tactical;Memes;Singleplayer;Funny;Level Editor;Indie;Retro;Pixel Graphics;Lemmings,3,20,8.99,14.99,40.0,0,20535,1786,22321,0.92,1,"1,000,000 .. 2,000,000",1000000,2000000,1500000,0,0,0,379
2296990,We Were Here Expeditions: The FriendShip,Total Mayhem Games,Total Mayhem Games,"Adventure, Casual, Indie",Co-op;Puzzle;Online Co-Op;Multiplayer;Adventure;Casual;Emotional;Atmospheric;First-Person;Cute;3D;Mystery;Team-Based;Controller;Story Rich;Multiple Endings;Linear;Asynchronous Multiplayer;Indie;Drama,3,20,1.99,3.99,50.0,0,20306,2028,22334,0.9092,1,"1,000,000 .. 2,000,000",1000000,2000000,1500000,0,0,0,63
283640,Salt and Sanctuary,Ska Studios,Ska Studios,"Action, Indie, RPG",Souls-like;Metroidvania;Dark Fantasy;2D;Difficult;RPG;Action;Platformer;Indie;Local Co-Op;Atmospheric;Dark;Action RPG;Co-op;Gore;Side Scroller;Singleplayer;Adventure;Horror;Story Rich,3,20,17.99,17.99,0.0,0,18485,2167,20652,0.8951,1,"1,000,000 .. 2,000,000",1000000,2000000,1500000,0,0,0,48
397950,Clustertruck,Landfall,tinyBuild,"Action, Indie",Parkour;Automobile Sim;Action;First-Person;3D Platformer;Singleplayer;Physics;Fast-Paced;Indie;Difficult;Destruction;Funny;Great Soundtrack;Platformer;Casual;Strategy;Level Editor;Racing;Multiplayer;Adventure,2,20,14.99,14.99,0.0,0,16041,1113,17154,0.9351,1,"1,000,000 .. 2,000,000",1000000,2000000,1500000,0,0,0,56
371660,Far Cry Primal,Ubisoft,Ubisoft,"Action, Adventure",Open World;Survival;Action;Adventure;Hunting;First-Person;Singleplayer;Open World Survival Craft;Crafting;Exploration;FPS;Stealth;Atmospheric;Mature;Shooter;RPG;Action RPG;Strategy;Online Co-Op;Sexual Content,2,20,29.99,29.99,0.0,0,28267,4625,32892,0.8594,1,"1,000,000 .. 2,000,000",1000000,2000000,1500000,0,0,0,235
1173690,Resident Evil 3: Raccoon City Demo,"CAPCOM Co., Ltd.","CAPCOM Co., Ltd.",Action,Action;Free to Play;Zombies;Multiplayer;Horror;Survival Horror;Gore;Violent;Remake;Singleplayer;Third-Person Shooter;Sexual Content;Female Protagonist;Shooter;Survival;Third Person;Open World;Co-op;Story Rich;Atmospheric,1,20,0.0,0.0,0.0,1,8985,1084,10069,0.8923,1,"1,000,000 .. 2,000,000",1000000,2000000,1500000,0,0,0,5
1966900,20 Minutes Till Dawn,flanne,flanne,"Action, Adventure, Casual, Indie, Strategy",Action Roguelike;Bullet Hell;Survival;Rogue-lite;Shoot 'Em Up;Horror;Combat;Top-Down Shooter;Pixel Graphics;Lovecraftian;Casual;Singleplayer;Strategy;Action;RPG;Gun Customization;Controller;Dark Fantasy;Score Attack;Shooter,5,20,2.49,4.99,50.0,0,25358,2361,27719,0.9148,1,"1,000,000 .. 2,000,000",1000000,2000000,1500000,0,0,0,146
20500,Red Faction Guerrilla Steam Edition,"Volition, Reactor Zero, THQ Nordic",Deep Silver,Action,Open World;Destruction;Action;Physics;Sci-fi;Third Person;Mars;Third-Person Shooter;Multiplayer;Singleplayer;Sandbox;Shooter;Adventure;Atmospheric;Co-op;Great Soundtrack;Controller;Survival;Funny;FPS,1,20,19.99,19.99,0.0,0,6859,765,7624,0.8997,1,"1,000,000 .. 2,000,000",1000000,2000000,1500000,0,0,0,5
437920,Tricky Towers,WeirdBeard,WeirdBeard,"Casual, Indie",Party Game;Puzzle;Multiplayer;Physics;Casual;Building;Funny;Family Friendly;Arcade;Local Multiplayer;Cartoony;4 Player Local;Local Co-Op;Online Co-Op;Singleplayer;PvP;Strategy;Party;Colorful;Stylized,2,20,14.99,14.99,0.0,0,14179,1516,15695,0.9034,1,"1,000,000 .. 2,000,000",1000000,2000000,1500000,0,0,0,71
40970,Stronghold Crusader HD (2012),Firefly Studios,Firefly Studios,"Simulation, Strategy",Military;City Builder;Real Time Tactics;Medieval;Colony Sim;Building;War;Base-Building;Strategy;Sandbox;Management;Real-Time;Resource Management;Isometric;RTS;Economy;Historical;2D;Tower Defense;Simulation,2,20,9.99,9.99,0.0,0,19346,465,19811,0.9765,1,"1,000,000 .. 2,000,000",1000000,2000000,1500000,0,0,0,746
1605220,Dune: Spice Wars,Shiro Games,"Funcom, Shiro Games",Strategy,Management;Singleplayer;Sci-fi;Strategy;RTS;4X;Grand Strategy;Simulation;Real Time Tactics;Building;Tactical;Economy;War;Diplomacy;Multiplayer;Base-Building;Co-op;PvP;PvE;Indie,1,20,34.99,34.99,0.0,0,9973,2547,12520,0.7966,1,"1,000,000 .. 2,000,000",1000000,2000000,1500000,0,0,0,203
715220,Ironsight,Wiple Games,Aeria Games,"Action, Free To Play",Free to Play;Action;FPS;Multiplayer;Shooter;First-Person;Violent;Singleplayer;Controller;Futuristic;Massively Multiplayer;Open World,2,12,0.0,0.0,0.0,1,4149,1145,5294,0.7837,1,"1,000,000 .. 2,000,000",1000000,2000000,1500000,0,0,0,0
218680,Scribblenauts Unlimited,5th Cell Media,Warner Bros. Interactive Entertainment,"Adventure, Casual, Strategy",Puzzle;Casual;Adventure;Sandbox;Family Friendly;Singleplayer;2D;Funny;Comedy;Open World;Cute;Education;Strategy;Fantasy;Moddable;Platformer;Replay Value;Multiplayer;Action;Indie,3,20,19.99,19.99,0.0,0,11038,717,11755,0.939,1,"1,000,000 .. 2,000,000",1000000,2000000,1500000,0,0,0,35
826630,Iron Harvest,KING Art,"Prime Matter, Deep Silver",Strategy,RTS;Strategy;Base-Building;Mechs;War;Alternate History;World War I;Multiplayer;Steampunk;Co-op;Online Co-Op;Singleplayer;Action;Real-Time;PvP;Sci-fi;Competitive;Grand Strategy;Gore;Casual,1,20,29.99,29.99,0.0,0,10945,4123,15068,0.7264,1,"1,000,000 .. 2,000,000",1000000,2000000,1500000,0,0,0,93
996470,eFootball  PES 2020,Konami Digital Entertainment,Konami Digital Entertainment,Sports,Sports;Football (Soccer);Multiplayer;Free to Play;Football (American);Singleplayer;Simulation;Online Co-Op;Realistic;Local Multiplayer;Controller;Open World;Co-op,1,13,0.0,0.0,0.0,1,18667,7563,26230,0.7117,1,"1,000,000 .. 2,000,000",1000000,2000000,1500000,0,0,0,181
1919590,NBA 2K23,Visual Concepts,2K,"Simulation, Sports",Immersive Sim;Basketball;Sports;Simulation;Multiplayer;PvP;Co-op;Realistic;Controller;Local Co-Op;Singleplayer;Online Co-Op;Character Customization;3D;Trading;4 Player Local;Local Multiplayer;e-sports;Team-Based;Management,2,20,0.0,0.0,0.0,1,31908,19567,51475,0.6199,0,"1,000,000 .. 2,000,000",1000000,2000000,1500000,0,0,0,1118
48720,Mount & Blade: With Fire & Sword,TaleWorlds Entertainment,TaleWorlds Entertainment,"Action, RPG",RPG;Open World;Medieval;Action;Strategy;Historical;Multiplayer;War;Sandbox;Singleplayer;Third Person;Adventure;Character Customization;First-Person;Horses;Moddable;Simulation;Action RPG;Based On A Novel;Indie,2,20,9.99,9.99,0.0,0,11961,1613,13574,0.8812,1,"1,000,000 .. 2,000,000",1000000,2000000,1500000,0,0,0,99
12140,Max Payne,Remedy Entertainment,Rockstar Games,Action,Action;Noir;Classic;Third-Person Shooter;Bullet Time;Story Rich;Atmospheric;Dark;Third Person;Singleplayer;Shooter;Great Soundtrack;Detective;Crime;Linear;Violent;Cinematic;Adventure;Psychological Horror;Horror,1,20,9.99,9.99,0.0,0,13072,1581,14653,0.8921,1,"1,000,000 .. 2,000,000",1000000,2000000,1500000,0,0,0,43
1206560,WorldBox - God Simulator,Maxim Karpenko,Maxim Karpenko,"Indie, Simulation, Early Access",Sandbox;God Game;Simulation;Pixel Graphics;Colony Sim;Life Sim;Destruction;Building;Artificial Intelligence;Political Sim;Fantasy;Indie;Medieval;Relaxing;Management;Procedural Generation;Politics;Idler;Mythology;Early Access,3,20,19.99,19.99,0.0,0,41874,2188,44062,0.9503,1,"1,000,000 .. 2,000,000",1000000,2000000,1500000,0,0,0,1589
903950,Last Oasis,Donkey Crew,"Donkey Crew, Snail Games USA","Action, Adventure, Indie, Massively Multiplayer, RPG, Early Access",Massively Multiplayer;Survival;Open World;RPG;Action;Adventure;Crafting;Indie;Multiplayer;Building;PvP;Sandbox;Early Access;Third Person;Post-apocalyptic;Violent;PvE;Economy;MMORPG;Swordplay,6,20,29.99,29.99,0.0,0,14952,9133,24085,0.6208,0,"1,000,000 .. 2,000,000",1000000,2000000,1500000,0,0,0,153
233290,Murdered: Soul Suspect,Airtight Games,Square Enix,"Action, Adventure, RPG",Detective;Adventure;Mystery;Supernatural;Horror;Atmospheric;Singleplayer;Action;Crime;Story Rich;Third Person;Noir;Puzzle;Open World;Stealth;RPG;Dark;Walking Simulator;Point & Click;Short,3,20,19.99,19.99,0.0,0,14278,2373,16651,0.8575,1,"1,000,000 .. 2,000,000",1000000,2000000,1500000,0,0,0,11
2300320,Farming Simulator 25,GIANTS Software,GIANTS Software,Simulation,Simulation;Farming Sim;Realistic;3D;First-Person;Immersive Sim;Time Management;Multiplayer;Economy;Third Person;Building;Management;Atmospheric;Relaxing;Nature;Online Co-Op;Farming;Physics;Singleplayer;Moddable,1,20,29.99,29.99,0.0,0,28079,5496,33575,0.8363,1,"1,000,000 .. 2,000,000",1000000,2000000,1500000,0,0,0,13431
1295660,Sid Meier's Civilization VII,Firaxis Games,2K,"Simulation, Strategy",Grand Strategy;Historical;4X;Diplomacy;Military;Simulation;Multiplayer;Economy;War;Strategy;Turn-Based Tactics;City Builder;Tactical;Alternate History;Singleplayer;Hex Grid;Political Sim;Stylized;Turn-Based Strategy;PvP,2,20,69.99,69.99,0.0,0,20502,21746,42248,0.4853,0,"1,000,000 .. 2,000,000",1000000,2000000,1500000,0,0,0,5931
1325860,VTube Studio,DenchiSoft,DenchiSoft,"Indie, Animation & Modeling, Video Production",Indie;Mature;Anime;Animation & Modeling;Free to Play;NSFW;Software;Cute;Video Production;Character Customization;2D;Utilities;Funny;Singleplayer;3D;Multiplayer;Co-op;Survival Horror;Souls-like,3,19,0.0,0.0,0.0,1,5283,412,5695,0.9277,1,"1,000,000 .. 2,000,000",1000000,2000000,1500000,0,0,0,10139
997070,Marvel's Avengers - The Definitive Edition,"Crystal Dynamics, Eidos-Montréal, Nixxes",Crystal Dynamics,"Action, Adventure, RPG",Action;Adventure;RPG;Superhero;Multiplayer;Open World;Online Co-Op;Singleplayer;Third Person;Cinematic;Comic Book;Loot;Co-op;Sci-fi;PvE;Fantasy;Combat;Team-Based;Story Rich;Co-op Campaign,3,20,0.0,0.0,0.0,1,22704,11386,34090,0.666,0,"1,000,000 .. 2,000,000",1000000,2000000,1500000,0,0,0,68
916440,Anno 1800,Ubisoft Mainz,Ubisoft,"Simulation, Strategy",City Builder;Strategy;Simulation;Economy;Multiplayer;Resource Management;Sandbox;RTS;Co-op;Singleplayer;Exploration;Management;Historical;Building;Political;Politics;Choose Your Own Adventure;Story Rich;Choices Matter;Multiple Endings,2,20,59.99,59.99,0.0,0,20368,4723,25091,0.8118,1,"1,000,000 .. 2,000,000",1000000,2000000,1500000,0,0,0,2784
858810,Dawn of Man,Madruga Works,Madruga Works,"Indie, Simulation, Strategy",City Builder;Colony Sim;Survival;Strategy;Simulation;Historical;Sandbox;Singleplayer;Open World;Economy;Indie;Choices Matter;RTS;Resource Management;Destruction;Multiplayer;Story Rich;Management;Nudity;Political,3,20,24.99,24.99,0.0,0,14845,2252,17097,0.8683,1,"1,000,000 .. 2,000,000",1000000,2000000,1500000,0,0,0,323
1407200,World of Tanks,Wargaming Group Limited,Wargaming Group Limited,"Action, Massively Multiplayer, Simulation, Free To Play",Tanks;Free to Play;Action;Military;PvP;Vehicular Combat;Multiplayer;Team-Based;Tactical;Massively Multiplayer;War;Historical;World War II;Simulation;Co-op;Realistic;Shooter;Third Person;Third-Person Shooter;PvE,4,20,0.0,0.0,0.0,1,72570,15266,87836,0.8262,1,"1,000,000 .. 2,000,000",1000000,2000000,1500000,0,0,0,3869
238430,Contagion,"Monochrome, Inc","Monochrome, Inc","Action, Adventure, Indie",Zombies;Post-apocalyptic;Co-op;Horror;Level Editor;FPS;Moddable;PvE;First-Person;PvP;Survival Horror;Shooter;Competitive;Survival;3D;Action;Local Multiplayer;Local Co-Op;Atmospheric;Adventure,3,20,9.99,9.99,0.0,0,11222,4206,15428,0.7274,1,"1,000,000 .. 2,000,000",1000000,2000000,1500000,0,0,0,27
1244460,Jurassic World Evolution 2,Frontier Developments,Frontier Developments,"Simulation, Strategy",Dinosaurs;Building;Simulation;Management;Sandbox;Strategy;Singleplayer;City Builder;Economy;Resource Management;Sci-fi;Open World;Violent;Atmospheric;Sequel;Action;Multiplayer;Base-Building;Survival;Casual,2,20,59.99,59.99,0.0,0,32817,3821,36638,0.8957,1,"1,000,000 .. 2,000,000",1000000,2000000,1500000,0,0,0,1413
1118310,RetroArch,Libretro,Libretro,Free To Play,Free to Play;Retro;Software;Arcade;Singleplayer;Classic;Multiplayer;Local Multiplayer;Simulation;Old School;1990's;Pixel Graphics;2D;Co-op;1980s;Utilities;Controller;Adventure;Hentai;RPG,1,20,0.0,0.0,0.0,1,7224,839,8063,0.8959,1,"1,000,000 .. 2,000,000",1000000,2000000,1500000,0,0,0,619
882100,XCOM: Chimera Squad,Firaxis Games,2K,Strategy,Strategy;Turn-Based Tactics;Turn-Based Strategy;Turn-Based;Singleplayer;Aliens;Sci-fi;Futuristic;Tactical;Turn-Based Combat;RPG;Character Customization;Tactical RPG;Action;Sexual Content;Moddable,1,16,9.99,9.99,0.0,0,16302,6407,22709,0.7179,1,"1,000,000 .. 2,000,000",1000000,2000000,1500000,0,0,0,68
206210,Gotham City Impostors Free to Play,"Monolith Productions, Inc.",Warner Bros. Interactive Entertainment,"Action, Free To Play",Free to Play;Action;Multiplayer;FPS;Shooter;Superhero;Funny;First-Person;Character Customization;Comic Book;Comedy;Massively Multiplayer;Online Co-Op;Co-op;Fighting;Open World;Gore;Adventure;Sandbox;Singleplayer,2,20,0.0,0.0,0.0,1,10295,1754,12049,0.8544,1,"1,000,000 .. 2,000,000",1000000,2000000,1500000,0,0,0,0
205950,Jet Set Radio,Blit Software,SEGA,Action,Great Soundtrack;Classic;Action;3D Platformer;Singleplayer;Colorful;Platformer;Stylized;Arcade;Parkour;Cult Classic;Third Person;Music;Controller;Skating;Retro;Atmospheric;Sports;Open World;Anime,1,20,0.0,0.0,0.0,1,7097,1030,8127,0.8733,1,"1,000,000 .. 2,000,000",1000000,2000000,1500000,0,0,0,7
879160,Battlerite Royale,Stunlock Studios,Stunlock Studios,"Action, Free To Play, Massively Multiplayer",Battle Royale;Free to Play;Multiplayer;MOBA;PvP;Massively Multiplayer;Action;Competitive;Top-Down;Early Access;Online Co-Op;Survival;Nudity;RPG,3,14,0.0,0.0,0.0,1,6088,2103,8191,0.7433,1,"1,000,000 .. 2,000,000",1000000,2000000,1500000,0,0,0,5
1106840,Hydroneer,Foulball Hangover,Foulball Hangover,"Adventure, Casual, Indie, Simulation, Strategy",Base-Building;Mining;Automation;Sandbox;Co-op;Open World;Multiplayer;Building;Funny;Resource Management;Casual;Simulation;Indie;Singleplayer;Adventure;Crafting;First-Person;Strategy;Family Friendly;Split Screen,5,20,14.99,14.99,0.0,0,21755,3368,25123,0.8659,1,"1,000,000 .. 2,000,000",1000000,2000000,1500000,0,0,0,374
1210320,Potion Craft: Alchemist Simulator,niceplay games,tinyBuild,"Indie, Simulation",Crafting;Singleplayer;Relaxing;Simulation;Medieval;Management;Indie;2D;Life Sim;RPG;Sandbox;Casual;Resource Management;Hand-drawn;Farming Sim;Trading;Choices Matter;Point & Click;Historical;Capitalism,2,20,19.99,19.99,0.0,0,34716,2892,37608,0.9231,1,"1,000,000 .. 2,000,000",1000000,2000000,1500000,0,0,0,941
728540,Islands of Nyne: Battle Royale,Define Human Studios,Define Human Studios,"Action, Indie, Early Access",Early Access;Battle Royale;FPS;Multiplayer;Action;Survival;Shooter;Indie;First-Person;Free to Play;Sci-fi;PvP;Futuristic,3,13,0.0,0.0,0.0,1,3387,3302,6689,0.5064,0,"1,000,000 .. 2,000,000",1000000,2000000,1500000,0,0,0,0
285160,LEGO The Hobbit,"Traveller's Tales, Feral Interactive (Mac)","Warner Bros. Interactive Entertainment, Feral Interactive (Mac)","Action, Adventure",LEGO;Adventure;Action;Local Co-Op;Multiplayer;Open World;Co-op;Funny;Fantasy;Family Friendly;Singleplayer;Comedy;Third Person;Atmospheric;Dwarf;Split Screen;Puzzle;RPG;Controller;Strategy,2,20,19.99,19.99,0.0,0,7895,1882,9777,0.8075,1,"1,000,000 .. 2,000,000",1000000,2000000,1500000,0,0,0,69
1119730,"Ranch Simulator: Build, Hunt, Farm",Toxic Dog,Excalibur Games,Simulation,Simulation;Multiplayer;Online Co-Op;Open World;Farming Sim;Farming;Job Simulator;Co-op;Realistic;Hunting;Sandbox;Singleplayer;Management;Economy;Trading;Destruction;Relaxing;Immersive Sim;First-Person;Indie,1,20,24.99,24.99,0.0,0,28977,7042,36019,0.8045,1,"1,000,000 .. 2,000,000",1000000,2000000,1500000,0,0,0,1488
1657630,Slime Rancher 2,Monomi Park,Monomi Park,"Action, Adventure, Casual, Indie, Simulation",Early Access;Cute;Relaxing;Colorful;Open World;Singleplayer;First-Person;Creature Collector;Adventure;Simulation;Family Friendly;Casual;Female Protagonist;3D;Fantasy;Building;Action-Adventure;FPS;Action;Atmospheric,5,20,17.99,29.99,40.0,0,31703,1916,33619,0.943,1,"1,000,000 .. 2,000,000",1000000,2000000,1500000,0,0,0,524
246420,Kingdom Rush  - Tower Defense,Ironhide Game Studio,Ironhide Game Studio,Strategy,Tower Defense;Strategy;Singleplayer;2D;Tactical;Fantasy;Casual;Action;Funny;Adventure;Medieval;Cartoon;Cartoony;Action-Adventure;Indie;Difficult;Touch-Friendly;Comedy;RPG;Colorful,1,20,9.99,9.99,0.0,0,14430,402,14832,0.9729,1,"1,000,000 .. 2,000,000",1000000,2000000,1500000,0,0,0,214
1448440,Wo Long: Fallen Dynasty,"KOEI TECMO GAMES CO., LTD.","KOEI TECMO GAMES CO., LTD., CE-Asia(Asia)","Action, Adventure, RPG",Action;Souls-like;RPG;Difficult;Action RPG;Dark Fantasy;Historical;Hack and Slash;Singleplayer;Fantasy;Gore;Character Customization;Violent;Martial Arts;JRPG;Co-op;Adventure;Third Person;Atmospheric;Female Protagonist,3,20,39.99,39.99,0.0,0,13447,14241,27688,0.4857,0,"1,000,000 .. 2,000,000",1000000,2000000,1500000,0,0,0,151
1810580,Nobody - The Turnaround,U.Ground Game Studio,Thermite Games,"Simulation, Strategy, Early Access",Early Access;Life Sim;Simulation;Survival;Realistic;Sandbox;Open World;Strategy;Choices Matter;Emotional;Resource Management;Management;Romance;Multiple Endings;Character Customization;Story Rich;Adventure;Singleplayer;Atmospheric;Choose Your Own Adventure,3,20,0.0,0.0,0.0,1,8509,5730,14239,0.5976,0,"1,000,000 .. 2,000,000",1000000,2000000,1500000,0,0,0,36
1817190,Marvel’s Spider-Man: Miles Morales,"Insomniac Games, Nixxes Software",PlayStation Publishing LLC,"Action, Adventure",Open World;Action;Singleplayer;Superhero;Adventure;Third Person;Combat;Parkour;Story Rich;Exploration;Action-Adventure;Stealth;Comic Book;Beat 'em up;Great Soundtrack;Multiplayer;Beautiful;Sci-fi;RPG;Mature,2,20,49.99,49.99,0.0,0,40722,2959,43681,0.9323,1,"1,000,000 .. 2,000,000",1000000,2000000,1500000,0,0,0,377
244450,Men of War: Assault Squad 2,Digitalmindsoft,Fulqrum Publishing,"Action, Simulation, Strategy",Strategy;World War II;War;RTS;Simulation;Action;Tactical;Military;Multiplayer;Real Time Tactics;Tanks;Realistic;Historical;Co-op;Singleplayer;Destruction;Atmospheric;Difficult;Classic;Adventure,3,20,29.99,29.99,0.0,0,40520,3881,44401,0.9126,1,"1,000,000 .. 2,000,000",1000000,2000000,1500000,0,0,0,711
282660,Easy eSports,EasyAntiCheat Ltd,EasyAntiCheat Ltd,Utilities,Utilities;Free to Play;Software;Multiplayer;e-sports,1,5,0.0,0.0,0.0,1,7812,1883,9695,0.8058,1,"1,000,000 .. 2,000,000",1000000,2000000,1500000,0,0,0,3
1325200,Nioh 2 – The Complete Edition,"KOEI TECMO GAMES CO., LTD.","KOEI TECMO GAMES CO., LTD.","Action, RPG",RPG;Action;Souls-like;Character Customization;Difficult;Co-op;JRPG;Multiplayer;Dark Fantasy;Fantasy;Historical;Hack and Slash;Story Rich;Violent;Singleplayer;Dark;Atmospheric;Medieval;Female Protagonist;Loot,2,20,49.99,49.99,0.0,0,39965,5531,45496,0.8784,1,"1,000,000 .. 2,000,000",1000000,2000000,1500000,0,0,0,1441
960990,Beyond: Two Souls,Quantic Dream,Quantic Dream,"Action, Adventure",Adventure;Choices Matter;Story Rich;Female Protagonist;Cinematic;Singleplayer;Emotional;Co-op;Sci-fi;Quick-Time Events;Dynamic Narration;Horror;Third Person;Atmospheric;Narration;Thriller;Beautiful;Drama;Violent;Great Soundtrack,2,20,19.99,19.99,0.0,0,24755,3272,28027,0.8833,1,"1,000,000 .. 2,000,000",1000000,2000000,1500000,0,0,0,210
383180,Dead Island: Riptide Definitive Edition,Techland,Deep Silver,Action,Zombies;Co-op;Multiplayer;Open World;Gore;Action;Survival;First-Person;Horror;Adventure;Online Co-Op;FPS;Survival Horror;Singleplayer;Open World Survival Craft;Crafting;Violent;Nudity;RPG;Female Protagonist,1,20,19.99,19.99,0.0,0,8342,3358,11700,0.713,1,"1,000,000 .. 2,000,000",1000000,2000000,1500000,0,0,0,140
209660,Call of Duty: Advanced Warfare - Gold Edition,"Sledgehammer Games, Raven Software",Activision,Action,Dog;FPS;Action;Multiplayer;Shooter;Futuristic;First-Person;Sci-fi;Linear;Singleplayer;America;War;Quick-Time Events;Short;Masterpiece;Illuminati;Military;Online Co-Op;Co-op;PvP,1,20,15.99,39.99,60.0,0,13493,8403,21896,0.6162,0,"1,000,000 .. 2,000,000",1000000,2000000,1500000,0,0,0,17
751780,Forager,HopFrog,Balor Games,"Action, Adventure, Indie, Simulation",Open World Survival Craft;Survival;Pixel Graphics;Crafting;Indie;Farming Sim;Sandbox;2D;Adventure;Base-Building;Singleplayer;Multiplayer;Resource Management;Building;Exploration;Open World;RPG;Casual;Agriculture;Simulation,4,20,19.99,19.99,0.0,0,36751,4130,40881,0.899,1,"1,000,000 .. 2,000,000",1000000,2000000,1500000,0,0,0,235
544920,Darwin Project,Scavengers Studio,Scavengers Studio,"Action, Indie, Free To Play",Battle Royale;Multiplayer;Survival;Action;PvP;Open World;Early Access;Indie;Co-op;Massively Multiplayer;Shooter;Adventure;Crafting;Strategy;Third Person;FPS;Third-Person Shooter;Casual;Atmospheric;Singleplayer,3,20,0.0,0.0,0.0,1,14978,3410,18388,0.8146,1,"1,000,000 .. 2,000,000",1000000,2000000,1500000,0,0,0,0
226860,Galactic Civilizations III,Stardock Entertainment,Stardock Entertainment,Strategy,Aliens;Sci-fi;4X;Turn-Based Strategy;Sandbox;3D;Grand Strategy;Moddable;Hex Grid;PvE;Strategy;PvP;Procedural Generation;Turn-Based;Space;Third Person;Lore-Rich;War;Futuristic;Multiplayer,1,20,29.99,29.99,0.0,0,7874,2408,10282,0.7658,1,"1,000,000 .. 2,000,000",1000000,2000000,1500000,0,0,0,161
1418630,Dread Hunger,Dread Hunger Team,Digital Confectioners,"Action, Adventure, Indie",Multiplayer;Survival;Social Deduction;Online Co-Op;Co-op;Horror;Psychological;PvP;Team-Based;Strategy;Gore;Indie;Funny;Action;Difficult;First-Person;Blood;Dark;Adventure;Atmospheric,3,20,0.0,0.0,0.0,1,27859,18326,46185,0.6032,0,"1,000,000 .. 2,000,000",1000000,2000000,1500000,0,0,0,751
939400,LoveChoice,Akaba Studio,Akaba Studio,"Adventure, Indie, RPG, Simulation",Romance;Dating Sim;Choices Matter;Story Rich;Visual Novel;Multiple Endings;Great Soundtrack;Cute;Beautiful;Simulation;Casual;Indie;RPG;Adventure;Interactive Fiction;Puzzle;2D;Early Access;Anime;Stylized,4,20,1.99,1.99,0.0,0,31465,2425,33890,0.9284,1,"1,000,000 .. 2,000,000",1000000,2000000,1500000,0,0,0,92
2321470,Deep Rock Galactic: Survivor,Funday Games,Ghost Ship Publishing,Action,Dwarf;Action Roguelike;Rogue-lite;Bullet Hell;Top-Down Shooter;PvE;Arena Shooter;Top-Down;Procedural Generation;Action;Arcade;Sci-fi;Singleplayer;Space;Score Attack;Aliens;Atmospheric;Combat;Early Access;Dark,1,20,7.79,12.99,40.0,0,31693,4865,36558,0.8669,1,"1,000,000 .. 2,000,000",1000000,2000000,1500000,0,0,0,1300
268870,Satellite Reign,5 Lives Studios,5 Lives Studios,"Action, Indie, Strategy",Cyberpunk;Strategy;Action;Sci-fi;Indie;Tactical;Real-Time;Open World;Stealth;Co-op;Isometric;Top-Down;Class-Based;Singleplayer;RPG;Kickstarter;RTS;Multiplayer;Atmospheric;Great Soundtrack,3,20,29.99,29.99,0.0,0,3737,1492,5229,0.7147,1,"1,000,000 .. 2,000,000",1000000,2000000,1500000,0,0,0,5
953490,CARRION,Phobia Game Studio,Devolver Digital,"Action, Adventure, Indie",Villain Protagonist;Pixel Graphics;Gore;Action;Horror;Indie;Metroidvania;Violent;2D;Adventure;Singleplayer;Blood;Puzzle;Physics;Lovecraftian;Sci-fi;Platformer;Mature;Atmospheric;Great Soundtrack,3,20,19.99,19.99,0.0,0,25814,1496,27310,0.9452,1,"1,000,000 .. 2,000,000",1000000,2000000,1500000,0,0,0,44
698670,Scorn,Ebb Software,Kepler Interactive,"Action, Adventure, Indie",Gore;Horror;Atmospheric;Puzzle;Sexual Content;First-Person;Dark;Nudity;Psychological Horror;Adventure;Lovecraftian;Violent;Singleplayer;Walking Simulator;Sci-fi;Surreal;Indie;Survival Horror;Action;FPS,3,20,39.99,39.99,0.0,0,11887,3613,15500,0.7669,1,"1,000,000 .. 2,000,000",1000000,2000000,1500000,0,0,0,20
1128920,EVERSPACE 2,ROCKFISH Games,ROCKFISH Games,"Action, Adventure, RPG, Simulation",Shooter;Space;Loot;Exploration;Looter Shooter;Open World;Action RPG;Action-Adventure;Story Rich;Adventure;Action;PvE;Combat;Simulation;Flight;RPG;Singleplayer;Third-Person Shooter;Third Person;Sci-fi,4,20,9.99,49.99,80.0,0,10088,1540,11628,0.8676,1,"1,000,000 .. 2,000,000",1000000,2000000,1500000,0,0,0,331
1418100,Swords of Legends Online,"Wangyuan Shengtang Entertainment Technology CO., 上海烛龙信息科技有限公司",Gameforge 4D GmbH,"Free To Play, Massively Multiplayer, RPG",Free to Play;MMORPG;Open World;Character Customization;Action RPG;Fantasy;Massively Multiplayer;RPG;Third Person;Multiplayer;Story Rich;Online Co-Op;Co-op;Adventure;Action;Sandbox;Atmospheric;Magic;Female Protagonist;Singleplayer,3,20,0.0,0.0,0.0,1,3878,1944,5822,0.6661,0,"1,000,000 .. 2,000,000",1000000,2000000,1500000,0,0,0,2
329110,Gems of War - Puzzle RPG,Infinity Plus 2,505 Games,"Action, Adventure, Casual, RPG, Strategy, Free To Play",Free to Play;Match 3;Puzzle;PvE;PvP;Card Game;Strategy RPG;Turn-Based Strategy;RPG;Strategy;2D;Turn-Based Combat;Story Rich;Singleplayer;Casual;Fantasy;Magic;War;Adventure;Multiplayer,6,20,0.0,0.0,0.0,1,7067,1723,8790,0.804,1,"1,000,000 .. 2,000,000",1000000,2000000,1500000,0,0,0,2002
1264670,The Wind Road,甘肃嘉元数字科技有限公司,Phoenix Game,"Action, Adventure, Indie, RPG",RPG;Action;Adventure;Indie;Martial Arts;Singleplayer;Souls-like;Puzzle;Open World;Swordplay,4,10,29.99,29.99,0.0,0,4706,2098,6804,0.6917,0,"1,000,000 .. 2,000,000",1000000,2000000,1500000,0,0,0,1
214340,Deponia,Daedalic Entertainment,Daedalic Entertainment,"Adventure, Indie",Adventure;Point & Click;Comedy;Puzzle;Singleplayer;Funny;Indie;Story Rich;2D;Dark Humor;Great Soundtrack;Hand-drawn;Escape Room;Steampunk;Classic;Retro;Sci-fi;Dystopian;Hidden Object;Cult Classic,2,20,0.99,9.99,90.0,0,10509,1566,12075,0.8703,1,"1,000,000 .. 2,000,000",1000000,2000000,1500000,0,0,0,25
17570,"Pirates, Vikings, and Knights II",Octoshark Studios,Octoshark Studios,"Action, Free To Play, Indie",Free to Play;Multiplayer;Action;Medieval;Pirates;FPS;Swordplay;Funny;First-Person;Hack and Slash;Indie;Mod;Historical;Vikings;PvP;Fast-Paced;Singleplayer;Shooter;Massively Multiplayer;Memes,3,20,0.0,0.0,0.0,1,5227,730,5957,0.8775,1,"1,000,000 .. 2,000,000",1000000,2000000,1500000,0,0,0,13
1258080,Shop Titans,"Kabam Games, Inc.","Kabam Games, Inc.","Adventure, Casual, RPG, Simulation, Free To Play",Idler;Shop Keeper;Medieval;Crafting;Base-Building;Management;Economy;Trading;Character Customization;RPG;Simulation;Job Simulator;Casual;Online Co-Op;Fantasy;Free to Play;Family Friendly;Cozy;Resource Management;Collectathon,5,20,0.0,0.0,0.0,1,13249,3679,16928,0.7827,1,"1,000,000 .. 2,000,000",1000000,2000000,1500000,0,0,0,3279
610080,Realm Grinder,Divine Games,Kongregate,"Free To Play, RPG, Strategy",Free to Play;Clicker;Pixel Graphics;Strategy;City Builder;Singleplayer;Idler;RPG;2D;Casual;Building;Resource Management;Simulation;Indie;Multiplayer;Fantasy;Addictive;Base-Building;Point & Click;Adventure,3,20,0.0,0.0,0.0,1,6185,917,7102,0.8709,1,"1,000,000 .. 2,000,000",1000000,2000000,1500000,0,0,0,595
962730,Skater XL - The Ultimate Skateboarding Game,Easy Day Studios Pty Ltd,Easy Day Studios Pty Ltd,"Action, Adventure, Indie, Simulation, Sports",Skateboarding;Skating;Multiplayer;Sports;Sandbox;Online Co-Op;Moddable;Physics;Character Customization;Simulation;Adventure;Mod;Controller;Action;Singleplayer;Realistic;Open World;Snowboarding;Indie;Soundtrack,5,20,39.99,39.99,0.0,0,16733,2736,19469,0.8595,1,"1,000,000 .. 2,000,000",1000000,2000000,1500000,0,0,0,165
375910,Anno 2205,Blue Byte,Ubisoft,"Simulation, Strategy",City Builder;Strategy;Simulation;Futuristic;4X;Sci-fi;Economy;Singleplayer;Space;Resource Management;Management;RTS;Multiplayer;Building;Sandbox;Base-Building;Story Rich;Open World;Trading;3D,2,20,39.99,39.99,0.0,0,4174,1819,5993,0.6965,0,"1,000,000 .. 2,000,000",1000000,2000000,1500000,0,0,0,63
911400,Assassin's Creed III Remastered,Ubisoft Entertainment,Ubisoft Entertainment,"Action, Adventure",Action;Adventure;Assassin;Open World;Stealth;Historical;Parkour;Singleplayer;Third Person;Story Rich;America;Multiplayer;Great Soundtrack;RPG;Gore;Action-Adventure;Atmospheric;Co-op;Action RPG;Alternate History,2,20,39.99,39.99,0.0,0,7703,4881,12584,0.6121,0,"1,000,000 .. 2,000,000",1000000,2000000,1500000,0,0,0,295
1237980,STAR WARS Battlefront,DICE,Electronic Arts,"Action, Adventure, Strategy",Shooter;Sci-fi;Multiplayer;Singleplayer;Adventure;Space;Strategy;Co-op;Third-Person Shooter;Online Co-Op;Action;Vehicular Combat;First-Person;PvP;Split Screen;Combat;Third Person;Aliens;FPS;Atmospheric,3,20,19.99,19.99,0.0,0,4116,1129,5245,0.7847,1,"1,000,000 .. 2,000,000",1000000,2000000,1500000,0,0,0,55
1262600,Need for Speed Rivals,Criterion Games,Electronic Arts,"Action, Adventure, Racing",Racing;Driving;Open World;Multiplayer;Combat Racing;PvP;Action;Arcade;Third Person;First-Person;Sports;Atmospheric;Singleplayer;Adventure;Co-op;Destruction;Online Co-Op;Split Screen;War;Psychological Horror,3,20,19.99,19.99,0.0,0,6633,2218,8851,0.7494,1,"1,000,000 .. 2,000,000",1000000,2000000,1500000,0,0,0,42
2679460,Metaphor: ReFantazio,ATLUS,SEGA,"Action, Adventure, RPG",RPG;JRPG;Turn-Based Combat;Anime;Story Rich;Adventure;Time Management;Singleplayer;Turn-Based Strategy;Dark Fantasy;Party-Based RPG;Action RPG;Fantasy;Third Person;Colorful;Strategy RPG;Strategy;Choose Your Own Adventure;Turn-Based Tactics;3D,3,20,69.99,69.99,0.0,0,31641,3199,34840,0.9082,1,"1,000,000 .. 2,000,000",1000000,2000000,1500000,0,0,0,1753
1419170,My Singing Monsters,Big Blue Bubble,Big Blue Bubble,"Simulation, Free To Play",Creature Collector;Simulation;Casual;Farming Sim;Colony Sim;Free to Play;Cute;Cartoony;Collectathon;Colorful;Family Friendly;2.5D;Building;Relaxing;Dragons;Dinosaurs;Nature;Music;Horror;Resource Management,2,20,0.0,0.0,0.0,1,39143,2558,41701,0.9387,1,"1,000,000 .. 2,000,000",1000000,2000000,1500000,0,0,0,740
1337520,Risk of Rain Returns,Hopoo Games,"Gearbox Publishing, 2K",Action,Action Roguelike;Online Co-Op;Multiplayer;2D;PvE;Local Co-Op;Looter Shooter;Sci-fi;Action;Controller;Arcade;Space;Rogue-like;Class-Based;Loot;Pixel Graphics;Singleplayer;Atmospheric;Co-op;Combat,1,20,14.99,14.99,0.0,0,25087,2736,27823,0.9017,1,"1,000,000 .. 2,000,000",1000000,2000000,1500000,0,0,0,220
2212330,Your Only Move Is HUSTLE,Ivy Sly,Ivy Sly,"Action, Indie, Simulation, Strategy",2D Fighter;Turn-Based Strategy;Action;Strategy;Spectacle fighter;Turn-Based Tactics;2D;Pixel Graphics;Sandbox;Simulation;Side Scroller;Anime;Cinematic;Cartoony;Cartoon;Solitaire;Minimalist;Colorful;Hand-drawn;Cute,4,20,4.99,4.99,0.0,0,30716,1160,31876,0.9636,1,"1,000,000 .. 2,000,000",1000000,2000000,1500000,0,0,0,613
1134570,F1 2021,Codemasters,Electronic Arts,"Racing, Simulation, Sports",Racing;Driving;Sports;Immersive Sim;Automobile Sim;PvP;Controller;Split Screen;e-sports;Simulation;3D;Realistic;Multiplayer;VR;Co-op;Local Multiplayer;Cinematic;Online Co-Op;Singleplayer;Arcade,3,20,0.0,0.0,0.0,1,30062,5024,35086,0.8568,1,"1,000,000 .. 2,000,000",1000000,2000000,1500000,0,0,0,153
2420110,Horizon Forbidden West Complete Edition,"Guerrilla, Nixxes Software",PlayStation Publishing LLC,"Action, RPG",Open World;Singleplayer;Female Protagonist;Action;Exploration;RPG;Post-apocalyptic;Story Rich;Third Person;Sci-fi;Robots;Action RPG;Adventure;Atmospheric;LGBTQ+;Great Soundtrack;Controller;Action-Adventure;Stealth;Politics,2,20,59.99,59.99,0.0,0,20325,2410,22735,0.894,1,"1,000,000 .. 2,000,000",1000000,2000000,1500000,0,0,0,1005
1062520,Dinkum,James Bendon,"KRAFTON, Inc.","Adventure, Casual, Indie, RPG, Simulation",Open World Survival Craft;Agriculture;Farming Sim;Life Sim;Relaxing;Co-op;Farming;Crafting;Simulation;Sandbox;RPG;Indie;Casual;Building;Online Co-Op;Exploration;Adventure;Singleplayer;Fishing;Hunting,5,20,19.99,19.99,0.0,0,22671,1913,24584,0.9222,1,"1,000,000 .. 2,000,000",1000000,2000000,1500000,0,0,0,2422
994280,Gujian3(古剑奇谭三),"上海烛龙信息科技有限公司, Aurogon Shanghai",北京网元圣唐娱乐科技有限公司,RPG,RPG;Story Rich;Martial Arts;Action RPG;Singleplayer;Open World;Action;Fantasy;Third Person;Drama;Hack and Slash;Mythology;Adventure;Souls-like;Great Soundtrack;Anime;Multiplayer;CRPG;Sexual Content;Dating Sim,1,20,29.99,29.99,0.0,0,41193,6652,47845,0.861,1,"1,000,000 .. 2,000,000",1000000,2000000,1500000,0,0,0,103
1222730,STAR WARS: Squadrons,MOTIVE,Electronic Arts,"Action, Simulation",Flight;Space;VR;Multiplayer;Singleplayer;Sci-fi;Action;Simulation;First-Person;PvP;Spaceships;Online Co-Op;Co-op;Controller;Shooter;Space Sim;Female Protagonist;Adventure;FPS;Strategy,2,20,39.99,39.99,0.0,0,17756,9298,27054,0.6563,0,"1,000,000 .. 2,000,000",1000000,2000000,1500000,0,0,0,79
368070,Sniper Ghost Warrior 3,CI Games,CI Games,Action,Sniper;Open World;Multiplayer;FPS;Stealth;Action;Singleplayer;Shooter;First-Person;Military;Violent;Co-op;War;Adventure;Tactical;Gore;Online Co-Op;Heist;Nudity;Strategy,1,20,19.99,19.99,0.0,0,12341,6161,18502,0.667,0,"1,000,000 .. 2,000,000",1000000,2000000,1500000,0,0,0,134
1669980,Volcano Princess,养蛋人 Egg Hatcher,养蛋人 Egg Hatcher,"Casual, Indie, RPG, Simulation, Strategy",Life Sim;Multiple Endings;Choices Matter;RPG;Anime;Dating Sim;Simulation;Female Protagonist;Visual Novel;Story Rich;Singleplayer;Cute;Time Management;Strategy;Indie;JRPG;Turn-Based Combat;Medieval;Drama;Hand-drawn,5,20,7.14,10.99,35.0,0,40290,890,41180,0.9784,1,"1,000,000 .. 2,000,000",1000000,2000000,1500000,0,0,0,553
47780,Dead Space 2,Visceral Games,Electronic Arts,"Action, Adventure",Horror;Survival Horror;Third-Person Shooter;Shooter;Survival;Third Person;Action;Story Rich;Sci-fi;Space;Atmospheric;Singleplayer;Aliens;Multiplayer;Futuristic;Gore;Adventure;Combat;Co-op;Blood,2,20,19.99,19.99,0.0,0,24396,1550,25946,0.9403,1,"1,000,000 .. 2,000,000",1000000,2000000,1500000,0,0,0,82
872410,ROMANCE OF THE THREE KINGDOMS XIV,"KOEI TECMO GAMES CO., LTD.","KOEI TECMO GAMES CO., LTD.",Simulation,Turn-Based Tactics;Wargame;Military;Immersive Sim;Diplomacy;War;Grand Strategy;Character Customization;Turn-Based Strategy;Strategy;Historical;3D;Alternate History;Simulation;Tactical;Resource Management;Singleplayer;Replay Value;RPG;Turn-Based,1,20,59.99,59.99,0.0,0,9421,5690,15111,0.6235,0,"1,000,000 .. 2,000,000",1000000,2000000,1500000,0,0,0,1827
531510,Just Shapes & Beats,Berzerk Studio,Berzerk Studio,"Action, Indie",Rhythm;Great Soundtrack;Music;Bullet Hell;Difficult;Multiplayer;2D;Indie;Action;Co-op;Singleplayer;Local Multiplayer;Online Co-Op;Local Co-Op;Fast-Paced;4 Player Local;Story Rich;Colorful;Funny;Strategy,2,20,11.99,19.99,40.0,0,21613,537,22150,0.9758,1,"1,000,000 .. 2,000,000",1000000,2000000,1500000,0,0,0,220
2440510,Forza Motorsport,Turn 10,Xbox Game Studios,Racing,Racing;Automobile Sim;Simulation;Sports;Multiplayer;Driving;First-Person;Realistic;Third Person;Singleplayer;Physics;PvP;Immersive Sim;Family Friendly;Management;VR;Science;Transportation;Character Customization;Open World,1,20,69.99,69.99,0.0,0,4749,5236,9985,0.4756,0,"1,000,000 .. 2,000,000",1000000,2000000,1500000,0,0,0,506
469600,Legion TD 2 - Multiplayer Tower Defense,AutoAttack Games,AutoAttack Games,"Casual, Indie, Strategy",Tower Defense;Multiplayer;Auto Battler;Strategy;PvP;Replay Value;Competitive;Online Co-Op;PvE;Co-op;Base-Building;Resource Management;Fantasy;Sci-fi;Magic;3D;Mechs;Survival;2D;Medieval,3,20,24.99,24.99,0.0,0,11713,1837,13550,0.8644,1,"1,000,000 .. 2,000,000",1000000,2000000,1500000,0,0,0,687
22300,Fallout 3,Bethesda Game Studios,Bethesda Softworks,RPG,Open World;Post-apocalyptic;RPG;Singleplayer;Exploration;First-Person;Sci-fi;Moddable;Adventure;Action;FPS;Atmospheric;Shooter;Character Customization;Third Person;Story Rich;Sandbox;Action RPG;Horror;Female Protagonist,1,20,9.99,9.99,0.0,0,16975,3955,20930,0.811,1,"1,000,000 .. 2,000,000",1000000,2000000,1500000,0,0,0,44
17430,Need for Speed Undercover,EA Black Box,Electronic Arts,"Action, Racing",Racing;Open World;Multiplayer;Action;Automobile Sim;Driving;Arcade;Singleplayer;Simulation;Story Rich;Great Soundtrack;Controller;Classic;Online Co-Op,2,14,0.0,0.0,0.0,1,5969,1957,7926,0.7531,1,"1,000,000 .. 2,000,000",1000000,2000000,1500000,0,0,0,13
236090,Dust: An Elysian Tail,Humble Hearts LLC,Xbox Game Studios,"Action, Adventure, Indie, RPG",Action;Platformer;Metroidvania;Indie;RPG;Adventure;2D;Singleplayer;Fantasy;Great Soundtrack;Beat 'em up;Hack and Slash;Exploration;Story Rich;Controller;Beautiful;Side Scroller;Anime;Action RPG;Atmospheric,4,20,14.99,14.99,0.0,0,17758,880,18638,0.9528,1,"1,000,000 .. 2,000,000",1000000,2000000,1500000,0,0,0,8
1789480,Marauders,Small Impact Games,Unknown,"Action, Early Access",Early Access;Extraction Shooter;Looter Shooter;PvP;Perma Death;FPS;Shooter;First-Person;Open World;Alternate History;Loot;Space Sim;Space;Realistic;Action;Military;Pirates;Tactical;Atmospheric;War,2,20,29.99,29.99,0.0,0,14768,5911,20679,0.7142,1,"1,000,000 .. 2,000,000",1000000,2000000,1500000,0,0,0,17
22000,World of Goo,2D BOY,2D BOY,Indie,Puzzle;Indie;Physics;Singleplayer;Great Soundtrack;Casual;2D;Cute;Comedy;Building;Atmospheric;Funny;Classic;Satire;Touch-Friendly;Surreal;Difficult;Story Rich;Strategy;Family Friendly,1,20,14.99,14.99,0.0,0,5808,347,6155,0.9436,1,"1,000,000 .. 2,000,000",1000000,2000000,1500000,0,0,0,20
34830,Sniper: Ghost Warrior,City Interactive,CI Games,Action,Action;Sniper;FPS;Singleplayer;Multiplayer;Stealth;Shooter;First-Person;Bullet Time;Adventure;Military;Tactical;War;Simulation,1,14,7.99,7.99,0.0,0,4744,3381,8125,0.5839,0,"1,000,000 .. 2,000,000",1000000,2000000,1500000,0,0,0,18
571740,Golf It!,Perfuse Entertainment,Perfuse Entertainment,"Casual, Indie, Simulation, Sports",Multiplayer;Mini Golf;Golf;Casual;Sports;Funny;Online Co-Op;Singleplayer;Simulation;Level Editor;Indie;Early Access;Local Multiplayer;Sandbox;Co-op;VR;Family Friendly;Memes;Difficult;Strategy,4,20,8.99,8.99,0.0,0,26261,2748,29009,0.9053,1,"1,000,000 .. 2,000,000",1000000,2000000,1500000,0,0,0,352
420530,OneShot,Future Cat LLC,KOMODO,"Adventure, Casual, Indie",Story Rich;Pixel Graphics;Indie;Great Soundtrack;Cute;Atmospheric;Puzzle;Singleplayer;Choices Matter;Adventure;Multiple Endings;RPGMaker;2D;Exploration;Surreal;RPG;Replay Value;Psychological Horror;Casual;Anime,3,20,9.99,9.99,0.0,0,52785,919,53704,0.9829,1,"1,000,000 .. 2,000,000",1000000,2000000,1500000,0,0,0,76
377840,FINAL FANTASY IX,Square Enix,Square Enix,RPG,JRPG;Story Rich;Great Soundtrack;Fantasy;RPG;Classic;Turn-Based Combat;Singleplayer;Adventure;Turn-Based;Atmospheric;Open World;Party-Based RPG;Funny;Cult Classic;Steampunk;Medieval;Exploration;Anime;Action,1,20,20.99,20.99,0.0,0,11281,611,11892,0.9486,1,"1,000,000 .. 2,000,000",1000000,2000000,1500000,0,0,0,351
553420,TUNIC,TUNIC Team,Finji,"Action, Adventure, RPG",Exploration;Puzzle;Souls-like;Metroidvania;Cute;Action-Adventure;Isometric;Difficult;RPG;3D;Action RPG;Top-Down;Atmospheric;Colorful;Nonlinear;Action;Fantasy;Controller;Stylized;Indie,3,20,29.99,29.99,0.0,0,13921,1260,15181,0.917,1,"1,000,000 .. 2,000,000",1000000,2000000,1500000,0,0,0,114
209670,Cortex Command,Data Realms,"Data Realms, LLC","Action, Indie, Strategy",Strategy;Indie;Action;2D;Physics;Sandbox;Pixel Graphics;Moddable;Local Co-Op;Sci-fi;Singleplayer;Local Multiplayer;Difficult;Gore;Platformer;Multiplayer;Split Screen;RTS;Violent;Replay Value,3,20,19.99,19.99,0.0,0,4293,1692,5985,0.7173,1,"1,000,000 .. 2,000,000",1000000,2000000,1500000,0,0,0,4
611790,House Party,"Eek! Games, LLC","Eek! Games, LLC","Adventure, Casual, Indie, RPG, Simulation",Nudity;Mature;NSFW;Simulation;Sandbox;Choices Matter;Story Rich;Adventure;Comedy;Sexual Content;Multiple Endings;3D;Puzzle;Cinematic;Drama;Choose Your Own Adventure;Life Sim;LGBTQ+;Female Protagonist;Singleplayer,5,20,9.99,24.99,60.0,0,12922,2066,14988,0.8622,1,"1,000,000 .. 2,000,000",1000000,2000000,1500000,0,0,0,205
21130,LEGO Harry Potter: Years 1-4,TT Games,Warner Bros. Interactive Entertainment,"Action, Adventure",LEGO;Adventure;Local Co-Op;Action;Magic;Family Friendly;Multiplayer;Fantasy;Singleplayer;Comedy;Split Screen;Co-op;Funny;Open World;Puzzle;Controller;Local Multiplayer;Third Person;3D Platformer;Atmospheric,2,20,19.99,19.99,0.0,0,7862,1154,9016,0.872,1,"1,000,000 .. 2,000,000",1000000,2000000,1500000,0,0,0,82
215530,The Incredible Adventures of Van Helsing,NeocoreGames,NeocoreGames,"Action, Adventure, Indie, RPG",RPG;Hack and Slash;Action RPG;Action;Adventure;Indie;Loot;Co-op;Fantasy;Steampunk;Multiplayer;Dungeon Crawler;Singleplayer;Isometric;Dark Fantasy;Gothic;Vampire;Funny;Magic;Based On A Novel,4,20,14.99,14.99,0.0,0,8306,1719,10025,0.8285,1,"1,000,000 .. 2,000,000",1000000,2000000,1500000,0,0,0,38
235540,Warhammer: End Times - Vermintide,Fatshark,Fatshark,"Action, Indie",Action;Online Co-Op;Co-op;Dark Fantasy;First-Person;Games Workshop;Gore;Multiplayer;FPS;Fantasy;Hack and Slash;Atmospheric;Action RPG;Survival;Dwarf;RPG;Singleplayer;Adventure;Indie;Horror,2,20,29.99,29.99,0.0,0,16874,4216,21090,0.8001,1,"1,000,000 .. 2,000,000",1000000,2000000,1500000,0,0,0,54
597170,Clone Drone in the Danger Zone,Doborog Games,Doborog Games,"Action, Indie",Robots;Action;3D Fighter;Swordplay;Multiplayer;Fighting;Indie;Funny;Voxel;Singleplayer;Co-op;Rogue-like;Online Co-Op;Third Person;Pixel Graphics;Futuristic;Difficult;Comedy;Survival;Dark Humor,2,20,19.99,19.99,0.0,0,32025,1042,33067,0.9685,1,"1,000,000 .. 2,000,000",1000000,2000000,1500000,0,0,0,212
627270,Injustice 2,"NetherRealm Studios, QLOC",WB Games,Action,Fighting;Action;Superhero;Multiplayer;Local Multiplayer;2D Fighter;Singleplayer;Comic Book;Story Rich;Arcade;Character Customization;Violent;Controller;Competitive;Online Co-Op;Beat 'em up;2.5D;Difficult;Local Co-Op;PvP,1,20,9.99,99.99,90.0,0,19320,3077,22397,0.8626,1,"1,000,000 .. 2,000,000",1000000,2000000,1500000,0,0,0,275
626690,Sword Art Online: Fatal Bullet,Dimps Corporation,BANDAI NAMCO Entertainment,"Action, RPG",Anime;RPG;Character Customization;Action;Multiplayer;JRPG;Third-Person Shooter;Open World;Shooter;Third Person;Co-op;Singleplayer;MMORPG;Online Co-Op;Fantasy;Sexual Content;Nudity;Great Soundtrack;Visual Novel;FPS,2,20,19.99,19.99,0.0,0,15142,4011,19153,0.7906,1,"1,000,000 .. 2,000,000",1000000,2000000,1500000,0,0,0,45
1328660,Need for Speed Hot Pursuit Remastered,Stellar Entertainment Limited,Electronic Arts,"Action, Racing",Racing;Driving;Open World;Combat Racing;Multiplayer;Competitive;Vehicular Combat;Action;Action-Adventure;Crime;Realistic;Cinematic;Destruction;Transportation;Co-op;Singleplayer;Replay Value;Third Person;Classic;Game Development,2,20,29.99,29.99,0.0,0,9296,2219,11515,0.8073,1,"1,000,000 .. 2,000,000",1000000,2000000,1500000,0,0,0,116
867210,Songs of Conquest,Lavapotion,Coffee Stain Publishing,"Adventure, RPG, Strategy",Local Multiplayer;Turn-Based Tactics;4X;Tactical;Turn-Based Strategy;Turn-Based Combat;Fantasy;Strategy RPG;Strategy;Pixel Graphics;Magic;Atmospheric;Lore-Rich;Retro;Story Rich;Tactical RPG;2.5D;Old School;Controller;Co-op,3,20,7.49,29.99,75.0,0,10044,1632,11676,0.8602,1,"1,000,000 .. 2,000,000",1000000,2000000,1500000,0,0,0,121
221640,Super Hexagon,Terry Cavanagh,Terry Cavanagh,"Action, Indie",Difficult;Great Soundtrack;Indie;Fast-Paced;Arcade;Addictive;Rhythm;Singleplayer;Minimalist;Action;Score Attack;Music;2D;Psychedelic;Colorful;Casual;Replay Value;Controller;Puzzle;Soundtrack,2,20,2.99,2.99,0.0,0,23905,771,24676,0.9688,1,"1,000,000 .. 2,000,000",1000000,2000000,1500000,0,0,0,12
211420,DARK SOULS: Prepare To Die Edition,"FromSoftware, Inc.",Bandai Namco Entertainment,"Action, RPG",Souls-like;RPG;Dark Fantasy;Difficult;Action;Exploration;Lore-Rich;Fantasy;Unforgiving;Adventure;Atmospheric;Immersive;Third Person;Action RPG;Addictive;Open World;Replay Value;Dark;Multiplayer;Great Soundtrack,2,20,0.0,0.0,0.0,1,71475,6662,78137,0.9147,1,"1,000,000 .. 2,000,000",1000000,2000000,1500000,0,0,0,124
332800,Five Nights at Freddy's 2,Scott Cawthon,Scott Cawthon,Indie,Horror;Singleplayer;Survival Horror;Robots;Psychological Horror;Difficult;First-Person;Indie;Dark;Survival;Point & Click;Strategy;Atmospheric;Story Rich;Mystery;Fast-Paced;Jump Scare;Resource Management;Historical;Perma Death,1,20,7.99,7.99,0.0,0,21272,1425,22697,0.9372,1,"1,000,000 .. 2,000,000",1000000,2000000,1500000,0,0,0,35
2780980,LOCKDOWN Protocol,Mirage Creative Lab,Mirage Creative Lab,"Action, Casual, Indie, Strategy",Early Access;Multiplayer;Social Deduction;Conversation;Space;Action;Investigation;Casual;First-Person;Sci-fi;Puzzle;FPS;Real Time Tactics;PvP;Team-Based;3D;Perma Death;Strategy;Cute;Stylized,4,20,9.99,9.99,0.0,0,13058,1808,14866,0.8784,1,"1,000,000 .. 2,000,000",1000000,2000000,1500000,0,0,0,411
595520,FINAL FANTASY XII THE ZODIAC AGE,Square Enix,Square Enix,RPG,RPG;JRPG;Fantasy;Singleplayer;Story Rich;Great Soundtrack;Open World;Adventure;Exploration;Classic;Party-Based RPG;Real-Time with Pause;Third Person;Action;Anime;Turn-Based;Remake;Atmospheric;Strategy;Female Protagonist,1,20,49.99,49.99,0.0,0,7748,860,8608,0.9001,1,"1,000,000 .. 2,000,000",1000000,2000000,1500000,0,0,0,298
1066780,Transport Fever 2,Urban Games,Good Shepherd Entertainment,"Casual, Indie, Simulation, Strategy",Simulation;Strategy;Management;Transportation;Trains;City Builder;Economy;Sandbox;Building;Singleplayer;Realistic;Moddable;Open World;Resource Management;Flight;Casual;Indie;Games Workshop;Naval;Mod,4,20,3.99,39.99,90.0,0,24960,2667,27627,0.9035,1,"1,000,000 .. 2,000,000",1000000,2000000,1500000,0,0,0,3465
707010,Will To Live Online,AlphaSoft LLC,AlphaSoft LLC,"Action, Indie, Massively Multiplayer, RPG, Free To Play, Early Access",Survival;Free to Play;Multiplayer;Open World;Post-apocalyptic;Open World Survival Craft;FPS;Massively Multiplayer;Shooter;MMORPG;Action;First-Person;Crafting;RPG;Exploration;Early Access;Atmospheric;Gore;Violent;Indie,6,20,0.0,0.0,0.0,1,12263,5314,17577,0.6977,0,"1,000,000 .. 2,000,000",1000000,2000000,1500000,0,0,0,542
1262560,Need for Speed Most Wanted,Criterion Games,Electronic Arts,"Action, Adventure, Racing",Racing;Multiplayer;Open World;Driving;Action;Competitive;Automobile Sim;Arcade;Adventure;Combat Racing;First-Person;Vehicular Combat;Singleplayer;Controller;Third Person;Split Screen;Co-op;Great Soundtrack;Crime;Local Co-Op,3,20,19.99,19.99,0.0,0,17586,5164,22750,0.773,1,"1,000,000 .. 2,000,000",1000000,2000000,1500000,0,0,0,133
301640,Zombie Army Trilogy,Rebellion,Rebellion,Action,Zombies;Action;Co-op;Multiplayer;World War II;Third-Person Shooter;Horror;Gore;Sniper;Survival;Shooter;Singleplayer;Post-apocalyptic;Survival Horror;Third Person;War;FPS;Open World;First-Person;Female Protagonist,1,20,44.99,44.99,0.0,0,15274,2389,17663,0.8647,1,"1,000,000 .. 2,000,000",1000000,2000000,1500000,0,0,0,91
1104450,Bombergrounds: Battle Royale,Gigantic Duck Games,Gigantic Duck Games,"Action, Adventure, Indie, Massively Multiplayer, Strategy, Free To Play",Multiplayer;Battle Royale;Funny;Family Friendly;Online Co-Op;Cute;Arcade;Massively Multiplayer;Casual;Comedy;PvP;Action;Free to Play;Co-op;Controller;Character Customization;Retro;Top-Down;Colorful;Strategy,6,20,0.0,0.0,0.0,1,7240,1190,8430,0.8588,1,"1,000,000 .. 2,000,000",1000000,2000000,1500000,0,0,0,13
1080110,F1 2020,Codemasters,"Codemasters, Electronic Arts","Racing, Simulation, Sports",Racing;Simulation;Sports;Multiplayer;Automobile Sim;Split Screen;Difficult;Driving;Realistic;Management;Singleplayer;Strategy;Controller;VR;Local Multiplayer;Arcade,3,16,0.0,0.0,0.0,1,37531,2566,40097,0.936,1,"1,000,000 .. 2,000,000",1000000,2000000,1500000,0,0,0,211
686200,Door Kickers: Action Squad,"PixelShard, KillHouse Games",KillHouse Games,"Action, Casual, Indie, Simulation, Strategy",2D Platformer;Pixel Graphics;Local Co-Op;Retro;Action;Online Co-Op;2D;Shooter;Simulation;Tactical;Zombies;Level Editor;Co-op;Local Multiplayer;Indie;Procedural Generation;Singleplayer;Soundtrack;Casual;Multiplayer,5,20,13.99,13.99,0.0,0,9617,522,10139,0.9485,1,"1,000,000 .. 2,000,000",1000000,2000000,1500000,0,0,0,32
234710,Poker Night 2,Telltale Games,Telltale Games,"Casual, Sports",Card Game;Comedy;Casual;Singleplayer;Gambling;Funny;Strategy;Sports;Point & Click;Atmospheric;Board Game;Simulation;Controller,2,13,0.0,0.0,0.0,1,6337,894,7231,0.8764,1,"1,000,000 .. 2,000,000",1000000,2000000,1500000,0,0,0,32
2161700,Persona 3 Reload,ATLUS,SEGA,"Adventure, RPG, Strategy",JRPG;RPG;Anime;Party-Based RPG;Turn-Based Strategy;Adventure;Dating Sim;Story Rich;Strategy;Dark;Emotional;Visual Novel;Strategy RPG;Great Soundtrack;Turn-Based Combat;Colorful;Mystery;Supernatural;Detective;Multiple Endings,3,20,59.99,59.99,0.0,0,40182,2385,42567,0.944,1,"1,000,000 .. 2,000,000",1000000,2000000,1500000,0,0,0,1683
1627720,Lies of P,NEOWIZ,NEOWIZ,"Action, Adventure, RPG",Souls-like;Action;Dark Fantasy;Action RPG;Singleplayer;Third Person;Exploration;Story Rich;Steampunk;Dark;Adventure;Atmospheric;3D;RPG;Choices Matter;Multiple Endings;Difficult;Gothic;Violent;Replay Value,3,20,59.99,59.99,0.0,0,48336,4149,52485,0.9209,1,"1,000,000 .. 2,000,000",1000000,2000000,1500000,0,0,0,1363
2221490,Tom Clancy’s The Division 2,Ubisoft,Ubisoft,"Action, Adventure, RPG",Looter Shooter;Open World;Third-Person Shooter;Multiplayer;Singleplayer;Online Co-Op;Action;Shooter;Adventure;RPG;Post-apocalyptic;Co-op;Loot;Character Customization;Survival;Massively Multiplayer;PvE;Military;PvP;Story Rich,3,20,29.99,29.99,0.0,0,17029,5339,22368,0.7613,1,"1,000,000 .. 2,000,000",1000000,2000000,1500000,0,0,0,9481
317360,Double Action: Boogaloo,"Double Action Factory, Jorge Rodriguez",Double Action Factory,"Action, Indie, Free To Play",Free to Play;Action;Multiplayer;Shooter;Parkour;Third-Person Shooter;FPS;Bullet Time;First-Person;Open World;Funny;Indie;Co-op;Comedy;Singleplayer;Online Co-Op;Adventure;Survival;Controller;Zombies,3,20,0.0,0.0,0.0,1,10555,788,11343,0.9305,1,"1,000,000 .. 2,000,000",1000000,2000000,1500000,0,0,0,11
399810,Call of Cthulhu,Cyanide Studio,Focus Entertainment,"Adventure, RPG",Lovecraftian;Horror;Psychological Horror;Adventure;Detective;Atmospheric;Story Rich;Singleplayer;Mystery;First-Person;RPG;Narration;Walking Simulator;Dark;Choices Matter;Survival Horror;Stealth;Gore;FPS;Open World,2,20,2.99,19.99,85.0,0,9824,2568,12392,0.7928,1,"1,000,000 .. 2,000,000",1000000,2000000,1500000,0,0,0,42
1065310,Evil West,Flying Wild Hog,Focus Entertainment,"Action, Adventure, RPG",Western;Beat 'em up;Action-Adventure;Co-op;Third-Person Shooter;Character Action Game;Vampire;Demons;Story Rich;Gore;Action;Multiplayer;Singleplayer;Hack and Slash;Online Co-Op;Violent;Third Person;Shooter;RPG;Adventure,3,20,9.99,49.99,80.0,0,7625,2616,10241,0.7446,1,"1,000,000 .. 2,000,000",1000000,2000000,1500000,0,0,0,109
1007040,EARTH DEFENSE FORCE 5,SANDLOT,D3PUBLISHER,Action,Action;Online Co-Op;Third-Person Shooter;Co-op;Mechs;Aliens;Shooter;Local Co-Op;Sci-fi;Multiplayer;Split Screen;Funny;Class-Based;Anime;Singleplayer;Difficult;Third Person;Violent;Gore;Hack and Slash,1,20,59.99,59.99,0.0,0,10166,597,10763,0.9445,1,"1,000,000 .. 2,000,000",1000000,2000000,1500000,0,0,0,153
403190,Planetbase,Madruga Works,Madruga Works,"Indie, Simulation, Strategy",Colony Sim;City Builder;Base-Building;Space;Strategy;Survival;Simulation;Sci-fi;Resource Management;Singleplayer;Building;Management;Indie;Sandbox;Open World;Space Sim;Crafting;RTS;Atmospheric;Adventure,3,20,14.99,14.99,0.0,0,7859,1993,9852,0.7977,1,"1,000,000 .. 2,000,000",1000000,2000000,1500000,0,0,0,193
208200,DOOM 3,id Software,Bethesda Softworks,Action,FPS;Horror;Action;Shooter;Classic;Sci-fi;First-Person;Singleplayer;Gore;Demons;Multiplayer;Dark;Zombies;Mars;Atmospheric;Space;Survival Horror;Great Soundtrack;Survival;3D Vision,1,20,9.99,9.99,0.0,0,9834,1535,11369,0.865,1,"1,000,000 .. 2,000,000",1000000,2000000,1500000,0,0,0,118
1468260,Leaf Blower Revolution - Idle Game,Humble North,Humble North,"Casual, Indie, Free To Play",Idler;Clicker;Casual;Indie;Crafting;Pixel Graphics;Free to Play;Collectathon;Relaxing;Funny;2D;Exploration;Farming Sim;Top-Down;Colorful;Physics;Atmospheric;Multiplayer;Singleplayer;Great Soundtrack,3,20,0.0,0.0,0.0,1,23863,1429,25292,0.9435,1,"1,000,000 .. 2,000,000",1000000,2000000,1500000,0,0,0,1621
339800,HuniePop,HuniePot,HuniePot,"Indie, RPG, Simulation, Strategy",Nudity;Mature;Sexual Content;Anime;Dating Sim;Puzzle;Match 3;Romance;Hentai;Singleplayer;Cute;Comedy;Indie;Casual;RPG;Story Rich;Strategy;Great Soundtrack;Memes;2D,4,20,9.99,9.99,0.0,0,26390,1002,27392,0.9634,1,"1,000,000 .. 2,000,000",1000000,2000000,1500000,0,0,0,178
1473480,A.V.A,Valiant,Valiant,"Action, Massively Multiplayer, Free To Play",FPS;Free to Play;PvP;Shooter;Competitive;First-Person;Multiplayer;Action;Military;Sniper;Singleplayer;Massively Multiplayer;Sexual Content;Violent;PvE;Online Co-Op;Co-op;Co-op Campaign;Zombies;Strategy,3,20,0.0,0.0,0.0,1,3593,4011,7604,0.4725,0,"1,000,000 .. 2,000,000",1000000,2000000,1500000,0,0,0,212
1189490,觅长生,Chalcedony Network,Chalcedony Network,"Indie, RPG, Strategy",RPG;Open World;Martial Arts;Drama;Strategy;Turn-Based Combat;Indie;Fantasy;Story Rich;Singleplayer;Strategy RPG;Simulation;Character Customization;Rogue-lite;Exploration;Anime;2D;Colorful;2D Platformer;Card Battler,3,20,14.99,14.99,0.0,0,26443,1896,28339,0.9331,1,"1,000,000 .. 2,000,000",1000000,2000000,1500000,0,0,0,1524
219890,Antichamber,Alexander Bruce,Demruth,"Adventure, Indie",Puzzle;First-Person;Indie;Surreal;Exploration;Singleplayer;Abstract;Nonlinear;Adventure;Minimalist;Difficult;Atmospheric;Psychedelic;Psychological;Colorful;Great Soundtrack;Metroidvania;Replay Value;Sci-fi;Platformer,2,20,19.99,19.99,0.0,0,16269,846,17115,0.9506,1,"1,000,000 .. 2,000,000",1000000,2000000,1500000,0,0,0,11
413410,Danganronpa: Trigger Happy Havoc,"Spike Chunsoft Co., Ltd., Abstraction Games","Spike Chunsoft Co., Ltd.",Adventure,Anime;Visual Novel;Mystery;Detective;Story Rich;Great Soundtrack;Singleplayer;Psychological Horror;Adventure;Horror;Dark Comedy;Dark Humor;Puzzle;Point & Click;Funny;Comedy;Exploration;Survival;Action;Memes,1,20,19.99,19.99,0.0,0,29230,1201,30431,0.9605,1,"1,000,000 .. 2,000,000",1000000,2000000,1500000,0,0,0,173
536220,The Walking Dead: A New Frontier,Telltale Games,Skybound Games,Adventure,Zombies;Story Rich;Choices Matter;Adventure;Post-apocalyptic;Atmospheric;Episodic;Singleplayer;Survival;Gore;Action;Violent;Choose Your Own Adventure;Point & Click;Horror;Drama;Female Protagonist;Comic Book;Visual Novel;Casual,1,20,14.99,14.99,0.0,0,13947,2899,16846,0.8279,1,"1,000,000 .. 2,000,000",1000000,2000000,1500000,0,0,0,110
341940,Hatred,Destructive Creations,Destructive Creations,"Action, Indie",Gore;Violent;Action;Dark;Mature;Shooter;Villain Protagonist;Indie;Isometric;Singleplayer;Twin Stick Shooter;Psychological Horror;Open World;Horror;Top-Down Shooter;Dark Humor;Third-Person Shooter;Survival;Difficult;Dark Fantasy,2,20,5.99,5.99,0.0,0,18412,3709,22121,0.8323,1,"1,000,000 .. 2,000,000",1000000,2000000,1500000,0,0,0,67
559650,Witch It,Barrel Roll Games,Barrel Roll Games,"Action, Casual, Indie",Multiplayer;Funny;Casual;Action;Indie;Hidden Object;Online Co-Op;Survival;Stealth;Co-op;Fantasy;Early Access;First-Person;Team-Based;Family Friendly;PvP;Strategy;Atmospheric;Open World;Magic,3,20,19.99,19.99,0.0,0,17137,2143,19280,0.8888,1,"1,000,000 .. 2,000,000",1000000,2000000,1500000,0,0,0,24
32500,STAR WARS: The Force Unleashed II,Aspyr Studios,"LucasArts, Lucasfilm, Disney",Action,Action;Singleplayer;Hack and Slash;Third Person;Sci-fi;Adventure;Controller;Story Rich;Fantasy;Space;RPG;Atmospheric;Difficult;Physics;Great Soundtrack,1,15,19.99,19.99,0.0,0,4692,2696,7388,0.6351,0,"1,000,000 .. 2,000,000",1000000,2000000,1500000,0,0,0,43
666140,My Time at Portia,Pathea Games,Focus Entertainment,"Adventure, Casual, Indie, RPG, Simulation",Life Sim;RPG;Open World;Farming Sim;Crafting;Simulation;Casual;Adventure;Singleplayer;Building;Agriculture;Sandbox;Indie;Relaxing;Mining;Exploration;Survival;Cartoony;Post-apocalyptic;Female Protagonist,5,20,5.99,29.99,80.0,0,39671,3599,43270,0.9168,1,"1,000,000 .. 2,000,000",1000000,2000000,1500000,0,0,0,593
310370,The Way of Life Free Edition,"CyberCoconut, Fabio Ferrara",CyberCoconut,"Free To Play, Indie",Free to Play;Walking Simulator;Indie;First-Person;Singleplayer;Multiplayer;Adventure;Short;Simulation;Open World;Atmospheric;Survival;Great Soundtrack;Story Rich;Action;Family Friendly;Funny;Early Access;Strategy;VR,2,20,0.0,0.0,0.0,1,4609,1617,6226,0.7403,1,"1,000,000 .. 2,000,000",1000000,2000000,1500000,0,0,0,3
669330,Mechabellum,Game River,Dreamhaven,"Action, Indie, Massively Multiplayer, Simulation, Strategy",Strategy;Mechs;Auto Battler;Robots;Wargame;Tactical;PvP;RTS;Multiplayer;Action RTS;Turn-Based Strategy;Co-op;Simulation;Turn-Based;War;Action;Singleplayer;Turn-Based Tactics;Real Time Tactics;3D,5,20,14.99,14.99,0.0,0,12973,2105,15078,0.8604,1,"1,000,000 .. 2,000,000",1000000,2000000,1500000,0,0,0,1748
1262240,Plants vs. Zombies: Battle for Neighborville,PopCap,Electronic Arts,"Action, Casual, Strategy",Multiplayer;Third-Person Shooter;Zombies;Hero Shooter;Shooter;Casual;Funny;PvE;Tower Defense;Action;PvP;Singleplayer;Online Co-Op;Strategy;Tactical;Co-op;Family Friendly;Open World;Local Co-Op;Controller,3,20,29.99,29.99,0.0,0,12261,4994,17255,0.7106,1,"1,000,000 .. 2,000,000",1000000,2000000,1500000,0,0,0,108
250180,METAL SLUG 3,"SNK CORPORATION, Dotemu",SNK CORPORATION,Action,Arcade;Classic;Action;Co-op;Side Scroller;Retro;Local Co-Op;Shooter;2D;Online Co-Op;Great Soundtrack;Shoot 'Em Up;Platformer;Multiplayer;Pixel Graphics;Old School;Difficult;Singleplayer;Nostalgia;Local Multiplayer,1,20,7.99,7.99,0.0,0,7698,881,8579,0.8973,1,"1,000,000 .. 2,000,000",1000000,2000000,1500000,0,0,0,17
41700,S.T.A.L.K.E.R.: Call of Pripyat,GSC Game World,GSC Game World,"Action, RPG",Atmospheric;Open World;Post-apocalyptic;FPS;Survival;Action;Singleplayer;RPG;Shooter;Survival Horror;First-Person;Moddable;Horror;Zombies;Classic;Adventure;Sci-fi;Multiplayer;Immersive;Sandbox,2,20,19.99,19.99,0.0,0,29579,1378,30957,0.9555,1,"1,000,000 .. 2,000,000",1000000,2000000,1500000,0,0,0,142
999220,Amnesia: Rebirth,Frictional Games,Frictional Games,"Adventure, Indie",Action-Adventure;First-Person;Puzzle;Story Rich;Singleplayer;Adventure;Exploration;Stealth;Lovecraftian;Horror;Atmospheric;Survival Horror;Dark;Physics;Action;Psychological Horror;Mystery;Emotional;Gothic;Female Protagonist,2,20,29.99,29.99,0.0,0,6676,2010,8686,0.7686,1,"1,000,000 .. 2,000,000",1000000,2000000,1500000,0,0,0,15
489630,"Warhammer 40,000: Gladius - Relics of War",Proxy Studios,Slitherine Ltd.,Strategy,Strategy;Warhammer 40K;4X;Turn-Based Strategy;Turn-Based;Multiplayer;Hex Grid;Sci-fi;Turn-Based Tactics;Wargame;Co-op;Singleplayer;Tactical;Grand Strategy;War;Turn-Based Combat;Replay Value;Great Soundtrack;Military;Games Workshop,1,20,39.99,39.99,0.0,0,12195,2780,14975,0.8144,1,"1,000,000 .. 2,000,000",1000000,2000000,1500000,0,0,0,1326
10150,Prototype,Radical Entertainment,Activision,"Action, Adventure",Action;Open World;Gore;Singleplayer;Third Person;Adventure;Superhero;Parkour;Violent;Hack and Slash;Zombies;Action-Adventure;Sci-fi;Story Rich;Sandbox;RPG;Stealth;Controller;Atmospheric;Horror,2,20,5.99,19.99,70.0,0,9896,2461,12357,0.8008,1,"1,000,000 .. 2,000,000",1000000,2000000,1500000,0,0,0,223
208480,Assassin’s Creed III,Ubisoft Montreal,Ubisoft,Adventure,Adventure;Open World;Action;Assassin;Parkour;Stealth;Third Person;Historical;Multiplayer;America;Singleplayer;Story Rich;Hunting;Atmospheric;Action-Adventure;Sandbox;Alternate History;Conspiracy;Controller;3D,1,20,0.0,0.0,0.0,1,10458,3698,14156,0.7388,1,"1,000,000 .. 2,000,000",1000000,2000000,1500000,0,0,0,14
244160,Homeworld Remastered Collection,"Gearbox Software, Aspyr (Mac)","Gearbox Publishing, Aspyr (Mac), 2K","Simulation, Strategy",Space;Strategy;RTS;Sci-fi;Classic;Great Soundtrack;Story Rich;Atmospheric;Multiplayer;Remake;Simulation;Tactical;Singleplayer;Moddable;Epic;Action;Adventure;Futuristic;Female Protagonist;4X,2,20,34.99,34.99,0.0,0,12005,1584,13589,0.8834,1,"1,000,000 .. 2,000,000",1000000,2000000,1500000,0,0,0,92
567640,Danganronpa V3: Killing Harmony,"Spike Chunsoft Co., Ltd.","Spike Chunsoft Co., Ltd.",Adventure,Visual Novel;Detective;Female Protagonist;Anime;Story Rich;Mystery;Great Soundtrack;Singleplayer;Psychological Horror;Dark Humor;Horror;Adventure;Puzzle;Dark Comedy;Dark;Atmospheric;Funny;Memes;Dating Sim;Comedy,1,20,11.99,39.99,70.0,0,16665,3225,19890,0.8379,1,"1,000,000 .. 2,000,000",1000000,2000000,1500000,0,0,0,164
330020,Children of Morta,Dead Mage,11 bit studios,"Action, Adventure, Indie, RPG",Multiplayer;Rogue-like;Pixel Graphics;Online Co-Op;Hack and Slash;Action Roguelike;RPG;Rogue-lite;Local Co-Op;Dungeon Crawler;Action;Story Rich;Singleplayer;Co-op;Action RPG;2D;Isometric;Procedural Generation;Fantasy;Action-Adventure,4,20,21.99,21.99,0.0,0,18625,2341,20966,0.8883,1,"1,000,000 .. 2,000,000",1000000,2000000,1500000,0,0,0,69
607260,McOsu,McKay,McKay,Indie,Rhythm;Free to Play;Anime;Music;VR;Indie;Difficult;Great Soundtrack;Psychological Horror;Singleplayer;Multiplayer;2D;FPS;Horror;Sexual Content,1,15,0.0,0.0,0.0,1,5484,701,6185,0.8867,1,"1,000,000 .. 2,000,000",1000000,2000000,1500000,0,0,0,80
2878980,NBA 2K25,Visual Concepts,2K,"Simulation, Sports",Sports;Basketball;Simulation;e-sports;3D;Controller;Management;PvP;Character Customization;Immersive Sim;Team-Based;Trading;Co-op;Local Co-Op;Multiplayer;Local Multiplayer;Online Co-Op;Singleplayer;4 Player Local;Gambling,2,20,69.99,69.99,0.0,0,18767,13207,31974,0.5869,0,"1,000,000 .. 2,000,000",1000000,2000000,1500000,0,0,0,27486
1377580,Soulworker,VALOFE,G・O・P,"Action, Massively Multiplayer, RPG, Free To Play",Anime;Free to Play;Sexual Content;Nudity;MMORPG;RPG;Action;Hack and Slash;Action RPG;Multiplayer;Third Person;Character Action Game;Co-op;Online Co-Op;Massively Multiplayer;Story Rich;2.5D;PvE;Dark;Post-apocalyptic,4,20,0.0,0.0,0.0,1,7552,3088,10640,0.7098,1,"1,000,000 .. 2,000,000",1000000,2000000,1500000,0,0,0,127
625340,XERA: Survival,Spotted Kiwi Interactive,Spotted Kiwi Interactive,"Action, Adventure, Indie, Massively Multiplayer, Simulation, Strategy, Free To Play",Base-Building;Open World Survival Craft;Multiplayer;Free to Play;Survival;Crafting;Open World;Post-apocalyptic;Robots;Building;Sandbox;Shooter;Massively Multiplayer;Action;FPS;Third-Person Shooter;Looter Shooter;PvP;PvE;Third Person,7,20,0.0,0.0,0.0,1,5185,2589,7774,0.667,0,"1,000,000 .. 2,000,000",1000000,2000000,1500000,0,0,0,39
1302240,Labyrinthine,Valko Game Studios,Valko Game Studios,"Action, Adventure, Indie",Horror;Online Co-Op;Co-op;Puzzle;Psychological Horror;Multiplayer;Procedural Generation;Supernatural;First-Person;Controller;Atmospheric;Character Customization;Action-Adventure;PvE;Co-op Campaign;Realistic;Team-Based;Action;Lovecraftian;Rogue-lite,3,20,9.99,9.99,0.0,0,13842,2416,16258,0.8514,1,"1,000,000 .. 2,000,000",1000000,2000000,1500000,0,0,0,179
555160,Pavlov,Vankrupt Games,Vankrupt Games,"Action, Indie",VR;Shooter;Action;Multiplayer;FPS;Military;Zombies;First-Person;Gore;Singleplayer;Funny;Co-op;Violent;Competitive;PvP;Team-Based;Memes;Indie;Simulation;Online Co-Op,2,20,24.99,24.99,0.0,0,35512,4160,39672,0.8951,1,"1,000,000 .. 2,000,000",1000000,2000000,1500000,0,0,0,107
690040,SUPERHOT: MIND CONTROL DELETE,SUPERHOT Team,SUPERHOT Team,"Action, Indie",FPS;Time Manipulation;Action Roguelike;Bullet Time;Shooter;Action;Difficult;Experimental;Minimalist;First-Person;Puzzle;Stylized;Dystopian;Atmospheric;Cyberpunk;Beautiful;Singleplayer;Transhumanism;Cinematic;Old School,2,20,24.99,24.99,0.0,0,10143,1872,12015,0.8442,1,"1,000,000 .. 2,000,000",1000000,2000000,1500000,0,0,0,32
1148650,The Legend of Bum-Bo,"Edmund McMillen, James Interactive, Ridiculon",Edmund McMillen,"Adventure, Indie, Strategy",Rogue-lite;Indie;Strategy;Adventure;Puzzle;Match 3;Singleplayer;Great Soundtrack;Funny;Difficult;Casual;Card Game;Deckbuilding;Turn-Based;Turn-Based Strategy;RPG;Rogue-like;Early Access,3,18,14.99,14.99,0.0,0,4695,1106,5801,0.8093,1,"1,000,000 .. 2,000,000",1000000,2000000,1500000,0,0,0,10
678800,SAS: Zombie Assault 4,Ninja Kiwi,Ninja Kiwi,"Action, Free To Play, RPG",Free to Play;Zombies;Multiplayer;Top-Down Shooter;Action;Co-op;Shooter;Top-Down;2D;RPG;Survival;Singleplayer;Online Co-Op;Horror;Gore;Sci-fi;Violent;Atmospheric;Casual;Twin Stick Shooter,3,20,0.0,0.0,0.0,1,7854,1258,9112,0.8619,1,"1,000,000 .. 2,000,000",1000000,2000000,1500000,0,0,0,205
1549970,Aliens: Fireteam Elite,Cold Iron Studios,"Cold Iron Studios, Focus Entertainment","Action, RPG",Co-op;Shooter;Aliens;Action;Horror;Third-Person Shooter;Character Customization;Online Co-Op;Sci-fi;Survival;Space;Survival Horror;Atmospheric;RPG;Third Person;Multiplayer;PvE;Controller;Singleplayer;Co-op Campaign,2,20,5.99,29.99,80.0,0,19732,4999,24731,0.7979,1,"1,000,000 .. 2,000,000",1000000,2000000,1500000,0,0,0,281
404790,Godot Engine,Godot Engine,Godot Engine,Game Development,Game Development;Utilities;Software;3D;2D;Free to Play;Programming,1,7,0.0,0.0,0.0,1,6696,1110,7806,0.8578,1,"1,000,000 .. 2,000,000",1000000,2000000,1500000,0,0,0,1024
1382330,Persona 5 Strikers,ATLUS,SEGA,"Action, Adventure",Anime;Hack and Slash;JRPG;Great Soundtrack;Adventure;Story Rich;Singleplayer;RPG;Action;Action-Adventure;Third Person;Musou;3D;Action RPG;Colorful;Atmospheric;3D Platformer;Funny;Simulation;2D,2,20,59.99,59.99,0.0,0,14384,1932,16316,0.8816,1,"1,000,000 .. 2,000,000",1000000,2000000,1500000,0,0,0,199
1718570,ASTLIBRA Revision,KEIZO,WhisperGames,"Action, Adventure, RPG",Action RPG;2D;Side Scroller;JRPG;Drama;Metroidvania;RPG;Time Travel;Fantasy;Spectacle fighter;Action;Dragons;Swordplay;Demons;Gothic;Futuristic;Modern;Mythology;Adventure;Supernatural,3,20,24.99,24.99,0.0,0,25774,1184,26958,0.9561,1,"1,000,000 .. 2,000,000",1000000,2000000,1500000,0,0,0,742
400750,Call to Arms - Gates of Hell: Ostfront,"Barbedwire Studios, Digitalmindsoft",Digitalmindsoft,"Action, Simulation, Strategy",World War II;Historical;Real Time Tactics;Strategy;Third Person;RTS;War;Singleplayer;Moddable;Inventory Management;Realistic;PvE;Multiplayer;Military;Top-Down Shooter;PvP;Online Co-Op;Level Editor;Shooter;Replay Value,3,20,34.99,34.99,0.0,0,19837,3974,23811,0.8331,1,"1,000,000 .. 2,000,000",1000000,2000000,1500000,0,0,0,2216
359870,FINAL FANTASY X/X-2 HD Remaster,Square Enix,Square Enix,RPG,JRPG;Turn-Based Combat;Story Rich;RPG;Great Soundtrack;Fantasy;Singleplayer;Classic;Adventure;Turn-Based;Romance;Atmospheric;Female Protagonist;Anime;Linear;Action;Remake;Open World;Puzzle;Sci-fi,1,20,29.99,29.99,0.0,0,18031,2016,20047,0.8994,1,"1,000,000 .. 2,000,000",1000000,2000000,1500000,0,0,0,776
558100,Art of War: Red Tides,Game Science,Game Science,"Free To Play, Indie, Strategy, Early Access",Free to Play;Strategy;Multiplayer;RTS;Early Access;War;MOBA;Action;Indie;Co-op;Violent;Singleplayer;Casual;Sci-fi;PvP;Zombies;Auto Battler;Horror;Adventure;Survival,4,20,0.0,0.0,0.0,1,5458,1460,6918,0.789,1,"1,000,000 .. 2,000,000",1000000,2000000,1500000,0,0,0,44
787480,Phoenix Wright: Ace Attorney Trilogy,"CAPCOM Co., Ltd.","CAPCOM Co., Ltd.",Adventure,Detective;Visual Novel;Story Rich;Mystery;Great Soundtrack;Anime;Singleplayer;Crime;Adventure;Puzzle;Point & Click;Funny;Classic;Cult Classic;Comedy;2D;Conversation;Memes;Dynamic Narration;LGBTQ+,1,20,9.89,29.99,67.0,0,36370,884,37254,0.9763,1,"1,000,000 .. 2,000,000",1000000,2000000,1500000,0,0,0,826
427290,Vampyr,DONTNOD Entertainment,Focus Entertainment,"Action, RPG",Vampire;RPG;Choices Matter;Story Rich;Open World;Action;Singleplayer;Atmospheric;Third Person;Horror;Dark Fantasy;Violent;Dark;Gore;Action RPG;Souls-like;Adventure;Sexual Content;Action-Adventure;Stealth,2,20,3.99,39.99,90.0,0,17075,5009,22084,0.7732,1,"1,000,000 .. 2,000,000",1000000,2000000,1500000,0,0,0,267
365360,Battle Brothers,Overhype Studios,"Hooded Horse, Overhype Studios","RPG, Simulation, Strategy",Strategy;RPG;Medieval;Open World;Turn-Based Tactics;Turn-Based Strategy;Character Customization;War;Sandbox;Tactical;Simulation;Action;Tactical RPG;Turn-Based Combat;Replay Value;Moddable;Turn-Based;Singleplayer;Historical;Adventure,3,20,29.99,29.99,0.0,0,21455,2874,24329,0.8819,1,"1,000,000 .. 2,000,000",1000000,2000000,1500000,0,0,0,1091
1222690,Dragon Age Inquisition,BioWare,Electronic Arts,"Action, Adventure, RPG, Strategy",RPG;Character Customization;Open World;Choices Matter;Fantasy;Story Rich;Singleplayer;Sexual Content;Adventure;Action;Dragons;Multiplayer;Third Person;Action RPG;Strategy;Female Protagonist;Great Soundtrack;Atmospheric;Combat;LGBTQ+,4,20,39.99,39.99,0.0,0,14780,4815,19595,0.7543,1,"1,000,000 .. 2,000,000",1000000,2000000,1500000,0,0,0,454
1369630,ENDER LILIES: Quietus of the Knights,"Live Wire, Adglobe",Binary Haze Interactive,"Action, Indie, RPG",Metroidvania;Female Protagonist;Souls-like;Dark Fantasy;Singleplayer;Great Soundtrack;Atmospheric;2D;Difficult;Indie;Multiple Endings;Dark;Post-apocalyptic;Action RPG;Medieval;Action;Hand-drawn;Anime;Dragons;Zombies,3,20,24.99,24.99,0.0,0,37155,2378,39533,0.9398,1,"1,000,000 .. 2,000,000",1000000,2000000,1500000,0,0,0,181
434570,Blood and Bacon,Big Corporation,Grunge Games LTD,"Action, Adventure, Casual",Gore;Funny;Multiplayer;Shooter;Action;FPS;Horror;Co-op;Online Co-Op;Blood;Memes;First-Person;Indie;Singleplayer;Adventure;Psychological Horror;Survival Horror;Illuminati;Survival;Nudity,3,20,0.99,0.99,0.0,0,32796,1633,34429,0.9526,1,"1,000,000 .. 2,000,000",1000000,2000000,1500000,0,0,0,28
1227890,Summer Memories,Dojin Otome,Kagura Games,"Adventure, RPG",Sexual Content;Nudity;Mature;Hentai;Pixel Graphics;FPS;Anime;RPG;Simulation;Visual Novel;Multiple Endings;2D;Singleplayer;Time Management;JRPG;RPGMaker;Adventure;Indie;Funny;Memes,2,20,19.99,19.99,0.0,0,20258,1541,21799,0.9293,1,"1,000,000 .. 2,000,000",1000000,2000000,1500000,0,0,0,1585
631510,Devil May Cry HD Collection,"CAPCOM Co., Ltd.","CAPCOM Co., Ltd.",Action,Action;Hack and Slash;Great Soundtrack;Difficult;Character Action Game;Classic;Spectacle fighter;Singleplayer;Demons;Stylized;Violent;Third Person;Gore;Story Rich;Atmospheric;Adventure;Gothic;Fast-Paced;Beat 'em up;Anime,1,20,29.99,29.99,0.0,0,15904,1214,17118,0.9291,1,"1,000,000 .. 2,000,000",1000000,2000000,1500000,0,0,0,675
590380,Into the Breach,Subset Games,Subset Games,"Indie, RPG, Simulation, Strategy",Strategy;Turn-Based Strategy;Indie;Pixel Graphics;Turn-Based Tactics;Mechs;Rogue-like;Turn-Based;Puzzle;Rogue-lite;Sci-fi;Singleplayer;Turn-Based Combat;Tactical;Isometric;RPG;Replay Value;Simulation;Procedural Generation;Great Soundtrack,4,20,2.99,14.99,80.0,0,19126,1090,20216,0.9461,1,"1,000,000 .. 2,000,000",1000000,2000000,1500000,0,0,0,285
1490890,Demon Slayer -Kimetsu no Yaiba- The Hinokami Chronicles,CyberConnect2,SEGA,"Action, Adventure",Anime;Action;3D Fighter;Adventure;Action-Adventure;Demons;3D;2D Fighter;Colorful;Cartoon;Cinematic;PvP;Multiplayer;Comic Book;Combat;Drama;Emotional;Controller;Foreign;Quick-Time Events,2,20,59.99,59.99,0.0,0,16576,2423,18999,0.8725,1,"1,000,000 .. 2,000,000",1000000,2000000,1500000,0,0,0,59
329430,State of Decay: YOSE,Undead Labs,Xbox Game Studios,"Action, RPG, Simulation",Zombies;Survival;Open World;Base-Building;Post-apocalyptic;Singleplayer;Action;Multiplayer;RPG;Third Person;Simulation;Survival Horror;Sandbox;Atmospheric;Crafting;Gore;Co-op;Perma Death;Adventure;Great Soundtrack,3,20,19.99,19.99,0.0,0,10111,2212,12323,0.8205,1,"1,000,000 .. 2,000,000",1000000,2000000,1500000,0,0,0,96
252530,OMSI 2: Steam Edition,MR-Software GbR,Aerosoft GmbH,"Casual, Simulation",Automobile Sim;Simulation;Driving;Realistic;Singleplayer;Moddable;Multiplayer;Casual;First-Person;TrackIR;Open World;Relaxing;Replay Value;Adventure;Family Friendly;Physics;Atmospheric;Cult Classic;Management;Action,2,20,29.99,29.99,0.0,0,11270,1923,13193,0.8542,1,"1,000,000 .. 2,000,000",1000000,2000000,1500000,0,0,0,587
244930,SNOW - The Ultimate Edition,"Poppermost Productions, WastedStudios, Crytek",Crytek,"Casual, Indie, Simulation, Sports",Sports;Open World;Multiplayer;Free to Play;Simulation;Snow;Early Access;Indie;Realistic;First-Person;Skiing;Singleplayer;VR;Snowboarding;Adventure;Controller;Action;Exploration;Casual;Third Person,4,20,0.0,0.0,0.0,1,7672,4382,12054,0.6365,0,"1,000,000 .. 2,000,000",1000000,2000000,1500000,0,0,0,0
960170,DJMAX RESPECT V,NEOWIZ,NEOWIZ,"Action, Casual, Sports",Rhythm;Music;Casual;Action;Anime;Multiplayer;Singleplayer;2D;Competitive;Arcade;Cute;Early Access;Difficult;3D;Pixel Graphics;Fantasy;PvP;PvE;Sports;Great Soundtrack,3,20,49.99,49.99,0.0,0,26014,3112,29126,0.8932,1,"1,000,000 .. 2,000,000",1000000,2000000,1500000,0,0,0,854
915320,Pixel Strike 3D,Vulcron,Vulcron,"Action, Adventure, Indie, RPG, Free To Play",Free to Play;FPS;Tactical;Multiplayer;Action;Shooter;First-Person;Military;PvP;Fast-Paced;Co-op;Online Co-Op;Pixel Graphics;Team-Based;Competitive;Character Customization;Gun Customization;Battle Royale;Casual;Massively Multiplayer,5,20,0.0,0.0,0.0,1,9310,3293,12603,0.7387,1,"1,000,000 .. 2,000,000",1000000,2000000,1500000,0,0,0,57
1049800,BLOCKADE,Novalink,Novalink,"Action, Indie, Massively Multiplayer, Free To Play",Free to Play;Action;FPS;Shooter;Multiplayer;Pixel Graphics;Massively Multiplayer;Indie;First-Person;Zombies;Co-op;Building;Psychological Horror;Early Access;Team-Based;Survival;Casual;Horror;Gore;Open World,4,20,0.0,0.0,0.0,1,8570,2889,11459,0.7479,1,"1,000,000 .. 2,000,000",1000000,2000000,1500000,0,0,0,21
1922560,Plants vs. Zombies Garden Warfare 2: Deluxe Edition,PopCap,Electronic Arts,"Action, Casual, Strategy",Zombies;Hero Shooter;PvP;Third-Person Shooter;Funny;Action;Character Customization;Multiplayer;Shooter;Team-Based;Third Person;Controller;Casual;Cute;Colorful;Cartoon;Combat;Atmospheric;Co-op;Online Co-Op,3,20,29.99,29.99,0.0,0,30964,3331,34295,0.9029,1,"1,000,000 .. 2,000,000",1000000,2000000,1500000,0,0,0,855
1385380,Across the Obelisk,Dreamsite Games,"Paradox Interactive, Paradox Arc","Adventure, Indie, RPG, Strategy",Rogue-like;Strategy;2D;Fantasy;Roguelike Deckbuilder;Card Game;Singleplayer;RPG;Card Battler;Multiplayer;Co-op;Deckbuilding;Turn-Based;Rogue-lite;Dungeon Crawler;Replay Value;Difficult;Class-Based;Turn-Based Combat;Mouse only,4,20,19.99,19.99,0.0,0,9733,2133,11866,0.8202,1,"1,000,000 .. 2,000,000",1000000,2000000,1500000,0,0,0,531
352400,LEGO Jurassic World,TT Games Ltd,Warner Bros. Interactive Entertainment,"Action, Adventure",LEGO;Dinosaurs;Adventure;Multiplayer;Open World;Action;Co-op;Funny;Comedy;Singleplayer;Local Co-Op;Family Friendly;Puzzle;Movie;Third Person;Building;Historical;Controller;Atmospheric;Simulation,2,20,19.99,19.99,0.0,0,8747,744,9491,0.9216,1,"1,000,000 .. 2,000,000",1000000,2000000,1500000,0,0,0,95
237310,Elsword,KOG,KOG Games,"Action, Adventure, Casual, Massively Multiplayer, RPG, Free To Play",Free to Play;Anime;RPG;Action;MMORPG;Massively Multiplayer;Adventure;Multiplayer;Fighting;Side Scroller;PvP;Online Co-Op;Hack and Slash;2D;Fantasy;Cute;Casual;Co-op;Platformer;Beat 'em up,6,20,0.0,0.0,0.0,1,7057,2516,9573,0.7372,1,"1,000,000 .. 2,000,000",1000000,2000000,1500000,0,0,0,401
1465360,SnowRunner,Saber Interactive,Focus Entertainment,"Adventure, Simulation",Simulation;Automobile Sim;Multiplayer;Adventure;Driving;Exploration;Realistic;Sandbox;Open World;First-Person;Third Person;Immersive Sim;Atmospheric;Snow;Racing;Physics;Nature;ATV;Team-Based;PvE,2,20,11.99,29.99,60.0,0,39488,4393,43881,0.8999,1,"1,000,000 .. 2,000,000",1000000,2000000,1500000,0,0,0,3132
1097840,Gears 5,The Coalition,Xbox Game Studios,"Action, Adventure",Action;Adventure;Third-Person Shooter;Multiplayer;Co-op;Singleplayer;Shooter;Gore;Violent;Female Protagonist;Split Screen;Co-op Campaign;Local Co-Op;Open World;Third Person;Story Rich;Hero Shooter;Sci-fi;Mature;Horror,2,20,29.99,29.99,0.0,0,16400,6909,23309,0.7036,1,"1,000,000 .. 2,000,000",1000000,2000000,1500000,0,0,0,230
375480,Chronicon,Subworld,Subworld,"Action, Adventure, Indie, RPG",Loot;Action RPG;Hack and Slash;Dungeon Crawler;RPG;Pixel Graphics;Crafting;Indie;Procedural Generation;4 Player Local;Local Co-Op;Action-Adventure;Action;2D;PvE;Fantasy;Adventure;Singleplayer;Class-Based;Magic,4,20,13.99,13.99,0.0,0,8798,517,9315,0.9445,1,"1,000,000 .. 2,000,000",1000000,2000000,1500000,0,0,0,73
411300,ELEX,Piranha Bytes,THQ Nordic,"Action, Adventure, RPG",RPG;Open World;Singleplayer;Post-apocalyptic;Sci-fi;Fantasy;Adventure;Action;Third Person;Gothic;Story Rich;Atmospheric;Choices Matter;Difficult;War;Futuristic;Violent;Dark Fantasy;Base-Building;Third-Person Shooter,3,20,29.99,29.99,0.0,0,14162,4856,19018,0.7447,1,"1,000,000 .. 2,000,000",1000000,2000000,1500000,0,0,0,82
404410,Endless Sky,Michael Zahniser,Michael Zahniser,"Action, Adventure, Indie, RPG, Simulation, Free To Play",Space;Free to Play;Open World;Singleplayer;Sci-fi;Simulation;2D;Adventure;RPG;Trading;Action;Exploration;Space Sim;Indie;Sandbox;Economy;Top-Down;Strategy;Casual;Story Rich,6,20,0.0,0.0,0.0,1,6141,510,6651,0.9233,1,"1,000,000 .. 2,000,000",1000000,2000000,1500000,0,0,0,160
736260,Baba Is You,Hempuli Oy,Hempuli Oy,Indie,Puzzle;Indie;Difficult;Singleplayer;Logic;Pixel Graphics;Cute;Programming;2D;Sokoban;Great Soundtrack;Minimalist;Casual;Level Editor;Top-Down;Retro;Strategy;Atmospheric;Surreal;Funny,1,20,14.99,14.99,0.0,0,21441,480,21921,0.9781,1,"1,000,000 .. 2,000,000",1000000,2000000,1500000,0,0,0,269
578650,The Outer Worlds,Obsidian Entertainment,"Private Division, Xbox Game Studios",RPG,Open World;Action RPG;RPG;Exploration;FPS;Adventure;Singleplayer;Story Rich;Choices Matter;Sci-fi;First-Person;Shooter;Space;Character Customization;Action;PvE;Comedy;Action-Adventure;Colorful;Funny,1,20,29.99,29.99,0.0,0,21727,4325,26052,0.834,1,"1,000,000 .. 2,000,000",1000000,2000000,1500000,0,0,0,150
931690,Himno,David Moralejo Sánchez,"GrabTheGames, UpgradePoint","Adventure, Casual, Indie, Free To Play",Free to Play;Pixel Graphics;2D;Platformer;Singleplayer;Adventure;Multiplayer;Procedural Generation;2D Platformer;Action;RPG;Fantasy;Rogue-like;Action RPG;Action Roguelike;Action-Adventure;Exploration;Bullet Hell;Rogue-lite;Casual,4,20,0.0,0.0,0.0,1,5272,503,5775,0.9129,1,"1,000,000 .. 2,000,000",1000000,2000000,1500000,0,0,0,1
1256670,Library Of Ruina,ProjectMoon,ProjectMoon,"Indie, RPG, Strategy",Story Rich;Card Game;Strategy;Difficult;Deckbuilding;Turn-Based Combat;Great Soundtrack;Singleplayer;Psychological Horror;Indie;Visual Novel;Gore;Turn-Based;Card Battler;Turn-Based Strategy;2D;Anime;RPG;Horror;Action,3,20,29.99,29.99,0.0,0,32471,2038,34509,0.9409,1,"1,000,000 .. 2,000,000",1000000,2000000,1500000,0,0,0,1299
859580,Imperator: Rome,Paradox Development Studio,Paradox Interactive,"Simulation, Strategy",Strategy;Grand Strategy;Simulation;Rome;Historical;Political Sim;Singleplayer;Political;Management;Multiplayer;Economy;War;Politics;Moddable;Real-Time with Pause;Open World;Sandbox;Early Access;Alternate History;Choices Matter,2,20,39.99,39.99,0.0,0,17159,9343,26502,0.6475,0,"1,000,000 .. 2,000,000",1000000,2000000,1500000,0,0,0,547
2051620,Enlisted: Reinforced,Darkflow Software,Gaijin Network Ltd,"Action, Massively Multiplayer, Free To Play",FPS;World War II;Multiplayer;Shooter;PvP;Vehicular Combat;First-Person;Team-Based;Action;3D;War;Realistic;Free to Play;Co-op;Simulation;Massively Multiplayer;Online Co-Op;Singleplayer;Gore;PvE,3,20,0.0,0.0,0.0,1,22507,5656,28163,0.7992,1,"1,000,000 .. 2,000,000",1000000,2000000,1500000,0,0,0,2569
224480,Octodad: Dadliest Catch,Young Horses,Young Horses,"Action, Adventure, Indie",Comedy;Physics;Funny;Indie;Family Friendly;Adventure;Local Co-Op;Walking Simulator;Action;Singleplayer;Co-op;Puzzle;Difficult;Short;Simulation;Third Person;Intentionally Awkward Controls;Addictive;Great Soundtrack;Local Multiplayer,3,20,14.99,14.99,0.0,0,9539,616,10155,0.9393,1,"1,000,000 .. 2,000,000",1000000,2000000,1500000,0,0,0,18
225840,Sven Co-op,Sven Co-op team,Sven Co-op team,"Action, Casual, Indie, Free To Play",Co-op;FPS;Online Co-Op;Shooter;Shoot 'Em Up;Retro;1990's;Team-Based;Casual;PvE;First-Person;Free to Play;3D;Third Person;Action;Conversation;Puzzle;Survival;Moddable;Multiplayer,4,20,0.0,0.0,0.0,1,29316,2000,31316,0.9361,1,"1,000,000 .. 2,000,000",1000000,2000000,1500000,0,0,0,112
803330,Destroy All Humans!,"Black Forest Games, Pandemic Studios",THQ Nordic,"Action, Adventure",Action;Adventure;Villain Protagonist;Aliens;Open World;Remake;Singleplayer;Funny;Sci-fi;Comedy;Cult Classic;Third Person;Third-Person Shooter;Destruction;Gore;Dark Humor;Sandbox;Classic;Violent;Multiplayer,2,20,29.99,29.99,0.0,0,10010,827,10837,0.9237,1,"1,000,000 .. 2,000,000",1000000,2000000,1500000,0,0,0,22
1703340,The Stanley Parable: Ultra Deluxe,Crows Crows Crows,Crows Crows Crows,"Adventure, Casual, Indie",Multiple Endings;Comedy;Choices Matter;Walking Simulator;Narration;First-Person;Singleplayer;Funny;Psychological Horror;Exploration;3D;Story Rich;Adventure;Casual;Mystery;Emotional;Dark Humor;Atmospheric;Horror;Game Development,3,20,24.99,24.99,0.0,0,28795,1760,30555,0.9424,1,"1,000,000 .. 2,000,000",1000000,2000000,1500000,0,0,0,73
480490,Prey,Arkane Studios,Bethesda Softworks,"Action, Adventure",Sci-fi;Immersive Sim;Space;Singleplayer;Horror;Atmospheric;FPS;First-Person;Story Rich;Exploration;Action;Aliens;Survival Horror;Futuristic;Stealth;Psychological Horror;Adventure;Open World;RPG;Great Soundtrack,2,20,29.99,29.99,0.0,0,46381,4652,51033,0.9088,1,"1,000,000 .. 2,000,000",1000000,2000000,1500000,0,0,0,263
1677280,Company of Heroes 3,Relic Entertainment,Relic Entertainment,"Action, Strategy",Singleplayer;Strategy;Wargame;RTS;Multiplayer;Action RTS;Co-op;PvE;Real Time Tactics;World War II;PvP;Turn-Based Tactics;Historical;Military;Top-Down;Turn-Based Strategy;Action;Choices Matter;Tactical;War,2,20,59.99,59.99,0.0,0,18936,14310,33246,0.5696,0,"1,000,000 .. 2,000,000",1000000,2000000,1500000,0,0,0,2183
2000950,Call of Duty: Modern Warfare,"Infinity Ward, Beenox, High Moon Studios, Raven Software",Activision,Action,Action;Singleplayer;FPS;Multiplayer;Shooter;Military;First-Person;Tactical;Story Rich;Modern;Co-op;Gun Customization;PvP;Gore;Violent;Online Co-Op;Realistic;Battle Royale;War;Zombies,1,20,14.99,59.99,75.0,0,16610,4378,20988,0.7914,1,"1,000,000 .. 2,000,000",1000000,2000000,1500000,0,0,0,847
763890,Wildermyth,Worldwalker Games LLC,"Worldwalker Games LLC, WhisperGames","Indie, RPG, Strategy",Party-Based RPG;Choices Matter;Story Rich;Character Customization;Turn-Based Tactics;Procedural Generation;Tactical RPG;Fantasy;Rogue-lite;Turn-Based Strategy;Hand-drawn;RPG;Emotional;Turn-Based;Comic Book;Moddable;Indie;Strategy;Singleplayer;2.5D,3,20,24.99,24.99,0.0,0,16587,904,17491,0.9483,1,"1,000,000 .. 2,000,000",1000000,2000000,1500000,0,0,0,270
280160,Aragami,Lince Works,Lince Works,"Action, Adventure, Indie",Stealth;Ninja;Assassin;Action;Co-op;Indie;Adventure;Multiplayer;Third Person;Singleplayer;Anime;Great Soundtrack;Atmospheric;Online Co-Op;Magic;Blood;Strategy;Violent;Gore;Open World,3,20,19.99,19.99,0.0,0,11480,1268,12748,0.9005,1,"1,000,000 .. 2,000,000",1000000,2000000,1500000,0,0,0,11
2058180,Judgment,RGG Studio,SEGA,"Action, Adventure",Action;Adventure;Beat 'em up;Action-Adventure;3D Fighter;Cinematic;3D;Third Person;Hack and Slash;Realistic;Crime;Conspiracy;Detective;Dark;Drama;Investigation;Foreign;Gambling;Martial Arts;Logic,2,20,39.99,39.99,0.0,0,9190,553,9743,0.9432,1,"1,000,000 .. 2,000,000",1000000,2000000,1500000,0,0,0,202
738520,Breathedge,RedRuins Softworks,"HypeTrain Digital, RedRuins Softworks","Action, Adventure, Indie, Simulation",Open World Survival Craft;Space;Singleplayer;Survival;Sandbox;Indie;Base-Building;Sci-fi;First-Person;Atmospheric;Adventure;Crafting;Open World;Exploration;Action;Aliens;Early Access;Simulation;Action-Adventure;Futuristic,4,20,2.49,24.99,90.0,0,12620,2700,15320,0.8238,1,"1,000,000 .. 2,000,000",1000000,2000000,1500000,0,0,0,37
222480,Resident Evil Revelations,Capcom,Capcom,"Action, Adventure",Horror;Action;Zombies;Survival Horror;Third-Person Shooter;Adventure;Female Protagonist;Co-op;Third Person;Singleplayer;Online Co-Op;Multiplayer;Survival;Atmospheric;Shooter;Gore;Sci-fi;Great Soundtrack;Story Rich;Anime,2,20,4.99,19.99,75.0,0,12258,2947,15205,0.8062,1,"1,000,000 .. 2,000,000",1000000,2000000,1500000,0,0,0,101
1113120,IXION,Bulwark Studios,Kasedo Games,"Indie, Simulation, Strategy",Space;City Builder;Strategy;Survival;Resource Management;Colony Sim;Base-Building;Building;Simulation;Exploration;Choices Matter;Atmospheric;Economy;Singleplayer;Dark;Management;RTS;Post-apocalyptic;Difficult;Indie,3,20,10.49,34.99,70.0,0,12290,3399,15689,0.7834,1,"1,000,000 .. 2,000,000",1000000,2000000,1500000,0,0,0,133
350080,Wolfenstein: The Old Blood,MachineGames,Bethesda Softworks,Action,FPS;Action;World War II;Alternate History;Shooter;Gore;Singleplayer;Stealth;First-Person;Zombies;Atmospheric;Story Rich;War;Adventure;Sci-fi;Blood;Horror;Mature;Funny;Multiplayer,1,20,19.99,19.99,0.0,0,18761,2052,20813,0.9014,1,"1,000,000 .. 2,000,000",1000000,2000000,1500000,0,0,0,157
1238000,Mass Effect: Andromeda Deluxe Edition,BioWare,Electronic Arts,"Action, RPG",Character Customization;Sci-fi;RPG;Open World;Third-Person Shooter;Singleplayer;Action;Action RPG;Space;Third Person;Multiplayer;Sexual Content;Story Rich;Choices Matter;Nudity;Violent;Adventure;Female Protagonist;Shooter;Romance,2,20,39.99,39.99,0.0,0,12344,4232,16576,0.7447,1,"1,000,000 .. 2,000,000",1000000,2000000,1500000,0,0,0,285
1338770,Sniper Ghost Warrior Contracts 2,CI Games,CI Games,Action,FPS;Sniper;Stealth;Shooter;Singleplayer;Multiplayer;Realistic;Gun Customization;Tactical;Military;Action;First-Person;War;Physics;Modern;Gore;Assassin;Combat;3D;Violent,1,20,39.99,39.99,0.0,0,10606,1975,12581,0.843,1,"1,000,000 .. 2,000,000",1000000,2000000,1500000,0,0,0,217
410110,12 is Better Than 6,Ink Stains Games,HypeTrain Digital,"Action, Indie",Action;Shooter;Western;Top-Down Shooter;Singleplayer;Indie;Hand-drawn;2D;Violent;Atmospheric;Adventure;Difficult;Blood;Gore;Great Soundtrack;Arcade;Stylized;Top-Down;Dark Humor;Funny,2,20,1.99,9.99,80.0,0,6152,1217,7369,0.8348,1,"1,000,000 .. 2,000,000",1000000,2000000,1500000,0,0,0,9
597820,BIOMUTANT,Experiment 101,THQ Nordic,"Action, RPG",Open World;Action;Singleplayer;RPG;Adventure;Character Customization;Post-apocalyptic;Third Person;Hack and Slash;Fantasy;Atmospheric;Exploration;Action RPG;Multiplayer;Martial Arts;Cute;Story Rich;Sci-fi;Indie;Souls-like,2,20,39.99,39.99,0.0,0,12840,6587,19427,0.6609,0,"1,000,000 .. 2,000,000",1000000,2000000,1500000,0,0,0,37
1954200,Kena: Bridge of Spirits,Ember Lab,Ember Lab,"Action, Adventure, Indie",Action;Adventure;Souls-like;Action-Adventure;Female Protagonist;Exploration;3D Platformer;Third Person;Cinematic;Atmospheric;Fantasy;Magic;3D;Nature;Story Rich;Combat;Singleplayer;Controller;Indie;Mystery,3,20,39.99,39.99,0.0,0,14031,1209,15240,0.9207,1,"1,000,000 .. 2,000,000",1000000,2000000,1500000,0,0,0,43
485610,Soccer Online: Ball 3D,Unusualsoft,Unusualsoft,Sports,Sports;Football (Soccer);PvP;e-sports;Multiplayer;Simulation;Arcade;Online Co-Op;Immersive;Team-Based;Real Time Tactics;Character Customization;Third Person;Action;Competitive;3D;Colorful;Stylized;Difficult;Fast-Paced,1,20,0.49,0.99,51.0,0,8539,1552,10091,0.8462,1,"1,000,000 .. 2,000,000",1000000,2000000,1500000,0,0,0,77
1285670,Post Void,YCJY Games,YCJY Games,"Action, Indie",FPS;Psychedelic;Fast-Paced;Action Roguelike;Difficult;Shooter;First-Person;Singleplayer;Surreal;Action;Pixel Graphics;Arcade;Retro;Violent;Colorful;Score Attack;Procedural Generation;1990's;Old School;Tutorial,2,20,2.99,2.99,0.0,0,10588,307,10895,0.9718,1,"1,000,000 .. 2,000,000",1000000,2000000,1500000,0,0,0,8
362680,Fran Bow,Killmonday Games AB,Killmonday Games AB,"Adventure, Indie",Psychological Horror;Story Rich;Point & Click;Puzzle;Horror;Adventure;Indie;Dark;Singleplayer;Atmospheric;Female Protagonist;Gore;Psychological;Surreal;Dark Fantasy;2D;Fantasy;Hand-drawn;Great Soundtrack;Hidden Object,2,20,14.99,14.99,0.0,0,18502,514,19016,0.973,1,"1,000,000 .. 2,000,000",1000000,2000000,1500000,0,0,0,80
313160,Farming Simulator 15,GIANTS Software,GIANTS Software,Simulation,Farming Sim;Automobile Sim;Simulation;Multiplayer;Open World;Agriculture;Moddable;Singleplayer;Realistic;Co-op;Relaxing;Driving;Economy;Physics;Management;Sandbox;Mod;Strategy;Online Co-Op;Family Friendly,1,20,12.99,12.99,0.0,0,14243,1193,15436,0.9227,1,"1,000,000 .. 2,000,000",1000000,2000000,1500000,0,0,0,84
257850,Hyper Light Drifter,Heart Machine,Heart Machine,"Action, Adventure, Indie, RPG",Pixel Graphics;Great Soundtrack;Atmospheric;Adventure;Indie;Difficult;Action;Hack and Slash;Singleplayer;Exploration;RPG;2D;Colorful;Top-Down;Post-apocalyptic;Action RPG;Metroidvania;Souls-like;Fantasy;Sci-fi,4,20,19.99,19.99,0.0,0,16617,1226,17843,0.9313,1,"1,000,000 .. 2,000,000",1000000,2000000,1500000,0,0,0,44
1127400,Mindustry,AnukenDev,AnukenDev,Strategy,Base-Building;Resource Management;Tower Defense;Strategy;Automation;Multiplayer;Sandbox;Building;Co-op;2D;RTS;Online Co-Op;Pixel Graphics;Singleplayer;PvE;Survival;Indie;PvP;Management;Action,1,20,9.99,9.99,0.0,0,21329,937,22266,0.9579,1,"1,000,000 .. 2,000,000",1000000,2000000,1500000,0,0,0,658
19680,Alice: Madness Returns,Spicy Horse Games,Electronic Arts,"Action, Adventure",Horror;Female Protagonist;Dark Fantasy;3D Platformer;Hack and Slash;Gothic;Action-Adventure;Singleplayer;Story Rich;Psychological;Platformer;Surreal;Third Person;Fantasy;Action;Atmospheric;Noir;Based On A Novel;Adventure;Supernatural,2,20,9.99,9.99,0.0,0,21729,2358,24087,0.9021,1,"1,000,000 .. 2,000,000",1000000,2000000,1500000,0,0,0,260
493900,Dungeons 3,Realmforge Studios,Kalypso Media,"Simulation, Strategy",Strategy;Villain Protagonist;Base-Building;Simulation;RTS;God Game;Management;Female Protagonist;Comedy;Multiplayer;Economy;Funny;Singleplayer;Dark Fantasy;Dark Humor;Online Co-Op;Co-op Campaign;Horror;Real Time Tactics;Isometric,2,20,5.99,29.99,80.0,0,17320,1062,18382,0.9422,1,"1,000,000 .. 2,000,000",1000000,2000000,1500000,0,0,0,62
2593370,The Hungry Lamb: Traveling in the Late Ming Dynasty,零创游戏(ZerocreationGame),"零创游戏(ZerocreationGame), 2P Games","Adventure, Indie, RPG",Visual Novel;Historical;Multiple Endings;Cooking;Interactive Fiction;Story Rich;Dating Sim;Dark;Adventure;Anime;Cute;Word Game;Drama;Romance;RPG;Psychological Horror;Singleplayer;Mystery;Casual;Medieval,3,20,9.99,9.99,0.0,0,50859,1921,52780,0.9636,1,"1,000,000 .. 2,000,000",1000000,2000000,1500000,0,0,0,181
298240,War Trigger 3,"Rocketeer Games Studio, LLC","Rocketeer Games Studio, LLC","Action, Casual, Indie, Simulation, Free To Play",Shooter;Free to Play;FPS;Multiplayer;Action;War;First-Person;Tanks;Third-Person Shooter;Open World;Simulation;Singleplayer;PvP;Third Person;Indie;Co-op;Controller;Early Access;Adventure;Casual,5,20,0.0,0.0,0.0,1,4896,3328,8224,0.5953,0,"500,000 .. 1,000,000",500000,1000000,750000,0,0,0,9
247000,Talisman: Digital Classic Edition,Nomad Games,Nomad Games,"Indie, RPG, Strategy",Board Game;Tabletop;Strategy;Multiplayer;RPG;Indie;Turn-Based;Fantasy;Card Game;Local Multiplayer;Singleplayer;Games Workshop;Adventure;Local Co-Op;Turn-Based Strategy;Casual;Touch-Friendly;PvP;2.5D;Grid-Based Movement,3,20,2.09,6.99,70.0,0,7569,2092,9661,0.7835,1,"500,000 .. 1,000,000",500000,1000000,750000,0,0,0,102
1116960,UNDEFEATED,"UNDEFEATED Games, Indie-us Games",Vantan Game Academy,"Action, Indie, Free To Play",Free to Play;Superhero;Open World;Multiplayer;Action;Indie;Singleplayer;Sandbox;Third Person;Fighting;Funny;Online Co-Op;Controller;Nudity;Hentai;Flight,3,16,0.0,0.0,0.0,1,6046,867,6913,0.8746,1,"500,000 .. 1,000,000",500000,1000000,750000,0,0,0,22
240760,Wasteland 2: Director's Cut,inXile Entertainment,inXile Entertainment,"Adventure, Indie, RPG, Strategy",RPG;Post-apocalyptic;Turn-Based;Strategy;Tactical;Isometric;Adventure;CRPG;Singleplayer;Kickstarter;Open World;Indie;Turn-Based Strategy;Sci-fi;Survival;Crowdfunded;Atmospheric;Exploration;Old School;Action RPG,4,20,29.99,29.99,0.0,0,6641,1413,8054,0.8246,1,"500,000 .. 1,000,000",500000,1000000,750000,0,0,0,10
493490,City Car Driving,"Forward Development, Ltd.","Forward Global Group, Ltd.","Indie, Racing, Simulation",Simulation;Driving;Automobile Sim;Open World;Realistic;Survival Horror;Multiplayer;Singleplayer;Racing;VR;First-Person;Moddable;Physics;Indie;Family Friendly;Psychological Horror;Education;Casual;Adventure;Horror,3,20,24.99,24.99,0.0,0,24830,5346,30176,0.8228,1,"500,000 .. 1,000,000",500000,1000000,750000,0,0,0,484
46500,Syberia,Microids,Microids,"Adventure, Casual",Adventure;Point & Click;Puzzle;Female Protagonist;Casual;Steampunk;Atmospheric;Story Rich;Mystery;Classic;Singleplayer;Escape Room;Beautiful;Great Soundtrack;Third Person;Sci-fi;Hidden Object;Nostalgia;2.5D,2,19,12.99,12.99,0.0,0,5566,739,6305,0.8828,1,"500,000 .. 1,000,000",500000,1000000,750000,0,0,0,25
1812620,DSX,Paliverse,Paliverse,"Action, Adventure, Indie, Simulation, Utilities",Simulation;Indie;Controller;Utilities;Software;Gaming,5,6,7.99,7.99,0.0,0,3667,1706,5373,0.6825,0,"500,000 .. 1,000,000",500000,1000000,750000,0,0,0,5121
1226470,Shadow Arena,Pearl Abyss,Pearl Abyss,"Action, Free To Play, Massively Multiplayer, RPG, Strategy, Early Access",Action;Free to Play;Battle Royale;Massively Multiplayer;PvP;Strategy;RPG;Fighting;MOBA;Competitive;Action RPG;Early Access;Multiplayer;Fantasy;Hack and Slash;MMORPG;Co-op;Anime;Online Co-Op;Third Person,6,20,0.0,0.0,0.0,1,3064,2420,5484,0.5587,0,"500,000 .. 1,000,000",500000,1000000,750000,0,0,0,0
2990,FlatOut 2,"Bugbear Entertainment, ZOOM Platform Media, Jordan Freeman Group",Strategy First,Racing,Racing;Combat Racing;Multiplayer;Destruction;Automobile Sim;Vehicular Combat;Action;Driving;Arcade;Singleplayer;Physics;Local Multiplayer;Funny;Casual;3D;Third Person;Baseball;Basketball;Bowling;Football (American),1,20,1.99,9.99,80.0,0,17923,737,18660,0.9605,1,"500,000 .. 1,000,000",500000,1000000,750000,0,0,0,85
312670,Strange Brigade,Rebellion,Rebellion,"Action, Adventure",Action;Adventure;Co-op;Zombies;Multiplayer;Third Person;Shooter;Online Co-Op;Singleplayer;Violent;Third-Person Shooter;PvE;Puzzle;Horror;Open World;Funny;Comedy;Survival;Co-op Campaign;Mythology,2,20,49.99,49.99,0.0,0,9034,1694,10728,0.8421,1,"500,000 .. 1,000,000",500000,1000000,750000,0,0,0,18
384190,ABZU,Giant Squid,505 Games,"Adventure, Casual, Indie, Simulation",Relaxing;Atmospheric;Underwater;Exploration;Great Soundtrack;Adventure;Singleplayer;Casual;Colorful;Indie;Beautiful;Fantasy;Family Friendly;Short;Open World;Story Rich;Third Person;Walking Simulator;Simulation;Controller,4,20,19.99,19.99,0.0,0,24253,1860,26113,0.9288,1,"500,000 .. 1,000,000",500000,1000000,750000,0,0,0,10
875210,Kingdom Heroes 8,"USERJOY Technology Co.,Ltd.","USERJOY Technology Co.,Ltd., Phoenix Game","Action, RPG, Simulation, Strategy",RTS;Tactical RPG;Real Time Tactics;War;Strategy RPG;Historical;Grand Strategy;Character Customization;Strategy;City Builder;RPG;2D;3D;Action;Simulation;Realistic;Tactical;Retro;Combat;Singleplayer,4,20,29.99,29.99,0.0,0,7842,6640,14482,0.5415,0,"500,000 .. 1,000,000",500000,1000000,750000,0,0,0,257
1985810,Call of Duty: Black Ops Cold War,"Treyarch, Raven Software, High Moon Studios, Beenox, Activision Shanghai, Sledgehammer Games",Activision,Action,Singleplayer;FPS;Multiplayer;Action;Zombies;Cold War;Shooter;First-Person;Military;Co-op;Gun Customization;Online Co-Op;Gore;PvP;Tactical;Violent;War;PvE;Story Rich;Sexual Content,1,20,14.99,59.99,75.0,0,15797,3923,19720,0.8011,1,"500,000 .. 1,000,000",500000,1000000,750000,0,0,0,644
861650,Session: Skate Sim,crea-ture Studios Inc.,Nacon,"Indie, Simulation, Sports, Strategy",Skateboarding;Sports;Simulation;Singleplayer;Indie;Action;Realistic;Third Person;Difficult;Exploration;Funny;Physics;Family Friendly;Early Access;Character Customization;Immersive Sim;Skating;Multiplayer;Parkour;Strategy,4,20,39.99,39.99,0.0,0,12016,2383,14399,0.8345,1,"500,000 .. 1,000,000",500000,1000000,750000,0,0,0,262
445980,Wizard of Legend,Contingent99,"Contingent99, Balor Games","Action, Adventure, Indie",Action Roguelike;Pixel Graphics;Rogue-like;Dungeon Crawler;Local Co-Op;Action;Magic;Multiplayer;Adventure;Rogue-lite;Co-op;Indie;Hack and Slash;Local Multiplayer;Difficult;2D;Singleplayer;RPG;Procedural Generation;Fast-Paced,3,20,15.99,15.99,0.0,0,18633,1887,20520,0.908,1,"500,000 .. 1,000,000",500000,1000000,750000,0,0,0,70
2140020,Stronghold: Definitive Edition,Firefly Studios,Firefly Studios,"Simulation, Strategy",City Builder;Strategy;Real Time Tactics;Medieval;Sandbox;Building;Colony Sim;RTS;Economy;Base-Building;Tower Defense;2D;Isometric;Historical;Simulation;Atmospheric;Resource Management;Open World;Funny;Multiplayer,2,20,14.99,14.99,0.0,0,7470,1211,8681,0.8605,1,"500,000 .. 1,000,000",500000,1000000,750000,0,0,0,236
501300,What Remains of Edith Finch,Giant Sparrow,Annapurna Interactive,"Adventure, Indie",Story Rich;Atmospheric;Walking Simulator;First-Person;Mystery;Exploration;Adventure;Singleplayer;Female Protagonist;Indie;Great Soundtrack;Narration;Short;Psychological Horror;Drama;Dark;Puzzle;Visual Novel;Horror;Emotional,2,20,19.99,19.99,0.0,0,43128,1925,45053,0.9573,1,"500,000 .. 1,000,000",500000,1000000,750000,0,0,0,70
65540,Gothic 1,Piranha Bytes,THQ Nordic,"Action, RPG",RPG;Open World;Classic;Atmospheric;Singleplayer;Fantasy;Gothic;Third Person;Action;Medieval;Dark Fantasy;Adventure;Story Rich;Magic;Great Soundtrack;Action RPG;Retro;Difficult;Choices Matter;Nostalgia,2,20,19.99,19.99,0.0,0,14629,1233,15862,0.9223,1,"500,000 .. 1,000,000",500000,1000000,750000,0,0,0,103
1162520,Richman10,"Softstar Technology (Beijing) Co.,Ltd",SOFTSTAR ENTERTAINMENT,"Casual, Strategy",Casual;Multiplayer;Tabletop;Strategy;Local Multiplayer;Board Game;Anime;Cute;Co-op;Turn-Based,2,10,8.39,13.99,40.0,0,7451,6871,14322,0.5202,0,"500,000 .. 1,000,000",500000,1000000,750000,0,0,0,255
409160,"Dr. Langeskov, The Tiger, and The Terribly Cursed Emerald: A Whirlwind Heist",Crows Crows Crows,Crows Crows Crows,"Free To Play, Indie",Free to Play;Comedy;First-Person;Narration;Indie;Walking Simulator;Funny;Short;Singleplayer;Heist;Stealth;Story Rich;Experimental;Casual;Adventure;Atmospheric;Satire;Puzzle;Action;Psychological Horror,2,20,0.0,0.0,0.0,1,9108,665,9773,0.932,1,"500,000 .. 1,000,000",500000,1000000,750000,0,0,0,2
319910,Trine 3: The Artifacts of Power,Frozenbyte,Frozenbyte,"Action, Adventure, Indie, RPG",Puzzle-Platformer;3D Platformer;Adventure;Co-op;Action;Fantasy;Local Co-Op;Controller;Puzzle;Platformer;Indie;Atmospheric;Multiplayer;Short;Physics;Local Multiplayer;3D Vision;Singleplayer;RPG;2.5D,4,20,4.39,21.99,80.0,0,5598,3261,8859,0.6319,0,"500,000 .. 1,000,000",500000,1000000,750000,0,0,0,9
562810,MONOPOLY PLUS,Ubisoft Pune,Ubisoft,Casual,Board Game;Multiplayer;Family Friendly;Casual;Turn-Based Strategy;Local Multiplayer;Tabletop;Singleplayer;Capitalism;Strategy;Economy;Local Co-Op;Simulation;Funny;3D;Colorful;PvP;Logic;Grid-Based Movement;Resource Management,1,20,0.0,0.0,0.0,1,6919,9432,16351,0.4232,0,"500,000 .. 1,000,000",500000,1000000,750000,0,0,0,39
301910,Saints Row: Gat out of Hell,"Deep Silver Volition, High Voltage Software",Deep Silver,Action,Action;Open World;Comedy;Co-op;Third Person;Funny;Demons;Third-Person Shooter;Multiplayer;Adventure;Shooter;Singleplayer;Sandbox;Dark Humor;Atmospheric;Female Protagonist;Mature;Online Co-Op;Gore;Violent,1,20,14.99,14.99,0.0,0,7190,2362,9552,0.7527,1,"500,000 .. 1,000,000",500000,1000000,750000,0,0,0,10
955900,Amazing Cultivation Simulator,GSQ Games,"GSQ Games, Gamirror Games",,Simulation;Martial Arts;RPG;Sandbox;Strategy;Mythology;Colony Sim;Survival;Indie;Base-Building;Open World;Singleplayer;Management;Fantasy;Early Access;Building;2D;Anime;Nudity;Psychological Horror,0,20,24.99,24.99,0.0,0,19720,3289,23009,0.8571,1,"500,000 .. 1,000,000",500000,1000000,750000,0,0,0,598
1543030,Sword and Fairy 7,软星科技(SoftStarlight),"方块游戏(CubeGame), 软星科技(SoftStarlight)","Action, Adventure, RPG",RPG;Singleplayer;Martial Arts;Mythology;Action RPG;Story Rich;Female Protagonist;Open World;3D;Action;Sexual Content;Adventure;Fantasy;Third Person;Great Soundtrack;CRPG;Anime;Romance;Atmospheric;Nudity,3,20,29.99,29.99,0.0,0,13296,5058,18354,0.7244,1,"500,000 .. 1,000,000",500000,1000000,750000,0,0,0,68
17450,Dragon Age: Origins,BioWare,Electronic Arts,RPG,RPG;Fantasy;Story Rich;Singleplayer;Multiple Endings;Choices Matter;Adventure;Character Customization;Real-Time with Pause;Atmospheric;Dark Fantasy;Party-Based RPG;Tactical;Romance;Open World;Dragons;Third Person;Action;Female Protagonist;Loot,1,20,29.99,29.99,0.0,0,9656,870,10526,0.9173,1,"500,000 .. 1,000,000",500000,1000000,750000,0,0,0,7
1084600,My Time at Sandrock,Pathea Games,"Pathea Games, Focus Entertainment, PM Studios, Inc., DMM Games","Adventure, Casual, Indie, RPG, Simulation",Life Sim;Building;Farming Sim;Multiplayer;Sandbox;Crafting;RPG;Dating Sim;Open World;Character Customization;Mining;Adventure;Post-apocalyptic;Simulation;Casual;Singleplayer;Female Protagonist;Cartoony;Indie;LGBTQ+,5,20,11.99,39.99,70.0,0,23218,3065,26283,0.8834,1,"500,000 .. 1,000,000",500000,1000000,750000,0,0,0,1501
677120,Heroes of Hammerwatch,Crackshell,Team17,"Action, Indie, RPG",Rogue-lite;Action Roguelike;Co-op;Pixel Graphics;Multiplayer;Dungeon Crawler;RPG;Online Co-Op;Indie;Action;Adventure;2D;Hack and Slash;Procedural Generation;Top-Down;Rogue-like;Bullet Hell;Singleplayer;Action RPG;Fantasy,3,20,2.99,14.99,80.0,0,8061,1123,9184,0.8777,1,"500,000 .. 1,000,000",500000,1000000,750000,0,0,0,50
960910,Heavy Rain,Quantic Dream,Quantic Dream,"Action, Adventure",Choices Matter;Story Rich;Multiple Endings;Narration;Cinematic;Adventure;Detective;Thriller;Emotional;Quick-Time Events;Interactive Fiction;Investigation;Mystery;Sexual Content;Singleplayer;Dynamic Narration;Crime;Atmospheric;Violent;Nudity,2,20,19.99,19.99,0.0,0,16745,2962,19707,0.8497,1,"500,000 .. 1,000,000",500000,1000000,750000,0,0,0,199
367450,Poly Bridge,Dry Cactus,Dry Cactus,"Indie, Simulation",Building;Simulation;Physics;Puzzle;Singleplayer;Sandbox;Difficult;Indie;Funny;Family Friendly;Level Editor;Great Soundtrack;Education;Cartoon;Crafting;Colorful;Cute;Stylized;Strategy;Choices Matter,2,20,9.99,9.99,0.0,0,16075,1509,17584,0.9142,1,"500,000 .. 1,000,000",500000,1000000,750000,0,0,0,66
388090,Five Nights at Freddy's 4,Scott Cawthon,Scott Cawthon,"Action, Indie, Strategy",Horror;Survival Horror;Singleplayer;First-Person;Robots;Dark;Difficult;Point & Click;Psychological Horror;Survival;Strategy;Indie;Story Rich;Atmospheric;Action;Family Friendly;Jump Scare;Simulation;Animation & Modeling;Memes,3,20,7.99,7.99,0.0,0,13686,1065,14751,0.9278,1,"500,000 .. 1,000,000",500000,1000000,750000,0,0,0,22
2138710,Sifu,Sloclap,"Sloclap, Kepler Interactive","Action, Indie",Action;Martial Arts;Beat 'em up;Difficult;Third Person;Singleplayer;Souls-like;Crime;Indie;Blood;Swordplay;Fighting;Dark;Action Roguelike;Arcade;Hack and Slash;Rogue-like;Action-Adventure;Dark Fantasy;War,2,20,39.99,39.99,0.0,0,19536,1593,21129,0.9246,1,"500,000 .. 1,000,000",500000,1000000,750000,0,0,0,394
489520,Minion Masters,BetaDwarf,BetaDwarf,"Action, Adventure, Indie, RPG, Strategy, Free To Play",PvE;Trading Card Game;Stylized;Turn-Based Tactics;Free to Play;Multiplayer;Card Battler;PvP;Tactical RPG;Strategy;Deckbuilding;Card Game;Real Time Tactics;Online Co-Op;Colorful;Fantasy;RTS;Co-op;Tower Defense;Singleplayer,6,20,0.0,0.0,0.0,1,58108,6797,64905,0.8953,1,"500,000 .. 1,000,000",500000,1000000,750000,0,0,0,310
1549180,Propnight,FNTASTIC,Mytona Fntastic,"Action, Adventure, Casual",Multiplayer;Horror;Survival Horror;Action;Online Co-Op;Co-op;PvP;3D;First-Person;Third Person;Stylized;Survival;Combat;Asynchronous Multiplayer;Funny;Casual;Adventure;Controller;Sexual Content;Singleplayer,3,20,0.0,0.0,0.0,1,13055,7234,20289,0.6435,0,"500,000 .. 1,000,000",500000,1000000,750000,0,0,0,1
1659420,UNCHARTED: Legacy of Thieves Collection,"Naughty Dog LLC, Iron Galaxy Studios",PlayStation Publishing LLC,Adventure,Adventure;Action-Adventure;Story Rich;Singleplayer;Third Person;Third-Person Shooter;Puzzle;Multiplayer;Action;Exploration;Shooter;Controller;Cinematic;Parkour;Stealth;Atmospheric;Female Protagonist;Combat;Platformer;Funny,1,20,49.99,49.99,0.0,0,26740,2949,29689,0.9007,1,"500,000 .. 1,000,000",500000,1000000,750000,0,0,0,467
704450,Neverwinter Nights: Enhanced Edition,Beamdog,Beamdog,RPG,RPG;Dungeons & Dragons;Fantasy;Character Customization;CRPG;Multiplayer;Real-Time with Pause;Story Rich;Adventure;Magic;Moddable;Online Co-Op;Co-op;Retro;Atmospheric;Action RPG;Female Protagonist;Action;Singleplayer;Action-Adventure,1,20,19.99,19.99,0.0,0,7717,850,8567,0.9008,1,"500,000 .. 1,000,000",500000,1000000,750000,0,0,0,753
690830,Foundation,Polymorph Games,Polymorph Games,"Indie, Simulation, Strategy",City Builder;Simulation;Medieval;Strategy;Sandbox;Resource Management;Management;Relaxing;Atmospheric;Economy;Building;Indie;Singleplayer;Base-Building;Colony Sim;Open World;Survival;RTS;Choices Matter;Early Access,3,20,34.99,34.99,0.0,0,17195,2937,20132,0.8541,1,"500,000 .. 1,000,000",500000,1000000,750000,0,0,0,844
1361000,In Silence,Ravenhood Games,Ravenhood Games,Action,Horror;Multiplayer;Online Co-Op;Survival Horror;Co-op;Psychological Horror;Survival;Stealth;Action;First-Person;Singleplayer;Social Deduction;PvP;Atmospheric;Dark;Strategy;Adventure;Puzzle;Gore;Mystery,1,20,9.99,9.99,0.0,0,8945,2850,11795,0.7584,1,"500,000 .. 1,000,000",500000,1000000,750000,0,0,0,26
650700,Yume Nikki,kikiyama,PLAYISM,"Adventure, Casual, Indie, Free To Play",Indie;Free to Play;RPGMaker;Psychological Horror;Surreal;Exploration;Pixel Graphics;Horror;Walking Simulator;Atmospheric;Psychological;Female Protagonist;2D;Singleplayer;Dark;Adventure;Experimental;Silent Protagonist;Cute;Casual,4,20,0.0,0.0,0.0,1,8120,509,8629,0.941,1,"500,000 .. 1,000,000",500000,1000000,750000,0,0,0,36
323910,SteamVR Performance Test,Valve,DNVR Prod,Utilities,VR;Benchmark;Software;Utilities;Free to Play;Horror;Nudity;Female Protagonist;Anime;Singleplayer;Hentai;Sexual Content;Gore;Memes;Souls-like;Walking Simulator;Story Rich,1,17,0.0,0.0,0.0,1,4129,1265,5394,0.7655,1,"500,000 .. 1,000,000",500000,1000000,750000,0,0,0,16
386070,Planetary Annihilation: TITANS,Planetary Annihilation Inc,Planetary Annihilation Inc,"Action, Indie, Strategy",RTS;Strategy;Real Time Tactics;Multiplayer;Base-Building;Singleplayer;Sci-fi;Building;War;Online Co-Op;Co-op;PvP;Robots;Space;Grand Strategy;Destruction;Mechs;Indie;Futuristic;Simulation,3,20,29.99,29.99,0.0,0,11976,2149,14125,0.8479,1,"500,000 .. 1,000,000",500000,1000000,750000,0,0,0,102
1336490,Against the Storm,Eremite Games,Hooded Horse,"Simulation, Strategy",Strategy;City Builder;Simulation;Base-Building;Colony Sim;Management;Building;Resource Management;Rogue-like;Survival;Dark Fantasy;Sandbox;Real-Time with Pause;Open World;Singleplayer;Moddable;RTS;Economy;Replay Value;Automation,2,20,29.99,29.99,0.0,0,29837,1575,31412,0.9499,1,"500,000 .. 1,000,000",500000,1000000,750000,0,0,0,958
230230,Divinity: Original Sin (Classic),Larian Studios,Larian Studios,"Adventure, Indie, RPG, Strategy",RPG;Turn-Based;Co-op;Fantasy;Adventure;Strategy;Open World;Isometric;CRPG;Story Rich;Kickstarter;Singleplayer;Indie;Multiplayer;Turn-Based Strategy;Magic;Online Co-Op;Crowdfunded;Atmospheric;Female Protagonist,4,20,39.99,39.99,0.0,0,10798,987,11785,0.9162,1,"500,000 .. 1,000,000",500000,1000000,750000,0,0,0,13
1850740,Ghost Watchers,Renderise,Renderise,Adventure,Horror;Co-op;Survival Horror;Multiplayer;Demons;Adventure;Puzzle;First-Person;Action-Adventure;Cinematic;Dark;Realistic;Detective;Online Co-Op;PvE;Team-Based;Nonlinear;VR;Singleplayer;Early Access,1,20,14.99,14.99,0.0,0,13093,2058,15151,0.8642,1,"500,000 .. 1,000,000",500000,1000000,750000,0,0,0,95
1149460,ICARUS,RocketWerkz,RocketWerkz,"Action, Adventure, Simulation",Survival;Open World Survival Craft;Multiplayer;Base-Building;Online Co-Op;Crafting;Open World;Exploration;Building;Co-op;PvE;First-Person;Space;Realistic;Mining;Third Person;Sandbox;Adventure;Nature;Science,3,20,8.74,34.99,75.0,0,34070,13002,47072,0.7238,1,"500,000 .. 1,000,000",500000,1000000,750000,0,0,0,1492
838380,DEAD OR ALIVE 6,"KOEI TECMO GAMES CO., LTD.","KOEI TECMO GAMES CO., LTD.",Action,3D Fighter;PvP;Competitive;Female Protagonist;e-sports;Arcade;Action;Anime;Singleplayer;Multiplayer;Fighting;Local Multiplayer;Sexual Content;Free to Play;Nudity;3D;Ninja;Story Rich;Mature;Violent,1,20,59.99,59.99,0.0,0,6975,2340,9315,0.7488,1,"500,000 .. 1,000,000",500000,1000000,750000,0,0,0,63
1207650,Suzerain,Torpor Games,Torpor Games,"Adventure, Indie, RPG",Visual Novel;Choose Your Own Adventure;Political Sim;Interactive Fiction;Political;Choices Matter;Text-Based;Story Rich;Multiple Endings;Politics;RPG;Point & Click;Strategy RPG;Alternate History;Drama;Singleplayer;Adventure;Old School;Narrative;Hand-drawn,3,20,5.99,19.99,70.0,0,8658,608,9266,0.9344,1,"500,000 .. 1,000,000",500000,1000000,750000,0,0,0,258
203750,Binary Domain,Devil's Details,SEGA,Action,Action;Third-Person Shooter;Sci-fi;Robots;Cyberpunk;Story Rich;Shooter;Third Person;Singleplayer;Transhumanism;Futuristic;Adventure;Co-op;Multiplayer;Dystopian;Controller;Atmospheric;Voice Control;Great Soundtrack;RPG,1,20,14.99,14.99,0.0,0,6594,1107,7701,0.8563,1,"500,000 .. 1,000,000",500000,1000000,750000,0,0,0,8
835860,Dreadnought,"Six Foot, YAGER","Grey Box, Six Foot","Action, Massively Multiplayer",Space;Free to Play;Massively Multiplayer;Sci-fi;Action;Multiplayer;Shooter;PvP;Spaceships;Open World;Strategy;MOBA;Co-op;Futuristic;Space Sim,2,15,0.0,0.0,0.0,1,4450,2090,6540,0.6804,0,"500,000 .. 1,000,000",500000,1000000,750000,0,0,0,0
2408820,Luma Island,Feel Free Games,Feel Free Games,"Adventure, Casual, Indie, RPG, Simulation",Adventure;Farming Sim;Crafting;Exploration;Open World;RPG;Simulation;Co-op;Mining;Online Co-Op;Multiplayer;Fishing;Building;Casual;Character Customization;Fantasy;Agriculture;Singleplayer;Cute;Farming,5,20,19.99,19.99,0.0,0,7995,1538,9533,0.8387,1,"500,000 .. 1,000,000",500000,1000000,750000,0,0,0,487
1669000,Age of Wonders 4,Triumph Studios,Paradox Interactive,"RPG, Strategy",Strategy;4X;Character Customization;Fantasy;RPG;Strategy RPG;Turn-Based Strategy;Choices Matter;Moddable;Dwarf;Lore-Rich;Combat;Grand Strategy;Magic;Co-op;Singleplayer;Exploration;Multiplayer;Top-Down;Tactical RPG,2,20,49.99,49.99,0.0,0,14901,3350,18251,0.8164,1,"500,000 .. 1,000,000",500000,1000000,750000,0,0,0,1707
970830,The Dungeon Of Naheulbeuk: The Amulet Of Chaos,Artefacts Studio,"Dear Villagers, E-Home Entertainment","Action, Adventure, Indie, RPG, Strategy",RPG;Turn-Based Tactics;Adventure;Turn-Based;Singleplayer;Strategy;Turn-Based Strategy;Action;Character Customization;Dungeon Crawler;Funny;Indie;Tactical;Difficult;Fantasy;Story Rich;Sexual Content;Third Person;Atmospheric;Great Soundtrack,5,20,5.24,34.99,85.0,0,6538,931,7469,0.8754,1,"500,000 .. 1,000,000",500000,1000000,750000,0,0,0,99
368360,60 Seconds!,Robot Gentleman,Robot Gentleman,"Adventure, Casual, Indie, Simulation, Strategy",Turn-Based Tactics;Exploration;Choose Your Own Adventure;Outbreak Sim;Immersive Sim;Difficult;Wrestling;Point & Click;Strategy;2D;Text-Based;3D;Dark Comedy;Post-apocalyptic;Dark Humor;Funny;Choices Matter;Management;Survival;Story Rich,5,20,8.99,8.99,0.0,0,9749,1768,11517,0.8465,1,"500,000 .. 1,000,000",500000,1000000,750000,0,0,0,27
1692250,F1 22,Codemasters,Electronic Arts,"Racing, Sports",Racing;Immersive Sim;VR;Sports;Driving;Automobile Sim;Controller;PvP;Multiplayer;Simulation;Realistic;Co-op;Online Co-Op;Singleplayer;Memes;Split Screen;Local Multiplayer;Action;Open World;Arcade,2,20,0.0,0.0,0.0,1,17694,8046,25740,0.6874,0,"500,000 .. 1,000,000",500000,1000000,750000,0,0,0,234
376210,The Isle,Afterthought LLC,Afterthought LLC,"Action, Adventure, Indie, Massively Multiplayer, Simulation, Early Access",Dinosaurs;Survival;Open World;Multiplayer;Simulation;Hunting;Realistic;Massively Multiplayer;Adventure;Early Access;Action;Third Person;Horror;Co-op;Sandbox;Walking Simulator;Team-Based;RPG;Strategy;Indie,6,20,19.99,19.99,0.0,0,77185,17619,94804,0.8142,1,"500,000 .. 1,000,000",500000,1000000,750000,0,0,0,5946
374280,Hired Ops,Absolut Soft LLC,Panomix Studio,"Action, Free To Play, Massively Multiplayer",FPS;Multiplayer;Free to Play;Action;Shooter;Modern;First-Person;Massively Multiplayer;Early Access;Military;Singleplayer;Controller;Co-op;PvP;Atmospheric;Exploration;Blood;Choices Matter;Battle Royale;6DOF,3,20,0.0,0.0,0.0,1,10532,5109,15641,0.6734,0,"500,000 .. 1,000,000",500000,1000000,750000,0,0,0,108
476620,Call of Duty: WWII,"Sledgehammer Games, Raven Software",Activision,Action,World War II;FPS;Multiplayer;War;Action;Zombies;Shooter;First-Person;Singleplayer;Co-op;Violent;Gore;Historical;Story Rich;Horror;Psychological Horror;Massively Multiplayer;Female Protagonist;Open World;Heist,1,20,14.99,59.99,75.0,0,11394,8523,19917,0.5721,0,"500,000 .. 1,000,000",500000,1000000,750000,0,0,0,75
253030,Race The Sun,Flippfly LLC,Flippfly LLC,"Action, Indie, Racing",Procedural Generation;Runner;Racing;Perma Death;Driving;Difficult;Tutorial;Survival;Arcade;3D;VR;Atmospheric;Noir;Third Person;Relaxing;Post-apocalyptic;Surreal;Level Editor;First-Person;Action,3,20,9.99,9.99,0.0,0,5895,401,6296,0.9363,1,"500,000 .. 1,000,000",500000,1000000,750000,0,0,0,6
985890,Streets of Rage 4,"Dotemu, Guard Crush, Lizardcube",Dotemu,"Action, Indie",Action;Beat 'em up;Indie;2D;Fighting;Arcade;Local Multiplayer;Online Co-Op;Side Scroller;Great Soundtrack;Local Co-Op;Retro;Multiplayer;Co-op;Adventure;Co-op Campaign;Hand-drawn;Classic;Casual;Colorful,2,20,24.99,24.99,0.0,0,16617,1298,17915,0.9275,1,"500,000 .. 1,000,000",500000,1000000,750000,0,0,0,72
212800,Super Crate Box,Vlambeer,Vlambeer,"Action, Indie, Free To Play",Free to Play;Indie;Platformer;Pixel Graphics;Action;2D;Shooter;Arcade;Multiplayer;Singleplayer;Difficult;Retro;Addictive;GameMaker;Fast-Paced;Controller;Co-op;Great Soundtrack;Family Friendly;Rogue-like,3,20,0.0,0.0,0.0,1,5770,716,6486,0.8896,1,"500,000 .. 1,000,000",500000,1000000,750000,0,0,0,8
28000,Kane & Lynch 2: Dog Days,IO Interactive,Square Enix,Action,Action;Co-op;Third-Person Shooter;Crime;Violent;Shooter;Third Person;Atmospheric;Mature;Multiplayer;Singleplayer;Short;Heist;Nudity;Story Rich;Local Co-Op;Adventure;Great Soundtrack;Open World;Psychological Horror,1,20,9.99,9.99,0.0,0,5816,3061,8877,0.6552,0,"500,000 .. 1,000,000",500000,1000000,750000,0,0,0,11
1030210,Torchlight III,Echtra Inc.,XD,"Action, Adventure, RPG",RPG;Adventure;Hack and Slash;Action;Loot;Action RPG;Dungeon Crawler;Online Co-Op;Isometric;Co-op;Multiplayer;Singleplayer;Fantasy;Controller;Steampunk;Open World;Character Customization;Early Access,3,18,39.99,39.99,0.0,0,5225,6005,11230,0.4653,0,"500,000 .. 1,000,000",500000,1000000,750000,0,0,0,44
488860,MADNESS: Project Nexus,"GIBBING TREE, LLC","GIBBING TREE, LLC","Action, Indie",Gore;Beat 'em up;Hack and Slash;Arena Shooter;Shooter;Gun Customization;Funny;Character Customization;Blood;Action;Combat;3D;Third Person;Violent;Third-Person Shooter;Controller;Atmospheric;Co-op;Local Co-Op;Dark,2,20,24.99,24.99,0.0,0,15360,438,15798,0.9723,1,"500,000 .. 1,000,000",500000,1000000,750000,0,0,0,190
468920,Ultimate Fishing Simulator,"Ultimate Games S.A., Bit Golem","Ultimate Games S.A., PlayWay S.A.","Casual, Simulation, Sports",3D;America;Fishing;Simulation;Sports;Nature;Immersive Sim;Atmospheric;Exploration;Casual;Multiplayer;Singleplayer;Realistic;Online Co-Op;Open World;First-Person;Relaxing;Sandbox;FPS;Family Friendly,3,20,19.99,19.99,0.0,0,7014,803,7817,0.8973,1,"500,000 .. 1,000,000",500000,1000000,750000,0,0,0,37
394230,Battleborn,Gearbox Software,2K,Action,Hero Shooter;FPS;Action;Multiplayer;MOBA;Shooter;Co-op;Free to Play;First-Person;PvP;Comedy;Singleplayer;Class-Based;Sci-fi;Funny;Team-Based;Online Co-Op;Action RPG;Memes;RPG,1,20,0.0,0.0,0.0,1,6079,3649,9728,0.6249,0,"500,000 .. 1,000,000",500000,1000000,750000,0,0,0,1
375230,"Warhammer 40,000: Eternal Crusade",Behaviour Interactive Inc.,Behaviour Interactive Inc.,"Action, Adventure, Free To Play, Massively Multiplayer",Warhammer 40K;Action;Third-Person Shooter;Free to Play;Massively Multiplayer;PvP;Games Workshop;Multiplayer;Sci-fi;Co-op;Adventure;Shooter;PvE;Team-Based;Character Customization;Violent;Tactical;Futuristic;Tanks;Difficult,4,20,0.0,0.0,0.0,1,6274,6280,12554,0.4998,0,"500,000 .. 1,000,000",500000,1000000,750000,0,0,0,0
1693980,Dead Space,Motive,Electronic Arts,"Action, Adventure",Horror;Third-Person Shooter;Sci-fi;Space;Survival Horror;Psychological Horror;Shooter;Action-Adventure;Singleplayer;Third Person;Atmospheric;Action;Survival;Remake;Aliens;Dark;Violent;Adventure;Combat;Blood,2,20,59.99,59.99,0.0,0,46485,4774,51259,0.9069,1,"500,000 .. 1,000,000",500000,1000000,750000,0,0,0,313
1971870,Mortal Kombat 1,"NetherRealm Studios, QLOC",Warner Bros. Games,Action,Fighting;Action;Gore;Multiplayer;2D Fighter;Blood;Martial Arts;Violent;PvP;Arcade;Story Rich;Singleplayer;Character Customization;2.5D;Atmospheric;Competitive;Mature;Local Co-Op;Horror;3D,1,20,9.99,49.99,80.0,0,25879,11246,37125,0.6971,0,"500,000 .. 1,000,000",500000,1000000,750000,0,0,0,1149
1432860,Sun Haven,Pixel Sprout Studios,Pixel Sprout Studios,"Adventure, Casual, Indie, RPG, Simulation",Farming Sim;Pixel Graphics;Multiplayer;Life Sim;RPG;Dating Sim;Character Customization;Relaxing;Adventure;Crafting;Fantasy;Agriculture;Singleplayer;Simulation;Magic;Mining;Exploration;Combat;Fishing;Cooking,5,20,24.99,24.99,0.0,0,18523,3933,22456,0.8249,1,"500,000 .. 1,000,000",500000,1000000,750000,0,0,0,653
1249800,Xuan-Yuan Sword VII,"SOFTSTAR, DOMO Studio","SOFTSTAR, Yooreka Studio","Action, Adventure, RPG",RPG;Martial Arts;Historical;Singleplayer;Story Rich;Action RPG;Action;Adventure;Action-Adventure;Third Person;Hack and Slash;Open World;Atmospheric;Dungeon Crawler;Fantasy;Choices Matter;Great Soundtrack;Souls-like;Multiplayer,3,19,34.99,34.99,0.0,0,5949,3535,9484,0.6273,0,"500,000 .. 1,000,000",500000,1000000,750000,0,0,0,4
1388880,Doki Doki Literature Club Plus!,Team Salvato,Serenity Forge,"Casual, Indie",Psychological Horror;Visual Novel;Anime;Dating Sim;Sexual Content;Cute;Romance;Story Rich;Multiple Endings;Gore;Singleplayer;2D;Violent;Interactive Fiction;Text-Based;Dark Humor;Conversation;Indie;Choose Your Own Adventure;Casual,2,20,14.99,14.99,0.0,0,26680,859,27539,0.9688,1,"500,000 .. 1,000,000",500000,1000000,750000,0,0,0,76
228300,Remember Me,DONTNOD Entertainment,Capcom,"Action, Adventure",Cyberpunk;Action;Female Protagonist;Sci-fi;Third Person;Adventure;Story Rich;Singleplayer;Great Soundtrack;Atmospheric;Dystopian;Futuristic;Parkour;Beat 'em up;Beautiful;Linear;Action-Adventure;Hack and Slash;Fighting;Platformer,2,20,29.99,29.99,0.0,0,13365,2732,16097,0.8303,1,"500,000 .. 1,000,000",500000,1000000,750000,0,0,0,17
814540,Changed,DragonSnow,DragonSnow,"Adventure, Indie, RPG",Cute;Difficult;Sexual Content;Psychological Horror;Puzzle;Singleplayer;Pixel Graphics;Adventure;Indie;Story Rich;2D;Great Soundtrack;Horror;NSFW;RPGMaker;Choices Matter;RPG;LGBTQ+;Survival Horror;Action,3,20,4.99,4.99,0.0,0,14935,2269,17204,0.8681,1,"500,000 .. 1,000,000",500000,1000000,750000,0,0,0,31
1209040,Cyber Hunter,NetEase Games,NetEase Games,"Action, Free To Play, Massively Multiplayer",Free to Play;Battle Royale;Massively Multiplayer;Action;FPS;Open World;Multiplayer;Survival;Co-op;Shooter;Third-Person Shooter;Controller;Anime;PvP;Third Person;Sexual Content;Cyberpunk;Character Customization;Singleplayer;Nudity,3,20,0.0,0.0,0.0,1,7919,3017,10936,0.7241,1,"500,000 .. 1,000,000",500000,1000000,750000,0,0,0,1
242640,Styx: Master of Shadows,Cyanide Studio,"Cyanide Studio, Nacon",Action,Stealth;Singleplayer;Action;Adventure;Atmospheric;Violent;Story Rich;Third Person;Assassin;Parkour;Dark Fantasy;Fantasy;RPG;Steampunk;Magic;Difficult;Open World;Great Soundtrack;Multiplayer;Indie,1,20,19.99,19.99,0.0,0,8795,1795,10590,0.8305,1,"500,000 .. 1,000,000",500000,1000000,750000,0,0,0,37
813630,Supraland,Supra Games,Supra Games,"Action, Adventure, Indie, RPG",Puzzle-Platformer;Exploration;Metroidvania;First-Person;Adventure;Singleplayer;Physics;Puzzle;FPS;Open World;3D Platformer;Collectathon;Cartoony;Shooter;Funny;Colorful;Platformer;Action-Adventure;Family Friendly;Action,4,20,19.99,19.99,0.0,0,12526,628,13154,0.9523,1,"500,000 .. 1,000,000",500000,1000000,750000,0,0,0,103
1397920,Mr.Mine,Playsaurus,Playsaurus,"Adventure, Casual, Indie, RPG, Simulation, Strategy, Free To Play",Idler;Clicker;Simulation;Strategy;Mining;Casual;Indie;2D;Pixel Graphics;Resource Management;Free to Play;Singleplayer;Adventure;Building;Crafting;RPG;Management;Cartoony;Cartoon;Comedy,7,20,0.0,0.0,0.0,1,15826,1390,17216,0.9193,1,"500,000 .. 1,000,000",500000,1000000,750000,0,0,0,914
1105670,The Last Spell,Ishtar Games,"Nacon, The Arcade Crew, Gamera Games, DANGEN Entertainment","Action, Indie, RPG, Strategy",Strategy;Singleplayer;Turn-Based Strategy;RPG;Turn-Based Tactics;Tactical;Turn-Based Combat;Turn-Based;Tactical RPG;Strategy RPG;2D;Dark Fantasy;Pixel Graphics;Perma Death;Rogue-lite;Tower Defense;Base-Building;Post-apocalyptic;Fantasy;Rogue-like,4,20,24.99,24.99,0.0,0,10557,939,11496,0.9183,1,"500,000 .. 1,000,000",500000,1000000,750000,0,0,0,424
298260,Only If,Creability,Creability,"Adventure, Indie, Free To Play",Free to Play;Adventure;First-Person;Horror;Puzzle;Indie;Singleplayer;Walking Simulator;Survival;Multiplayer;Surreal;Atmospheric;Comedy;Open World;Action;Simulation;FPS;Casual;Funny;Co-op,3,20,0.0,0.0,0.0,1,3699,2246,5945,0.6222,0,"500,000 .. 1,000,000",500000,1000000,750000,0,0,0,2
2141730,Backrooms: Escape Together,Triiodide Studios,Triiodide Studios,"Action, Adventure, Casual, Indie, Early Access",Multiplayer;Horror;Psychological Horror;Online Co-Op;Survival Horror;Co-op;Atmospheric;Early Access;Realistic;First-Person;Casual;Procedural Generation;Adventure;Exploration;Action;Puzzle;3D;Singleplayer;Action-Adventure;Sci-fi,5,20,9.99,9.99,0.0,0,19915,2854,22769,0.8747,1,"500,000 .. 1,000,000",500000,1000000,750000,0,0,0,569
1451190,Undisputed,Steel City Interactive,Deep Silver,"Action, Simulation, Sports",3D Fighter;Third Person;3D;Combat;Controller;Boxing;Fighting;Sports;Realistic;Multiplayer;Singleplayer;Local Multiplayer;Early Access;Simulation;Action;e-sports;PvE;PvP;Character Customization;Immersive Sim,3,20,49.99,49.99,0.0,0,12158,7191,19349,0.6284,0,"500,000 .. 1,000,000",500000,1000000,750000,0,0,0,503
40390,Risen 2: Dark Waters,Piranha Bytes,THQ Nordic,RPG,RPG;Pirates;Open World;Adventure;Third Person;Singleplayer;Fantasy;Atmospheric;Action;Exploration;Gothic;Story Rich;Dark Fantasy;Action RPG;Great Soundtrack;Sandbox;Controller;Multiplayer,1,18,9.99,9.99,0.0,0,5082,1275,6357,0.7994,1,"500,000 .. 1,000,000",500000,1000000,750000,0,0,0,32
287980,Mini Metro,Dinosaur Polo Club,Dinosaur Polo Club,"Indie, Simulation, Strategy",Strategy;Puzzle;Minimalist;Simulation;Trains;Indie;Singleplayer;Casual;Management;Relaxing;2D;Transportation;Building;Touch-Friendly;Mouse only;Difficult;Great Soundtrack;Addictive;Replay Value;Top-Down,3,20,9.99,9.99,0.0,0,15064,608,15672,0.9612,1,"500,000 .. 1,000,000",500000,1000000,750000,0,0,0,119
1088710,Yakuza 3 Remastered,Ryu Ga Gotoku Studio,SEGA,"Action, Adventure",Action;Adventure;Beat 'em up;Open World;Story Rich;RPG;Action RPG;Third Person;Crime;JRPG;Violent;Drama;Comedy;Singleplayer;Funny;Combat;Sexual Content;Anime;Great Soundtrack;Action-Adventure,2,20,19.99,19.99,0.0,0,7364,1767,9131,0.8065,1,"500,000 .. 1,000,000",500000,1000000,750000,0,0,0,101
2427700,Backpack Battles,PlayWithFurcifer,"IndieArk, Shochiku (Japan)",Strategy,Early Access;Auto Battler;Inventory Management;Strategy;PvP;Roguelike Deckbuilder;Asynchronous Multiplayer;Multiplayer;Indie;Tactical;Card Battler;Rogue-like;Turn-Based;Loot;Combat;Replay Value;2D;Cute;Female Protagonist;Hand-drawn,1,20,11.99,14.99,20.0,0,13410,1370,14780,0.9073,1,"500,000 .. 1,000,000",500000,1000000,750000,0,0,0,1806
760060,Mutant Year Zero: Road to Eden,The Bearded Ladies,Funcom,"RPG, Strategy",Strategy;RPG;Turn-Based Combat;Post-apocalyptic;Turn-Based Tactics;Tactical;Turn-Based;Adventure;Stealth;Singleplayer;Turn-Based Strategy;Atmospheric;Action;Survival;Dark Fantasy;Difficult;Funny;Horror;Exploration;Fantasy,2,20,34.99,34.99,0.0,0,18032,1896,19928,0.9049,1,"500,000 .. 1,000,000",500000,1000000,750000,0,0,0,63
1003590,Tetris Effect: Connected,"Monstars Inc., Resonair, Stage Games",Enhance,"Casual, Indie",Puzzle;Family Friendly;Singleplayer;Multiplayer;Competitive;Indie;Online Co-Op;Music;Arcade;Casual;Local Co-Op;Score Attack;Psychedelic;Tutorial;Atmospheric;Controller;Local Multiplayer;VR;PvP;Stylized,2,20,39.99,39.99,0.0,0,7528,404,7932,0.9491,1,"500,000 .. 1,000,000",500000,1000000,750000,0,0,0,99
1989270,Slay the Princess — The Pristine Cut,Black Tabby Games,"Black Tabby Games, Serenity Forge","Adventure, Indie, RPG, Simulation",Visual Novel;Choices Matter;Psychological Horror;Horror;Choose Your Own Adventure;Story Rich;CRPG;Lore-Rich;Point & Click;Simulation;Hand-drawn;Romance;First-Person;Interactive Fiction;Dating Sim;Singleplayer;Adventure;Comic Book;RPG;Dark Humor,4,20,17.99,17.99,0.0,0,23265,698,23963,0.9709,1,"500,000 .. 1,000,000",500000,1000000,750000,0,0,0,134
731040,The Invincible,Starward Industries,11 bit studios,"Action, Adventure, Indie",Adventure;Robots;Futuristic;Walking Simulator;Conversation;Sci-fi;Female Protagonist;Choices Matter;Multiple Endings;Mystery;Space;Story Rich;Thriller;Science;Singleplayer;Aliens;Interactive Fiction;First-Person;Nonlinear;Narration,3,20,29.99,29.99,0.0,0,6306,821,7127,0.8848,1,"500,000 .. 1,000,000",500000,1000000,750000,0,0,0,22
297130,Titan Souls,Acid Nerve,Devolver Digital,"Action, Adventure, Indie",Souls-like;Pixel Graphics;Difficult;Indie;Adventure;Action;Singleplayer;Boss Rush;Great Soundtrack;2D;Top-Down;Atmospheric;Fantasy;Controller;Short;Action-Adventure;Retro;Puzzle;Strategy;Rogue-like,3,20,14.99,14.99,0.0,0,10347,2766,13113,0.7891,1,"500,000 .. 1,000,000",500000,1000000,750000,0,0,0,23
7520,Two Worlds II HD,Reality Pump Studios,"Topware Interactive, ACE",RPG,RPG;Open World;Fantasy;Third Person;Exploration;Singleplayer;Action RPG;Multiplayer;Adventure;Co-op;Crafting;Story Rich;Action;Hack and Slash;Medieval;Dark Fantasy;Magic;Inventory Management;Atmospheric;Sandbox,1,20,7.49,24.99,70.0,0,4224,2476,6700,0.6304,0,"500,000 .. 1,000,000",500000,1000000,750000,0,0,0,27
885970,Total War: ROME REMASTERED,"Creative Assembly, Feral Interactive",SEGA,Strategy,Strategy;Grand Strategy;Turn-Based Strategy;Action;RTS;Rome;4X;Real Time Tactics;Wargame;Historical;Diplomacy;Tactical;War;Multiplayer;Singleplayer;Turn-Based Combat;Turn-Based Tactics;Remake;Medieval;Classic,1,20,29.99,29.99,0.0,0,9102,2860,11962,0.7609,1,"500,000 .. 1,000,000",500000,1000000,750000,0,0,0,764
1359090,Zero Hour,AttritoM7 Productions,AttritoM7 Productions,"Action, Simulation, Strategy",Tactical;Shooter;FPS;Realistic;Multiplayer;Action;Singleplayer;Co-op;Military;First-Person;Online Co-Op;Third-Person Shooter;PvP;Team-Based;Strategy;Simulation;Immersive Sim;Combat;Stealth;PvE,3,20,9.99,9.99,0.0,0,24924,6706,31630,0.788,1,"500,000 .. 1,000,000",500000,1000000,750000,0,0,0,75
895870,Project Wingman,Sector D2,"Sector D2, Balor Games","Action, Indie, Simulation",Flight;Action;Jet;War;Military;Indie;Arcade;Singleplayer;Great Soundtrack;VR;Simulation;Controller;Shooter;Story Rich;Sci-fi;First-Person;Third Person;Epic;Realistic;Dating Sim,3,20,24.99,24.99,0.0,0,18028,1189,19217,0.9381,1,"500,000 .. 1,000,000",500000,1000000,750000,0,0,0,96
1233570,Mirror's Edge Catalyst,DICE,Electronic Arts,"Action, Adventure",Parkour;Female Protagonist;Open World;Runner;First-Person;3D Platformer;Cyberpunk;Action-Adventure;Action;Platformer;Puzzle-Platformer;Sci-fi;Dystopian;Stylized;Atmospheric;Adventure;Combat;Singleplayer;Multiplayer;Martial Arts,2,20,19.99,19.99,0.0,0,12334,2963,15297,0.8063,1,"500,000 .. 1,000,000",500000,1000000,750000,0,0,0,39
249230,Risen 3 - Titan Lords,Piranha Bytes,THQ Nordic,RPG,RPG;Open World;Gothic;Adventure;Atmospheric;Singleplayer;Fantasy;Third Person;Dark Fantasy;Action RPG;Pirates;Action;Story Rich;Magic;Classic;Exploration;Nudity;Sandbox;Old School;Medieval,1,20,14.99,14.99,0.0,0,4553,1560,6113,0.7448,1,"500,000 .. 1,000,000",500000,1000000,750000,0,0,0,46
847370,Sunset Overdrive,"Insomniac Games, Blind Squirrel Games",Xbox Game Studios,"Action, Adventure",Open World;Action;Parkour;Character Customization;Third-Person Shooter;Funny;Adventure;Comedy;Singleplayer;Violent;Colorful;Zombies;Post-apocalyptic;Great Soundtrack;Third Person;Shooter;Fast-Paced;Sandbox;Female Protagonist;3D Platformer,2,20,19.99,19.99,0.0,0,11638,1261,12899,0.9022,1,"500,000 .. 1,000,000",500000,1000000,750000,0,0,0,73
241540,State of Decay,Undead Labs,Xbox Game Studios,"Action, RPG, Simulation",Zombies;Survival;Open World;Action;Post-apocalyptic;RPG;Third Person;Base-Building;Singleplayer;Sandbox;Multiplayer;Simulation;Exploration;Adventure;Horror;Third-Person Shooter;Survival Horror;Co-op;Atmospheric;Indie,3,20,0.0,0.0,0.0,1,14817,2711,17528,0.8453,1,"500,000 .. 1,000,000",500000,1000000,750000,0,0,0,7
1592190,BONELAB,Stress Level Zero,Stress Level Zero,"Action, Adventure, Simulation",VR;Physics;Sandbox;Action;Shooter;FPS;First-Person;Violent;Action-Adventure;Puzzle;Combat;Underground;Experimental;Psychological;Indie;Dark;Story Rich;Singleplayer;Female Protagonist;Atmospheric,3,20,39.99,39.99,0.0,0,12888,3393,16281,0.7916,1,"500,000 .. 1,000,000",500000,1000000,750000,0,0,0,173
1333350,Angel Legion,Shanghai SilverMoon Network Technology Co.Ltd,Shanghai SilverMoon Network Technology Co.Ltd,"Adventure, RPG, Strategy, Free To Play",Sexual Content;Mature;Nudity;Hentai;Free to Play;NSFW;Female Protagonist;3D;Anime;Character Customization;RPG;Strategy;Idler;Adventure;Turn-Based Tactics;Singleplayer;Multiplayer;Card Game;MMORPG;Co-op,4,20,0.0,0.0,0.0,1,9717,1727,11444,0.8491,1,"500,000 .. 1,000,000",500000,1000000,750000,0,0,0,450
342180,Arizona Sunshine VR Legacy,"Vertigo Games, Jaywalkers Interactive",Vertigo Games,"Action, Adventure, Indie",Action;VR;Zombies;Horror;Multiplayer;Survival;Co-op Campaign;Online Co-Op;Adventure;Gore;FPS;Shooter;First-Person;Survival Horror;Indie;Co-op;Open World;Violent;Singleplayer;Post-apocalyptic,3,20,14.99,14.99,0.0,0,7354,1911,9265,0.7937,1,"500,000 .. 1,000,000",500000,1000000,750000,0,0,0,29
206190,Gunpoint,Suspicious Developments,Suspicious Developments,"Action, Indie, Strategy",Stealth;Indie;Puzzle;2D;Pixel Graphics;Singleplayer;Comedy;Action;Strategy;Noir;Platformer;Great Soundtrack;Funny;Short;Hacking;Level Editor;GameMaker;Story Rich;Adventure;Sci-fi,3,20,9.99,9.99,0.0,0,12770,323,13093,0.9753,1,"500,000 .. 1,000,000",500000,1000000,750000,0,0,0,11
609320,FAR: Lone Sails,Okomotive,Okomotive,"Action, Adventure, Indie",Atmospheric;Adventure;Post-apocalyptic;Singleplayer;Exploration;2.5D;Puzzle;Indie;Driving;Short;Story Rich;Puzzle-Platformer;Steampunk;Platformer;Action;Survival;Cinematic;Action-Adventure;Experience;Nature,3,20,14.99,14.99,0.0,0,21211,1104,22315,0.9505,1,"500,000 .. 1,000,000",500000,1000000,750000,0,0,0,112
1288310,Firework,Shiying Studio,Gamirror Games,Indie,Horror;Indie;Puzzle;Drama;2D;Mystery;Atmospheric;Singleplayer;Psychological Horror;Visual Novel;Thriller;Old School;Hand-drawn;Retro;Supernatural;RPG;Puzzle-Platformer;Narration;Conversation;Text-Based,1,20,9.99,9.99,0.0,0,40672,886,41558,0.9787,1,"500,000 .. 1,000,000",500000,1000000,750000,0,0,0,40
264200,One Finger Death Punch,Silver Dollar Games,Silver Dollar Games,"Action, Casual, Indie",Action;2D Fighter;Fast-Paced;Indie;Beat 'em up;Fighting;Singleplayer;Addictive;2D;Martial Arts;Casual;Difficult;Arcade;Great Soundtrack;Rhythm;Epic;Mouse only;Gore;Blood;Funny,3,20,4.99,4.99,0.0,0,15955,336,16291,0.9794,1,"500,000 .. 1,000,000",500000,1000000,750000,0,0,0,9
427410,Abiotic Factor,Deep Field Games,Playstack,"Action, Adventure, RPG, Simulation",Survival;Online Co-Op;Open World Survival Craft;Crafting;Base-Building;Early Access;Sci-fi;Co-op Campaign;Exploration;Multiplayer;Sandbox;FPS;First-Person;Building;Science;Simulation;Immersive Sim;PvE;Aliens;Adventure,4,20,34.99,34.99,0.0,0,30157,1117,31274,0.9643,1,"500,000 .. 1,000,000",500000,1000000,750000,0,0,0,1458
1881700,Undawn,Lightspeed Studios,Level Infinite,"Adventure, Massively Multiplayer, RPG, Free To Play",Open World;Massively Multiplayer;Survival;RPG;MMORPG;Post-apocalyptic;Multiplayer;Adventure;Crafting;Shooter;Sandbox;Co-op;PvP;Third-Person Shooter;PvE;Zombies;Free to Play;Character Customization;Third Person;Building,4,20,0.0,0.0,0.0,1,3439,2906,6345,0.542,0,"500,000 .. 1,000,000",500000,1000000,750000,0,0,0,451
24790,Command & Conquer 3: Tiberium Wars,EA Los Angeles,Electronic Arts,"Action, Strategy",Family Friendly;Level Editor;Strategy;RTS;Action;Multiplayer;Singleplayer;Action RTS;City Builder;Base-Building;Sci-fi;FMV;Atmospheric;Post-apocalyptic;War;Story Rich;Futuristic;Aliens;Classic;Great Soundtrack,2,20,19.88,19.88,0.0,0,7649,848,8497,0.9002,1,"500,000 .. 1,000,000",500000,1000000,750000,0,0,0,276
673610,Airport CEO,Apog Labs,Apog Labs,"Indie, Simulation, Strategy",Flight;Resource Management;Moddable;Management;Simulation;Singleplayer;Building;Immersive Sim;Strategy;Sandbox;Automation;Capitalism;Realistic;Top-Down;2D;Economy;Transportation;City Builder;Base-Building;Logic,3,20,24.99,24.99,0.0,0,6433,1251,7684,0.8372,1,"500,000 .. 1,000,000",500000,1000000,750000,0,0,0,182
1120810,Eastern Exorcist,Wildfire Game（无锡野火数字科技有限公司）,Wildfire Game（无锡野火数字科技有限公司）,"Action, Adventure, RPG",Action;RPG;Side Scroller;Adventure;2D;Souls-like;Hack and Slash;Action RPG;Platformer;Strategy;Hand-drawn;Fantasy;Singleplayer;Magic;Violent;Indie;Martial Arts;Difficult;Metroidvania;Early Access,3,20,17.99,17.99,0.0,0,5497,993,6490,0.847,1,"500,000 .. 1,000,000",500000,1000000,750000,0,0,0,6
1390350,Webbed,Sbug Games,Sbug Games,"Action, Adventure, Indie",2D Platformer;Cute;Pixel Graphics;Physics;Puzzle-Platformer;Exploration;2D;Platformer;Relaxing;Family Friendly;Indie;Action;Puzzle;Colorful;Cartoony;Nature;Collectathon;Fantasy;Atmospheric;Female Protagonist,3,20,9.99,9.99,0.0,0,13512,326,13838,0.9764,1,"500,000 .. 1,000,000",500000,1000000,750000,0,0,0,23
1010750,Blood Fresh Supply,"Nightdive Studios, Monolith Productions",Atari,Action,FPS;Shooter;2.5D;Horror;First-Person;Action;Old School;1990's;Retro;Pixel Graphics;Atmospheric;Dark;4 Player Local;Co-op Campaign;Co-op;Local Co-Op;Multiplayer;Local Multiplayer;Singleplayer;Online Co-Op,1,20,9.99,9.99,0.0,0,6775,305,7080,0.9569,1,"500,000 .. 1,000,000",500000,1000000,750000,0,0,0,40
1469280,SuchArt: Creative Space,Goose Minded,HypeTrain Digital,"Action, Adventure, Casual, Indie, Simulation, Free To Play",Simulation;Free to Play;Sandbox;Singleplayer;First-Person;Realistic;Funny;Physics;Family Friendly;Adventure;Casual;Indie;Multiplayer;3D;Life Sim;Relaxing;Immersive Sim;Management;Resource Management;VR,6,20,0.0,0.0,0.0,1,6872,144,7016,0.9795,1,"500,000 .. 1,000,000",500000,1000000,750000,0,0,0,16
620590,Ancestors Legacy,Destructive Creations,Destructive Creations,Strategy,Strategy;Medieval;RTS;Historical;Violent;Tactical;Real-Time;War;Multiplayer;Great Soundtrack;Atmospheric;Singleplayer;Vikings;Action;Gore;Co-op;Base-Building;Real Time Tactics;City Builder;Local Multiplayer,1,20,6.99,34.99,80.0,0,6597,1776,8373,0.7879,1,"500,000 .. 1,000,000",500000,1000000,750000,0,0,0,34
331470,Everlasting Summer,Soviet Games,Soviet Games,"Adventure, Casual, Indie, Free To Play",Visual Novel;Story Rich;Free to Play;Anime;Great Soundtrack;Choices Matter;Mature;Romance;Singleplayer;Nudity;Multiple Endings;2D;Dating Sim;Replay Value;Mystery;Adventure;Comedy;Indie;Classic;Casual,4,20,0.0,0.0,0.0,1,71592,3922,75514,0.9481,1,"500,000 .. 1,000,000",500000,1000000,750000,0,0,0,318
529180,Dark and Light,Snail Games USA,Snail Games USA,"Action, Adventure, Massively Multiplayer, RPG, Simulation, Early Access",Open World;Survival;Massively Multiplayer;RPG;Sandbox;Fantasy;Adventure;Magic;MMORPG;Early Access;Open World Survival Craft;Action;Multiplayer;Dragons;Simulation;Crafting;Base-Building;Medieval;PvP;Singleplayer,6,20,17.99,17.99,0.0,0,6133,5557,11690,0.5246,0,"500,000 .. 1,000,000",500000,1000000,750000,0,0,0,35
2208920,Assassin's Creed Valhalla,Ubisoft Montreal,Ubisoft,"Action, Adventure, RPG",Open World;Action;RPG;Adventure;Singleplayer;Vikings;Multiplayer;Third Person;Action-Adventure;Stealth;Violent;Assassin;Action RPG;Story Rich;Historical;Female Protagonist;Atmospheric;Medieval;Character Customization;Mythology,3,20,59.99,59.99,0.0,0,21554,9420,30974,0.6959,0,"500,000 .. 1,000,000",500000,1000000,750000,0,0,0,1379
1178490,港詭實錄ParanormalHK,Ghostpie Studio,"Ghostpie Studio, Gamera Games","Adventure, Indie",Horror;Sexual Content;Dating Sim;Psychological Horror;Nudity;Multiplayer;Adventure;Thriller;Funny;Puzzle;First-Person;Indie;Singleplayer;Drama;Atmospheric;FPS;Dark;Action;Walking Simulator;Co-op,2,20,12.99,12.99,0.0,0,17056,1889,18945,0.9003,1,"500,000 .. 1,000,000",500000,1000000,750000,0,0,0,170
1449690,The Walking Dead: The Telltale Definitive Series,Skybound Games,Skybound Games,Adventure,Choices Matter;Story Rich;Interactive Fiction;Horror;Multiple Endings;Comic Book;Adventure;Choose Your Own Adventure;Post-apocalyptic;Visual Novel;Zombies;Point & Click;Atmospheric;3D;Third Person;Dark;Dynamic Narration;Conversation;Dystopian;Narration,1,20,49.99,49.99,0.0,0,29969,1072,31041,0.9655,1,"500,000 .. 1,000,000",500000,1000000,750000,0,0,0,677
2406770,Bodycam,Reissad Studio,Reissad Studio,"Action, Indie, Massively Multiplayer, Simulation, Strategy, Early Access",Early Access;FPS;Realistic;Shooter;Military;Co-op;Horror;Zombies;Multiplayer;Team-Based;Immersive Sim;PvP;Action;First-Person;Tactical;Open World;Combat;Physics;Wargame;VR,6,20,33.32,33.32,0.0,0,25297,8507,33804,0.7483,1,"500,000 .. 1,000,000",500000,1000000,750000,0,0,0,422
891040,Pool 2D - Poolians,Poolians.com,Poolians.com,"Casual, Indie, Massively Multiplayer, Simulation, Sports, Free To Play",Free to Play;Pool;Multiplayer;Simulation;Sports;Massively Multiplayer;Casual;Indie;Bowling;Co-op;e-sports;Singleplayer;Tabletop;Board Game;3D;Funny;PvP;2D;Psychological Horror;Local Co-Op,6,20,0.0,0.0,0.0,1,8222,1216,9438,0.8712,1,"500,000 .. 1,000,000",500000,1000000,750000,0,0,0,262
519190,Next Day: Survival,SOFF Games,Last Level,"Action, Indie, RPG",Survival;Open World;Multiplayer;Post-apocalyptic;Crafting;Shooter;Co-op;Action;RPG;Singleplayer;PvP;Atmospheric;Sandbox;Adventure;PvE;Third-Person Shooter;Early Access;Simulation;Indie;MMORPG,3,20,9.99,9.99,0.0,0,6433,3857,10290,0.6252,0,"500,000 .. 1,000,000",500000,1000000,750000,0,0,0,3
321360,Primal Carnage: Extinction,"Circle Five Studios, Pub Games",Circle Five Publishing,"Action, Indie",Dinosaurs;Multiplayer;PvP;FPS;Character Customization;Class-Based;Team-Based;Arcade;Action;Shooter;Combat;First-Person;Third Person;Online Co-Op;Singleplayer;Gore;Violent;Hero Shooter;Controller;Competitive,2,20,12.99,12.99,0.0,0,7689,1548,9237,0.8324,1,"500,000 .. 1,000,000",500000,1000000,750000,0,0,0,34
606880,GreedFall,Spiders,Focus Entertainment,RPG,RPG;Open World;Character Customization;Singleplayer;Choices Matter;Story Rich;Sexual Content;Fantasy;Third Person;Adventure;Action RPG;Mature;Action;Action-Adventure;Nudity;Female Protagonist;Romance;Magic;Atmospheric;Multiplayer,1,20,3.49,34.99,90.0,0,15429,4673,20102,0.7675,1,"500,000 .. 1,000,000",500000,1000000,750000,0,0,0,69
690510,Immortal Soul: Black Survival,Nimble Neuron,"Nimble Neuron, Boltrend Global PTE.LTD","Free To Play, Indie, Strategy",Free to Play;Survival;Strategy;Anime;Indie;Multiplayer;Battle Royale;Nudity;RPG;PvP;Crafting;Adventure;Singleplayer;Sexual Content;MOBA;Psychological Horror;Horror;Early Access;Mature;Online Co-Op,3,20,0.0,0.0,0.0,1,4410,974,5384,0.8191,1,"500,000 .. 1,000,000",500000,1000000,750000,0,0,0,1
1147690,NGU IDLE,4G,4G,"Adventure, Indie, Simulation, Free To Play",Free to Play;Idler;Indie;Clicker;Adventure;Funny;Simulation;Singleplayer;RPG;Casual;Psychological Horror;Story Rich,4,12,0.0,0.0,0.0,1,11564,504,12068,0.9582,1,"500,000 .. 1,000,000",500000,1000000,750000,0,0,0,3382
45760,Ultra Street Fighter IV,Capcom,Capcom,Action,Fighting;Arcade;Competitive;2D Fighter;Local Multiplayer;Action;Multiplayer;Controller;e-sports;Difficult;Classic;Anime;Great Soundtrack;2.5D;Singleplayer;2D;Beat 'em up;Local Co-Op;Adventure;3D Vision,1,20,29.99,29.99,0.0,0,14173,1536,15709,0.9022,1,"500,000 .. 1,000,000",500000,1000000,750000,0,0,0,188
274920,FaceRig,Holotech Studios,Holotech Studios,"Animation & Modeling, Video Production",Animation & Modeling;Funny;Video Production;Comedy;Simulation;Memes;Cute;Software;Singleplayer;Family Friendly;3D Vision;3D;Indie;Fantasy;Action;Epic;Early Access;Beautiful;Utilities;FPS,2,20,0.0,0.0,0.0,1,6767,1622,8389,0.8067,1,"500,000 .. 1,000,000",500000,1000000,750000,0,0,0,105
638230,Journey,thatgamecompany,Annapurna Interactive,"Adventure, Indie",Beautiful;Atmospheric;Adventure;Indie;Exploration;Relaxing;Great Soundtrack;Co-op;Walking Simulator;Casual;Multiplayer;Story Rich;Stylized;Music;Family Friendly;Classic;Mystery;Narrative;3D;Singleplayer,2,20,14.99,14.99,0.0,0,32549,1963,34512,0.9431,1,"500,000 .. 1,000,000",500000,1000000,750000,0,0,0,60
1970580,Backpack Hero,Jaspel,"Pretty Soon, IndieArk","Adventure, Casual, Indie, RPG, Strategy",Replay Value;Turn-Based;Inventory Management;Roguelike Deckbuilder;Deckbuilding;2D;Fantasy;Rogue-like;Strategy;Building;Choices Matter;Turn-Based Strategy;Casual;Rogue-lite;Procedural Generation;Singleplayer;Card Battler;Controller;Female Protagonist;Moddable,5,20,19.99,19.99,0.0,0,6744,948,7692,0.8768,1,"500,000 .. 1,000,000",500000,1000000,750000,0,0,0,248
1017900,Age of Empires: Definitive Edition,"World's Edge, Forgotten Empires, Tantalus",Xbox Game Studios,Strategy,Strategy;RTS;Multiplayer;Base-Building;Singleplayer;City Builder;Historical;Classic;Remake;Medieval;Story Rich;Real-Time;Co-op;Great Soundtrack;Action;War;Isometric;Retro;Atmospheric;Adventure,1,20,19.99,19.99,0.0,0,11700,2240,13940,0.8393,1,"500,000 .. 1,000,000",500000,1000000,750000,0,0,0,559
370240,NBA 2K16,Visual Concepts,2K,Sports,Sports;Basketball;Multiplayer;Simulation;Singleplayer;Realistic;Co-op;Great Soundtrack;Controller;Atmospheric;Action;Online Co-Op;RPG;Free to Play;Open World,1,15,0.0,0.0,0.0,1,3817,3556,7373,0.5177,0,"500,000 .. 1,000,000",500000,1000000,750000,0,0,0,30
1015500,WWE 2K20,Visual Concepts,2K,"Simulation, Sports",Sports;Simulation;Fighting;Multiplayer;Wrestling;Character Customization,2,6,0.0,0.0,0.0,1,2517,3384,5901,0.4265,0,"500,000 .. 1,000,000",500000,1000000,750000,0,0,0,4
1898300,ASKA,Sand Sailor Studio,Thunderful Publishing,"Adventure, Simulation, Strategy, Early Access",Early Access;Online Co-Op;Multiplayer;Crafting;Co-op;Singleplayer;Simulation;Open World Survival Craft;Building;Survival;Base-Building;Colony Sim;Sandbox;Character Customization;Exploration;Action RPG;Dark Fantasy;Resource Management;Action-Adventure;Adventure,4,20,24.99,24.99,0.0,0,5660,1415,7075,0.8,1,"500,000 .. 1,000,000",500000,1000000,750000,0,0,0,701
327030,Worms W.M.D,Team17,Team17,"Action, Strategy",Strategy;Multiplayer;Action;Turn-Based Strategy;Funny;Local Multiplayer;2D;Turn-Based;Co-op;Shooter;Singleplayer;Comedy;Local Co-Op;Classic;Memes;Casual;Platformer;War;Adventure;Gore,2,20,29.99,29.99,0.0,0,10843,1818,12661,0.8564,1,"500,000 .. 1,000,000",500000,1000000,750000,0,0,0,181
446150,GUNS UP!,"Valkyrie Entertainment, LLC",PlayStation PC LLC,"Action, Casual, Free To Play, Strategy",Free to Play;Strategy;Tower Defense;Multiplayer;Base-Building;Action;War;Casual;Massively Multiplayer;Shooter;RTS;Early Access;Singleplayer,4,13,0.0,0.0,0.0,1,4993,1679,6672,0.7484,1,"500,000 .. 1,000,000",500000,1000000,750000,0,0,0,0
1127500,Mini Motorways,Dinosaur Polo Club,Dinosaur Polo Club,"Casual, Simulation, Strategy",Strategy;Simulation;Casual;Indie;Management;Minimalist;Puzzle;Relaxing;Transportation;Singleplayer;Building;Stylized;Top-Down;City Builder;Beautiful;Resource Management;Family Friendly;Great Soundtrack;Touch-Friendly;Rogue-like,3,20,9.99,9.99,0.0,0,20615,817,21432,0.9619,1,"500,000 .. 1,000,000",500000,1000000,750000,0,0,0,328
331600,One Piece Pirate Warriors 3,"KOEI TECMO GAMES CO., LTD.",BANDAI NAMCO Entertainment,Action,Anime;Action;Pirates;Adventure;Hack and Slash;Fighting;Beat 'em up;Multiplayer;Musou;Third Person;Singleplayer;Local Co-Op;Comedy;Story Rich;Co-op;JRPG;Funny;Great Soundtrack;Controller;Open World,1,20,5.19,51.98,90.0,0,8187,2165,10352,0.7909,1,"500,000 .. 1,000,000",500000,1000000,750000,0,0,0,32
48240,Anno 2070,"Blue Byte, Related Designs",Ubisoft,Strategy,Strategy;City Builder;Simulation;Futuristic;RTS;Resource Management;Economy;Multiplayer;Singleplayer;Management;Sci-fi;Building;Real-Time;Sandbox;Trading;Co-op;Great Soundtrack;Online Co-Op;4X;Story Rich,1,20,19.99,19.99,0.0,0,7469,4897,12366,0.604,0,"500,000 .. 1,000,000",500000,1000000,750000,0,0,0,60
8000,Tomb Raider: Anniversary,Crystal Dynamics,Crystal Dynamics,"Action, Adventure",Adventure;Action;Female Protagonist;Puzzle;Third Person;Platformer;Remake;Classic;Singleplayer;Action-Adventure;Dinosaurs;Third-Person Shooter;Parkour;Exploration;Shooter;3D Platformer;Story Rich;Atmospheric;3D Vision;Multiplayer,2,20,0.98,8.99,89.0,0,5488,1196,6684,0.8211,1,"500,000 .. 1,000,000",500000,1000000,750000,0,0,0,29
400630,Wuppo: Definitive Edition,snekflat,snekflat,"Action, Adventure, Indie, RPG",Metroidvania;Exploration;Platformer;2D;2D Platformer;Cute;Great Soundtrack;Puzzle;Action;Singleplayer;Funny;Story Rich;Co-op;Family Friendly;Score Attack;Colorful;Difficult;Local Co-Op;Puzzle-Platformer;Hand-drawn,4,20,14.99,14.99,0.0,0,5420,319,5739,0.9444,1,"500,000 .. 1,000,000",500000,1000000,750000,0,0,0,5
418340,RWBY: Grimm Eclipse,"Rooster Teeth Games, FarBridge",FarBridge,"Action, Adventure, Indie",Action;Hack and Slash;Anime;Female Protagonist;Co-op;Multiplayer;Adventure;Great Soundtrack;Online Co-Op;Indie;Beat 'em up;Third Person;Fighting;Early Access;Spectacle fighter;Cute;Action RPG;Fantasy;Team-Based;Singleplayer,3,20,11.99,19.99,40.0,0,9344,2209,11553,0.8088,1,"500,000 .. 1,000,000",500000,1000000,750000,0,0,0,4
212480,Sonic & All-Stars Racing Transformed Collection,Sumo Digital,SEGA,"Racing, Sports",Racing;Local Multiplayer;Multiplayer;Great Soundtrack;Local Co-Op;Sports;Split Screen;Arcade;Replay Value;4 Player Local;Controller;Family Friendly;Online Co-Op;Singleplayer;Fast-Paced;Colorful;Action;Co-op;Adventure;Touch-Friendly,2,20,19.99,19.99,0.0,0,16039,1104,17143,0.9356,1,"500,000 .. 1,000,000",500000,1000000,750000,0,0,0,41
2103140,Magicraft,Wave Games,bilibili,"Action, Adventure, Indie, RPG",Action Roguelike;Rogue-lite;Looter Shooter;Bullet Hell;Rogue-like;Strategy RPG;RPG;Top-Down;Deckbuilding;Procedural Generation;Action;Magic;Lovecraftian;Crafting;Adventure;Singleplayer;Indie;Addictive;Early Access;Multiplayer,4,20,15.99,15.99,0.0,0,12485,1048,13533,0.9226,1,"500,000 .. 1,000,000",500000,1000000,750000,0,0,0,600
1644960,NBA 2K22,Visual Concepts,2K,"Simulation, Sports",Sports;Basketball;Simulation;Realistic;Multiplayer;e-sports;3D;Singleplayer;Team-Based;Character Customization;Management;Controller;Trading;Deckbuilding;4 Player Local;Co-op;Gambling;Local Co-Op;Local Multiplayer;Online Co-Op,2,20,0.0,0.0,0.0,1,22503,16590,39093,0.5756,0,"500,000 .. 1,000,000",500000,1000000,750000,0,0,0,443
1341290,We Were Here Forever,Total Mayhem Games,Total Mayhem Games,"Adventure, Casual, Indie",Escape Room;Online Co-Op;Puzzle;Co-op;Multiplayer;Co-op Campaign;3D;Fantasy;Mystery;Exploration;Adventure;Psychological Horror;Detective;Story Rich;Atmospheric;Action-Adventure;Dark;Casual;First-Person;Horror,3,20,17.99,17.99,0.0,0,14823,1384,16207,0.9146,1,"500,000 .. 1,000,000",500000,1000000,750000,0,0,0,183
330840,Game of Thrones - A Telltale Games Series,Telltale Games,Telltale Games,Adventure,Story Rich;Episodic;Adventure;Choices Matter;Fantasy;Point & Click;Singleplayer;Atmospheric;Medieval;Choose Your Own Adventure;Interactive Fiction;Based On A Novel;Mature;Nudity;Gore;Female Protagonist;Dragons;War;Third Person;Casual,1,20,0.0,0.0,0.0,1,8030,2559,10589,0.7583,1,"500,000 .. 1,000,000",500000,1000000,750000,0,0,0,1
567630,Blood of Steel,YC Games,YC Games,"Action, Massively Multiplayer, Strategy, Free To Play",Hack and Slash;RPG;Medieval;Free to Play;Strategy;Multiplayer;War;Action;PvP;Sandbox;Massively Multiplayer;Horses;Historical;Tactical;RTS;Swordplay;MOBA;Online Co-Op;Grand Strategy;Adventure,4,20,0.0,0.0,0.0,1,5132,1646,6778,0.7572,1,"500,000 .. 1,000,000",500000,1000000,750000,0,0,0,110
3244220,A Game About Digging A Hole,DoubleBee,"rokaplay select, Drillhounds","Adventure, Indie",Exploration;Voxel;Sandbox;Mining;Horror;Simulation;Crafting;Economy;Procedural Generation;Adventure;Underground;First-Person;Singleplayer;Mystery;Atmospheric;3D;Casual;Loot;Colorful;Physics,2,20,4.99,4.99,0.0,0,12737,1492,14229,0.8951,1,"500,000 .. 1,000,000",500000,1000000,750000,0,0,0,248
1040200,Crime Scene Cleaner,President Studio,"President Studio, PlayWay S.A.","Action, Simulation",Simulation;Crime;Gore;Singleplayer;First-Person;Relaxing;Mature;Atmospheric;Action;Adventure;Funny;Realistic;Exploration;Life Sim;Indie;Stealth;Walking Simulator;Violent;Heist;Hacking,2,20,29.99,29.99,0.0,0,21567,451,22018,0.9795,1,"500,000 .. 1,000,000",500000,1000000,750000,0,0,0,596
263060,Blockstorm,GhostShark,IndieGala,"Action, Indie",Action;FPS;Multiplayer;Shooter;Indie;Building;Sandbox;First-Person;Character Customization;Voxel;Pixel Graphics;Open World;Zombies;Gun Customization;Destruction;Level Editor;Singleplayer;Massively Multiplayer;Free to Play;Casual,2,20,0.0,0.0,0.0,1,5099,1275,6374,0.8,1,"500,000 .. 1,000,000",500000,1000000,750000,0,0,0,0
324810,TOXIKK,Reakktor Studios,Schwiezer System GmbH,"Action, Free To Play, Indie",FPS;Action;Free to Play;Multiplayer;Arena Shooter;Shooter;Indie;First-Person;Fast-Paced;Singleplayer;Competitive;Sci-fi;Classic;Open World;Co-op;PvP;Parkour;Massively Multiplayer;Strategy;Early Access,3,20,0.0,0.0,0.0,1,4485,1326,5811,0.7718,1,"500,000 .. 1,000,000",500000,1000000,750000,0,0,0,67
1584090,Touhou Mystia's Izakaya,"二色幽紫蝶, Re零同人社","二色幽紫蝶, Re零同人社","Casual, Indie, RPG, Simulation",Pixel Graphics;Casual;Simulation;RPG;Time Management;Faith;Anime;Comedy;JRPG;Cooking;2D;Capitalism;Female Protagonist;Story Rich;Drama;Clicker;Cartoon;1990's;Old School;Economy,4,20,5.99,5.99,0.0,0,27672,577,28249,0.9796,1,"500,000 .. 1,000,000",500000,1000000,750000,0,0,0,852
1601580,Frostpunk 2,11 bit studios,11 bit studios,"Simulation, Strategy",Strategy;City Builder;Survival;Resource Management;Post-apocalyptic;Simulation;Singleplayer;Steampunk;Sequel;Management;Atmospheric;Base-Building;Choices Matter;Political Sim;Great Soundtrack;Violent;Politics;Snow;Colony Sim;Psychological Horror,2,20,44.99,44.99,0.0,0,16477,5151,21628,0.7618,1,"500,000 .. 1,000,000",500000,1000000,750000,0,0,0,525
393420,Hurtworld,Bankroll Studios,Bankroll Studios,"Action, Adventure, Simulation",Survival;FPS;Open World;Multiplayer;Open World Survival Craft;Crafting;Building;PvP;Sandbox;Adventure;Action;Early Access;Co-op;First-Person;Shooter;Simulation;Third Person;Singleplayer;Indie;Cartoony,3,20,24.99,24.99,0.0,0,23689,7469,31158,0.7603,1,"500,000 .. 1,000,000",500000,1000000,750000,0,0,0,20
1267910,Melvor Idle,Games by Malcs,Jagex Ltd,"Adventure, Casual, Indie, RPG",Idler;RPG;Casual;Indie;Singleplayer;Adventure;2D;Mining;Automation;Minimalist;Fantasy;Crafting;Cartoon;Magic;Colorful;Point & Click;Combat;Demons;Fishing;Early Access,4,20,9.99,9.99,0.0,0,13146,1392,14538,0.9043,1,"500,000 .. 1,000,000",500000,1000000,750000,0,0,0,4551
48220,Might & Magic: Heroes VI,Blackhole,Ubisoft,"RPG, Strategy",Strategy;Turn-Based Strategy;RPG;Turn-Based;Fantasy;Multiplayer;Singleplayer;Tactical;Base-Building;Local Multiplayer;Magic;Adventure,2,12,9.99,9.99,0.0,0,4234,4656,8890,0.4763,0,"500,000 .. 1,000,000",500000,1000000,750000,0,0,0,111
207170,Legend of Grimrock,Almost Human Games,Almost Human Games,"Adventure, Indie, RPG",Dungeon Crawler;RPG;Grid-Based Movement;Indie;Fantasy;Old School;Adventure;Party-Based RPG;Singleplayer;First-Person;Puzzle;Real-Time;Atmospheric;Moddable;Retro;Difficult;Character Customization;Action;Tactical;Level Editor,3,20,14.99,14.99,0.0,0,5995,406,6401,0.9366,1,"500,000 .. 1,000,000",500000,1000000,750000,0,0,0,8
40300,Risen,"Piranha Bytes, THQ Nordic",THQ Nordic,RPG,RPG;Open World;Gothic;Fantasy;Adventure;Singleplayer;Atmospheric;Third Person;Exploration;Action;Magic;Dark Fantasy;Action RPG;Story Rich;Great Soundtrack;Medieval;Difficult;Classic;Sandbox;Character Customization,1,20,14.99,14.99,0.0,0,8736,1104,9840,0.8878,1,"500,000 .. 1,000,000",500000,1000000,750000,0,0,0,49
2290180,Riders Republic,"Ubisoft Annecy, Ubisoft Belgrade, Ubisoft Kyiv, Ubisoft Pune, Ubisoft Odesa",Ubisoft Entertainment,"Massively Multiplayer, Sports",Racing;Open World;Sports;Massively Multiplayer;Bikes;Multiplayer;PvP;Snowboarding;Third Person;Skiing;Cycling;BMX;First-Person;Online Co-Op;Co-op;Singleplayer;Colorful;Skateboarding,2,18,39.99,39.99,0.0,0,16364,3147,19511,0.8387,1,"500,000 .. 1,000,000",500000,1000000,750000,0,0,0,171
385800,NEKOPARA Vol. 0,NEKO WORKs,Sekai Project,"Casual, Indie",Anime;Nudity;Sexual Content;Visual Novel;Cute;Mature;Hentai;Singleplayer;First-Person;Dating Sim;Casual;2D;Story Rich;Indie;Cats;Romance;Great Soundtrack;Funny;Linear;Female Protagonist,2,20,2.99,2.99,0.0,0,16447,1078,17525,0.9385,1,"500,000 .. 1,000,000",500000,1000000,750000,0,0,0,20
237990,The Banner Saga,Stoic,Stoic Studio,"Indie, RPG, Strategy",RPG;Turn-Based;Strategy;Indie;Tactical;Turn-Based Strategy;Story Rich;Fantasy;Great Soundtrack;Kickstarter;Tactical RPG;Choices Matter;Hand-drawn;Atmospheric;Singleplayer;2D;Strategy RPG;Crowdfunded;Adventure;Vikings,3,20,24.99,24.99,0.0,0,13812,1711,15523,0.8898,1,"500,000 .. 1,000,000",500000,1000000,750000,0,0,0,24
427190,DEAD RISING,Capcom,Capcom,"Action, Adventure",Zombies;Action;Adventure;Singleplayer;Open World;Third Person;Survival;Gore;Sandbox;Funny;Classic;Horror;Survival Horror;Comedy;Great Soundtrack;Difficult;Memes;Multiplayer;Beat 'em up;Nudity,2,20,9.99,9.99,0.0,0,5942,799,6741,0.8815,1,"500,000 .. 1,000,000",500000,1000000,750000,0,0,0,40
1301210,Knockout City,Velan Studios,Velan Studios,"Action, Adventure, Free To Play, Indie, Sports",Multiplayer;Sports;Team-Based;Third Person;PvP;Action-Adventure;Action;Co-op;Physics;Competitive;Adventure;Free to Play;LGBTQ+;Indie;Fighting;Fast-Paced;Singleplayer;Character Customization;Controller;Action Roguelike,5,20,0.0,0.0,0.0,1,7196,1224,8420,0.8546,1,"500,000 .. 1,000,000",500000,1000000,750000,0,0,0,0
294860,Valkyria Chronicles,SEGA,SEGA,"Action, RPG, Strategy",Anime;Strategy;Turn-Based;Story Rich;JRPG;RPG;Tactical;Singleplayer;Great Soundtrack;Strategy RPG;Tactical RPG;War;Tanks;Third Person;Turn-Based Strategy;Action;World War II;Romance;Female Protagonist;Classic,3,20,19.99,19.99,0.0,0,11613,1263,12876,0.9019,1,"500,000 .. 1,000,000",500000,1000000,750000,0,0,0,37
25000,Overgrowth,Wolfire Games,Wolfire Games,"Action, Indie",Action;Parkour;Indie;Martial Arts;Sandbox;Fighting;Fast-Paced;Physics;Gore;Moddable;Combat;Open World;Ninja;Third Person;Multiplayer;Singleplayer;Difficult;Funny;Adventure;Local Co-Op,2,20,19.99,19.99,0.0,0,6876,1687,8563,0.803,1,"500,000 .. 1,000,000",500000,1000000,750000,0,0,0,28
2198150,Tiny Glade,Pounce Light,Pounce Light,"Casual, Indie, Simulation",Building;Design & Illustration;Relaxing;Sandbox;Cozy;Casual;Medieval;Indie;Procedural Generation;Experimental;Cute;Family Friendly;Nature;Top-Down;First-Person;Simulation;Colorful;Singleplayer;Stylized;Atmospheric,3,20,14.99,14.99,0.0,0,19362,483,19845,0.9757,1,"500,000 .. 1,000,000",500000,1000000,750000,0,0,0,291
746850,Cloudpunk,ION LANDS,"ION LANDS, Maple Whispering Limited","Adventure, Indie, RPG",Cyberpunk;Open World;Atmospheric;Sci-fi;Futuristic;Story Rich;Driving;Female Protagonist;Exploration;Singleplayer;Voxel;Walking Simulator;Adventure;Third Person;RPG;Mature;First-Person;Indie;Action;Great Soundtrack,3,20,19.99,19.99,0.0,0,12760,1751,14511,0.8793,1,"500,000 .. 1,000,000",500000,1000000,750000,0,0,0,15
6020,STAR WARS Jedi Knight - Jedi Academy,Raven Software,"LucasArts, Lucasfilm, Disney",Action,Action;Sci-fi;Third Person;Multiplayer;Classic;Singleplayer;Swordplay;Character Customization;Moddable;FPS;Adventure;Shooter;First-Person;RPG;Third-Person Shooter;Great Soundtrack;Hack and Slash;Fighting;Female Protagonist;Story Rich,1,20,9.99,9.99,0.0,0,12746,524,13270,0.9605,1,"500,000 .. 1,000,000",500000,1000000,750000,0,0,0,138
743450,Monster Prom,Beautiful Glitch,"Xelu, Those Awesome Guys","Indie, Simulation",Dating Sim;Comedy;LGBTQ+;Multiplayer;Choices Matter;Visual Novel;Funny;Indie;Simulation;Sexual Content;Local Multiplayer;Fantasy;Story Rich;Demons;Vampire;Online Co-Op;Nudity;Zombies;Great Soundtrack;Life Sim,2,20,2.39,11.99,80.0,0,13052,946,13998,0.9324,1,"500,000 .. 1,000,000",500000,1000000,750000,0,0,0,68
610370,Desperados III,Mimimi Games,THQ Nordic,Strategy,Real Time Tactics;Strategy;Stealth;Western;Tactical;Isometric;Singleplayer;Assassin;Difficult;Third Person;Atmospheric;Action;Historical;Violent;Top-Down;Adventure;Indie;Survival;RTS;Great Soundtrack,1,20,39.99,39.99,0.0,0,14055,485,14540,0.9666,1,"500,000 .. 1,000,000",500000,1000000,750000,0,0,0,116
24740,Burnout Paradise: The Ultimate Box,Criterion Games,Electronic Arts,Racing,Racing;Open World;Automobile Sim;Multiplayer;Destruction;Great Soundtrack;Driving;Singleplayer;Arcade;Exploration;Sandbox;Action;Controller;Co-op;Fast-Paced;Sports;Third Person;Online Co-Op;3D Vision;Funny,1,20,0.0,0.0,0.0,1,11675,1711,13386,0.8722,1,"500,000 .. 1,000,000",500000,1000000,750000,0,0,0,16
16450,F.E.A.R. 2: Project Origin,Monolith,"Warner Bros. Games, Warner Bros. Interactive Entertainment",Action,Horror;FPS;Action;Gore;Singleplayer;Shooter;Multiplayer;Bullet Time;Psychological Horror;First-Person;Atmospheric;Co-op;Jump Scare;Classic;Sci-fi;Violent;Story Rich;Nudity;Sequel;Survival Horror,1,20,14.99,14.99,0.0,0,7280,1269,8549,0.8516,1,"500,000 .. 1,000,000",500000,1000000,750000,0,0,0,41
24720,SPORE Galactic Adventures,EA - Maxis,Electronic Arts,"Action, Simulation",Simulation;Action;Space;Adventure;Exploration;Open World;Sandbox;Singleplayer;Strategy;Sci-fi;God Game;Multiplayer;Funny;RPG;Comedy;Crafting;Character Customization;Level Editor;Atmospheric;Casual,2,20,19.99,19.99,0.0,0,6439,791,7230,0.8906,1,"500,000 .. 1,000,000",500000,1000000,750000,0,0,0,136
17500,Zombie Panic! Source,Zombie Panic! Team,Zombie Panic! Team,"Action, Adventure, Casual, Indie, Free To Play",Free to Play;Zombies;Multiplayer;Action;Survival;Horror;Mod;FPS;Indie;Co-op;Online Co-Op;First-Person;Shooter;Adventure;Team-Based;Survival Horror;Gore;Casual;Atmospheric;Dark,5,20,0.0,0.0,0.0,1,6541,1185,7726,0.8466,1,"500,000 .. 1,000,000",500000,1000000,750000,0,0,0,13
21000,LEGO Batman: The Videogame,Traveller's Tales,Warner Bros. Interactive Entertainment,"Action, Adventure",LEGO;Action;Adventure;Local Co-Op;Superhero;Co-op;Family Friendly;Singleplayer;Comedy;Multiplayer;Comic Book;Funny;Local Multiplayer;Third Person;Controller;Classic;Split Screen;Character Customization;Puzzle;Open World,2,20,19.99,19.99,0.0,0,11083,1296,12379,0.8953,1,"500,000 .. 1,000,000",500000,1000000,750000,0,0,0,118
537800,Bomber Crew,Runner Duck,Curve Games,"Simulation, Strategy",World War II;Simulation;Strategy;Management;Flight;Singleplayer;War;Indie;Difficult;Survival;Action;Military;Casual;Rogue-like;Cartoony;Perma Death;3D;Rogue-lite;Cute;Atmospheric,2,20,15.99,15.99,0.0,0,12925,1812,14737,0.877,1,"500,000 .. 1,000,000",500000,1000000,750000,0,0,0,60
546050,Puyo PuyoTetris,"Sonic Team, Bitbaboon",SEGA,"Action, Casual",Puzzle;Casual;Competitive;Multiplayer;Action;Cute;Anime;Colorful;Local Multiplayer;Arcade;Great Soundtrack;2D;Classic;4 Player Local;Difficult;Female Protagonist;Funny;Singleplayer;Fighting;Comedy,2,20,19.99,19.99,0.0,0,4654,865,5519,0.8433,1,"500,000 .. 1,000,000",500000,1000000,750000,0,0,0,32
115800,Owlboy,D-Pad Studio,D-Pad Studio,"Action, Adventure, Indie",Pixel Graphics;Adventure;Indie;Platformer;Metroidvania;2D;Story Rich;Atmospheric;Fantasy;Action;Puzzle-Platformer;Singleplayer;Retro;Action-Adventure;Flight;Funny;Cute;2D Platformer;Great Soundtrack;Pirates,3,20,19.99,19.99,0.0,0,4918,956,5874,0.8372,1,"500,000 .. 1,000,000",500000,1000000,750000,0,0,0,7
564710,Soda Dungeon,"AN Productions, Poxpower",Armor Games Studios,"Casual, RPG, Free To Play",Free to Play;RPG;Pixel Graphics;Casual;2D;Clicker;Turn-Based;Dungeon Crawler;Singleplayer;Adventure;Fantasy;Strategy;Indie;Action;Comedy;Turn-Based Combat;Great Soundtrack;Idler;Multiplayer;Point & Click,3,20,0.0,0.0,0.0,1,5814,350,6164,0.9432,1,"500,000 .. 1,000,000",500000,1000000,750000,0,0,0,72
405310,LEGO MARVEL's Avengers,"Traveller's Tales, TT Games, Feral Interactive (Mac)","Warner Bros. Interactive Entertainment, Feral Interactive (Mac)","Action, Adventure",LEGO;Open World;Superhero;Adventure;Action;Multiplayer;Local Co-Op;Comedy;Funny;Co-op;Third Person;Singleplayer;Family Friendly;Local Multiplayer;Split Screen;Comic Book;Online Co-Op;Puzzle;Atmospheric;Casual,2,20,19.99,19.99,0.0,0,6950,940,7890,0.8809,1,"500,000 .. 1,000,000",500000,1000000,750000,0,0,0,97
641320,Cooking Simulator,Big Cheese Studio,Big Cheese Studio,"Casual, Simulation",Simulation;Cooking;Singleplayer;Realistic;Sandbox;Funny;Physics;First-Person;Family Friendly;Management;Co-op;Relaxing;Crafting;Comedy;Resource Management;Replay Value;Economy;Action;Memes;Female Protagonist,2,20,4.99,19.99,75.0,0,15767,2840,18607,0.8474,1,"500,000 .. 1,000,000",500000,1000000,750000,0,0,0,74
1013320,Firestone: Online Idle RPG,Holyday Studios,Holyday Studios,"Action, Adventure, Casual, Indie, Massively Multiplayer, RPG, Simulation, Strategy, Free To Play",Idler;Clicker;RPG;Free to Play;Action;Simulation;Auto Battler;Co-op;MMORPG;Violent;Multiplayer;Massively Multiplayer;Time Management;Online Co-Op;2D;PvE;Team-Based;Indie;PvP;Gore,9,20,0.0,0.0,0.0,1,4891,1401,6292,0.7773,1,"500,000 .. 1,000,000",500000,1000000,750000,0,0,0,1785
1647160,Deepest Sword,Cosmic Adventure Squad,Cosmic Adventure Squad,Indie,Pixel Graphics;2D Platformer;Side Scroller;Puzzle-Platformer;Platformer;2D;Free to Play;Precision Platformer;Dragons;Puzzle;Sexual Content;Fantasy;Funny;Medieval;Swordplay;Singleplayer;Linear;Indie;Physics;Action,1,20,0.0,0.0,0.0,1,9064,1360,10424,0.8695,1,"500,000 .. 1,000,000",500000,1000000,750000,0,0,0,15
1102190,Monster Train,Shiny Shoe,Good Shepherd Entertainment,Strategy,Card Battler;Rogue-lite;Card Game;Turn-Based Tactics;Deckbuilding;Rogue-like;Turn-Based Strategy;PvP;Strategy;Difficult;Roguelike Deckbuilder;Turn-Based Combat;RPG;Choices Matter;Procedural Generation;Colorful;Fantasy;Demons;Magic;Trains,1,20,24.99,24.99,0.0,0,20995,873,21868,0.9601,1,"500,000 .. 1,000,000",500000,1000000,750000,0,0,0,595
895400,Deadside,Bad Pixel,"Bad Pixel, tinyBuild","Action, Adventure, Indie, Massively Multiplayer",Survival;Open World Survival Craft;FPS;Post-apocalyptic;PvP;Open World;Multiplayer;Third-Person Shooter;Base-Building;Shooter;First-Person;Co-op;Realistic;Action;Crafting;Adventure;Massively Multiplayer;Online Co-Op;Third Person;Looter Shooter,4,20,24.99,24.99,0.0,0,29504,9077,38581,0.7647,1,"500,000 .. 1,000,000",500000,1000000,750000,0,0,0,698
506610,Five Nights at Freddy's: Sister Location,Scott Cawthon,Scott Cawthon,"Action, Indie, Simulation",Horror;Survival Horror;Singleplayer;Robots;First-Person;Dark;Difficult;Survival;Strategy;Indie;Story Rich;Mystery;Psychological Horror;Atmospheric;Simulation;Lore-Rich;Memes;Funny;Adventure;Gore,3,20,7.99,7.99,0.0,0,10566,1099,11665,0.9058,1,"500,000 .. 1,000,000",500000,1000000,750000,0,0,0,30
218640,Lucius,Shiver Games,Shiver Games,"Action, Adventure, Indie",Horror;Adventure;Villain Protagonist;Gore;Nudity;Singleplayer;Puzzle;Indie;Third Person;Action;Stealth;Dark;Psychological Horror;Mature;Atmospheric;Violent;Story Rich;Difficult;Funny;Open World,3,20,9.99,9.99,0.0,0,8528,1987,10515,0.811,1,"500,000 .. 1,000,000",500000,1000000,750000,0,0,0,20
332570,Amazing Frog?,Fayju,Fayju,"Action, Adventure, Indie, Early Access",Early Access;4 Player Local;Open World;Split Screen;Physics;Action-Adventure;Sandbox;Indie;Controller;Character Customization;Singleplayer;Local Co-Op;Adventure;Funny;Exploration;Party;Parkour;Driving;Choose Your Own Adventure;Action,4,20,19.99,19.99,0.0,0,10189,648,10837,0.9402,1,"500,000 .. 1,000,000",500000,1000000,750000,0,0,0,65
384300,CPUCores :: Maximize Your FPS,Smorb Software,Smorb Software,"Design & Illustration, Utilities",Utilities;Software;Gaming;Hardware;FPS;Mod;Singleplayer;Design & Illustration;Indie;Mouse only;Action,2,11,16.99,16.99,0.0,0,8507,3404,11911,0.7142,1,"500,000 .. 1,000,000",500000,1000000,750000,0,0,0,98
22100,Mount & Blade,TaleWorlds Entertainment,TaleWorlds Entertainment,"Indie, RPG",RPG;Medieval;Open World;Strategy;Sandbox;Action;Singleplayer;Adventure;Third Person;Multiplayer;Indie;Moddable;Historical;Action RPG;Character Customization;First-Person;Simulation;Replay Value;Fantasy;War,2,20,9.99,9.99,0.0,0,5934,498,6432,0.9226,1,"500,000 .. 1,000,000",500000,1000000,750000,0,0,0,51
221680,Rocksmith 2014 Edition REMASTERED LEARN & PLAY,"Ubisoft - San Francisco, Ubisoft - Osaka",Ubisoft,"Casual, Simulation",Music;Education;Simulation;Rhythm;Great Soundtrack;Casual;Local Co-Op;Singleplayer;Rock Music;Difficult;Moddable;Co-op;Addictive;Multiplayer,2,14,9.99,9.99,0.0,0,21217,2633,23850,0.8896,1,"500,000 .. 1,000,000",500000,1000000,750000,0,0,0,683
694280,Zombie Army 4: Dead War,Rebellion,Rebellion,Action,Zombies;Action;Shooter;Multiplayer;Co-op;Third-Person Shooter;Singleplayer;Third Person;Gore;Adventure;Horror;Sniper;PvE;Violent;World War II;Alternate History;Combat;Dark;Demons;Open World,1,20,49.99,49.99,0.0,0,7974,1299,9273,0.8599,1,"500,000 .. 1,000,000",500000,1000000,750000,0,0,0,431
396750,EVERSPACE,ROCKFISH Games,ROCKFISH Games,"Action, Indie",Space;Action Roguelike;Action;Indie;Sci-fi;Space Sim;Rogue-lite;Singleplayer;Flight;Shooter;VR;Rogue-like;6DOF;Exploration;Survival;Difficult;Arcade;Great Soundtrack;Simulation;First-Person,2,20,19.99,19.99,0.0,0,8668,2352,11020,0.7866,1,"500,000 .. 1,000,000",500000,1000000,750000,0,0,0,44
493540,Figment,Bedtime Digital Games,Bedtime Digital Games,"Action, Adventure, Casual, Indie",Adventure;Indie;Puzzle;Action;Hand-drawn;Great Soundtrack;Singleplayer;Surreal;Isometric;Atmospheric;Colorful;Cute;Funny;Controller;Story Rich;Music;Casual;Exploration;Action-Adventure;Multiplayer,4,20,3.99,19.99,80.0,0,4610,674,5284,0.8724,1,"500,000 .. 1,000,000",500000,1000000,750000,0,0,0,4
320240,We Happy Few,Compulsion Games,Compulsion Games,"Action, Adventure, Indie",Adventure;Open World;Action;Survival;Dystopian;First-Person;Indie;Psychological Horror;Horror;Singleplayer;Atmospheric;Stealth;Exploration;Dark;Crafting;Survival Horror;Mature;Procedural Generation;Story Rich;Early Access,3,20,59.99,59.99,0.0,0,10225,3102,13327,0.7672,1,"500,000 .. 1,000,000",500000,1000000,750000,0,0,0,57
1911390,Knightfall: A Daring Journey,Landfall,Landfall,"Action, Indie, Racing, Free To Play",Indie;Racing;Online Co-Op;Horses;Battle Royale;Medieval;Romance;Funny;Shooter;Action;PvP;Team-Based;Adventure;Co-op;First-Person;Multiplayer;Combat;Dating Sim;Singleplayer;3D,4,20,0.0,0.0,0.0,1,6909,828,7737,0.893,1,"500,000 .. 1,000,000",500000,1000000,750000,0,0,0,8
1372280,MELTY BLOOD: TYPE LUMINA,"FRENCH-BREAD, TYPE-MOON, Lasengle Inc., TAMSOFT CORPORATION, GameLoop Inc.",Lasengle Inc.,Action,Fighting;2D Fighter;Anime;Pixel Graphics;Vampire;Arcade;Multiplayer;Competitive;PvP;Story Rich;Spectacle fighter;Lore-Rich;e-sports;Action;Controller;2D;Modern;Visual Novel;Singleplayer;Tutorial,1,20,49.99,49.99,0.0,0,8484,1118,9602,0.8836,1,"500,000 .. 1,000,000",500000,1000000,750000,0,0,0,42
412830,STEINS;GATE,MAGES. Inc.,"Spike Chunsoft Co., Ltd.",Adventure,Visual Novel;Story Rich;Anime;Time Travel;Sci-fi;Great Soundtrack;Multiple Endings;Choices Matter;Singleplayer;Science;Adventure;Atmospheric;Romance;Mystery;Psychological Horror;Thriller;Memes;Dating Sim;Horror;Casual,1,20,29.99,29.99,0.0,0,20531,547,21078,0.974,1,"500,000 .. 1,000,000",500000,1000000,750000,0,0,0,157
71340,Sonic Generations Collection,Devil's Details,SEGA,Action,Platformer;Great Soundtrack;Action;Fast-Paced;3D Platformer;Singleplayer;2D;Moddable;Adventure;Family Friendly;Classic;Colorful;Retro;Time Travel;3D;Controller;Third Person;Replay Value;3D Vision;Funny,1,20,51.79,51.79,0.0,0,23609,1623,25232,0.9357,1,"500,000 .. 1,000,000",500000,1000000,750000,0,0,0,35
402570,Atlas Reactor,Trion Worlds,Trion Worlds,"Free To Play, Strategy",Free to Play;Multiplayer;Strategy;Turn-Based Tactics;Turn-Based;PvP;Tactical;Online Co-Op;Turn-Based Combat;MOBA;Action;Competitive;Sci-fi;Turn-Based Strategy;Co-op;Funny;Shooter;Singleplayer;Early Access;Survival,2,20,0.0,0.0,0.0,1,4407,873,5280,0.8347,1,"500,000 .. 1,000,000",500000,1000000,750000,0,0,0,1
248390,Craft The World,"Dekovir Entertainment, Sibear Games",Dekovir Ltd,"Indie, RPG, Simulation, Strategy",Dwarf;Colony Sim;Crafting;Building;Sandbox;Survival;Open World;Strategy;Indie;Simulation;City Builder;RPG;2D;Multiplayer;Singleplayer;Resource Management;Fantasy;Adventure;God Game;Tower Defense,4,20,18.99,18.99,0.0,0,14118,1834,15952,0.885,1,"500,000 .. 1,000,000",500000,1000000,750000,0,0,0,303
239070,Hammerwatch,Crackshell,Team17,"Action, Adventure, Indie, RPG",Dungeon Crawler;Indie;RPG;Co-op;Pixel Graphics;Action;Local Co-Op;Online Co-Op;Adventure;Hack and Slash;Retro;Fantasy;Multiplayer;2D;Top-Down;4 Player Local;Local Multiplayer;Singleplayer;Rogue-like;Level Editor,4,20,9.99,9.99,0.0,0,5754,681,6435,0.8942,1,"500,000 .. 1,000,000",500000,1000000,750000,0,0,0,5
1139980,Travellers Rest,Isolated Games,"Isolated Games, IndieArk","Adventure, Casual, Indie, RPG, Simulation, Early Access",Life Sim;Pixel Graphics;Management;Farming Sim;RPG;Medieval;Crafting;Immersive Sim;Building;Collectathon;Fantasy;Resource Management;Singleplayer;Colorful;Adventure;Indie;Isometric;Early Access;Inventory Management;Simulation,6,20,13.49,17.99,25.0,0,12297,1603,13900,0.8847,1,"500,000 .. 1,000,000",500000,1000000,750000,0,0,0,990
2239150,Thronefall,"GrizzlyGames, Mythwright",Mythwright,"Action, Indie, Strategy",Tower Defense;Strategy;City Builder;Minimalist;Medieval;Action;Action RTS;Building;3D;Base-Building;Colorful;Isometric;Stylized;Fantasy;Combat;Singleplayer;Indie;Controller;Hack and Slash;Early Access,3,20,12.99,12.99,0.0,0,19846,698,20544,0.966,1,"500,000 .. 1,000,000",500000,1000000,750000,0,0,0,373
1241510,The Test,Randumb Studios,Randumb Studios,"Adventure, Casual, Indie, RPG, Simulation",Choose Your Own Adventure;Simulation;Multiple Endings;Story Rich;Pixel Graphics;Psychological Horror;Psychological;Singleplayer;Choices Matter;Horror;Visual Novel;Atmospheric;Mystery;Investigation;RPG;Detective;Casual;JRPG;Survival Horror;Immersive Sim,5,20,1.19,1.99,40.0,0,19334,620,19954,0.9689,1,"500,000 .. 1,000,000",500000,1000000,750000,0,0,0,3
300550,Shadowrun: Dragonfall - Director's Cut,Harebrained Schemes,Paradox Interactive,"Adventure, Indie, RPG, Strategy",RPG;Cyberpunk;Turn-Based;Isometric;Story Rich;Strategy;Sci-fi;Tactical;Singleplayer;CRPG;Indie;Turn-Based Tactics;Adventure;Fantasy;Atmospheric;Turn-Based Strategy;Kickstarter;Moddable;Female Protagonist;Touch-Friendly,4,20,14.99,14.99,0.0,0,5652,661,6313,0.8953,1,"500,000 .. 1,000,000",500000,1000000,750000,0,0,0,33
204030,Fable - The Lost Chapters,Lionhead Studios,Xbox Game Studios,"Action, Adventure, RPG",RPG;Adventure;Action;Fantasy;Third Person;Singleplayer;Choices Matter;Classic;Atmospheric;Open World;Magic;Story Rich;Great Soundtrack;Action RPG;Comedy;Character Customization;Exploration;Medieval;Dark Fantasy;Replay Value,3,20,9.99,9.99,0.0,0,7152,586,7738,0.9243,1,"500,000 .. 1,000,000",500000,1000000,750000,0,0,0,30
605740,"Flashing Lights - Police, Firefighting, Emergency Services (EMS) Simulator",Nils Jakrins,Excalibur Games,"Action, Indie, Massively Multiplayer, RPG, Simulation",Adventure;Driving;Simulation;Automobile Sim;Physics;Crime;Shooter;Open World;Realistic;Third-Person Shooter;Destruction;RPG;Multiplayer;Sandbox;Third Person;Exploration;FPS;America;Massively Multiplayer;Action,5,20,24.99,24.99,0.0,0,13686,3277,16963,0.8068,1,"500,000 .. 1,000,000",500000,1000000,750000,0,0,0,311
2027330,GoreBox,F2Games,F2Games,"Action, Casual, Indie, Simulation",Gore;Sandbox;Violent;Physics;FPS;Shooter;PvE;Stylized;First-Person;3D;Level Editor;PvP;Voxel;Action;Immersive Sim;Exploration;Relaxing;Controller;Colorful;Atmospheric,4,20,8.99,8.99,0.0,0,13136,1368,14504,0.9057,1,"500,000 .. 1,000,000",500000,1000000,750000,0,0,0,509
1715130,Crysis Remastered,Crytek,Crytek,Action,Action;FPS;Shooter;Sci-fi;Stealth;Sandbox;Singleplayer;Aliens;Atmospheric;Futuristic;Cinematic;Adventure;Realistic;Tactical;America;First-Person;Violent;Multiplayer;Survival;Open World,1,20,29.99,29.99,0.0,0,9972,3146,13118,0.7602,1,"500,000 .. 1,000,000",500000,1000000,750000,0,0,0,83
1649240,Returnal,"Housemarque, Climax Studios",PlayStation Publishing LLC,Action,Action;Bullet Hell;Rogue-like;Singleplayer;Co-op;Female Protagonist;Online Co-Op;Action Roguelike;Third-Person Shooter;Space;Shooter;Sci-fi;Multiplayer;Difficult;Rogue-lite;Psychological Horror;Atmospheric;Horror;Souls-like;Metroidvania,1,20,59.99,59.99,0.0,0,6925,1521,8446,0.8199,1,"500,000 .. 1,000,000",500000,1000000,750000,0,0,0,84
866800,The Walking Dead: The Final Season,Telltale Games,Skybound Games,Adventure,Story Rich;Choices Matter;Zombies;Adventure;Choose Your Own Adventure;Singleplayer;Female Protagonist;Post-apocalyptic;Survival;Atmospheric;Horror;Violent;Drama;Action;Gore;Episodic;Comic Book;Point & Click;Mature;LGBTQ+,1,20,19.99,19.99,0.0,0,18302,982,19284,0.9491,1,"500,000 .. 1,000,000",500000,1000000,750000,0,0,0,93
247020,"Cook, Serve, Delicious!",Vertigo Gaming Inc.,Vertigo Gaming Inc.,"Action, Indie, Simulation, Strategy",Indie;Time Management;Typing;Difficult;Management;Cooking;Arcade;Strategy;2D;Funny;Controller;Simulation;Family Friendly;Comedy;Co-op;Local Co-Op;Local Multiplayer;Multiplayer;Singleplayer;4 Player Local,4,20,12.99,12.99,0.0,0,5311,309,5620,0.945,1,"500,000 .. 1,000,000",500000,1000000,750000,0,0,0,7
285920,TerraTech,Payload Studios,Mythwright,"Action, Indie",Building;Sandbox;Open World;Open World Survival Craft;Multiplayer;Robots;Crafting;Action;Survival;Adventure;Singleplayer;Exploration;Strategy;Early Access;Indie;Vehicular Combat;Physics;Online Co-Op;Third Person;PvP,2,20,6.24,24.99,75.0,0,21368,2042,23410,0.9128,1,"500,000 .. 1,000,000",500000,1000000,750000,0,0,0,261
268750,Magicite,Sean Young,SmashGames,"Action, Adventure, Indie, RPG",Indie;RPG;Rogue-like;Multiplayer;Pixel Graphics;2D;Action Roguelike;Adventure;Platformer;Crafting;Co-op;Perma Death;Action;Survival;Difficult;Online Co-Op;Rogue-lite;Singleplayer;Sandbox;Side Scroller,4,20,9.99,9.99,0.0,0,6459,1120,7579,0.8522,1,"500,000 .. 1,000,000",500000,1000000,750000,0,0,0,12
1171690,Wayfinder,Airship Syndicate,Airship Syndicate,"Action, Adventure, RPG",Action RPG;Online Co-Op;Loot;Dungeon Crawler;Third Person;Exploration;Action;RPG;Controller;Adventure;Party-Based RPG;Open World;Action-Adventure;Co-op;Singleplayer;Fantasy;Casual;Multiplayer;Atmospheric;Team-Based,3,20,24.99,24.99,0.0,0,14412,10235,24647,0.5847,0,"500,000 .. 1,000,000",500000,1000000,750000,0,0,0,64
12150,Max Payne 2: The Fall of Max Payne,Remedy Entertainment,Rockstar Games,Action,Action;Noir;Third-Person Shooter;Classic;Bullet Time;Story Rich;Shooter;Singleplayer;Atmospheric;Third Person;Dark;Great Soundtrack;Cinematic;Crime;Detective;Adventure;Narrative;Cult Classic;Sequel;Nudity,1,20,9.99,9.99,0.0,0,11282,652,11934,0.9454,1,"500,000 .. 1,000,000",500000,1000000,750000,0,0,0,36
1475380,TheDawn,LIMITED,LIMITED,"Action, Adventure, Free To Play, Indie",Anime;Action;Third-Person Shooter;Cute;Shooter;Time Manipulation;Adventure;Singleplayer;Bullet Hell;Hero Shooter;3D;Third Person;Free to Play;Robots;Atmospheric;Cyberpunk;Dark;Tactical;Futuristic;PvE,4,20,0.0,0.0,0.0,1,8015,600,8615,0.9304,1,"500,000 .. 1,000,000",500000,1000000,750000,0,0,0,1
242550,Rayman Legends,Ubisoft Montpellier,Ubisoft,"Action, Adventure",Platformer;Adventure;Local Co-Op;Action;Great Soundtrack;2D;Co-op;Controller;4 Player Local;Local Multiplayer;Funny;Family Friendly;Fast-Paced;Side Scroller;Singleplayer;Comedy;Beautiful;Music;Difficult;Atmospheric,2,20,29.99,29.99,0.0,0,8994,1049,10043,0.8955,1,"500,000 .. 1,000,000",500000,1000000,750000,0,0,0,71
321960,Might & Magic Heroes VII,Limbic Entertainment,Ubisoft,"RPG, Strategy",Strategy;Turn-Based Strategy;RPG;Fantasy;Multiplayer;Turn-Based;Singleplayer;Story Rich;Adventure;Atmospheric;Co-op;Classic;Magic;Open World;Local Co-Op,2,15,29.99,29.99,0.0,0,3664,3082,6746,0.5431,0,"500,000 .. 1,000,000",500000,1000000,750000,0,0,0,227
578330,LEGO City Undercover,Traveller's Tales,TT Games,Action,LEGO;Open World;Action;Co-op;Adventure;Multiplayer;Comedy;Family Friendly;Funny;Singleplayer;Local Co-Op;Sandbox;Crime;Exploration;Racing;Split Screen;Controller;Local Multiplayer;Villain Protagonist;Memes,1,20,19.99,19.99,0.0,0,8783,889,9672,0.9081,1,"500,000 .. 1,000,000",500000,1000000,750000,0,0,0,115
421020,DiRT 4,"Codemasters, Feral Interactive (Mac), Feral Interactive (Linux)","Codemasters, Feral Interactive (Mac), Feral Interactive (Linux), Electronic Arts","Racing, Simulation, Sports",Racing;Automobile Sim;Simulation;Multiplayer;Driving;Offroad;Sports;Realistic;Singleplayer;Arcade;Atmospheric;Open World;Action;VR;Controller;Online Co-Op;Difficult;Co-op;Great Soundtrack;Adventure,3,20,0.0,0.0,0.0,1,12971,3168,16139,0.8037,1,"500,000 .. 1,000,000",500000,1000000,750000,0,0,0,40
222730,Reus,Abbey Games,Abbey Games,"Indie, Simulation, Strategy",God Game;Strategy;Indie;Simulation;Singleplayer;Sandbox;Casual;Puzzle;2D;Resource Management;Replay Value;Fantasy;Relaxing;Nature;Addictive;Family Friendly;Management;Great Soundtrack;Multiplayer;Funny,3,20,9.99,9.99,0.0,0,4576,1263,5839,0.7837,1,"500,000 .. 1,000,000",500000,1000000,750000,0,0,0,4
1061090,Jump King,Nexile,Nexile,"Action, Adventure, Indie",Psychological Horror;Difficult;Precision Platformer;Indie;Pixel Graphics;Adventure;Platformer;2D;Action;Singleplayer;Retro;Medieval;Atmospheric;Philosophical;Funny;Dark Humor;Fantasy;Souls-like;Horror;Side Scroller,3,20,12.99,12.99,0.0,0,11081,1222,12303,0.9007,1,"500,000 .. 1,000,000",500000,1000000,750000,0,0,0,60
589290,Holdfast: Nations At War,Anvil Game Studios,Anvil Game Studios,"Action, Indie, Massively Multiplayer, RPG, Simulation, Strategy",Shooter;FPS;Multiplayer;War;Action;Military;Historical;Wargame;World War I;Tactical;Simulation;Combat;Third-Person Shooter;PvP;Naval;Strategy;Memes;First-Person;Third Person;Team-Based,6,20,9.99,19.99,50.0,0,22540,2575,25115,0.8975,1,"500,000 .. 1,000,000",500000,1000000,750000,0,0,0,223
445220,Avorion,Boxelware,Boxelware,"Action, Indie, Simulation",Exploration;Sandbox;Space Sim;Building;Space;Flight;Open World;PvE;Choose Your Own Adventure;3D;Third Person;Sci-fi;Simulation;Economy;Spaceships;Voxel;Management;Trading;Vehicular Combat;Action RPG,3,20,24.99,24.99,0.0,0,12286,1328,13614,0.9025,1,"500,000 .. 1,000,000",500000,1000000,750000,0,0,0,618
921570,OCTOPATH TRAVELER,"Square Enix, ACQUIRE Corp.",Square Enix,RPG,RPG;JRPG;Pixel Graphics;Turn-Based;Story Rich;Turn-Based Combat;Singleplayer;Great Soundtrack;Open World;Strategy;Adventure;2.5D;Anime;Choices Matter;Multiple Endings;Casual;Sandbox;Party-Based RPG;Management;Simulation,1,20,59.99,59.99,0.0,0,13070,2118,15188,0.8605,1,"500,000 .. 1,000,000",500000,1000000,750000,0,0,0,222
531640,Eternal Card Game,Dire Wolf,Dire Wolf,"Casual, Massively Multiplayer, Strategy, Free To Play",Free to Play;Card Game;Card Battler;Strategy;Deckbuilding;Casual;Massively Multiplayer;Trading Card Game;Multiplayer;Singleplayer;Early Access;Turn-Based;PvP;Fantasy,4,14,0.0,0.0,0.0,1,5384,1569,6953,0.7743,1,"500,000 .. 1,000,000",500000,1000000,750000,0,0,0,135
2163330,Yet Another Zombie Survivors,Awesome Games Studio,Awesome Games Studio,"Action, Casual, Indie, RPG",Early Access;Action Roguelike;Bullet Hell;Indie;Arcade;Rogue-lite;Action RPG;Singleplayer;Top-Down Shooter;Rogue-like;Zombies;3D;Score Attack;Top-Down;Controller;Casual;Survival;Action;Dark;Modern,4,20,14.99,14.99,0.0,0,10169,1044,11213,0.9069,1,"500,000 .. 1,000,000",500000,1000000,750000,0,0,0,472
449960,Book of Demons,Thing Trunk,Thing Trunk,"Action, Adventure, Casual, Indie, RPG",Dungeon Crawler;Roguelike Deckbuilder;Hack and Slash;RPG;Deckbuilding;Singleplayer;Isometric;Action RPG;Dark Fantasy;Fantasy;Demons;Card Game;Action;Adventure;Action-Adventure;Rogue-like;Controller;Zombies;Atmospheric;Rogue-lite,5,20,24.99,24.99,0.0,0,9539,2413,11952,0.7981,1,"500,000 .. 1,000,000",500000,1000000,750000,0,0,0,12
2369390,Far Cry 6,"Ubisoft Toronto, Ubisoft Montreal, Ubisoft Kyiv, Ubisoft Shanghai, Ubisoft Berlin",Ubisoft,"Action, Adventure",Open World;FPS;Online Co-Op;Multiplayer;Action;Adventure;Shooter;Co-op;Singleplayer;Action-Adventure;Exploration;Combat;3D;Female Protagonist;First-Person;PvE;Atmospheric;Crafting;Modern;Sandbox,2,20,59.99,59.99,0.0,0,19411,7737,27148,0.715,1,"500,000 .. 1,000,000",500000,1000000,750000,0,0,0,627
679900,Swords & Souls: Neverseen,SoulGame Studio,Armor Games Studios,"Action, Adventure, Indie, RPG",Indie;RPG;Turn-Based Combat;Character Customization;Action RPG;Singleplayer;Turn-Based;Idler;Funny;2D;Fantasy;Casual;Strategy;Relaxing;Minigames;Cartoony;Colorful;Strategy RPG;Action;Archery,4,20,5.24,14.99,65.0,0,5047,363,5410,0.9329,1,"500,000 .. 1,000,000",500000,1000000,750000,0,0,0,188
1213740,She Will Punish Them,L2 Games,L2 Games,"Action, Indie, RPG, Early Access",Sexual Content;Nudity;Mature;Female Protagonist;3D;Hack and Slash;Demons;Action RPG;Souls-like;Dark Fantasy;Violent;Gore;Action;Singleplayer;Third Person;Early Access;Difficult;Real-Time;Indie;Atmospheric,4,20,15.99,15.99,0.0,0,11430,954,12384,0.923,1,"500,000 .. 1,000,000",500000,1000000,750000,0,0,0,25
653530,Return of the Obra Dinn,Lucas Pope,3909,"Adventure, Indie",Detective;Mystery;Puzzle;Story Rich;Atmospheric;Singleplayer;Indie;Great Soundtrack;First-Person;Historical;Adventure;Naval;Difficult;Retro;Multiple Endings;Violent;Pirates;Horror;Walking Simulator;Noir,2,20,19.99,19.99,0.0,0,28093,923,29016,0.9682,1,"500,000 .. 1,000,000",500000,1000000,750000,0,0,0,166
672680,Call of War: World War 2,Bytro Labs GmbH,Bytro Labs GmbH,"Massively Multiplayer, Simulation, Strategy, Free To Play",Strategy;Free to Play;World War II;War;Grand Strategy;Military;Simulation;Multiplayer;Tactical;Historical;Massively Multiplayer;Diplomacy;RTS;Wargame;Co-op;2D;Board Game;PvP;Alternate History;Real-Time,4,20,0.0,0.0,0.0,1,4168,1664,5832,0.7147,1,"500,000 .. 1,000,000",500000,1000000,750000,0,0,0,281
1316680,VLADiK BRUTAL,BRUTAL SOFTWARE,BRUTAL SOFTWARE,"Action, Adventure, Casual, Indie",FPS;Shooter;First-Person;Action;Dystopian;Adventure;Realistic;Casual;Puzzle;Action-Adventure;Stealth;Experimental;Character Action Game;3D;Horror;Wargame;Puzzle-Platformer;Looter Shooter;Cinematic;Beautiful,4,20,11.99,11.99,0.0,0,7642,810,8452,0.9042,1,"500,000 .. 1,000,000",500000,1000000,750000,0,0,0,19
234670,NARUTO SHIPPUDEN: Ultimate Ninja STORM 3 Full Burst HD,CyberConnect2 Co. Ltd.,BANDAI NAMCO Entertainment,"Action, Adventure",Anime;Fighting;Action;Adventure;Ninja;Multiplayer;Controller;Singleplayer;Beat 'em up;Open World;3D Fighter;Fantasy;Local Multiplayer;PvP;Great Soundtrack;Co-op;Third Person;RPG;Atmospheric;Local Co-Op,2,20,9.99,19.99,50.0,0,12500,1440,13940,0.8967,1,"500,000 .. 1,000,000",500000,1000000,750000,0,0,0,23
589360,Ni no Kuni II: Revenant Kingdom,LEVEL5 Inc.,BANDAI NAMCO Entertainment,"Adventure, RPG",RPG;JRPG;Anime;Adventure;Open World;Singleplayer;Fantasy;Story Rich;Cute;Action RPG;Great Soundtrack;Hack and Slash;Dungeon Crawler;City Builder;Action;Strategy;Cartoony;Exploration;Survival;Multiplayer,2,20,59.99,59.99,0.0,0,9019,1737,10756,0.8385,1,"500,000 .. 1,000,000",500000,1000000,750000,0,0,0,93
1225570,Unravel Two,Coldwood Interactive,Electronic Arts,"Action, Adventure",Co-op;Local Co-Op;Multiplayer;Puzzle;Adventure;Split Screen;Action;Singleplayer;Cute;Family Friendly;Local Multiplayer;Colorful;Platformer;Atmospheric;Action-Adventure;Online Co-Op;Puzzle-Platformer;Controller;Indie;2D,2,20,19.99,19.99,0.0,0,5994,1566,7560,0.7929,1,"500,000 .. 1,000,000",500000,1000000,750000,0,0,0,46
719040,Wasteland 3,inXile Entertainment,"inXile Entertainment, Xbox Game Studios","RPG, Strategy",CRPG;Character Customization;Choices Matter;Story Rich;Sexual Content;Violent;Post-apocalyptic;RPG;Tactical RPG;Party-Based RPG;Turn-Based Tactics;Isometric;Turn-Based;Strategy;Turn-Based Combat;Open World;Sci-fi;Tactical;Co-op;Online Co-Op,2,20,39.99,39.99,0.0,0,17695,3201,20896,0.8468,1,"500,000 .. 1,000,000",500000,1000000,750000,0,0,0,219
1063660,Bendy and the Dark Revival,Joey Drew Studios,Joey Drew Studios,"Action, Adventure",Horror;Action;Singleplayer;First-Person;Survival Horror;Adventure;Indie;Cartoony;Story Rich;Dark;Puzzle;Survival;Stealth;Action-Adventure;Sequel;Combat;Atmospheric;Strategy;Great Soundtrack;Casual,2,20,19.99,19.99,0.0,0,12068,907,12975,0.9301,1,"500,000 .. 1,000,000",500000,1000000,750000,0,0,0,62
2181930,DR LIVESEY ROM AND DEATH EDITION,Agafonoff,Agafonoff,"Action, Adventure, Indie, RPG, Simulation",Action;Cartoon;Rogue-like;Hand-drawn;Spectacle fighter;Difficult;Retro;Dungeon Crawler;Singleplayer;Beat 'em up;Procedural Generation;Atmospheric;Looter Shooter;Combat;Shoot 'Em Up;Dark;Adventure;RPG;Comedy;2D,5,20,0.65,2.99,78.0,0,12605,731,13336,0.9452,1,"500,000 .. 1,000,000",500000,1000000,750000,0,0,0,5
667970,VTOL VR,"Boundless Dynamics, LLC","Boundless Dynamics, LLC","Action, Indie, Simulation",Flight;VR;Simulation;Combat;Jet;Military;Realistic;War;Action;Vehicular Combat;Physics;Naval Combat;Artificial Intelligence;Multiplayer;Singleplayer;First-Person;6DOF;Level Editor;Futuristic;Sandbox,3,20,29.99,29.99,0.0,0,18999,369,19368,0.9809,1,"500,000 .. 1,000,000",500000,1000000,750000,0,0,0,222
946050,Soda Dungeon 2,"AN Productions, Poxpower",Armor Games Studios,"Casual, Indie, RPG, Free To Play",Free to Play;Idler;RPG;Pixel Graphics;Dungeon Crawler;Casual;Indie;2D;Turn-Based;Strategy RPG;Turn-Based Combat;Comedy;Fantasy;Simulation;Singleplayer;Clicker;Adventure;Medieval;Action;Strategy,4,20,0.0,0.0,0.0,1,5114,305,5419,0.9437,1,"500,000 .. 1,000,000",500000,1000000,750000,0,0,0,249
223100,Homefront: The Revolution,Dambuster Studios,Deep Silver,"Action, Adventure",Action;FPS;Open World;Shooter;Multiplayer;Co-op;War;Singleplayer;First-Person;Online Co-Op;Stealth;Adventure;Military;Survival;Atmospheric;Violent;Dystopian;Crafting;Story Rich;Futuristic,2,20,19.99,19.99,0.0,0,9956,6497,16453,0.6051,0,"500,000 .. 1,000,000",500000,1000000,750000,0,0,0,26
250760,Shovel Knight: Treasure Trove,Yacht Club Games,Yacht Club Games,"Action, Adventure, Indie",Platformer;Pixel Graphics;Retro;Great Soundtrack;Indie;2D;Adventure;Action;Singleplayer;Difficult;Side Scroller;Kickstarter;Fantasy;Old School;Medieval;Funny;Arcade;Comedy;RPG;Local Co-Op,3,20,39.99,39.99,0.0,0,15438,674,16112,0.9582,1,"500,000 .. 1,000,000",500000,1000000,750000,0,0,0,69
252410,SteamWorld Dig,Image & Form Games,Image & Form Games,"Action, Adventure, Indie",Platformer;Mining;Steampunk;Metroidvania;Indie;Adventure;Western;2D;Robots;Action;Singleplayer;Exploration;Short;Casual;Sci-fi;Side Scroller;Great Soundtrack;Controller;Sandbox;RPG,3,20,9.99,9.99,0.0,0,7697,498,8195,0.9392,1,"500,000 .. 1,000,000",500000,1000000,750000,0,0,0,16
292120,FINAL FANTASY XIII,Square Enix,Square Enix,RPG,JRPG;RPG;Female Protagonist;Linear;Great Soundtrack;Singleplayer;Fantasy;Story Rich;Adventure;Cinematic;Sci-fi;Action;Third Person;Atmospheric;Turn-Based Combat;Action RPG;Futuristic;Turn-Based;Strategy;Difficult,1,20,15.99,15.99,0.0,0,13454,4476,17930,0.7504,1,"500,000 .. 1,000,000",500000,1000000,750000,0,0,0,286
393080,Call of Duty: Modern Warfare Remastered (2017),"Raven Software, Beenox",Activision,Action,FPS;Singleplayer;Multiplayer;Shooter;Action;War;Military;First-Person;Controller;Violent;Story Rich;Remake;Co-op;Classic;Stealth;Gore;Casual;Zombies;World War II;Atmospheric,1,20,19.99,39.99,50.0,0,7542,6853,14395,0.5239,0,"500,000 .. 1,000,000",500000,1000000,750000,0,0,0,133
289950,Construction Simulator 2015,weltenbauer. Software Entwicklung GmbH,astragon Entertainment,"Casual, Simulation",Simulation;Building;Multiplayer;Open World;Automobile Sim;Driving;Singleplayer;Casual;Co-op;Realistic;Management;Strategy;Crafting;Action;Sandbox;City Builder;Controller;Mod;Moddable;Family Friendly,2,20,14.99,14.99,0.0,0,5569,1202,6771,0.8225,1,"500,000 .. 1,000,000",500000,1000000,750000,0,0,0,20
987840,Expeditions: Rome,Logic Artists,THQ Nordic,"RPG, Strategy",RPG;Strategy;Turn-Based Strategy;Party-Based RPG;Rome;CRPG;Turn-Based Tactics;Tactical RPG;3D;Historical;Top-Down;Atmospheric;Tactical;Choices Matter;Story Rich;Turn-Based Combat;Singleplayer;Female Protagonist;Turn-Based;Character Customization,2,20,44.99,44.99,0.0,0,5150,683,5833,0.8829,1,"500,000 .. 1,000,000",500000,1000000,750000,0,0,0,72
894020,Death's Door,Acid Nerve,Devolver Digital,"Action, Adventure, Indie, RPG",Cute;Souls-like;3D Platformer;Cartoony;Dark Fantasy;Action;Adventure;Action-Adventure;RPG;Hack and Slash;Exploration;Isometric;Action RPG;Dungeon Crawler;3D;Metroidvania;Indie;Controller;Colorful;Combat,4,20,3.99,19.99,80.0,0,17444,1224,18668,0.9344,1,"500,000 .. 1,000,000",500000,1000000,750000,0,0,0,54
515180,Bus Simulator 18,stillalive studios,astragon Entertainment,Simulation,Simulation;Automobile Sim;Driving;Multiplayer;Realistic;Open World;Singleplayer;Co-op;First-Person;Management;Action;Strategy;Mod;Moddable;VR,1,15,14.99,14.99,0.0,0,10664,2473,13137,0.8118,1,"500,000 .. 1,000,000",500000,1000000,750000,0,0,0,45
332310,LEGO Worlds,"TT Games, Traveller's Tales",Warner Bros. Interactive Entertainment,Adventure,LEGO;Open World;Building;Sandbox;Adventure;Multiplayer;Exploration;Family Friendly;Singleplayer;Third Person;Funny;Early Access;Destruction;Co-op;Action;Comedy;Simulation;Casual;Walking Simulator;Voxel,1,20,29.99,29.99,0.0,0,11995,3308,15303,0.7838,1,"500,000 .. 1,000,000",500000,1000000,750000,0,0,0,43
991780,Notes of Soul,（Hong Kong）GKD Game Studio,（Hong Kong）GKD Game Studio,"Action, Adventure, Casual, Indie, Massively Multiplayer, Racing, RPG, Strategy, Early Access",Horror;Massively Multiplayer;Sexual Content;Action;Adventure;Indie;Nudity;RPG;Multiplayer;Strategy;Casual;Early Access;Racing;Mature;Online Co-Op;Co-op;Survival Horror;Funny;Third Person,9,19,29.99,29.99,0.0,0,16065,4715,20780,0.7731,1,"500,000 .. 1,000,000",500000,1000000,750000,0,0,0,88
397060,Faeria,Abrakam Entertainment SA,"Versus Evil, tinyBuild","Adventure, Indie, Massively Multiplayer, RPG, Strategy",Card Game;Strategy;Massively Multiplayer;Multiplayer;Indie;Adventure;RPG;Board Game;Turn-Based;Fantasy;Hex Grid;Turn-Based Strategy;Singleplayer;Trading Card Game;Casual;Action;Survival;Relaxing;Anime;Early Access,5,20,19.99,19.99,0.0,0,5956,1168,7124,0.836,1,"500,000 .. 1,000,000",500000,1000000,750000,0,0,0,26
780290,Gloomhaven,"Flaming Fowl Studios, Saber Interactive",Twin Sails Interactive,"Adventure, RPG, Strategy",Online Co-Op;Dark Fantasy;Turn-Based Combat;Card Game;Turn-Based Strategy;Unforgiving;Tactical RPG;Class-Based;Co-op Campaign;Strategy;Difficult;Deckbuilding;3D;RPG;Tactical;Turn-Based Tactics;Board Game;Turn-Based;Isometric;Party-Based RPG,3,20,34.99,34.99,0.0,0,12466,2517,14983,0.832,1,"500,000 .. 1,000,000",500000,1000000,750000,0,0,0,430
1092660,Blair Witch,Bloober Team SA,Bloober Team NA,"Adventure, Indie",Adventure;Horror;Psychological Horror;Indie;First-Person;Violent;Dog;Walking Simulator;Dark;Atmospheric;Singleplayer;Story Rich;Investigation;Survival Horror;Cinematic;Survival;Mature;Psychological;Multiplayer;Co-op,2,20,5.99,29.99,80.0,0,5716,1531,7247,0.7887,1,"500,000 .. 1,000,000",500000,1000000,750000,0,0,0,6
1656780,Hero's Hour,"Benjamin ""ThingOnItsOwn"" Hauer","Goblinz Publishing, Maple Whispering Limited","RPG, Strategy",Turn-Based;Pixel Graphics;Strategy;Singleplayer;Turn-Based Strategy;Fantasy;Auto Battler;Strategy RPG;Turn-Based Tactics;Level Editor;Multiplayer;Procedural Generation;RPG;Old School;2D;Tactical;PvP;Local Co-Op;Atmospheric;4X,2,20,17.99,17.99,0.0,0,4287,1082,5369,0.7985,1,"500,000 .. 1,000,000",500000,1000000,750000,0,0,0,82
1016800,Chernobylite Complete Edition,The Farm 51,The Farm 51,"Action, Adventure, Indie, RPG, Simulation",Post-apocalyptic;Survival;Horror;RPG;Singleplayer;Atmospheric;Adventure;First-Person;Exploration;Survival Horror;Base-Building;Sci-fi;Simulation;Stealth;Crafting;Action-Adventure;Realistic;Supernatural;Nonlinear;Indie,5,20,5.99,29.99,80.0,0,11784,2556,14340,0.8218,1,"500,000 .. 1,000,000",500000,1000000,750000,0,0,0,76
916840,The Walking Dead: Saints & Sinners,Skydance Interactive,Skydance Interactive,"Action, Adventure, Indie, RPG, Simulation, Strategy",VR;Zombies;Action;Gore;Horror;Adventure;Survival Horror;Shooter;Violent;Survival;Singleplayer;RPG;Choices Matter;Indie;Simulation;Strategy;Open World;First-Person;Multiplayer;FPS,6,20,9.99,19.99,50.0,0,8321,1273,9594,0.8673,1,"500,000 .. 1,000,000",500000,1000000,750000,0,0,0,26
1088090,Day of Dragons,Beawesome Games,Beawesome Games,"Indie, Massively Multiplayer, RPG, Simulation, Early Access",Early Access;Dragons;Survival;Multiplayer;Massively Multiplayer;Sandbox;PvE;Combat;PvP;Open World;Fantasy;RPG;MMORPG;Realistic;Exploration;Third Person;First-Person;Perma Death;Immersive Sim;Simulation,5,20,19.99,19.99,0.0,0,4827,2465,7292,0.662,0,"500,000 .. 1,000,000",500000,1000000,750000,0,0,0,198
1238040,Dragon Age II: Ultimate Edition,BioWare,Electronic Arts,"Action, Adventure, RPG",RPG;Adventure;Fantasy;Action;Singleplayer;Combat;Character Customization;Third Person;Action RPG;Choices Matter;Story Rich;Sexual Content;Tactical RPG;Violent;Romance;Gore;Dark Fantasy;Open World;Female Protagonist;Party-Based RPG,3,20,29.99,29.99,0.0,0,5311,1226,6537,0.8125,1,"500,000 .. 1,000,000",500000,1000000,750000,0,0,0,140
1029780,Going Medieval,Foxy Voxel,Mythwright,"Indie, RPG, Simulation, Strategy",RPG;Early Access;City Builder;Colony Sim;Singleplayer;Strategy;Moddable;Sandbox;Economy;Simulation;Management;Replay Value;Procedural Generation;Survival;3D;Crafting;RTS;Base-Building;Indie;Building,4,20,29.99,29.99,0.0,0,16633,1873,18506,0.8988,1,"500,000 .. 1,000,000",500000,1000000,750000,0,0,0,713
1817230,Hi-Fi RUSH,Tango Gameworks,"KRAFTON, Inc.",Action,Rhythm;Action;Hack and Slash;Great Soundtrack;Singleplayer;Cartoony;Action-Adventure;Music;Platformer;Character Action Game;Colorful;Spectacle fighter;Comedy;Stylized;Beat 'em up;Anime;Cyberpunk;Third Person;Robots;Adventure,1,20,29.99,29.99,0.0,0,32441,898,33339,0.9731,1,"500,000 .. 1,000,000",500000,1000000,750000,0,0,0,87
807120,Iratus: Lord of the Dead,Unfrozen,Daedalic Entertainment,"Indie, RPG, Strategy",RPG;Strategy;Indie;Turn-Based Combat;Rogue-like;Villain Protagonist;Dark Fantasy;Rogue-lite;Dark;Turn-Based;Turn-Based Tactics;Lovecraftian;Fantasy;2D;Difficult;Gothic;Replay Value;Dungeon Crawler;Violent;Gore,3,20,2.99,29.99,90.0,0,6694,1116,7810,0.8571,1,"500,000 .. 1,000,000",500000,1000000,750000,0,0,0,112
521890,Hello Neighbor,Dynamic Pixels,tinyBuild,"Adventure, Indie, Strategy",Horror;Sandbox;Stealth;First-Person;Story Rich;Action-Adventure;Survival Horror;Difficult;3D Platformer;Survival;3D;Strategy;FPS;Funny;Psychological Horror;Dark Humor;Action;Family Friendly;Surreal;Multiple Endings,3,20,29.99,29.99,0.0,0,16402,3219,19621,0.8359,1,"500,000 .. 1,000,000",500000,1000000,750000,0,0,0,127
1149620,Gas Station Simulator,DRAGO entertainment,"DRAGO entertainment, Shochiku","Casual, Indie, Simulation",Simulation;Economy;Building;Singleplayer;Management;Casual;Base-Building;First-Person;Open World;Realistic;Relaxing;Education;Multiplayer;Funny;Design & Illustration;Driving;Memes;Destruction;Choices Matter;Family Friendly,3,20,19.99,19.99,0.0,0,22007,3036,25043,0.8788,1,"500,000 .. 1,000,000",500000,1000000,750000,0,0,0,958
2231380,Tom Clancy's Ghost Recon Breakpoint,Ubisoft Paris,Ubisoft,"Action, Adventure",Open World;Co-op;Singleplayer;Multiplayer;Shooter;Action;Military;Stealth;Third-Person Shooter;Adventure;Realistic;Online Co-Op;Tactical;Third Person;Character Customization;FPS;Looter Shooter;Violent;Story Rich;First-Person,2,20,59.99,59.99,0.0,0,23816,8747,32563,0.7314,1,"500,000 .. 1,000,000",500000,1000000,750000,0,0,0,1430
2066020,Soulstone Survivors,Game Smithing Limited,Game Smithing Limited,"Action, Indie, RPG",Action Roguelike;Bullet Hell;Early Access;Rogue-lite;Action RPG;Rogue-like;Top-Down;Arcade;Action;Singleplayer;Procedural Generation;Colorful;Score Attack;Controller;RPG;Dark Fantasy;Twin Stick Shooter;Crafting;Hack and Slash;Character Customization,3,20,10.49,14.99,30.0,0,19922,1906,21828,0.9127,1,"500,000 .. 1,000,000",500000,1000000,750000,0,0,0,674
774181,Rhythm Doctor,7th Beat Games,"7th Beat Games, indienova","Action, Casual, Indie, Strategy, Free To Play",Rhythm;Music;Pixel Graphics;Level Editor;Story Rich;Indie;Singleplayer;Early Access;Local Co-Op;2D;Funny;Action;Comedy;Local Multiplayer;Arcade;Adventure;Co-op;Anime;Cute;Modern,5,20,19.99,19.99,0.0,0,20881,332,21213,0.9843,1,"500,000 .. 1,000,000",500000,1000000,750000,0,0,0,60
973760,Thronebreaker: The Witcher Tales,CD PROJEKT RED,CD PROJEKT RED,"Adventure, RPG",RPG;Adventure;Card Game;Story Rich;Singleplayer;Choices Matter;Female Protagonist;Fantasy;Strategy;Great Soundtrack;Isometric;Dark Fantasy;Puzzle;Medieval;Mature;Open World;Atmospheric;Turn-Based;Multiplayer;Visual Novel,2,20,19.99,19.99,0.0,0,14782,1856,16638,0.8884,1,"500,000 .. 1,000,000",500000,1000000,750000,0,0,0,112
1771980,The Operator,Bureau 81,"Bureau 81, indienova","Adventure, Indie, Simulation",Detective;Investigation;Conspiracy;Puzzle;Atmospheric;Mystery;Immersive Sim;Thriller;Simulation;Crime;Narration;Point & Click;FMV;Narrative;Story Rich;Interactive Fiction;Adventure;Choose Your Own Adventure;Visual Novel;RPG,3,20,13.99,13.99,0.0,0,5750,446,6196,0.928,1,"500,000 .. 1,000,000",500000,1000000,750000,0,0,0,41
1088850,Marvel's Guardians of the Galaxy,Eidos-Montréal,Eidos Interactive Corp.,"Action, Adventure",Singleplayer;Story Rich;Action;Action-Adventure;Superhero;Third-Person Shooter;Choices Matter;Comedy;Sci-fi;Adventure;Exploration;Space;Shooter;Cinematic;Great Soundtrack;Atmospheric;Aliens;RPG;Open World;Multiplayer,2,20,59.99,59.99,0.0,0,36857,2301,39158,0.9412,1,"500,000 .. 1,000,000",500000,1000000,750000,0,0,0,219
795100,Friday the 13th: Killer Puzzle,Blue Wizard Digital,Blue Wizard Digital,"Casual, Free To Play, Indie, Strategy",Free to Play;Puzzle;Horror;Gore;Violent;Blood;Casual;Singleplayer;Strategy;Multiplayer;Indie;Funny;1980s;Turn-Based Strategy;Difficult;Action;Cute;Dark Comedy;Atmospheric;Simulation,4,20,0.0,0.0,0.0,1,5644,374,6018,0.9379,1,"500,000 .. 1,000,000",500000,1000000,750000,0,0,0,6
973580,Sniper Ghost Warrior Contracts,CI Games,CI Games,Action,Action;Sniper;Singleplayer;Stealth;Shooter;Multiplayer;FPS;Military;First-Person;Assassin;Gore;Violent;Realistic;Gun Customization;Open World;Tactical;Difficult;Atmospheric;PvP;Replay Value,1,20,29.99,29.99,0.0,0,8888,3308,12196,0.7288,1,"500,000 .. 1,000,000",500000,1000000,750000,0,0,0,89
1238060,Dead Space 3,Visceral Games,Electronic Arts,Action,Action;Horror;Online Co-Op;Sci-fi;Co-op;Shooter;Survival;Third-Person Shooter;Space;Dark;Singleplayer;Multiplayer;Survival Horror;Thriller;Futuristic;Third Person;Gore;Crafting;Combat;Violent,1,20,19.99,19.99,0.0,0,9353,3349,12702,0.7363,1,"500,000 .. 1,000,000",500000,1000000,750000,0,0,0,81
351640,Eternal Senia,Sanctum Games,Sanctum Games,"Action, Free To Play, Indie, RPG",Anime;Free to Play;RPG;Female Protagonist;RPGMaker;Singleplayer;Great Soundtrack;Indie;Story Rich;JRPG;Action;Cute;2D;Pixel Graphics;Fantasy;Action RPG;Multiple Endings;Puzzle;Casual;Visual Novel,4,20,0.0,0.0,0.0,1,11658,290,11948,0.9757,1,"500,000 .. 1,000,000",500000,1000000,750000,0,0,0,2
451340,Gold Mining Simulator,Code Horizon,"Code Horizon, PlayWay S.A.","Indie, Simulation",Simulation;Mining;Singleplayer;Realistic;Open World;Indie;Driving;Sandbox;Economy;Building;First-Person;Exploration;Strategy;Management;Automobile Sim;Adventure;Relaxing;Funny;Co-op;Difficult,2,20,19.99,19.99,0.0,0,10873,4198,15071,0.7215,1,"500,000 .. 1,000,000",500000,1000000,750000,0,0,0,166
629820,Maneater,Tripwire Interactive,Tripwire Interactive,"Action, Adventure, Indie, RPG",Open World;Dark Humor;Nature;Violent;RPG;Underwater;Gore;Hack and Slash;Villain Protagonist;Singleplayer;Exploration;Action-Adventure;Third Person;Action RPG;Action;Female Protagonist;Narration;Simulation;Atmospheric;Adventure,4,20,39.99,39.99,0.0,0,15476,1956,17432,0.8878,1,"500,000 .. 1,000,000",500000,1000000,750000,0,0,0,126
298630,The Escapists,Mouldy Toof Studios,Team17,"Action, Adventure, Indie, Simulation, Strategy",Pixel Graphics;Strategy;Crafting;Singleplayer;2D;Simulation;Indie;Action;Survival;Difficult;Adventure;Puzzle;RPG;Top-Down;Multiplayer;Sandbox;Funny;Comedy;Co-op;Rogue-like,5,20,17.99,17.99,0.0,0,14481,1569,16050,0.9022,1,"500,000 .. 1,000,000",500000,1000000,750000,0,0,0,45
700600,Evil Genius 2: World Domination,Rebellion,Rebellion,"Simulation, Strategy",Strategy;Base-Building;Villain Protagonist;Simulation;Building;Management;Sandbox;Singleplayer;Resource Management;Violent;Funny;Memes;RTS;Sequel;Cartoony;Great Soundtrack;Comedy;Crime;Female Protagonist;Multiplayer,2,20,39.99,39.99,0.0,0,8703,3938,12641,0.6885,0,"500,000 .. 1,000,000",500000,1000000,750000,0,0,0,151
354140,Five Nights at Freddy's 3,Scott Cawthon,Scott Cawthon,"Action, Indie, Simulation",Horror;Singleplayer;Survival Horror;Robots;First-Person;Psychological Horror;Difficult;Indie;Survival;Strategy;Point & Click;Dark;Atmospheric;Mystery;Action;Simulation;3D Vision;Great Soundtrack;Jump Scare;2D,3,20,7.99,7.99,0.0,0,9083,999,10082,0.9009,1,"500,000 .. 1,000,000",500000,1000000,750000,0,0,0,17
936790,Life is Strange: True Colors,Deck Nine,Square Enix,"Action, Adventure",Choices Matter;Story Rich;LGBTQ+;Female Protagonist;Multiple Endings;Choose Your Own Adventure;Romance;Emotional;Third Person;Atmospheric;Drama;Adventure;Singleplayer;Action;Mystery;Cinematic;Stylized;Narrative;Mature;Supernatural,2,20,59.99,59.99,0.0,0,13836,1716,15552,0.8897,1,"500,000 .. 1,000,000",500000,1000000,750000,0,0,0,51
501590,Bulletstorm: Full Clip Edition,People Can Fly,"Gearbox Publishing, 2K","Action, Adventure",Action;Gore;FPS;Violent;Adventure;First-Person;Shooter;Comedy;Singleplayer;Sci-fi;Multiplayer;Funny;Atmospheric;Co-op;Dark Humor;Great Soundtrack;Story Rich;Sexual Content;Blood;Remake,2,20,39.99,39.99,0.0,0,7605,943,8548,0.8897,1,"500,000 .. 1,000,000",500000,1000000,750000,0,0,0,19
1282690,Crysis 3,Crytek,Electronic Arts,"Action, Adventure, Strategy",Action;Shooter;Adventure;Multiplayer;FPS;Singleplayer;Violent;Sci-fi;Gore;Strategy;Stealth;First-Person;Aliens;Story Rich;Open World;Benchmark;Post-apocalyptic;Great Soundtrack;Co-op;Online Co-Op,3,20,0.0,0.0,0.0,1,4716,829,5545,0.8505,1,"500,000 .. 1,000,000",500000,1000000,750000,0,0,0,9
365300,Transmissions: Element 120,"Shokunin, Thomas M. Visser, Vincent Thiele",Self Published,"Action, Free To Play, Indie",Free to Play;Action;Shooter;Zombies;Horror;First-Person;Singleplayer;Multiplayer;FPS;Mod;Atmospheric;Indie;Survival;Sci-fi;Short;Puzzle;Adventure;Open World;Co-op;Walking Simulator,3,20,0.0,0.0,0.0,1,9266,539,9805,0.945,1,"500,000 .. 1,000,000",500000,1000000,750000,0,0,0,3
428690,Youtubers Life,UPLAY Online,UPLAY Online,"Adventure, Casual, Indie, Simulation, Strategy",Management;Singleplayer;Life Sim;Character Customization;Casual;Simulation;Comedy;Adventure;Memes;Family Friendly;Funny;Time Management;Indie;Cartoon;Female Protagonist;Resource Management;Strategy;Realistic;Open World;Sandbox,5,20,9.99,19.99,50.0,0,11924,3491,15415,0.7735,1,"500,000 .. 1,000,000",500000,1000000,750000,0,0,0,47
2532550,LIZARDS MUST DIE,Smola Game Studio,"Smola Game Studio, Agafonoff","Action, Adventure, Indie, Massively Multiplayer",Historical;Souls-like;Spectacle fighter;Hack and Slash;Third Person;Atmospheric;Singleplayer;Difficult;Action RPG;Realistic;Fantasy;Action-Adventure;Action;RPG;3D;Female Protagonist;Open World;Cinematic;Sci-fi;Idler,4,20,0.99,3.99,75.0,0,25241,891,26132,0.9659,1,"500,000 .. 1,000,000",500000,1000000,750000,0,0,0,5
266510,Hand of Fate,Defiant Development,Defiant Development,"Action, Indie, RPG",Roguelike Deckbuilder;Rogue-like;Deckbuilding;Card Game;Action Roguelike;RPG;Singleplayer;Action;Fantasy;Indie;Choose Your Own Adventure;Adventure;Rogue-lite;Third Person;Action RPG;Board Game;Hack and Slash;Atmospheric;Difficult;Tabletop,3,20,19.99,19.99,0.0,0,9433,1126,10559,0.8934,1,"500,000 .. 1,000,000",500000,1000000,750000,0,0,0,6
673880,"Warhammer 40,000: Mechanicus",Bulwark Studios,Kasedo Games,Strategy,Warhammer 40K;Strategy;Turn-Based Tactics;Games Workshop;Turn-Based Combat;Sci-fi;Great Soundtrack;Turn-Based;Atmospheric;Tactical;Singleplayer;Turn-Based Strategy;Robots;Indie;RPG;Dungeon Crawler;Character Customization;Difficult;Story Rich;Board Game,1,20,3.59,29.99,88.0,0,12368,1141,13509,0.9155,1,"500,000 .. 1,000,000",500000,1000000,750000,0,0,0,180
2124490,SILENT HILL 2,Bloober Team SA,KONAMI,"Action, Adventure",Psychological Horror;Horror;Survival Horror;Story Rich;Atmospheric;Psychological;Remake;Great Soundtrack;Singleplayer;Third Person;Multiple Endings;Adventure;Action;Exploration;Cinematic;Sexual Content;Violent;3D;Classic;Action-Adventure,2,20,27.99,69.99,60.0,0,41028,2021,43049,0.9531,1,"500,000 .. 1,000,000",500000,1000000,750000,0,0,0,514
573100,Battlefleet Gothic: Armada 2,Tindalos Interactive,Focus Entertainment,Strategy,Space;Strategy;Warhammer 40K;RTS;Real Time Tactics;Sci-fi;Singleplayer;Games Workshop;Multiplayer;Co-op;Violent;Naval;Naval Combat;War;Atmospheric;Tactical;Co-op Campaign,1,17,3.99,19.99,80.0,0,7566,2514,10080,0.7506,1,"500,000 .. 1,000,000",500000,1000000,750000,0,0,0,251
528230,SYNTHETIK: Legion Rising,Flow Fire Games,"Flow Fire Games, WhisperGames","Action, Indie",Top-Down Shooter;Rogue-lite;Indie;Action;Action Roguelike;Online Co-Op;Difficult;Co-op;Shooter;Twin Stick Shooter;Rogue-like;Isometric;Robots;Top-Down;Cyberpunk;Bullet Hell;Multiplayer;Great Soundtrack;Singleplayer;Tactical,2,20,19.99,19.99,0.0,0,11971,746,12717,0.9413,1,"500,000 .. 1,000,000",500000,1000000,750000,0,0,0,66
307110,We Need To Go Deeper,Deli Interactive LLC,Deli Interactive LLC,"Action, Indie, Simulation",Co-op;2D;Lovecraftian;Rogue-lite;Multiplayer;Underwater;Hand-drawn;Submarine;Steampunk;Action;Simulation;Team-Based;PvE;Exploration;Rogue-like;Adventure;Online Co-Op;Loot;2D Platformer;Cartoon,3,20,15.99,15.99,0.0,0,5078,773,5851,0.8679,1,"500,000 .. 1,000,000",500000,1000000,750000,0,0,0,14
320300,Car Mechanic Simulator 2015,Red Dot Games,PlayWay S.A.,"Racing, Simulation",Automobile Sim;Simulation;Singleplayer;Building;Driving;Education;Racing;First-Person;Management;Puzzle;Realistic;Casual;Multiplayer;Great Soundtrack;Atmospheric;Mod;Funny;Sandbox;Open World;Action,2,20,19.99,19.99,0.0,0,13466,1106,14572,0.9241,1,"500,000 .. 1,000,000",500000,1000000,750000,0,0,0,25
368340,CrossCode,Radical Fish Games,"Deck13, WhisperGames, DANGEN Entertainment, Mayflower Entertainment","Action, Adventure, Indie, RPG",Action RPG;Pixel Graphics;RPG;Female Protagonist;Puzzle;Singleplayer;Indie;Great Soundtrack;2D;Story Rich;Adventure;Action;Retro;Anime;Sci-fi;JRPG;Action-Adventure;Difficult;Cyberpunk;Open World,4,20,19.99,19.99,0.0,0,15699,1167,16866,0.9308,1,"500,000 .. 1,000,000",500000,1000000,750000,0,0,0,77
351970,Tales of Zestiria,BANDAI NAMCO Studio Inc.,BANDAI NAMCO Entertainment,RPG,JRPG;Anime;RPG;Fantasy;Story Rich;Open World;Action RPG;Adventure;Great Soundtrack;Singleplayer;Action;Co-op;Multiplayer;Action-Adventure;Local Co-Op;Atmospheric;Cute;Hack and Slash;Third Person;Character Customization,1,20,49.99,49.99,0.0,0,7310,1794,9104,0.8029,1,"500,000 .. 1,000,000",500000,1000000,750000,0,0,0,29
1105510,Yakuza 5 Remastered,RGG Studio,SEGA,"Action, Adventure",Action;Adventure;Beat 'em up;Open World;Crime;RPG;Action RPG;Drama;Story Rich;Third Person;Comedy;Funny;Singleplayer;Violent;JRPG;Combat;Anime;Great Soundtrack;Rhythm;Sexual Content,2,20,19.99,19.99,0.0,0,5658,673,6331,0.8937,1,"500,000 .. 1,000,000",500000,1000000,750000,0,0,0,149
1189630,Path Of Wuxia,香港商河洛互動娛樂股份有限公司,香港商河洛互動娛樂股份有限公司,"Indie, RPG",RPG;Indie;Martial Arts;Turn-Based;Female Protagonist;Time Management;Turn-Based Combat;Choices Matter;Dating Sim;Anime;Character Customization;Simulation;Early Access;Story Rich,2,14,34.99,34.99,0.0,0,23689,6527,30216,0.784,1,"500,000 .. 1,000,000",500000,1000000,750000,0,0,0,69
2384580,DYNASTY WARRIORS: ORIGINS,"KOEI TECMO GAMES CO., LTD.","KOEI TECMO GAMES CO., LTD.","Action, RPG, Strategy",Hack and Slash;Spectacle fighter;Wargame;Martial Arts;Action RPG;RPG;Strategy;Historical;Dating Sim;Musou;Third Person;3D;Swordplay;Controller;Action;Multiple Endings;Story Rich;Singleplayer;Tactical;War,3,20,69.99,69.99,0.0,0,19369,1346,20715,0.935,1,"500,000 .. 1,000,000",500000,1000000,750000,0,0,0,1314
330830,Tales from the Borderlands,Telltale Games,2K,Adventure,Comedy;Adventure;Story Rich;Choices Matter;Singleplayer;Episodic;Point & Click;Funny;Choose Your Own Adventure;Action;Atmospheric;Quick-Time Events;Great Soundtrack;Dark Humor;Sci-fi;Memes;Female Protagonist;Visual Novel;RPG;Casual,1,20,19.99,19.99,0.0,0,17618,988,18606,0.9469,1,"500,000 .. 1,000,000",500000,1000000,750000,0,0,0,34
2218750,Halls of Torment,Chasing Carrots,Chasing Carrots,"Action, Indie, RPG",Action Roguelike;Rogue-lite;Bullet Hell;Pixel Graphics;Action RPG;Dark Fantasy;Rogue-like;Action;RPG;Arcade;Hack and Slash;Top-Down;2D;Singleplayer;Dark;Atmospheric;Demons;Gothic;Fantasy;Medieval,3,20,4.99,6.66,25.0,0,27801,1218,29019,0.958,1,"500,000 .. 1,000,000",500000,1000000,750000,0,0,0,361
1343240,Thymesia,OverBorder Studio,Team17,Action,Souls-like;Difficult;Singleplayer;Dark Fantasy;Hack and Slash;Action RPG;Third Person;Atmospheric;Action;RPG;Dark;Fantasy;Gore;Gothic;Medieval;Horror;Combat;3D;Post-apocalyptic;Fighting,1,20,24.99,24.99,0.0,0,7105,1354,8459,0.8399,1,"500,000 .. 1,000,000",500000,1000000,750000,0,0,0,22
658850,Do Not Feed the Monkeys,Fictiorama Studios,Alawar,"Indie, Simulation, Strategy",Point & Click;Political Sim;Management;Dark Humor;Strategy;Choices Matter;2D;Multiple Endings;Story Rich;Pixel Graphics;Funny;Simulation;Adventure;Dystopian;Resource Management;Singleplayer;Atmospheric;Sexual Content;Mature;Nudity,3,20,15.99,15.99,0.0,0,10334,692,11026,0.9372,1,"500,000 .. 1,000,000",500000,1000000,750000,0,0,0,93
1934680,Age of Mythology: Retold,"World's Edge, Forgotten Empires, Tantalus Media, CaptureAge, Virtuos Games",Xbox Game Studios,Strategy,Strategy;3D;RTS;Story Rich;Lore-Rich;Base-Building;Resource Management;Mythology;Fantasy;Singleplayer;Top-Down;PvE;Level Editor;Moddable;Action RTS;Multiplayer;PvP;Co-op;Online Co-Op;Tutorial,1,20,29.99,29.99,0.0,0,15043,1665,16708,0.9003,1,"500,000 .. 1,000,000",500000,1000000,750000,0,0,0,1559
1859910,Legend of Mortal,Obb Studio Inc.,"Paras Games, Obb Studio Inc.","Adventure, Indie, RPG, Strategy",RPG;Choices Matter;Multiple Endings;Lore-Rich;Replay Value;Martial Arts;Drama;Dating Sim;Singleplayer;Strategy;Funny;Narrative;Indie;Adventure;2D;Sexual Content;Action;Retro;Atmospheric;Tactical RPG,4,20,19.99,19.99,0.0,0,22624,9407,32031,0.7063,1,"500,000 .. 1,000,000",500000,1000000,750000,0,0,0,296
865360,We Were Here Together,Total Mayhem Games,Total Mayhem Games,"Adventure, Casual, Indie",Puzzle;Online Co-Op;Co-op Campaign;Story Rich;Escape Room;Co-op;Exploration;Adventure;Multiplayer;Linear;Action-Adventure;Horror;Investigation;Mystery;First-Person;Atmospheric;Psychological Horror;Dark;Casual;Indie,3,20,12.99,12.99,0.0,0,13321,2608,15929,0.8363,1,"500,000 .. 1,000,000",500000,1000000,750000,0,0,0,178
1170950,Mortal Online 2,Star Vault AB,Star Vault AB,"Action, Indie, Massively Multiplayer, RPG",MMORPG;Sandbox;Open World;PvP;Character Customization;RPG;First-Person;Exploration;Swordplay;Medieval;Fantasy;Magic;Crafting;Survival;Adventure;Massively Multiplayer;Old School;Multiplayer;Combat;Gore,4,20,39.99,39.99,0.0,0,7870,5073,12943,0.6081,0,"500,000 .. 1,000,000",500000,1000000,750000,0,0,0,440
405640,Pony Island,Daniel Mullins Games,Daniel Mullins Games,Indie,Puzzle;Indie;Psychological Horror;Pixel Graphics;Hacking;Singleplayer;Demons;Horror;Dark;Experimental;Great Soundtrack;Horses;2D;Story Rich;Funny;Short;Atmospheric;Cute;Memes;Gore,1,20,4.99,4.99,0.0,0,16339,843,17182,0.9509,1,"500,000 .. 1,000,000",500000,1000000,750000,0,0,0,9
345180,Victor Vran ARPG,Haemimont Games,"Haemimont Games, EuroVideo Medien","Action, Adventure, Indie, RPG",Action RPG;Hack and Slash;RPG;Adventure;Co-op;Isometric;Action;Loot;Multiplayer;Dungeon Crawler;Indie;Local Co-Op;Controller;Fantasy;Singleplayer;Online Co-Op;Dark Fantasy;Top-Down;Difficult;Steampunk,4,20,19.99,19.99,0.0,0,5456,904,6360,0.8579,1,"500,000 .. 1,000,000",500000,1000000,750000,0,0,0,8
611660,Fallout 4 VR,Bethesda Game Studios,Bethesda Softworks,RPG,VR;Open World;Post-apocalyptic;RPG;Singleplayer;Shooter;Survival;FPS;Action;First-Person;Violent;Adventure;Atmospheric;Base-Building;Gore;Character Customization;Great Soundtrack;Sexual Content;Stealth;Building,1,20,59.99,59.99,0.0,0,5030,3269,8299,0.6061,0,"500,000 .. 1,000,000",500000,1000000,750000,0,0,0,40
274900,Murder Miners,JForce Games,JForce Games,"Action, Casual, Indie",Level Editor;Split Screen;Arena Shooter;Voxel;Zombies;Sniper;4 Player Local;Action;Indie;Local Multiplayer;FPS;Shooter;Multiplayer;Retro;First-Person;Competitive;PvP;Co-op;Building;Sandbox,3,20,2.99,2.99,0.0,0,5492,874,6366,0.8627,1,"500,000 .. 1,000,000",500000,1000000,750000,0,0,0,12
360830,Yooka-Laylee,Playtonic Games,Playtonic Friends,"Action, Adventure, Indie",3D Platformer;Collectathon;Adventure;Kickstarter;Indie;Platformer;Colorful;Action;Family Friendly;Exploration;Great Soundtrack;Singleplayer;Cute;Funny;Retro;Open World;Casual;Comedy;Cartoony;Multiplayer,3,20,19.99,19.99,0.0,0,3937,1320,5257,0.7489,1,"500,000 .. 1,000,000",500000,1000000,750000,0,0,0,14
851100,Touhou Luna Nights,"Team Ladybug, WSS playground","WSS playground, Alliance Arts","Action, Adventure, Indie",Metroidvania;Difficult;Side Scroller;Exploration;Bullet Hell;Platformer;Action-Adventure;RPG;Female Protagonist;2D;Time Manipulation;Controller;Action;Anime;Pixel Graphics;Adventure;Faith;Singleplayer;Indie;Great Soundtrack,3,20,17.99,17.99,0.0,0,13668,339,14007,0.9758,1,"500,000 .. 1,000,000",500000,1000000,750000,0,0,0,15
1173770,FINAL FANTASY,Square Enix,Square Enix,RPG,JRPG;RPG;Turn-Based Combat;Pixel Graphics;Party-Based RPG;2D;Exploration;Fantasy;Class-Based;Retro;Singleplayer;Magic;Adventure;Nostalgia;Remake;Emotional;Story Rich;Lore-Rich;Anime;Heist,1,20,11.99,11.99,0.0,0,6448,365,6813,0.9464,1,"500,000 .. 1,000,000",500000,1000000,750000,0,0,0,89
834530,Yakuza Kiwami,Ryu Ga Gotoku Studio,SEGA,"Action, Adventure, RPG",Action;Story Rich;Adventure;Beat 'em up;RPG;Open World;Crime;Singleplayer;Great Soundtrack;Violent;Minigames;Drama;Comedy;Third Person;Sexual Content;Remake;Atmospheric;Funny;JRPG;Anime,3,20,10.99,19.99,45.0,0,20429,1448,21877,0.9338,1,"500,000 .. 1,000,000",500000,1000000,750000,0,0,0,188
557180,League of Maidens,Maiden Gaming Inc.,Maiden Gaming Inc.,"Action, Adventure, Casual, Free to Play, Indie, RPG, Strategy, Early Access",Nudity;Mature;Free to Play;Character Customization;Female Protagonist;NSFW;Casual;RPG;Superhero;Action;Singleplayer;Comic Book;Strategy;Adventure;Hack and Slash;Early Access;Looter Shooter;Violent;Action RPG;Gore,8,20,0.0,0.0,0.0,1,3275,2742,6017,0.5443,0,"500,000 .. 1,000,000",500000,1000000,750000,0,0,0,15
288160,The Room,Fireproof Games,Fireproof Games,"Adventure, Indie",Puzzle;Mystery;Point & Click;Atmospheric;Singleplayer;Adventure;Indie;Hidden Object;Short;Horror;Casual;First-Person;Beautiful;Escape Room;Dark;Steampunk;Lovecraftian;Touch-Friendly;Story Rich;Multiplayer,2,20,4.99,4.99,0.0,0,28356,641,28997,0.9779,1,"500,000 .. 1,000,000",500000,1000000,750000,0,0,0,42
1113560,NieR Replicant ver.1.22474487139...,"Square Enix, Toylogic Inc.",Square Enix,"Action, Adventure, RPG",Great Soundtrack;Story Rich;Action;RPG;JRPG;Adventure;Singleplayer;Hack and Slash;Post-apocalyptic;Atmospheric;Anime;Dark Fantasy;Nudity;Bullet Hell;Cult Classic;Action RPG;Violent;Magic;Character Action Game;Dark Humor,3,20,59.99,59.99,0.0,0,22534,3008,25542,0.8822,1,"500,000 .. 1,000,000",500000,1000000,750000,0,0,0,207
2378900,The Coffin of Andy and Leyley,Kit9 Studio,Kit9 Studio,"Adventure, RPG, Early Access",Psychological;Dark Comedy;Story Rich;Multiple Endings;Dark;Choices Matter;Singleplayer;Visual Novel;Horror;Demons;Drama;RPGMaker;Adventure;Hand-drawn;Puzzle;Female Protagonist;RPG;Early Access;Stylized;Exploration,3,20,11.99,11.99,0.0,0,29090,1067,30157,0.9646,1,"500,000 .. 1,000,000",500000,1000000,750000,0,0,0,277
32360,The Secret of Monkey Island: Special Edition,LucasArts,"LucasArts, Lucasfilm, Disney",Adventure,Point & Click;Adventure;Comedy;Classic;Pirates;Funny;Remake;Singleplayer;Puzzle;1990's;2D;Great Soundtrack;Story Rich;Cult Classic;Retro;Pixel Graphics;Nostalgia;Atmospheric;Escape Room;Family Friendly,1,20,9.99,9.99,0.0,0,5529,270,5799,0.9534,1,"500,000 .. 1,000,000",500000,1000000,750000,0,0,0,16
2114740,Blasphemous 2,The Game Kitchen,Team17,"Action, Adventure, Indie",Combat;Fantasy;Metroidvania;Souls-like;Adventure;2D Platformer;Pixel Graphics;Difficult;Side Scroller;Hack and Slash;Unforgiving;2D;Platformer;Action RPG;Horror;Lore-Rich;Action-Adventure;Story Rich;Nonlinear;Multiple Endings,3,20,29.99,29.99,0.0,0,13000,1237,14237,0.9131,1,"500,000 .. 1,000,000",500000,1000000,750000,0,0,0,202
3017860,DOOM: The Dark Ages,id Software,Bethesda Softworks,Action,Action;FPS;Demons;Dark Fantasy;Singleplayer;Sci-fi;Cinematic;Gore;Story Rich;First-Person;Atmospheric;Shooter;Lore-Rich;Dragons;Mature;Mechs;Blood;Adventure;Fast-Paced;Boomer Shooter,1,20,69.99,69.99,0.0,0,18891,2780,21671,0.8717,1,"500,000 .. 1,000,000",500000,1000000,750000,0,0,0,3518
1275350,Ninja Kiwi Archive,Ninja Kiwi,Ninja Kiwi,"Action, Casual, Strategy",Casual;Arcade;Strategy;Tower Defense;Action;Singleplayer;Online Co-Op;Co-op;Multiplayer;Platformer;Top-Down Shooter;2D Platformer;PvP;2D;Pixel Graphics;Top-Down;Cartoony;Survival;Fantasy;Ninja,3,20,0.0,0.0,0.0,1,5107,332,5439,0.939,1,"500,000 .. 1,000,000",500000,1000000,750000,0,0,0,89
385760,NBA 2K17,Visual Concepts,2K,Sports,Basketball;Sports;Multiplayer;Simulation;Singleplayer;Realistic;Action;Character Customization;Family Friendly;Great Soundtrack;Controller;Gambling;Free to Play;Nudity,1,14,0.0,0.0,0.0,1,4724,4074,8798,0.5369,0,"500,000 .. 1,000,000",500000,1000000,750000,0,0,0,54
2058190,Lost Judgment,RGG Studio,SEGA,"Action, Adventure, RPG",Action;Adventure;Beat 'em up;Action-Adventure;3D Fighter;Cinematic;Realistic;Third Person;Hack and Slash;Crime;Conspiracy;Detective;Dark;Drama;Investigation;Foreign;Gambling;Martial Arts;Logic;Modern,3,20,39.99,39.99,0.0,0,7238,428,7666,0.9442,1,"500,000 .. 1,000,000",500000,1000000,750000,0,0,0,233
360940,The Mean Greens - Plastic Warfare,"Virtual Basement LLC, Code Headquarters LLC",Virtual Basement LLC,"Action, Indie",Action;Multiplayer;Third-Person Shooter;Shooter;Funny;Indie;Great Soundtrack;Colorful;Co-op;Fast-Paced;Online Co-Op;FPS;First-Person;Singleplayer;Military;Casual;Cartoony;Family Friendly;World War II;Atmospheric,2,20,9.99,9.99,0.0,0,8332,1879,10211,0.816,1,"500,000 .. 1,000,000",500000,1000000,750000,0,0,0,4
503940,Railway Empire,Gaming Minds Studios,Kalypso Media,"Simulation, Strategy",Strategy;Simulation;Management;Trains;Economy;Building;Trading;Historical;America;Singleplayer;Western;Real-Time;Sandbox;Transportation;City Builder;Family Friendly;Replay Value;Resource Management;Crafting;Exploration,2,20,5.99,29.99,80.0,0,7797,1619,9416,0.8281,1,"500,000 .. 1,000,000",500000,1000000,750000,0,0,0,142
424030,War of Rights,Campfire Games,Campfire Games,"Action, Indie, Massively Multiplayer, Simulation, Strategy, Early Access",Historical;War;Multiplayer;Realistic;Action;Simulation;Military;FPS;Strategy;First-Person;Shooter;Early Access;Massively Multiplayer;Indie;Violent;America;Singleplayer;Gore;Tactical;Mature,6,20,29.99,29.99,0.0,0,11619,1526,13145,0.8839,1,"500,000 .. 1,000,000",500000,1000000,750000,0,0,0,298
1244090,Sea of Stars: Sunset Edition,Sabotage Studio,Sabotage Studio,"Adventure, Indie, RPG",Pixel Graphics;JRPG;Turn-Based Combat;Local Co-Op;Party-Based RPG;Story Rich;Adventure;RPG;2D;Singleplayer;Fantasy;Indie;Lore-Rich;Retro;Co-op;Exploration;Funny;Multiplayer;Nostalgia;Emotional,3,20,34.99,34.99,0.0,0,11331,1367,12698,0.8923,1,"500,000 .. 1,000,000",500000,1000000,750000,0,0,0,509
539470,Police Stories,HypeTrain Digital,HypeTrain Digital,"Action, Indie, Simulation, Strategy",Action;Strategy;Co-op;Simulation;Tactical;Villain Protagonist;Top-Down Shooter;Shooter;Multiplayer;Pixel Graphics;Online Co-Op;2D;Indie;Singleplayer;Crime;Realistic;Atmospheric;Violent;Gore;Difficult,4,20,2.99,19.99,85.0,0,7406,1295,8701,0.8512,1,"500,000 .. 1,000,000",500000,1000000,750000,0,0,0,18
252150,Grimm,Spicyhorse Games,Spicyhorse Games,"Casual, Indie",Indie;Free to Play;Villain Protagonist;Funny;Casual;Fantasy;Comedy;Adventure;Episodic;Singleplayer;Third Person;Action;3D Platformer;Trading Card Game;Cute;Horror;Dark Humor;Puzzle;Platformer;Dark Fantasy,2,20,0.0,0.0,0.0,1,10338,925,11263,0.9179,1,"500,000 .. 1,000,000",500000,1000000,750000,0,0,0,3
22350,BRINK,Splash Damage,Bethesda Softworks,"Action, Free To Play",FPS;Action;Multiplayer;Parkour;Shooter;Character Customization;Free to Play;Class-Based;Co-op;Singleplayer;First-Person;Gun Customization;Team-Based;Online Co-Op;Sci-fi;Tactical;Atmospheric;Adventure;Casual;Open World,2,20,0.0,0.0,0.0,1,4999,2954,7953,0.6286,0,"500,000 .. 1,000,000",500000,1000000,750000,0,0,0,22
761620,Beholder 2,Alawar Stargaze (Warm Lamp Games),Alawar,"Adventure, Indie, Simulation, Strategy",Dystopian;Strategy;Choices Matter;Political Sim;Simulation;Story Rich;Singleplayer;Atmospheric;Political;Multiple Endings;Dark;Politics;Addictive;Point & Click;2D;Lore-Rich;Adventure;Indie;Violent;Psychological Horror,4,20,17.99,17.99,0.0,0,6253,890,7143,0.8754,1,"500,000 .. 1,000,000",500000,1000000,750000,0,0,0,76
1128000,Cube World,Picroma,Picroma,"Adventure, Indie, RPG",Open World;Adventure;Multiplayer;RPG;Voxel;Exploration;Indie;Online Co-Op;Fantasy;Co-op;Third Person;Pixel Graphics;Singleplayer;Procedural Generation;Crafting;Action RPG;Great Soundtrack;Sandbox;Survival;Walking Simulator,3,20,19.99,19.99,0.0,0,6872,11701,18573,0.37,0,"500,000 .. 1,000,000",500000,1000000,750000,0,0,0,10
753650,Due Process,Giant Enemy Crab,Giant Enemy Crab,"Action, Adventure, Indie, Simulation, Strategy, Early Access",Early Access;Adventure;3D;Futuristic;Tactical;Cyberpunk;FPS;Team-Based;Simulation;PvP;e-sports;Multiplayer;Online Co-Op;Character Customization;Procedural Generation;Shooter;Crime;Pixel Graphics;Competitive;Strategy,6,20,9.99,9.99,0.0,0,6713,1495,8208,0.8179,1,"500,000 .. 1,000,000",500000,1000000,750000,0,0,0,29
2849080,Kingdom Rush 5: Alliance TD,Ironhide Game Studio,Ironhide Game Studio,"Indie, Strategy",Strategy;Tower Defense;2D;Cartoon;Cartoony;Singleplayer;Fantasy;Dragons;Building;Funny;Indie;Medieval;Action;Adventure;Comedy;Magic;Dark,2,17,19.99,19.99,0.0,0,7763,1092,8855,0.8767,1,"500,000 .. 1,000,000",500000,1000000,750000,0,0,0,386
939850,The Dark Pictures Anthology: Man of Medan,Supermassive Games,BANDAI NAMCO Entertainment Europe,Adventure,Choices Matter;Co-op;Horror;Adventure;Multiplayer;Cinematic;Story Rich;Gore;Violent;Singleplayer;Quick-Time Events;Survival Horror;Atmospheric;Psychological Horror;Third Person;Local Multiplayer;Nudity;Action;Sexual Content;Female Protagonist,1,20,19.99,19.99,0.0,0,8812,2797,11609,0.7591,1,"500,000 .. 1,000,000",500000,1000000,750000,0,0,0,41
2300,DOOM II,id Software,id Software,Action,Classic;FPS;Action;1990's;Retro;Shooter;Demons;Gore;Old School;Moddable;Violent;First-Person;Sci-fi;Singleplayer;Great Soundtrack;Multiplayer;Pixel Graphics;Boomer Shooter;Horror;Zombies,1,20,0.0,0.0,0.0,1,8691,417,9108,0.9542,1,"500,000 .. 1,000,000",500000,1000000,750000,0,0,0,16
397340,SimplePlanes,"Jundroo, LLC","Jundroo, LLC","Indie, Simulation",Flight;Sandbox;Automation;Physics;Building;Exploration;Racing;Automobile Sim;Combat Racing;Controller;Military;3D;Open World;Strategy;Funny;Collectathon;Action;Vehicular Combat;Moddable;Artificial Intelligence,2,20,12.99,12.99,0.0,0,9763,707,10470,0.9325,1,"500,000 .. 1,000,000",500000,1000000,750000,0,0,0,81
255220,GRID Autosport,"Codemasters Racing, Feral Interactive (Mac), Feral Interactive (Linux)","Codemasters, Feral Interactive (Mac), Feral Interactive (Linux)","Racing, Sports",Racing;Automobile Sim;Sports;Simulation;Driving;Multiplayer;Arcade;Split Screen;Singleplayer;Controller;Realistic;Action;Co-op;Local Multiplayer;Atmospheric;Great Soundtrack;Touch-Friendly;VR;Adventure;Beautiful,2,20,0.0,0.0,0.0,1,6764,1914,8678,0.7794,1,"500,000 .. 1,000,000",500000,1000000,750000,0,0,0,15
774801,Crab Champions,Noisestorm,Noisestorm,"Action, Adventure, Casual, Indie, Early Access",Early Access;Action Roguelike;Soundtrack;Looter Shooter;Rogue-like;Arcade;Multiplayer;Third-Person Shooter;3D;Co-op;Bullet Hell;Casual;Shooter;Action;Platformer;PvE;Perma Death;Choices Matter;Memes;Relaxing,5,20,9.99,9.99,0.0,0,26307,553,26860,0.9794,1,"500,000 .. 1,000,000",500000,1000000,750000,0,0,0,796
464060,RUINER,Reikon Games,Devolver Digital,"Action, Indie",Cyberpunk;Action;Top-Down Shooter;Great Soundtrack;Violent;Indie;Twin Stick Shooter;Gore;Isometric;Atmospheric;Difficult;Singleplayer;Sci-fi;Shooter;Top-Down;Dystopian;Hack and Slash;Third Person;Fast-Paced;Open World,2,20,19.99,19.99,0.0,0,10381,1211,11592,0.8955,1,"500,000 .. 1,000,000",500000,1000000,750000,0,0,0,5
49600,Beat Hazard,Cold Beam Games,Cold Beam Games,"Action, Casual, Indie",Rhythm;Music-Based Procedural Generation;Twin Stick Shooter;Bullet Hell;Shoot 'Em Up;Music;2D;Space;Indie;Action;Arcade;Shooter;Casual;Colorful;Co-op;Local Co-Op;Multiplayer;Atmospheric;Singleplayer;Replay Value,3,20,9.99,9.99,0.0,0,6984,395,7379,0.9465,1,"500,000 .. 1,000,000",500000,1000000,750000,0,0,0,4
1158160,Coral Island,Stairway Games,Balor Games,"Adventure, Casual, Indie, RPG, Simulation, Strategy",Farming Sim;Life Sim;Relaxing;Dating Sim;Simulation;Agriculture;RPG;Character Customization;Crafting;Singleplayer;Sandbox;Building;Open World;Casual;Indie;Adventure;Fishing;Mining;LGBTQ+;Cartoony,6,20,29.99,29.99,0.0,0,19184,2544,21728,0.8829,1,"500,000 .. 1,000,000",500000,1000000,750000,0,0,0,1328
728530,SD GUNDAM G GENERATION CROSS RAYS,"TOM CREATE, 株式会社トムクリエイト","BANDAI NAMCO Entertainment, 株式会社バンダイナムコエンターテインメント","RPG, Strategy",Mechs;Tactical RPG;Turn-Based Tactics;Anime;RPG;Robots;JRPG;Cinematic;Character Customization;Turn-Based;Turn-Based Strategy;Singleplayer;Strategy RPG;Isometric;Top-Down;Sci-fi;2.5D;Space;Story Rich;Strategy,2,20,29.99,59.99,50.0,0,6572,1294,7866,0.8355,1,"500,000 .. 1,000,000",500000,1000000,750000,0,0,0,227
2135150,Elin,Lafrontier,Lafrontier,"Indie, RPG, Simulation, Strategy, Early Access",Early Access;Character Customization;Open World;Rogue-like;JRPG;Traditional Roguelike;Pixel Graphics;RPG;Singleplayer;Dungeon Crawler;2D;Sandbox;Exploration;Difficult;Nonlinear;Procedural Generation;Mystery Dungeon;Loot;Multiplayer;Perma Death,5,20,19.99,19.99,0.0,0,6163,412,6575,0.9373,1,"500,000 .. 1,000,000",500000,1000000,750000,0,0,0,1277
2142790,Fields of Mistria,NPC Studio,NPC Studio,"Indie, RPG, Simulation",Early Access;Farming Sim;Dating Sim;RPG;Life Sim;Simulation;Romance;Cute;Pixel Graphics;Farming;Relaxing;Agriculture;Anime;Sandbox;2D;Open World;Crafting;Building;Cooking;Mining,3,20,13.99,13.99,0.0,0,19544,414,19958,0.9793,1,"500,000 .. 1,000,000",500000,1000000,750000,0,0,0,1616
252870,PULSAR: Lost Colony,Leafy Games,Leafy Games,"Action, Adventure, Indie, RPG, Simulation",Space Sim;Open World;Simulation;Co-op;First-Person;PvE;Space;Exploration;Sci-fi;Multiplayer;Spaceships;RPG;Robots;Nonlinear;FPS;Class-Based;Online Co-Op;Adventure;Character Customization;Action,5,20,19.99,19.99,0.0,0,5020,558,5578,0.9,1,"500,000 .. 1,000,000",500000,1000000,750000,0,0,0,21
1843760,Rogue Tower,Die of Death Games,Die of Death Games,"Casual, Strategy",Tower Defense;Strategy;Rogue-like;Casual;Procedural Generation;3D;Minimalist;Base-Building;Rogue-lite;Singleplayer;Building;Colorful;Isometric;Fantasy;Cartoony;Medieval;Magic;Indie,2,18,14.99,14.99,0.0,0,4637,996,5633,0.8232,1,"500,000 .. 1,000,000",500000,1000000,750000,0,0,0,147
360170,How to Survive 2,Eko Software,505 Games,"Action, Adventure, RPG",Survival;Zombies;Multiplayer;Open World Survival Craft;Open World;Co-op;Crafting;Action;RPG;Adventure;Base-Building;Local Co-Op;Gore;Singleplayer;Third Person;Top-Down Shooter;Shooter;4 Player Local;Early Access;Dark Humor,3,20,14.99,14.99,0.0,0,7552,3362,10914,0.692,0,"500,000 .. 1,000,000",500000,1000000,750000,0,0,0,10
644830,The Surge 2,Deck13,Focus Entertainment,"Action, RPG",Souls-like;RPG;Action;Open World;Violent;Sci-fi;Difficult;Third Person;Singleplayer;Cyberpunk;Multiplayer;Character Customization;Gore;Mechs;Hack and Slash;Action RPG;Robots;Female Protagonist;Story Rich;Co-op,2,20,2.99,29.99,90.0,0,6523,2005,8528,0.7649,1,"500,000 .. 1,000,000",500000,1000000,750000,0,0,0,81
248820,Risk of Rain (2013),Hopoo Games,"Gearbox Publishing, 2K","Action, Indie, RPG",Action Roguelike;Rogue-like;Indie;Platformer;Action;Pixel Graphics;Great Soundtrack;Online Co-Op;Difficult;Perma Death;Co-op;2D;Local Co-Op;Rogue-lite;Multiplayer;Singleplayer;RPG;Addictive;Replay Value;Survival,3,20,9.99,9.99,0.0,0,27648,1978,29626,0.9332,1,"500,000 .. 1,000,000",500000,1000000,750000,0,0,0,25
1681430,RoboCop: Rogue City,Teyon,Nacon,"Action, Adventure",FPS;Action;First-Person;Singleplayer;Shooter;Gore;Story Rich;Cyberpunk;Sci-fi;Adventure;Atmospheric;Violent;Soundtrack;RPG;Robots;Dystopian;Action RPG;Crime;Futuristic;Mature,2,20,39.99,39.99,0.0,0,20146,2561,22707,0.8872,1,"500,000 .. 1,000,000",500000,1000000,750000,0,0,0,238
462770,Pyre,Supergiant Games,Supergiant Games,"Action, Indie, RPG",Indie;RPG;Great Soundtrack;Story Rich;Action;Visual Novel;Atmospheric;Hand-drawn;Fantasy;Singleplayer;Choices Matter;Colorful;Party-Based RPG;Adventure;Local Multiplayer;Lore-Rich;Multiple Endings;Interactive Fiction;Stylized;Music,3,20,19.99,19.99,0.0,0,8178,860,9038,0.9048,1,"500,000 .. 1,000,000",500000,1000000,750000,0,0,0,10
681280,Descenders,RageSquid,No More Robots,"Action, Racing, Sports",Sports;Racing;Cycling;Action;Bikes;Multiplayer;Great Soundtrack;Procedural Generation;Open World;Rogue-lite;BMX;Fast-Paced;Simulation;Physics;Moddable;Relaxing;Addictive;Difficult;Beautiful;Competitive,3,20,24.99,24.99,0.0,0,18141,1092,19233,0.9432,1,"500,000 .. 1,000,000",500000,1000000,750000,0,0,0,190
774241,Warhammer: Chaosbane,Eko Software,Nacon,"Action, Adventure, RPG",Singleplayer;PvE;RPG;Co-op Campaign;Hack and Slash;Action;Action RPG;Adventure;Isometric;Multiplayer;Dark Fantasy;Co-op;Dungeon Crawler;Top-Down;Violent;Online Co-Op;Character Customization;Demons;Local Multiplayer;Local Co-Op,3,20,29.99,29.99,0.0,0,3505,2567,6072,0.5772,0,"500,000 .. 1,000,000",500000,1000000,750000,0,0,0,14
95400,ibb & obb,"Sparpweed, Codeglue",Sparpweed,"Action, Adventure, Indie",Co-op;Online Co-Op;Puzzle;Local Co-Op;Platformer;Indie;Cute;Multiplayer;Adventure;Puzzle-Platformer;Action;2D;Family Friendly;Difficult;Great Soundtrack;Casual;Local Multiplayer;Controller;Funny;Psychological Horror,3,20,11.99,11.99,0.0,0,5959,664,6623,0.8997,1,"500,000 .. 1,000,000",500000,1000000,750000,0,0,0,29
276810,Mordheim: City of the Damned,Rogue Factor,Nacon,"RPG, Strategy",Tactical;Games Workshop;RPG;Turn-Based;Strategy;Dark Fantasy;Turn-Based Tactics;Turn-Based Combat;Multiplayer;Turn-Based Strategy;Fantasy;Perma Death;Singleplayer;Medieval;Procedural Generation;Board Game;Indie;Controller;Tactical RPG;Competitive,2,20,19.99,19.99,0.0,0,5662,2399,8061,0.7024,1,"500,000 .. 1,000,000",500000,1000000,750000,0,0,0,112
548570,RAGE 2,"id Software, Avalanche Studios",Bethesda Softworks,Action,Action;FPS;Open World;Post-apocalyptic;Vehicular Combat;Automobile Sim;Singleplayer;Gore;Shooter;Violent;First-Person;Multiplayer;Blood;Funny;Exploration;Sci-fi;Adventure;Cyberpunk;Racing;Sandbox,1,20,39.99,39.99,0.0,0,10320,6086,16406,0.629,0,"500,000 .. 1,000,000",500000,1000000,750000,0,0,0,42
593600,PixARK,Snail Games USA,Snail Games USA,"Action, Adventure, Casual, Massively Multiplayer, RPG, Strategy",Survival;Open World;Adventure;Multiplayer;Massively Multiplayer;Dinosaurs;Sandbox;RPG;Pixel Graphics;Action;Casual;Strategy;Building;Crafting;Voxel;Co-op;Base-Building;Magic;PvP;FPS,6,20,19.99,19.99,0.0,0,9112,3400,12512,0.7283,1,"500,000 .. 1,000,000",500000,1000000,750000,0,0,0,165
1041320,Lords Mobile,IGG SINGAPORE PTE. LTD.,IGG SINGAPORE PTE. LTD.,"Massively Multiplayer, RPG, Strategy, Free To Play",Free to Play;Strategy;Massively Multiplayer;NSFW;War;LGBTQ+;Gore;Anime;Multiplayer;RPG;Memes;Illuminati;RTS;Casual;Family Friendly;Mature;MMORPG;Female Protagonist;Dating Sim;World War II,4,20,0.0,0.0,0.0,1,3761,1856,5617,0.6696,0,"500,000 .. 1,000,000",500000,1000000,750000,0,0,0,1080
1547000,Grand Theft Auto: San Andreas – The Definitive Edition,Rockstar Games,Rockstar Games,"Action, Adventure",Sexual Content;Open World;Action;Crime;Third-Person Shooter;Nudity;Adventure;Violent;Action-Adventure;Third Person;1990's;Singleplayer;Mature;Story Rich;Combat;Gore;Classic;Psychological Horror;Memes;Sandbox,2,20,59.99,59.99,0.0,0,6814,2051,8865,0.7686,1,"500,000 .. 1,000,000",500000,1000000,750000,0,0,0,330
473690,Absolver,Sloclap,Devolver Digital,"Action, Adventure, Indie",Fighting;Martial Arts;Action;Multiplayer;PvP;Open World;Adventure;Indie;PvE;Online Co-Op;RPG;Character Customization;Difficult;Co-op;Swordplay;Singleplayer;MMORPG;Massively Multiplayer;Atmospheric;Souls-like,3,20,29.99,29.99,0.0,0,10497,4039,14536,0.7221,1,"500,000 .. 1,000,000",500000,1000000,750000,0,0,0,22
413420,Danganronpa 2: Goodbye Despair,"Spike Chunsoft Co., Ltd., Abstraction Games","Spike Chunsoft Co., Ltd.",Adventure,Anime;Detective;Visual Novel;Mystery;Story Rich;Great Soundtrack;Singleplayer;Psychological Horror;Adventure;Dark Comedy;Puzzle;Horror;Atmospheric;Dark;Comedy;Mature;Memes;Funny;Dating Sim;Walking Simulator,1,20,19.99,19.99,0.0,0,25613,998,26611,0.9625,1,"500,000 .. 1,000,000",500000,1000000,750000,0,0,0,198
447530,VA-11 Hall-A: Cyberpunk Bartender Action,Sukeban Games,"Ysbryd Games, PLAYISM","Adventure, Indie, Simulation",Cyberpunk;Visual Novel;Pixel Graphics;Story Rich;Female Protagonist;Dystopian;LGBTQ+;Choices Matter;Point & Click;Casual;Simulation;Anime;Memes;Transhumanism;2D;Life Sim;Adventure;Funny;Cute;Sci-fi,3,20,14.99,14.99,0.0,0,35526,936,36462,0.9743,1,"500,000 .. 1,000,000",500000,1000000,750000,0,0,0,62
248610,Door Kickers,KillHouse Games,KillHouse Games,"Action, Indie, Simulation, Strategy",Tactical;Strategy;Top-Down;Simulation;Action;Indie;Singleplayer;Real-Time with Pause;2D;Replay Value;Co-op;Real Time Tactics;RTS;Shooter;Top-Down Shooter;Moddable;Puzzle;Level Editor;Difficult;Multiplayer,4,20,19.99,19.99,0.0,0,9277,561,9838,0.943,1,"500,000 .. 1,000,000",500000,1000000,750000,0,0,0,18
256290,Child of Light,Ubisoft Montréal,Ubisoft,RPG,RPG;Fantasy;Great Soundtrack;Turn-Based;Female Protagonist;Platformer;Adventure;2D;Atmospheric;Story Rich;Hand-drawn;Beautiful;Singleplayer;Cute;Side Scroller;Local Co-Op;Turn-Based Strategy;Indie;Casual;Action,1,20,14.99,14.99,0.0,0,12122,1098,13220,0.9169,1,"500,000 .. 1,000,000",500000,1000000,750000,0,0,0,12
758190,Dragon Cliff,Meta Interaction,Meta Interaction,"Adventure, Casual, Indie, RPG, Simulation, Strategy",RPG;Strategy;Idler;Loot;Pixel Graphics;Casual;Adventure;Clicker;Management;Indie;Simulation;Dungeon Crawler;Turn-Based Combat;Singleplayer;2D;Turn-Based;Hack and Slash;Fantasy;JRPG;Auto Battler,6,20,9.99,9.99,0.0,0,6998,826,7824,0.8944,1,"500,000 .. 1,000,000",500000,1000000,750000,0,0,0,216
1195460,Last Year,Undaunted Games,Undaunted Games,"Action, Free To Play",Action;Multiplayer;Horror;Co-op;Gore;Survival Horror;Violent;Survival;First-Person;Team-Based;Mature;Atmospheric;Free to Play;PvP;Indie;Demons;Crowdfunded;Character Customization;Dark;Asynchronous Multiplayer,2,20,0.0,0.0,0.0,1,5991,3711,9702,0.6175,0,"500,000 .. 1,000,000",500000,1000000,750000,0,0,0,8
2381590,Only Up,Indiesolodev,Indiesolodev,"Adventure, Casual, Indie, Simulation",Parkour;3D Platformer;Difficult;Psychological Horror;Casual;Adventure;Third Person;Bullet Time;Physics;Open World;Exploration;Platformer;Story Rich;Arcade;Replay Value;Atmospheric;Multiplayer;Rogue-like;Simulation;Cinematic,4,20,0.0,0.0,0.0,1,11002,4035,15037,0.7317,1,"500,000 .. 1,000,000",500000,1000000,750000,0,0,0,22
260230,Valiant Hearts: The Great War / Soldats Inconnus : Mémoires de la Grande Guerre,Ubisoft Montpellier,Ubisoft,Adventure,Atmospheric;Historical;World War I;Adventure;War;Story Rich;Drama;2D;Puzzle;Great Soundtrack;Singleplayer;Emotional;Dog;Side Scroller;Platformer;Action;Education;Comic Book;Music;Indie,1,20,14.99,14.99,0.0,0,24888,1155,26043,0.9557,1,"500,000 .. 1,000,000",500000,1000000,750000,0,0,0,25
296470,Mount Your Friends,Stegersaurus Software Inc.,Stegersaurus Software Inc.,"Indie, Simulation, Sports",Funny;Comedy;Multiplayer;Sports;Indie;Physics;Local Multiplayer;Simulation;Competitive;Sexual Content;Co-op;Local Co-Op;2D;Casual;Mature;Psychological Horror;4 Player Local;Online Co-Op;Singleplayer;Action,3,20,4.99,4.99,0.0,0,7327,366,7693,0.9524,1,"500,000 .. 1,000,000",500000,1000000,750000,0,0,0,1
219830,King Arthur's Gold,Transhuman Design,Transhuman Design,"Action, Free To Play, Indie",Multiplayer;2D;Action;Pixel Graphics;Building;Indie;Medieval;Sandbox;Team-Based;Platformer;Competitive;Co-op;Free to Play;Strategy;Side Scroller;Fast-Paced;Singleplayer;Funny;Zombies;2D Platformer,3,20,0.0,0.0,0.0,1,4390,814,5204,0.8436,1,"500,000 .. 1,000,000",500000,1000000,750000,0,0,0,11
200210,Realm of the Mad God Exalt,"Wild Shadow Studios, Deca Live Operations GmbH",Deca Live Operations GmbH,"Action, Adventure, Indie, Massively Multiplayer, RPG, Free To Play",Pixel Graphics;MMORPG;Free to Play;Rogue-like;Perma Death;Action Roguelike;Bullet Hell;Difficult;Rogue-lite;Indie;2D;Massively Multiplayer;Action RPG;RPG;Action;Multiplayer;Adventure;Co-op;Online Co-Op;Fantasy,6,20,0.0,0.0,0.0,1,38723,7897,46620,0.8306,1,"500,000 .. 1,000,000",500000,1000000,750000,0,0,0,1853
824550,SD GUNDAM BATTLE ALLIANCE,ARTDINK,Bandai Namco Entertainment,"Action, RPG",Mechs;Action RPG;Robots;Hack and Slash;PvE;Anime;RPG;Lore-Rich;Online Co-Op;Third Person;Alternate History;Action;Multiplayer;Sci-fi;Animation & Modeling;Singleplayer;Space;Beat 'em up;Co-op;Combat,2,20,14.99,59.99,75.0,0,3683,2160,5843,0.6303,0,"500,000 .. 1,000,000",500000,1000000,750000,0,0,0,8
1135690,Unpacking,Witch Beam,Balor Games,"Casual, Indie, Simulation",Relaxing;Cute;Casual;Pixel Graphics;Puzzle;Story Rich;Singleplayer;Simulation;Indie;Life Sim;Atmospheric;Point & Click;LGBTQ+;Female Protagonist;Isometric;Family Friendly;Colorful;Inventory Management;2D;Hidden Object,3,20,19.99,19.99,0.0,0,32883,2418,35301,0.9315,1,"500,000 .. 1,000,000",500000,1000000,750000,0,0,0,260
2437170,SMITE 2,Titan Forge Games,Hi-Rez Studios,"Action, Adventure, Casual, Massively Multiplayer, RPG, Strategy, Free To Play, Early Access",Early Access;Action;MOBA;Third Person;Strategy;Adventure;Mythology;Casual;Competitive;RPG;Multiplayer;Massively Multiplayer;Team-Based;PvP;Combat;Co-op;Online Co-Op;God Game;MMORPG;Action-Adventure,8,20,0.0,0.0,0.0,1,8257,6096,14353,0.5753,0,"500,000 .. 1,000,000",500000,1000000,750000,0,0,0,4975
2140510,Town of Salem 2,BlankMediaGames LLC,Digital Bandidos,"Action, Casual, RPG, Strategy, Free To Play",Free to Play;Social Deduction;Strategy;RPG;PvP;Multiplayer;Casual;Conversation;Cartoony;Strategy RPG;Fantasy;Werewolves;Mystery;Magic;Cartoon;Supernatural;Psychological Horror;Choices Matter;Cute;Isometric,5,20,0.0,0.0,0.0,1,5692,2092,7784,0.7312,1,"500,000 .. 1,000,000",500000,1000000,750000,0,0,0,382
78000,Bejeweled 3,"PopCap Games, Inc.","PopCap Games, Inc., Electronic Arts","Casual, Strategy",Puzzle;Casual;Match 3;Singleplayer;Strategy;Addictive;Relaxing;Classic;Great Soundtrack;Touch-Friendly;Colorful;Family Friendly;Indie;Arcade;2D,2,15,4.99,4.99,0.0,0,6963,296,7259,0.9592,1,"500,000 .. 1,000,000",500000,1000000,750000,0,0,0,387
503560,911 Operator,Jutsu Games,Games Operators,"Casual, Indie, Simulation, Strategy",Simulation;Strategy;Management;Singleplayer;Indie;Casual;Realistic;Crime;Choices Matter;Education;Tactical;Real Time Tactics;2D;Atmospheric;Addictive;Modern;Minimalist;Moddable;Mature;Drama,4,20,14.99,14.99,0.0,0,14616,1819,16435,0.8893,1,"500,000 .. 1,000,000",500000,1000000,750000,0,0,0,87
429050,Feed and Grow: Fish,Old B1ood,Greens s.r.o.,"Action, Indie, Simulation, Early Access",Simulation;Underwater;Survival;Multiplayer;Early Access;Action;Open World;Indie;Singleplayer;Adventure;Colorful;Sandbox;Funny;Fishing;Co-op;Realistic;Cute;Atmospheric;Strategy;Great Soundtrack,4,20,14.99,14.99,0.0,0,14733,4239,18972,0.7766,1,"500,000 .. 1,000,000",500000,1000000,750000,0,0,0,189
909080,Cube Escape: Paradox,Rusty Lake,Rusty Lake,"Adventure, Free To Play, Indie",Puzzle;Free to Play;Psychological Horror;Point & Click;Mystery;Singleplayer;Escape Room;Indie;Horror;Multiplayer;Adventure;Atmospheric;Story Rich;2D;Detective;Dark;Surreal;Great Soundtrack;Co-op;Hand-drawn,3,20,0.0,0.0,0.0,1,10264,290,10554,0.9725,1,"500,000 .. 1,000,000",500000,1000000,750000,0,0,0,168
1496790,Gotham Knights,"Warner Bros. Games Montréal, QLOC",Warner Bros. Games,"Action, Adventure, RPG",Action;Open World;Superhero;Online Co-Op;Singleplayer;Action RPG;Stealth;Multiplayer;Adventure;Third Person;RPG;Story Rich;Co-op;Action-Adventure;Comic Book;Dark;Crime;Combat;Character Customization;Atmospheric,3,20,59.99,59.99,0.0,0,15271,7395,22666,0.6737,0,"500,000 .. 1,000,000",500000,1000000,750000,0,0,0,204
285330,RollerCoaster Tycoon 2: Triple Thrill Pack,Chris Sawyer Productions,Atari,"Simulation, Strategy",Simulation;Management;Classic;Sandbox;Strategy;Singleplayer;Building;Economy;Isometric;Retro;Multiplayer;Nostalgia;Pixel Graphics;Casual;Family Friendly;2D;Addictive;Great Soundtrack;City Builder;Funny,2,20,9.99,9.99,0.0,0,4864,581,5445,0.8933,1,"500,000 .. 1,000,000",500000,1000000,750000,0,0,0,96
1782120,ZERO Sievert,CABO Studio,Modern Wolf,"Action, Adventure, Indie",Extraction Shooter;Survival;Post-apocalyptic;Looter Shooter;Top-Down;Pixel Graphics;Shooter;Action;Open World;Singleplayer;Indie;Adventure;Exploration;Simulation;Loot;Early Access;Strategy;Atmospheric;Base-Building;Survival Horror,3,20,19.99,19.99,0.0,0,11326,1912,13238,0.8556,1,"500,000 .. 1,000,000",500000,1000000,750000,0,0,0,261
1259980,RIDE 4,Milestone S.r.l.,Milestone S.r.l.,"Racing, Simulation, Sports",Racing;Motorbike;Sports;Multiplayer;Open World;First-Person;Simulation;Third Person;Automobile Sim;Driving;PvP;Singleplayer;Bikes;VR;Competitive;Controller;Difficult;Split Screen;Realistic,3,19,39.99,39.99,0.0,0,9661,2068,11729,0.8237,1,"500,000 .. 1,000,000",500000,1000000,750000,0,0,0,209
732690,FIVE NIGHTS AT FREDDY'S: HELP WANTED,Steel Wool Studios,ScottGames,"Action, Casual",Horror;VR;Singleplayer;Robots;Survival Horror;First-Person;Action;Psychological Horror;Dark;Survival;Casual;Difficult;Atmospheric;Puzzle;Story Rich;Indie;Strategy;Alternate History;LGBTQ+;Funny,2,20,29.99,29.99,0.0,0,11969,494,12463,0.9604,1,"500,000 .. 1,000,000",500000,1000000,750000,0,0,0,29
311290,SpellForce 3 Reforced,Grimlore Games,THQ Nordic,"RPG, Strategy",RPG;Strategy;RTS;Fantasy;Singleplayer;Multiplayer;Open World;Co-op;Atmospheric;Great Soundtrack;Character Customization;Adventure;Story Rich;Isometric;Building;Nudity;Base-Building;CRPG;Action;Dwarf,2,20,39.99,39.99,0.0,0,5837,1766,7603,0.7677,1,"500,000 .. 1,000,000",500000,1000000,750000,0,0,0,12
954740,Terminator: Resistance,Teyon,Reef Entertainment,"Action, Adventure, RPG",FPS;Post-apocalyptic;Choices Matter;Sci-fi;Open World;First-Person;Singleplayer;RPG;Story Rich;Robots;Action;Multiple Endings;Atmospheric;Futuristic;Crafting;Adventure;Violent;Shooter;Great Soundtrack;Cinematic,3,20,39.99,39.99,0.0,0,15132,1348,16480,0.9182,1,"500,000 .. 1,000,000",500000,1000000,750000,0,0,0,39
784080,MechWarrior 5: Mercenaries,Piranha Games Inc.,Piranha Games Inc.,"Action, Simulation",Mechs;Simulation;FPS;Action;Co-op;Shooter;Vehicular Combat;First-Person;Moddable;Destruction;Singleplayer;3D;Online Co-Op;Combat;Futuristic;Tutorial;Economy;Management;PvE;Resource Management,2,20,29.99,29.99,0.0,0,10793,1963,12756,0.8461,1,"500,000 .. 1,000,000",500000,1000000,750000,0,0,0,636
2336220,Feed the Cups,Vambear Games,IndieArk,"Casual, Indie, Simulation, Early Access",Early Access;Cute;Simulation;Cooking;Online Co-Op;Crafting;2D;Management;Co-op;Local Co-Op;Multiplayer;Singleplayer;Rogue-lite;Immersive Sim;Local Multiplayer;Action Roguelike;Funny;Action;Job Simulator;Cartoon,4,20,15.99,15.99,0.0,0,3922,9286,13208,0.2969,0,"500,000 .. 1,000,000",500000,1000000,750000,0,0,0,1161
362490,Exanima,Bare Mettle Entertainment,Bare Mettle Entertainment,"Action, Adventure, Indie, RPG, Simulation, Early Access",Physics;RPG;Dark Fantasy;Dungeon Crawler;Medieval;Difficult;Adventure;Isometric;Action;Early Access;Singleplayer;Atmospheric;Indie;Simulation;Souls-like;Character Customization;Rogue-like;Horror;Nudity;Action Roguelike,6,20,14.99,14.99,0.0,0,10132,2214,12346,0.8207,1,"500,000 .. 1,000,000",500000,1000000,750000,0,0,0,84
2772750,Age of History 3,Łukasz Jakowski,Łukasz Jakowski Games,"Simulation, Strategy",Wargame;Strategy;Grand Strategy;RTS;Alternate History;Diplomacy;World War I;Economy;Education;2D;Tactical;World War II;Medieval;War;Level Editor;Singleplayer;Moddable;Realistic;Building;Cold War,2,20,9.99,9.99,0.0,0,11105,1607,12712,0.8736,1,"500,000 .. 1,000,000",500000,1000000,750000,0,0,0,481
784150,Workers & Resources: Soviet Republic,3Division,Hooded Horse,"Simulation, Strategy",Strategy;Simulation;City Builder;Base-Building;Management;Building;Sandbox;Grand Strategy;Survival;Open World;Colony Sim;Resource Management;Historical;Singleplayer;4X;Economy;Moddable;RTS;Replay Value;Real-Time with Pause,2,20,39.99,39.99,0.0,0,20192,1983,22175,0.9106,1,"500,000 .. 1,000,000",500000,1000000,750000,0,0,0,2590
434050,Duke Nukem 3D: 20th Anniversary World Tour,"Nerve Software, Gearbox Software, LLC","Gearbox Publishing, 2K","Action, Adventure",FPS;Classic;Action;Gore;1990's;First-Person;Retro;Shooter;Boomer Shooter;Singleplayer;Adventure;Funny;Nudity;Multiplayer;Aliens;Comedy;Great Soundtrack;Co-op;Remake;Memes,2,20,19.99,19.99,0.0,0,4802,882,5684,0.8448,1,"500,000 .. 1,000,000",500000,1000000,750000,0,0,0,39
232910,TrackMania² Stadium,Nadeo,Ubisoft,"Racing, Sports",Racing;Multiplayer;Automobile Sim;Level Editor;Time Attack;Sports;Arcade;Singleplayer;Local Multiplayer;e-sports;Fast-Paced;Competitive;Sandbox;Driving;Split Screen;Action;Simulation;Great Soundtrack;Controller,2,19,9.99,9.99,0.0,0,5841,736,6577,0.8881,1,"500,000 .. 1,000,000",500000,1000000,750000,0,0,0,44
382310,Eco,Strange Loop Games,Strange Loop Games,"Adventure, Indie, Simulation, Early Access",Early Access;Simulation;Building;Sandbox;Economy;Open World Survival Craft;Immersive Sim;Nature;Multiplayer;Open World;Base-Building;Crafting;Trading;Transportation;Resource Management;Education;Science;Political Sim;Survival;Singleplayer,4,20,29.99,29.99,0.0,0,10744,2468,13212,0.8132,1,"500,000 .. 1,000,000",500000,1000000,750000,0,0,0,692
398710,Timberman,Digital Melody,Forever Entertainment S. A.,"Action, Casual, Indie",Casual;Pixel Graphics;Indie;Multiplayer;Action;2D;Singleplayer;Arcade;Difficult;Local Multiplayer;Clicker;Funny;Fast-Paced;4 Player Local;Score Attack,3,15,0.99,0.99,0.0,0,10572,764,11336,0.9326,1,"500,000 .. 1,000,000",500000,1000000,750000,0,0,0,7
272510,NARUTO SHIPPUDEN: Ultimate Ninja STORM Revolution,"CyberConnect2 Co., Ltd.",BANDAI NAMCO Entertainment,"Action, Adventure",Anime;Fighting;Ninja;Action;Multiplayer;Adventure;Online Co-Op;Singleplayer;Great Soundtrack;Co-op;Controller;Third Person;Action RPG;Fantasy;Action-Adventure;PvP;Local Multiplayer;Local Co-Op;Comedy;3D Vision,2,20,9.89,29.99,67.0,0,7336,1365,8701,0.8431,1,"500,000 .. 1,000,000",500000,1000000,750000,0,0,0,11
2095300,Breakout 13,ALT Lab,ALT Lab,"Adventure, Indie, RPG",FMV;Interactive Fiction;Choose Your Own Adventure;Exploration;Immersive Sim;Choices Matter;Lore-Rich;Story Rich;Puzzle;Multiple Endings;RPG;Cinematic;Psychological Horror;Strategy RPG;Realistic;Horror;Detective;Point & Click;RTS;Casual,3,20,9.99,9.99,0.0,0,6283,865,7148,0.879,1,"500,000 .. 1,000,000",500000,1000000,750000,0,0,0,22
94400,Nidhogg,Messhof,Messhof,"Action, Indie, Sports",Local Multiplayer;Indie;Swordplay;Fighting;Action;Multiplayer;Pixel Graphics;2D Fighter;PvP;2D;Party Game;Fast-Paced;Sports;Competitive;Funny;Controller;Local Co-Op;Platformer;Great Soundtrack;GameMaker,3,20,9.99,9.99,0.0,0,6909,776,7685,0.899,1,"500,000 .. 1,000,000",500000,1000000,750000,0,0,0,6
248860,NEO Scavenger,Blue Bottle Games,Blue Bottle Games,"Indie, RPG, Strategy",Survival;Post-apocalyptic;Rogue-like;RPG;Turn-Based;Crafting;Procedural Generation;Perma Death;Indie;Strategy;Inventory Management;Difficult;Sandbox;Open World;Realistic;Grid-Based Movement;Singleplayer;Hex Grid;Turn-Based Strategy;Adventure,3,20,3.74,14.99,75.0,0,4693,536,5229,0.8975,1,"500,000 .. 1,000,000",500000,1000000,750000,0,0,0,29
1235140,Yakuza: Like a Dragon,RGG Studio,SEGA,"Action, Adventure, RPG",RPG;Adventure;Action;Turn-Based Combat;JRPG;Story Rich;Turn-Based;Open World;Singleplayer;Funny;Crime;Comedy;Violent;Great Soundtrack;Sexual Content;Minigames;Drama;Nudity;Third Person;Anime,3,20,19.99,19.99,0.0,0,31409,1853,33262,0.9443,1,"500,000 .. 1,000,000",500000,1000000,750000,0,0,0,470
1562700,SANABI,WONDER POTION,NEOWIZ,"Action, Adventure, Indie",Pixel Graphics;Story Rich;Action;Cyberpunk;Adventure;2D Platformer;Singleplayer;Action-Adventure;2D;Platformer;Indie;Retro;Difficult;Side Scroller;Atmospheric;Great Soundtrack;Precision Platformer;Linear;Sci-fi;Dystopian,3,20,14.99,14.99,0.0,0,35011,943,35954,0.9738,1,"500,000 .. 1,000,000",500000,1000000,750000,0,0,0,160
764790,The Messenger,Sabotage,Devolver Digital,"Action, Indie",Retro;Platformer;Pixel Graphics;Metroidvania;Ninja;2D;Great Soundtrack;Indie;Action;2D Platformer;Singleplayer;Funny;Action-Adventure;Difficult;Time Travel;Adventure;Side Scroller;Comedy;Beautiful;Epic,2,20,19.99,19.99,0.0,0,11059,801,11860,0.9325,1,"500,000 .. 1,000,000",500000,1000000,750000,0,0,0,35
231160,The Swapper,"Olli Harjola, Otto Hantula, Tom Jubert, Carlo Castellano",Facepalm Games,"Action, Adventure, Indie",Puzzle;Sci-fi;Atmospheric;Indie;Space;Platformer;Puzzle-Platformer;Singleplayer;Adventure;Philosophical;Great Soundtrack;2D;Psychological Horror;Metroidvania;Mystery;Exploration;Story Rich;Action;Side Scroller;Difficult,3,20,14.99,14.99,0.0,0,6929,440,7369,0.9403,1,"500,000 .. 1,000,000",500000,1000000,750000,0,0,0,6
1206610,Rubber Bandits,Flashbulb,Flashbulb,"Action, Casual, Indie",Family Friendly;Party Game;Multiplayer;Cute;Party;Funny;PvP;Co-op;Casual;Action;Local Multiplayer;Destruction;Physics;Heist;Online Co-Op;Local Co-Op;Fighting;Beat 'em up;4 Player Local;Comedy,3,20,9.99,9.99,0.0,0,5454,973,6427,0.8486,1,"500,000 .. 1,000,000",500000,1000000,750000,0,0,0,54
2144740,Ghostrunner 2,One More Level,505 Games,"Action, Adventure, Strategy",Cyberpunk;Action;Runner;Hack and Slash;Fast-Paced;First-Person;Difficult;Swordplay;Violent;Vehicular Combat;Music;Adventure;Action-Adventure;Post-apocalyptic;Singleplayer;Combat;Ninja;Motorbike;Fighting;Strategy,3,20,39.99,39.99,0.0,0,7676,1840,9516,0.8066,1,"500,000 .. 1,000,000",500000,1000000,750000,0,0,0,64
799960,Wizard101,KingsIsle Entertainment,"KingsIsle Entertainment, gamigo group","Adventure, Casual, Massively Multiplayer, RPG, Strategy, Free To Play",Colorful;MMORPG;PvP;Deckbuilding;Crafting;Free to Play;Nostalgia;Card Game;Magic;Turn-Based Combat;Open World;Massively Multiplayer;Character Customization;RPG;Family Friendly;Strategy;Funny;Casual;Fantasy;Adventure,6,20,0.0,0.0,0.0,1,6721,1475,8196,0.82,1,"500,000 .. 1,000,000",500000,1000000,750000,0,0,0,712
343780,Cat Goes Fishing,Cat5Games,Unknown,"Casual, Indie, Simulation",Fishing;Cats;Casual;Cute;Singleplayer;Relaxing;Indie;2D;Simulation;Underwater;Arcade;Puzzle;Family Friendly;Difficult;Funny;Psychological Horror;Action;Adventure;Multiplayer;Nature,3,20,6.99,6.99,0.0,0,13316,840,14156,0.9407,1,"500,000 .. 1,000,000",500000,1000000,750000,0,0,0,117
234080,Castlevania: Lords of Shadow – Ultimate Edition,"MercurySteam, Climax Studios",KONAMI,"Action, Adventure",Action;Adventure;Hack and Slash;Vampire;Singleplayer;Fantasy;Gothic;Quick-Time Events;Third Person;Medieval;Dark Fantasy;Atmospheric;Great Soundtrack;Story Rich;Action-Adventure;Character Action Game;Spectacle fighter;Controller;Metroidvania;Nudity,2,20,29.99,29.99,0.0,0,7529,1790,9319,0.8079,1,"500,000 .. 1,000,000",500000,1000000,750000,0,0,0,38
994730,Banner of the Maid,Azure Flame Studio,2P Games,"Indie, RPG, Strategy",Strategy;Turn-Based Strategy;RPG;Turn-Based Tactics;Indie;Female Protagonist;Tactical RPG;JRPG;Anime;Sexual Content;Turn-Based Combat;Turn-Based;Nudity;2D;Historical;Pixel Graphics;Mature;Visual Novel;Isometric;Hentai,3,20,16.99,16.99,0.0,0,6854,984,7838,0.8745,1,"500,000 .. 1,000,000",500000,1000000,750000,0,0,0,57
745920,Temtem,Crema,Balor Games,"Adventure, Indie, Massively Multiplayer, RPG",Co-op;Multiplayer;Creature Collector;RPG;Turn-Based Combat;Story Rich;Adventure;PvE;PvP;Turn-Based Tactics;MMORPG;Character Customization;Collectathon;Anime;Cartoony;JRPG;Exploration;3D;Colorful;Cute,4,20,44.99,44.99,0.0,0,31828,7113,38941,0.8173,1,"500,000 .. 1,000,000",500000,1000000,750000,0,0,0,200
281610,Homeworld: Deserts of Kharak,Blackbird Interactive,"Gearbox Publishing, 2K",Strategy,Strategy;RTS;Sci-fi;Multiplayer;Story Rich;Great Soundtrack;Space;Female Protagonist;Atmospheric;Singleplayer;Action;Futuristic;Real-Time;Tactical;Adventure;Co-op;Epic,1,17,49.99,49.99,0.0,0,6789,1730,8519,0.7969,1,"500,000 .. 1,000,000",500000,1000000,750000,0,0,0,23
2488620,F1 24,Codemasters,Electronic Arts,"Racing, Sports",Racing;Driving;Sports;Multiplayer;Automobile Sim;VR;Simulation;Singleplayer;Early Access;Competitive;Realistic;Co-op;Casual;Online Co-Op;PvP;Character Customization;Great Soundtrack;e-sports;Controller;Action,2,20,69.99,69.99,0.0,0,11826,4370,16196,0.7302,1,"500,000 .. 1,000,000",500000,1000000,750000,0,0,0,2067
1064610,Neon Beats,OKYO GAMES,"OKYO GAMES, Dear Villagers","Indie, Free To Play",Free to Play;Rhythm;Music;Great Soundtrack;Indie;2D;Platformer;Singleplayer;Precision Platformer;Minimalist;Difficult;Short;Replay Value;Score Attack;Controller;Hidden Object;2D Platformer;Casual,2,18,0.0,0.0,0.0,1,6221,287,6508,0.9559,1,"500,000 .. 1,000,000",500000,1000000,750000,0,0,0,2
2600,Vampire: The Masquerade - Bloodlines,Troika Games,Activision,Action,RPG;Vampire;Cult Classic;Singleplayer;Supernatural;Horror;Action;Dark;Atmospheric;Story Rich;Classic;Action RPG;Gothic;Great Soundtrack;First-Person;Immersive;Female Protagonist;Third Person;Stealth;Adventure,1,20,9.99,19.99,50.0,0,13141,727,13868,0.9476,1,"500,000 .. 1,000,000",500000,1000000,750000,0,0,0,104
598980,The Coin Game,devotid,Kwalee,"Adventure, Casual, Indie, Simulation",Life Sim;Arcade;Open World;Casual;Physics;First-Person;Simulation;Survival;Funny;Character Customization;Realistic;Family Friendly;Atmospheric;Gambling;Singleplayer;Adventure;Multiplayer;Indie;Early Access;Sandbox,4,20,19.99,19.99,0.0,0,5184,234,5418,0.9568,1,"500,000 .. 1,000,000",500000,1000000,750000,0,0,0,34
616560,Ultimate Epic Battle Simulator,Brilliant Game Studios,Brilliant Game Studios,"Action, Adventure, Indie, Simulation, Strategy",Simulation;Sandbox;War;Strategy;Action;Funny;Medieval;Violent;Singleplayer;Gore;Indie;Early Access;Fantasy;Zombies;Open World;Adventure;Survival;Memes;Third Person;Atmospheric,5,20,14.99,14.99,0.0,0,9304,2851,12155,0.7654,1,"500,000 .. 1,000,000",500000,1000000,750000,0,0,0,17
371970,Barony,Turning Wheel LLC,Turning Wheel LLC,"Action, Adventure, Indie, RPG",Dungeon Crawler;Action Roguelike;Online Co-Op;Fantasy;Rogue-like;First-Person;Co-op;Local Co-Op;Co-op Campaign;Immersive Sim;Split Screen;RPG;Difficult;Pixel Graphics;4 Player Local;Action RPG;Voxel;Singleplayer;Moddable;Indie,4,20,19.99,19.99,0.0,0,9725,786,10511,0.9252,1,"500,000 .. 1,000,000",500000,1000000,750000,0,0,0,390
718670,Cultist Simulator,Weather Factory,Weather Factory,"Indie, RPG, Simulation",Simulation;Choices Matter;Strategy;Dark Fantasy;Dark;Card Game;Singleplayer;Lovecraftian;Strategy RPG;Lore-Rich;Resource Management;Story Rich;Narrative;Replay Value;Rogue-lite;Tabletop;Rogue-like;Crafting;Choose Your Own Adventure;Deckbuilding,3,20,19.99,19.99,0.0,0,10292,2711,13003,0.7915,1,"500,000 .. 1,000,000",500000,1000000,750000,0,0,0,582
443810,This Is the Police,Weappy Studio,THQ Nordic,"Adventure, Indie, Strategy",Strategy;Management;Story Rich;Crime;Choices Matter;Singleplayer;Indie;Simulation;Detective;Noir;Atmospheric;Adventure;Mature;Great Soundtrack;Political;Villain Protagonist;Visual Novel;Kickstarter;Nudity;Memes,3,20,14.99,14.99,0.0,0,8820,1832,10652,0.828,1,"500,000 .. 1,000,000",500000,1000000,750000,0,0,0,55
401680,POSTAL Redux,Running With Scissors,Running With Scissors,"Action, Indie",Online Co-Op;Multiplayer;Singleplayer;Gore;Violent;Co-op Campaign;Co-op;Top-Down;Fast-Paced;Psychological Horror;Horror;Dark Humor;Pixel Graphics;Top-Down Shooter;Isometric;Dark Comedy;Action;Surreal;Shooter;Twin Stick Shooter,2,20,8.99,8.99,0.0,0,6216,549,6765,0.9188,1,"500,000 .. 1,000,000",500000,1000000,750000,0,0,0,14
40100,Supreme Commander 2,Gas Powered Games,Square Enix,Strategy,Strategy;RTS;Sci-fi;Multiplayer;Base-Building;Robots;Co-op;Singleplayer;Grand Strategy;Real-Time;Action;Military;War;Tactical;Futuristic;Classic;Sandbox;Mechs;Great Soundtrack;Space,1,20,12.99,12.99,0.0,0,10975,1456,12431,0.8829,1,"500,000 .. 1,000,000",500000,1000000,750000,0,0,0,182
1243830,Overcooked! All You Can Eat,"Team17 Digital, Ghost Town Games",Team17 Digital,"Casual, Indie, Simulation, Strategy",Multiplayer;Online Co-Op;Local Co-Op;Cooking;Casual;Simulation;Family Friendly;Local Multiplayer;Cute;Funny;Co-op;Controller;Colorful;4 Player Local;Singleplayer;Strategy;Co-op Campaign;PvP;Arcade;Indie,4,20,39.99,39.99,0.0,0,4457,1684,6141,0.7258,1,"500,000 .. 1,000,000",500000,1000000,750000,0,0,0,325
418500,Rising Storm 2: Vietnam,"Antimatter Games, Tripwire Interactive",Tripwire Interactive,"Action, Massively Multiplayer, Simulation, Strategy",FPS;War;Realistic;Multiplayer;Military;Shooter;Tactical;Action;First-Person;Historical;Team-Based;Simulation;Gore;Atmospheric;Cold War;Violent;Massively Multiplayer;Strategy;Singleplayer;Indie,4,20,24.99,24.99,0.0,0,21844,5410,27254,0.8015,1,"500,000 .. 1,000,000",500000,1000000,750000,0,0,0,0
2707900,NIGHT-RUNNERS PROLOGUE,PLANET JEM,PLANET JEM,"Racing, Simulation",Racing;1990's;Automobile Sim;Arcade;Sports;Atmospheric;RPG;Driving;Cinematic;Exploration;Stylized;Noir;Realistic;First-Person;Third Person;Dark;Crime;Open World;Horror;Character Customization,2,20,0.0,0.0,0.0,1,17531,884,18415,0.952,1,"500,000 .. 1,000,000",500000,1000000,750000,0,0,0,107
459220,Halo Wars: Definitive Edition,"Ensemble Studios, Behaviour Interactive, 343 Industries",Xbox Game Studios,Strategy,Strategy;RTS;Base-Building;Multiplayer;Singleplayer;Sci-fi;War;Military;Action;Co-op;Simulation;Great Soundtrack;Aliens;Sandbox;Tactical;Online Co-Op;Classic;Story Rich;Shooter;Atmospheric,1,20,19.99,19.99,0.0,0,7788,761,8549,0.911,1,"500,000 .. 1,000,000",500000,1000000,750000,0,0,0,187
1180660,Tell Me Why,DONTNOD Entertainment,Xbox Game Studios,"Adventure, Free To Play",Choices Matter;Story Rich;LGBTQ+;Episodic;Adventure;Emotional;Choose Your Own Adventure;Cinematic;Walking Simulator;Exploration;Atmospheric;Third Person;Multiple Endings;Drama;Singleplayer;Mystery;Action-Adventure;Beautiful;Dynamic Narration;Conversation,2,20,0.0,0.0,0.0,1,11457,2426,13883,0.8253,1,"500,000 .. 1,000,000",500000,1000000,750000,0,0,0,328
39150,FINAL FANTASY VIII,Square Enix,Square Enix,RPG,JRPG;RPG;Classic;Singleplayer;Great Soundtrack;Turn-Based;Story Rich;Fantasy;Card Game;Sci-fi;Adventure;Open World;Retro;Nostalgia;Romance;Atmospheric;1990's;Action;Epic;Controller,1,20,11.99,11.99,0.0,0,8005,1067,9072,0.8824,1,"500,000 .. 1,000,000",500000,1000000,750000,0,0,0,99
220780,Thomas Was Alone,Bithell Games,Bithell Games,Indie,Platformer;Narration;Side Scroller;Sci-fi;Precision Platformer;2D Platformer;Puzzle-Platformer;2D;Atmospheric;Story Rich;Singleplayer;Linear;Philosophical;Indie;Casual;Colorful;Family Friendly;Minimalist;Mystery;Physics,1,20,9.99,9.99,0.0,0,8685,582,9267,0.9372,1,"500,000 .. 1,000,000",500000,1000000,750000,0,0,0,2
335670,LISA: The Painful,Dingaling Productions,Serenity Forge,"Adventure, Indie, RPG",Dark Humor;RPG;Story Rich;Psychological Horror;Post-apocalyptic;RPGMaker;Indie;Choices Matter;Pixel Graphics;Dark;JRPG;Adventure;Singleplayer;Party-Based RPG;2D;Funny;Atmospheric;Comedy;Horror;Side Scroller,3,20,19.99,19.99,0.0,0,13949,644,14593,0.9559,1,"500,000 .. 1,000,000",500000,1000000,750000,0,0,0,23
1227690,Severed Steel,Greylock Studio,Greylock Studio,"Action, Indie",FPS;Bullet Time;Parkour;Action;Shooter;Female Protagonist;First-Person;Destruction;Stylized;Singleplayer;Cyberpunk;Voxel;3D;Soundtrack;Electronic;Indie;Violent;Level Editor;Time Attack;Mature,2,20,24.99,24.99,0.0,0,6798,315,7113,0.9557,1,"500,000 .. 1,000,000",500000,1000000,750000,0,0,0,69
927350,Hood: Outlaws & Legends,Sumo Digital,Focus Entertainment,"Action, Adventure, Massively Multiplayer, RPG",Action;Adventure;RPG;Medieval;Action RPG;PvP;Action-Adventure;Stealth;3D;Multiplayer;Fantasy;Co-op;FPS;First-Person;Massively Multiplayer;Online Co-Op;Combat;Violent;Heist;Dark,4,20,0.0,0.0,0.0,1,3675,4009,7684,0.4783,0,"500,000 .. 1,000,000",500000,1000000,750000,0,0,0,0
587620,Okami HD,"CAPCOM Co., Ltd.","CAPCOM Co., Ltd.",Adventure,Adventure;Mythology;Great Soundtrack;Story Rich;Singleplayer;Female Protagonist;Classic;Atmospheric;Cult Classic;Action;Stylized;Colorful;Open World;Fantasy;Action RPG;Action-Adventure;Anime;RPG;JRPG;Remake,1,20,19.99,19.99,0.0,0,9054,775,9829,0.9212,1,"500,000 .. 1,000,000",500000,1000000,750000,0,0,0,80
369990,"Gremlins, Inc.",Charlie Oscar Lima Tango Interactive Entertainment,Small Fish Big Dreams,"Indie, Strategy",Board Game;Tabletop;Card Game;Strategy;Multiplayer;Turn-Based;Turn-Based Strategy;Competitive;Moddable;Satire;Singleplayer;Replay Value;Politics;2D;Atmospheric;Steampunk;Great Soundtrack;Hand-drawn;Comedy;Card Battler,2,20,19.99,19.99,0.0,0,7065,1324,8389,0.8422,1,"500,000 .. 1,000,000",500000,1000000,750000,0,0,0,128
11450,Overlord,Triumph Studios,"Codemasters, Electronic Arts",RPG,Villain Protagonist;Hack and Slash;Dark Fantasy;Puzzle;RTS;Action RPG;Action-Adventure;RPG;Strategy;Funny;Third Person;Dark Humor;Open World;Action;Story Rich;Fantasy;Atmospheric;Comedy;Adventure;Multiplayer,1,20,4.99,4.99,0.0,0,5954,410,6364,0.9356,1,"500,000 .. 1,000,000",500000,1000000,750000,0,0,0,27
954850,Kerbal Space Program 2,Intercept Games,Private Division,"Indie, Simulation, Early Access",Space;Sandbox;Exploration;Building;Physics;Science;Difficult;Simulation;Funny;Open World;Space Sim;Realistic;Sci-fi;Singleplayer;Early Access;Adventure;Atmospheric;Moddable;Indie;Multiplayer,3,20,49.99,49.99,0.0,0,8683,20701,29384,0.2955,0,"500,000 .. 1,000,000",500000,1000000,750000,0,0,0,62
1046030,ISLANDERS,"Coatsink, GrizzlyGames, Stage Clear Studios",Coatsink,"Casual, Indie, Strategy",Relaxing;City Builder;Strategy;Building;Puzzle;Indie;Minimalist;Singleplayer;Beautiful;Colony Sim;Atmospheric;Colorful;Procedural Generation;Addictive;Replay Value;Score Attack;3D;Top-Down;Multiplayer;Turn-Based Strategy,3,20,4.99,4.99,0.0,0,15434,882,16316,0.9459,1,"500,000 .. 1,000,000",500000,1000000,750000,0,0,0,46
293260,Card Hunter,The Knights of Unity,The Knights of Unity,"RPG, Strategy, Free To Play",Free to Play;Card Game;Tabletop;Tactical RPG;Board Game;Turn-Based;Strategy;Multiplayer;Co-op;Fantasy;Singleplayer;RPG;Turn-Based Strategy;Dungeon Crawler;Dwarf;Indie;Trading Card Game;Tactical;Comedy;Turn-Based Tactics,3,20,0.0,0.0,0.0,1,4487,749,5236,0.857,1,"500,000 .. 1,000,000",500000,1000000,750000,0,0,0,30
1677770,The Case of the Golden Idol,Color Gray Games,Playstack,"Adventure, Indie",Mystery;Detective;Investigation;Puzzle;Conspiracy;Story Rich;Point & Click;2D;Thriller;Interactive Fiction;Dark;Atmospheric;Singleplayer;Pixel Graphics;Choices Matter;Historical;Adventure;Crime;Narrative;Exploration,2,20,17.99,17.99,0.0,0,8464,152,8616,0.9824,1,"500,000 .. 1,000,000",500000,1000000,750000,0,0,0,51
39510,Gothic II: Gold Edition,Piranha Bytes,THQ Nordic,"Action, RPG",RPG;Classic;Open World;Atmospheric;Singleplayer;Gothic;Fantasy;Story Rich;Dark Fantasy;Action;Third Person;Medieval;Replay Value;Adventure;Difficult;Great Soundtrack;Dragons;Magic;Action RPG;Pirates,2,20,19.99,19.99,0.0,0,14520,987,15507,0.9364,1,"500,000 .. 1,000,000",500000,1000000,750000,0,0,0,404
1182620,Impostor Factory,Freebird Games,Freebird Games,"Adventure, Casual, Indie, RPG",Story Rich;Emotional;Pixel Graphics;Adventure;RPG;2D;Singleplayer;Top-Down;Atmospheric;Psychological Horror;Comedy;Mystery;Narrative;Interactive Fiction;Lovecraftian;Linear;Cute;Funny;Retro;JRPG,4,20,9.99,9.99,0.0,0,11287,486,11773,0.9587,1,"500,000 .. 1,000,000",500000,1000000,750000,0,0,0,12
429570,The Walking Dead: Michonne - A Telltale Miniseries,Telltale Games,Skybound Games,Adventure,Adventure;Zombies;Choices Matter;Story Rich;Female Protagonist;Singleplayer;Point & Click;Choose Your Own Adventure;Episodic;Horror;Post-apocalyptic;Gore;Comic Book;Action;Atmospheric;Third Person;Survival;Great Soundtrack;Violent;Survival Horror,1,20,14.99,14.99,0.0,0,6038,1523,7561,0.7986,1,"500,000 .. 1,000,000",500000,1000000,750000,0,0,0,11
622650,Bendy and the Ink Machine,Joey Drew Studios,Joey Drew Studios,"Action, Adventure, Indie, Strategy",Horror;First-Person;Singleplayer;Puzzle;Cartoony;Survival Horror;Cartoon;Dark;Mystery;Indie;Story Rich;Great Soundtrack;Action;Atmospheric;Adventure;Psychological Horror;Violent;Funny;Cute;Free to Play,4,20,19.99,19.99,0.0,0,26052,3238,29290,0.8895,1,"500,000 .. 1,000,000",500000,1000000,750000,0,0,0,86
1367550,Kingdom Rush Vengeance - Tower Defense,Ironhide Game Studio,Ironhide Game Studio,Strategy,Tower Defense;Strategy;Singleplayer;2D;Difficult;Medieval;Cartoon;Choices Matter;Adventure;Demons;Action;Action-Adventure;Colorful;Fantasy;Cartoony;Dark;Family Friendly;Tactical RPG;2D Fighter;Trading Card Game,1,20,19.99,19.99,0.0,0,9248,545,9793,0.9443,1,"500,000 .. 1,000,000",500000,1000000,750000,0,0,0,192
1611600,WARNO,Eugen Systems,Eugen Systems,"Action, Indie, Simulation, Strategy",Wargame;Military;Real Time Tactics;RTS;Strategy;Cold War;War;Turn-Based Strategy;Tanks;PvP;Historical;Realistic;Simulation;Tactical;1980s;Co-op;Multiplayer;Massively Multiplayer;Moddable;Bullet Time,4,20,39.99,39.99,0.0,0,10303,2368,12671,0.8131,1,"500,000 .. 1,000,000",500000,1000000,750000,0,0,0,873
1182900,A Plague Tale: Requiem,Asobo Studio,Focus Entertainment,"Action, Adventure",Adventure;Action;Action-Adventure;Exploration;Cinematic;Interactive Fiction;Third Person;Atmospheric;Female Protagonist;Realistic;3D;Dark;Alternate History;Emotional;Drama;Medieval;Singleplayer;Historical;Mystery;Narration,2,20,14.99,49.99,70.0,0,18772,1838,20610,0.9108,1,"500,000 .. 1,000,000",500000,1000000,750000,0,0,0,136
613830,CHRONO TRIGGER,Square Enix,Square Enix,RPG,JRPG;RPG;Classic;Story Rich;Great Soundtrack;Time Travel;Singleplayer;Retro;Turn-Based;Pixel Graphics;Fantasy;2D;Cult Classic;Anime;Multiple Endings;Sci-fi;Replay Value;Adventure;Action;Silent Protagonist,1,20,14.99,14.99,0.0,0,9887,1313,11200,0.8828,1,"500,000 .. 1,000,000",500000,1000000,750000,0,0,0,172
505230,Pathologic 2,Ice-Pick Lodge,tinyBuild,"Adventure, Indie, RPG",Story Rich;Atmospheric;Choices Matter;RPG;Difficult;Survival;Detective;Immersive Sim;Singleplayer;Psychological Horror;Surreal;Survival Horror;Open World;Dystopian;Adventure;Dark;Indie;First-Person;CRPG;Isometric,3,20,34.99,34.99,0.0,0,10034,881,10915,0.9193,1,"500,000 .. 1,000,000",500000,1000000,750000,0,0,0,77
712100,A Total War Saga: THRONES OF BRITANNIA,"CREATIVE ASSEMBLY, Feral Interactive (Mac), Feral Interactive (Linux)","SEGA, Feral Interactive (Mac), Feral Interactive (Linux)","Action, Strategy",Strategy;Historical;RTS;Turn-Based Strategy;Medieval;Action;War;Grand Strategy;Singleplayer;Multiplayer;Tactical;Co-op;Vikings;Military;Atmospheric;Turn-Based;Sandbox;City Builder;Real Time Tactics;Base-Building,2,20,19.99,19.99,0.0,0,9929,4218,14147,0.7018,1,"500,000 .. 1,000,000",500000,1000000,750000,0,0,0,232
1012790,Into the Radius VR,CM IMMERSIVE,CM IMMERSIVE,"Action, Indie",VR;Extraction Shooter;FPS;PvE;Surreal;Survival;Gun Customization;Horror;Open World;Post-apocalyptic;Atmospheric;Shooter;Singleplayer;Survival Horror;Exploration;Realistic;First-Person;Action;Indie;Simulation,2,20,29.99,29.99,0.0,0,10089,694,10783,0.9356,1,"500,000 .. 1,000,000",500000,1000000,750000,0,0,0,33
253430,CastleMiner Z,DigitalDNA Games,DigitalDNA Games,"Action, Adventure, Indie",Open World Survival Craft;Survival;Zombies;Multiplayer;Action;Sandbox;Adventure;Indie;Open World;Crafting;Co-op;FPS;Shooter;Dragons;First-Person;Walking Simulator;Online Co-Op;Survival Horror;Horror;PvP,3,20,5.99,5.99,0.0,0,8711,2068,10779,0.8081,1,"500,000 .. 1,000,000",500000,1000000,750000,0,0,0,46
1948980,Hero's Adventure: Road to Passion,半瓶醋工作室（Half Amateur Studio）,XD,"Adventure, Indie, RPG, Simulation",RPG;Martial Arts;Open World;Multiple Endings;Strategy;Pixel Graphics;Indie;Adventure;Singleplayer;Turn-Based Strategy;Turn-Based;Choose Your Own Adventure;Simulation;Stealth;2D;Drama;Sexual Content;Anime;RPGMaker;Mature,4,20,17.99,17.99,0.0,0,18717,3489,22206,0.8429,1,"500,000 .. 1,000,000",500000,1000000,750000,0,0,0,963
597220,West of Loathing,Asymmetric,Asymmetric,"Adventure, Indie, RPG",RPG;Comedy;Funny;Western;Adventure;Singleplayer;Indie;Story Rich;Turn-Based Combat;Open World;Choices Matter;Replay Value;Great Soundtrack;Turn-Based;Puzzle;2D;Turn-Based Strategy;Character Customization;Memes;Point & Click,3,20,10.99,10.99,0.0,0,9536,222,9758,0.9772,1,"500,000 .. 1,000,000",500000,1000000,750000,0,0,0,53
647830,LEGO Marvel Super Heroes 2,"TT Games, Feral Interactive (Mac)","Warner Bros. Interactive, Feral Interactive (Mac)",Action,LEGO;Multiplayer;Open World;Superhero;Co-op;Action;Adventure;Local Co-Op;Funny;Family Friendly;Singleplayer;Comedy;Character Customization;Action-Adventure;Controller;Sandbox;Heist;Comic Book;Story Rich;Puzzle,1,20,19.99,19.99,0.0,0,7937,1221,9158,0.8667,1,"500,000 .. 1,000,000",500000,1000000,750000,0,0,0,144
552620,ATOM RPG: Post-apocalyptic indie game,AtomTeam,AtomTeam,RPG,CRPG;Exploration;Survival;Turn-Based;RPG;Post-apocalyptic;Puzzle;Sandbox;Isometric;Strategy;Alternate History;Open World;Turn-Based Combat;Story Rich;Simulation;Tactical;Atmospheric;Singleplayer;Mystery;Indie,1,20,14.99,14.99,0.0,0,8888,1887,10775,0.8249,1,"500,000 .. 1,000,000",500000,1000000,750000,0,0,0,75
621830,WRC 7 FIA World Rally Championship,KT Racing,Nacon,Racing,Racing;Automobile Sim;Multiplayer;Simulation;Offroad;Split Screen;Driving;Sports;Singleplayer;Realistic;Open World;Arcade;PvP;Replay Value;Massively Multiplayer;Sequel;Turn-Based Tactics;VR;Controller;Co-op,1,20,19.99,19.99,0.0,0,9957,2327,12284,0.8106,1,"500,000 .. 1,000,000",500000,1000000,750000,0,0,0,484
2060130,Return to Monkey Island,Terrible Toybox,Devolver Digital,"Adventure, Casual",Point & Click;Adventure;Comedy;Puzzle;Funny;Singleplayer;Story Rich;2D;Hand-drawn;Pirates;Nostalgia;Cartoon;Drama;Choices Matter;Colorful;Family Friendly;Casual;1990's;Cartoony;Stylized,2,20,24.99,24.99,0.0,0,7805,713,8518,0.9163,1,"500,000 .. 1,000,000",500000,1000000,750000,0,0,0,20
1414850,Nickelodeon All-Star Brawl,"Ludosity, Fair Play Labs",GameMill Entertainment,Action,Multiplayer;2D Fighter;Cartoon;Action;1990's;Beat 'em up;e-sports;Arcade;2D Platformer;Cartoony;2D;Family Friendly;Comedy;Cats;Dog;Funny;PvP;Combat;PvE;Singleplayer,1,20,49.99,49.99,0.0,0,3942,1615,5557,0.7094,1,"500,000 .. 1,000,000",500000,1000000,750000,0,0,0,12
265300,Lords Of The Fallen 2014,"CI Games, Deck 13",CI Games,"Action, RPG",Souls-like;Dark Fantasy;RPG;Action RPG;Difficult;Action;Fantasy;Singleplayer;Lore-Rich;Third Person;Adventure;Violent;Medieval;Dark;Atmospheric;Story Rich;Exploration;Magic;Open World;Replay Value,2,20,29.99,29.99,0.0,0,11754,8141,19895,0.5908,0,"500,000 .. 1,000,000",500000,1000000,750000,0,0,0,18
816090,Space Hulk: Deathwing Enhanced Edition,Streum On Studio,Focus Entertainment,"Action, Adventure",Action;Warhammer 40K;Co-op;FPS;Shooter;Adventure;Online Co-Op;Multiplayer;First-Person;Violent;Atmospheric;Sci-fi;Horror;Gore;Singleplayer;Games Workshop;Mature;Space;Aliens;RPG,2,20,29.99,29.99,0.0,0,7233,2757,9990,0.724,1,"500,000 .. 1,000,000",500000,1000000,750000,0,0,0,46
1180380,Stay Out,MOBITECH LLC,MOBITECH LLC,"Action, Indie, Massively Multiplayer, RPG, Free To Play, Early Access",Early Access;Free to Play;Shooter;MMORPG;Open World;RPG;Third Person;Action;PvP;Character Customization;Atmospheric;Post-apocalyptic;Survival;Multiplayer;Online Co-Op;Co-op;Horror;Alternate History;Third-Person Shooter;1990's,6,20,0.0,0.0,0.0,1,16994,8906,25900,0.6561,0,"500,000 .. 1,000,000",500000,1000000,750000,0,0,0,995
1434950,HighFleet,Konstantin Koshutin,MicroProse Software,"Action, Adventure, Indie, Strategy",Singleplayer;Indie;Strategy;Post-apocalyptic;Action Roguelike;Tactical;Inventory Management;Choices Matter;Strategy RPG;Military;Action;Diplomacy;Exploration;Nonlinear;Simulation;Building;Physics;Stylized;Sci-fi;Adventure,4,20,29.99,29.99,0.0,0,5845,738,6583,0.8879,1,"500,000 .. 1,000,000",500000,1000000,750000,0,0,0,51
1676840,For The King II,IronOak Games,Curve Games,"Adventure, Indie, RPG, Strategy",Adventure;RPG;Strategy;Party-Based RPG;Board Game;Rogue-like;Turn-Based Strategy;Rogue-lite;Tabletop;Multiplayer;Turn-Based Combat;Online Co-Op;Co-op;Fantasy;Local Co-Op;Hex Grid;Local Multiplayer;Open World;Singleplayer;PvP,4,20,8.49,24.99,66.0,0,8827,3999,12826,0.6882,0,"500,000 .. 1,000,000",500000,1000000,750000,0,0,0,374
15120,Tom Clancy's Rainbow Six Vegas 2,Ubisoft Montreal,Ubisoft,Action,Tactical;Action;FPS;Co-op;Singleplayer;Multiplayer;Shooter;Online Co-Op;First-Person;Character Customization;Strategy;Team-Based;Stealth;Classic;Third Person;Difficult;Atmospheric;Realistic;Third-Person Shooter;Adventure,1,20,9.99,9.99,0.0,0,4861,871,5732,0.848,1,"500,000 .. 1,000,000",500000,1000000,750000,0,0,0,20
934700,Dead Island 2,Dambuster Studios,Deep Silver,"Action, Adventure",Co-op;Zombies;First-Person;Gore;Action-Adventure;Post-apocalyptic;Adventure;Horror;Dark;Action RPG;Crafting;FPS;Controller;Dark Humor;Action;PvE;Character Customization;Combat;Hack and Slash;Survival Horror,2,20,49.99,49.99,0.0,0,10392,2983,13375,0.777,1,"500,000 .. 1,000,000",500000,1000000,750000,0,0,0,1023
253230,A Hat in Time,Gears for Breakfast,"Gears for Breakfast, Balor Games","Adventure, Indie",Cute;3D Platformer;Collectathon;Great Soundtrack;Female Protagonist;Funny;Adventure;Indie;Platformer;Colorful;Exploration;Third Person;Singleplayer;Co-op;Moddable;Open World;Comedy;Family Friendly;Action;Kickstarter,2,20,29.99,29.99,0.0,0,50577,1110,51687,0.9785,1,"500,000 .. 1,000,000",500000,1000000,750000,0,0,0,131
230190,War for the Overworld,Brightrock Games,"Mythwright, Brightrock Games","Indie, Simulation, Strategy",Dungeon Crawler;Base-Building;Villain Protagonist;Sandbox;Management;Dark Comedy;Old School;Simulation;God Game;Strategy;RTS;City Builder;Fantasy;Underground;Singleplayer;Funny;Indie;Level Editor;Colony Sim;Comedy,3,20,29.99,29.99,0.0,0,6735,1102,7837,0.8594,1,"500,000 .. 1,000,000",500000,1000000,750000,0,0,0,59
604240,Shotgun Farmers,Megastorm Games,Megastorm Games,"Action, Indie",Multiplayer;Action;Shooter;FPS;Funny;First-Person;Team-Based;Colorful;Co-op;Online Co-Op;Arena Shooter;Character Customization;3D;Cartoony;Cartoon;PvE;Singleplayer;PvP;Indie;Stylized,2,20,3.99,9.99,60.0,0,9140,707,9847,0.9282,1,"500,000 .. 1,000,000",500000,1000000,750000,0,0,0,21
2088570,Tiny Rogues,RubyDev,RubyDev,"Action, Adventure, Indie, RPG, Early Access",Action Roguelike;Bullet Hell;Top-Down Shooter;Replay Value;Difficult;Rogue-lite;Dungeon Crawler;Rogue-like;Top-Down;Action-Adventure;1980s;Adventure;Fantasy;Pixel Graphics;Singleplayer;RPG;Combat;Early Access;2D;Indie,5,20,9.99,9.99,0.0,0,9445,310,9755,0.9682,1,"500,000 .. 1,000,000",500000,1000000,750000,0,0,0,165
1331550,Big Ambitions,Hovgaard Games,Hovgaard Games,"Indie, Simulation",Early Access;Management;Economy;Simulation;Capitalism;Life Sim;Sandbox;Singleplayer;Time Management;Immersive Sim;Inventory Management;Resource Management;3D;Top-Down;Third Person;RPG;Open World;Modern;Stylized;CRPG,2,20,25.99,25.99,0.0,0,9952,760,10712,0.9291,1,"500,000 .. 1,000,000",500000,1000000,750000,0,0,0,460
250600,The Plan,Krillbite Studio,Krillbite Studio,"Casual, Free To Play, Indie",Free to Play;Indie;Atmospheric;Short;Casual;Singleplayer;Simulation;Beautiful;Great Soundtrack;Exploration;Music;Adventure;Experimental;Emotional;Flight;Relaxing;2D;Nature;Walking Simulator;Funny,3,20,0.0,0.0,0.0,1,21304,1783,23087,0.9228,1,"500,000 .. 1,000,000",500000,1000000,750000,0,0,0,2
601840,Griftlands,Klei Entertainment,Klei Entertainment,Indie,Card Battler;Rogue-lite;Deckbuilding;Choices Matter;RPG;Turn-Based;Story Rich;Card Game;Strategy;Dark Humor;Rogue-like;Turn-Based Combat;2D;Comic Book;Choose Your Own Adventure;Multiple Endings;Singleplayer;Hand-drawn;Sci-fi;Roguelike Deckbuilder,1,20,19.99,19.99,0.0,0,13088,862,13950,0.9382,1,"500,000 .. 1,000,000",500000,1000000,750000,0,0,0,74
32510,LEGO Star Wars III - The Clone Wars,Traveller's Tales,"LucasArts, Lucasfilm, Disney","Action, Adventure",LEGO;Action;Adventure;Local Co-Op;Multiplayer;Family Friendly;Co-op;Comedy;Funny;Fantasy;Sci-fi;Open World;Strategy;Space;Puzzle;Third Person;Controller;Singleplayer;Online Co-Op;Great Soundtrack,2,20,19.99,19.99,0.0,0,8031,450,8481,0.9469,1,"500,000 .. 1,000,000",500000,1000000,750000,0,0,0,160
2334730,Death Must Die,Realm Archive,Realm Archive,"Action, Casual, Indie, RPG, Early Access",Action Roguelike;Bullet Hell;Rogue-lite;Pixel Graphics;RPG;Hack and Slash;Action;2D;Rogue-like;Action RPG;Dark Fantasy;Isometric;Loot;Controller;Procedural Generation;Singleplayer;Fantasy;Inventory Management;Magic;Early Access,5,20,6.99,6.99,0.0,0,18498,1829,20327,0.91,1,"500,000 .. 1,000,000",500000,1000000,750000,0,0,0,499
268130,Heat Signature,Suspicious Developments,Suspicious Developments,"Action, Adventure, Indie, Strategy",Space;Stealth;Indie;Top-Down;Rogue-like;Action;Strategy;Sci-fi;Procedural Generation;Real-Time with Pause;Rogue-lite;Singleplayer;Adventure;2D;Perma Death;Tactical;Top-Down Shooter;Open World;Bullet Time;Action Roguelike,4,20,14.99,14.99,0.0,0,6756,390,7146,0.9454,1,"500,000 .. 1,000,000",500000,1000000,750000,0,0,0,21
22490,Fallout: New Vegas,Obsidian Entertainment,Bethesda Softworks,"Action, RPG",Open World;RPG;Post-apocalyptic;Singleplayer;Moddable;Action;First-Person;Exploration;Adventure;Sci-fi;FPS;Story Rich;Atmospheric;Western;Sandbox;Action RPG;Survival;Character Customization;Shooter;Third Person,2,20,9.99,9.99,0.0,0,46753,2153,48906,0.956,1,"500,000 .. 1,000,000",500000,1000000,750000,0,0,0,318
1097200,Twelve Minutes,Luis Antonio,Annapurna Interactive,"Adventure, Indie",Indie;Adventure;Mystery;Puzzle;Story Rich;Time Travel;Singleplayer;Point & Click;Top-Down;Time Manipulation;Thriller;Drama;Atmospheric;Narrative;Sexual Content;Violent;Exploration;Gore;3D;Great Soundtrack,2,20,7.49,24.99,70.0,0,5394,2011,7405,0.7284,1,"500,000 .. 1,000,000",500000,1000000,750000,0,0,0,26
692890,Roboquest,RyseUp Studios,RyseUp Studios,"Action, Indie",FPS;Action Roguelike;Rogue-lite;Shooter;Online Co-Op;Co-op;Fast-Paced;Looter Shooter;Bullet Hell;Action;Post-apocalyptic;Indie;Stylized;Sci-fi;Multiplayer;Perma Death;Rogue-like;First-Person;Colorful;Singleplayer,2,20,24.99,24.99,0.0,0,20701,988,21689,0.9544,1,"500,000 .. 1,000,000",500000,1000000,750000,0,0,0,429
242680,Nuclear Throne,Vlambeer,Vlambeer,"Action, Indie, RPG",Action Roguelike;Rogue-like;Pixel Graphics;Indie;Difficult;Bullet Hell;Action;Rogue-lite;Top-Down Shooter;Great Soundtrack;Post-apocalyptic;Shooter;Local Co-Op;Top-Down;Singleplayer;2D;Twin Stick Shooter;Perma Death;RPG;Local Multiplayer,3,20,11.99,11.99,0.0,0,17279,700,17979,0.9611,1,"500,000 .. 1,000,000",500000,1000000,750000,0,0,0,103
790740,Tick Tock: A Tale for Two,Other Tales Interactive,Other Tales Interactive,"Adventure, Casual, Indie",Puzzle;Co-op;Online Co-Op;Adventure;Indie;Casual;Multiplayer;Mystery;Co-op Campaign;Point & Click;Local Multiplayer;Local Co-Op;Story Rich;Horror;Atmospheric;Escape Room;Psychological Horror;Family Friendly;Asynchronous Multiplayer;2D,3,20,5.99,5.99,0.0,0,9497,1559,11056,0.859,1,"500,000 .. 1,000,000",500000,1000000,750000,0,0,0,24
398850,Epistory - Typing Chronicles,Fishing Cactus,"Fishing Cactus, PID Games, Dear Villagers","Action, Adventure, Indie",Typing;Adventure;Narrative;Exploration;Story Rich;Female Protagonist;Singleplayer;Colorful;Indie;Magic;RPG;Atmospheric;Action;Open World;Top-Down;Isometric;Action-Adventure;Moddable;Great Soundtrack;Soundtrack,3,20,4.49,14.99,70.0,0,6235,346,6581,0.9474,1,"500,000 .. 1,000,000",500000,1000000,750000,0,0,0,8
2273430,BlazBlue Entropy Effect,91Act,"91Act, Astrolabe Games","Action, Adventure, Indie",Action Roguelike;Action-Adventure;2D;Action;Platformer;Replay Value;Pixel Graphics;Post-apocalyptic;Cyberpunk;Anime;Procedural Generation;Indie;Story Rich;2D Fighter;Hack and Slash;Multiple Endings;Singleplayer;Adventure;2D Platformer;Precision Platformer,3,20,19.99,19.99,0.0,0,28794,1496,30290,0.9506,1,"500,000 .. 1,000,000",500000,1000000,750000,0,0,0,1099
1056600,Home Sweet Home : Survive,YGGDRAZIL GROUP PUBLIC COMPANY LIMITED,Shift Now,"Action, Indie, Strategy, Early Access",Survival Horror;Multiplayer;Action;Horror;Survival;Online Co-Op;Co-op;Indie;Funny;PvP;Gore;Third Person;Early Access;Violent;Battle Royale;PvE;Strategy;Realistic;Free to Play;Atmospheric,4,20,0.0,0.0,0.0,1,4561,3669,8230,0.5542,0,"500,000 .. 1,000,000",500000,1000000,750000,0,0,0,1
2828860,The Forever Winter,Fun Dog Studios,Fun Dog Studios,"Action, Early Access",Early Access;Extraction Shooter;PvE;Looter Shooter;Post-apocalyptic;Third-Person Shooter;Horror;Difficult;Third Person;Dystopian;Shooter;Gun Customization;Mechs;Sci-fi;Choices Matter;Character Customization;Action;Tactical;Team-Based;Stylized,2,20,29.99,29.99,0.0,0,13766,5280,19046,0.7228,1,"500,000 .. 1,000,000",500000,1000000,750000,0,0,0,379
233980,UnEpic,@unepic_fran,Unepic Games,"Action, Indie, RPG",RPG;Indie;Metroidvania;Platformer;Action;Comedy;2D;Exploration;Fantasy;Adventure;Co-op;Singleplayer;Multiplayer;Funny;Side Scroller;Pixel Graphics;Retro;Magic;Epic;Online Co-Op,3,20,12.99,12.99,0.0,0,7297,687,7984,0.914,1,"500,000 .. 1,000,000",500000,1000000,750000,0,0,0,9
667530,Drunken Wrestlers 2,Oleg Skutte,WAYONE GAMES,"Action, Casual, Indie, Simulation, Sports, Early Access",Early Access;Multiplayer;Fighting;Physics;Martial Arts;3D Fighter;Funny;Character Customization;Level Editor;Action;Free to Play;Simulation;Moddable;Sports;Blood;Competitive;Colorful;Programming;Party Game;PvP,6,20,3.99,3.99,0.0,0,15326,2256,17582,0.8717,1,"500,000 .. 1,000,000",500000,1000000,750000,0,0,0,57
1895880,Ratchet & Clank: Rift Apart,"Insomniac Games, Nixxes Software",PlayStation Publishing LLC,"Action, Adventure",Adventure;3D Platformer;Singleplayer;Action-Adventure;Third Person;Family Friendly;Action;Third-Person Shooter;Sci-fi;Platformer;Funny;Shooter;Cartoony;Story Rich;Cute;Colorful;Open World;Female Protagonist;Co-op;Space,2,20,59.99,59.99,0.0,0,12370,1307,13677,0.9044,1,"500,000 .. 1,000,000",500000,1000000,750000,0,0,0,95
384180,Prominence Poker,Pipeworks Studios,Jagex Ltd,"Casual, Massively Multiplayer, Simulation, Strategy, Free To Play",Card Game;Free to Play;Multiplayer;Gambling;Strategy;Simulation;Massively Multiplayer;Atmospheric;Casual;Character Customization;Early Access,5,11,0.0,0.0,0.0,1,6733,1305,8038,0.8376,1,"500,000 .. 1,000,000",500000,1000000,750000,0,0,0,158
353380,Steam Link,Unknown,Anima Locus,,Steam Machine;Software;Shooter;Local Multiplayer;VR;Survival Horror;PvP;Survival;Great Soundtrack;RPG;Epic;Comedy;Competitive;Post-apocalyptic;Exploration;Tactical;Sports;Violent;Pixel Graphics;Cold War,0,20,0.0,0.0,0.0,1,5693,1722,7415,0.7678,1,"500,000 .. 1,000,000",500000,1000000,750000,0,0,0,1
769560,月圆之夜 (Night of Full Moon),Giant Games,Giant Games,"Adventure, Indie, Strategy, Free To Play",Card Game;Free to Play;Strategy;Deckbuilding;Indie;Card Battler;Adventure;Rogue-lite;Singleplayer;Roguelike Deckbuilder;Rogue-like;Female Protagonist;Turn-Based;RPG,4,14,0.0,0.0,0.0,1,8648,1784,10432,0.829,1,"500,000 .. 1,000,000",500000,1000000,750000,0,0,0,487
453090,Parkitect,Texel Raptor,Texel Raptor,"Casual, Indie, Simulation, Strategy",Relaxing;Level Editor;Simulation;Management;Strategy;Building;Singleplayer;Economy;Retro;Family Friendly;Nostalgia;Time Management;Multiplayer;Isometric;City Builder;Moddable;Sandbox;Casual;Capitalism;Co-op,4,20,29.99,29.99,0.0,0,7142,418,7560,0.9447,1,"500,000 .. 1,000,000",500000,1000000,750000,0,0,0,74
933820,Endzone - A World Apart,Gentlymad Studios,"Assemble Entertainment, WhisperGames","Indie, Simulation, Strategy",City Builder;Survival;Strategy;Post-apocalyptic;Simulation;Base-Building;Indie;Colony Sim;Building;Sandbox;Management;Singleplayer;Resource Management;Economy;Real-Time;Difficult;Procedural Generation;Realistic;Atmospheric;Early Access,3,20,24.99,24.99,0.0,0,7276,2180,9456,0.7695,1,"500,000 .. 1,000,000",500000,1000000,750000,0,0,0,99
498240,Batman - The Telltale Series,Telltale,Telltale,Adventure,Choices Matter;Adventure;Story Rich;Superhero;Singleplayer;Episodic;Quick-Time Events;Action;Point & Click;Atmospheric;Dark;Comic Book;Choose Your Own Adventure;Detective;Noir;Violent;Visual Novel;Gore;Mature;Hidden Object,1,20,14.99,14.99,0.0,0,13757,2131,15888,0.8659,1,"500,000 .. 1,000,000",500000,1000000,750000,0,0,0,63
1170880,Grimm's Hollow,ghosthunter,ghosthunter,"Adventure, Free To Play, Indie, RPG",Free to Play;Pixel Graphics;RPG;Indie;Singleplayer;Story Rich;Adventure;Cute;Multiple Endings;RPGMaker;Turn-Based;2D;Great Soundtrack;Female Protagonist;Emotional;Short;Turn-Based Combat;Atmospheric;JRPG;Horror,4,20,0.0,0.0,0.0,1,13689,194,13883,0.986,1,"500,000 .. 1,000,000",500000,1000000,750000,0,0,0,4
410340,Liftoff: FPV Drone Racing,LuGus Studios,LuGus Studios,"Indie, Racing, Simulation, Sports",Simulation;Flight;Racing;Realistic;First-Person;Sports;Multiplayer;Immersive Sim;Indie;Early Access;Crafting;Level Editor;Singleplayer;Atmospheric;Exploration;Education;3D;Modern;Parkour;Science,4,20,19.99,19.99,0.0,0,10535,572,11107,0.9485,1,"500,000 .. 1,000,000",500000,1000000,750000,0,0,0,423
495910,Dungeon Fighter Online,Neople,Neople,"Action, Adventure, Massively Multiplayer, RPG, Free To Play",Free to Play;Anime;RPG;Character Customization;Beat 'em up;2D Fighter;Story Rich;Fantasy;PvE;Massively Multiplayer;Action;Hack and Slash;Multiplayer;Side Scroller;Adventure;Action RPG;Fighting;Online Co-Op;Controller;Dungeon Crawler,5,20,0.0,0.0,0.0,1,3397,2141,5538,0.6134,0,"500,000 .. 1,000,000",500000,1000000,750000,0,0,0,173
1645820,SurrounDead,Zurvivor,PlaySurrounDead,"Action, Adventure, Indie, RPG, Early Access",Zombies;Survival;Open World;Post-apocalyptic;RPG;Singleplayer;Exploration;Shooter;Loot;Third Person;Indie;Early Access;First-Person;Adventure;Action;Base-Building;PvE;Open World Survival Craft;Third-Person Shooter;Co-op,5,20,11.99,11.99,0.0,0,7347,853,8200,0.896,1,"500,000 .. 1,000,000",500000,1000000,750000,0,0,0,1870
597760,Yuppie Psycho: Executive Edition,Baroque Decay,"Neon Doctrine, Raw Fury","Adventure, Indie",Puzzle;Pixel Graphics;Psychological Horror;Exploration;2D;Story Rich;Horror;Multiple Endings;Top-Down;Cute;Anime;Dark Humor;Choices Matter;Cyberpunk;Controller;Stealth;Adventure;Singleplayer;Survival Horror;Blood,2,20,5.94,16.99,65.0,0,8015,429,8444,0.9492,1,"500,000 .. 1,000,000",500000,1000000,750000,0,0,0,28
486310,Meadow - A Shelter Game,Might and Delight,Might and Delight,"Adventure, Indie, Massively Multiplayer",Cute;Massively Multiplayer;Open World;Relaxing;Adventure;Multiplayer;Indie;Atmospheric;Exploration;Great Soundtrack;Casual;Walking Simulator;Nature;Family Friendly;RPG;Beautiful;Simulation;Colorful;Co-op;Sandbox,3,20,6.99,6.99,0.0,0,5283,626,5909,0.8941,1,"500,000 .. 1,000,000",500000,1000000,750000,0,0,0,7
1488200,Symphony of War: The Nephilim Saga,Dancing Dragon Games,Dancing Dragon Games,"Adventure, Indie, RPG, Strategy",Tactical RPG;RPG;Story Rich;Fantasy;Turn-Based Strategy;Adventure;Female Protagonist;Strategy RPG;Pixel Graphics;Lore-Rich;Romance;Drama;Strategy;2D;JRPG;Party-Based RPG;Singleplayer;Indie;Auto Battler;Tactical,4,20,19.99,19.99,0.0,0,12253,699,12952,0.946,1,"500,000 .. 1,000,000",500000,1000000,750000,0,0,0,409
108200,Ticket to Ride: Classic Edition,Days of Wonder,"Days of Wonder, Twin Sails Interactive","Casual, Indie, Strategy",Board Game;Strategy;Tabletop;Casual;Multiplayer;Turn-Based;Indie;Trains;Family Friendly;Singleplayer;Touch-Friendly;Addictive;Local Multiplayer;Turn-Based Tactics;Turn-Based Strategy;2D;Competitive;Replay Value;Asynchronous Multiplayer;Hand-drawn,3,20,0.0,0.0,0.0,1,4628,755,5383,0.8597,1,"500,000 .. 1,000,000",500000,1000000,750000,0,0,0,100
1649080,Two Point Campus,Two Point Studios,SEGA,"Casual, Indie, Simulation, Strategy",Management;Simulation;Building;Strategy;City Builder;Casual;Sandbox;Funny;Cartoony;Isometric;Comedy;Singleplayer;Family Friendly;Indie;Economy;Tactical;Replay Value;Education;Cute;Retro,4,20,29.99,29.99,0.0,0,5711,823,6534,0.874,1,"500,000 .. 1,000,000",500000,1000000,750000,0,0,0,191
1144400,Senren＊Banka,YUZUSOFT,"HIKARI FIELD, NekoNyan Ltd.","Adventure, Casual",Visual Novel;NSFW;Dating Sim;First-Person;Anime;Third-Person Shooter;Casual;Cute;Romance;Adventure;Multiple Endings;Story Rich;Singleplayer;Great Soundtrack;Choices Matter;Action;Sci-fi;Comedy;RPG;Family Friendly,2,20,34.99,34.99,0.0,0,30868,358,31226,0.9885,1,"500,000 .. 1,000,000",500000,1000000,750000,0,0,0,406
572890,Pikuniku,"Arnaud De Bock, Rémi Forcadell, Alan Zucconi, Calum Bowen, Sectordub",Devolver Digital,"Action, Adventure, Casual, Indie",Indie;Casual;Adventure;Puzzle;Multiplayer;Cute;Co-op;Funny;Action;2D;Platformer;Family Friendly;Local Co-Op;Comedy;Great Soundtrack;Colorful;Singleplayer;Puzzle-Platformer;Dystopian;Exploration,4,20,12.99,12.99,0.0,0,9576,425,10001,0.9575,1,"500,000 .. 1,000,000",500000,1000000,750000,0,0,0,48
1608070,CRISIS CORE –FINAL FANTASY VII– REUNION,"Square Enix, TOSE CO., LTD.",Square Enix,"Action, RPG",Action;RPG;Adventure;JRPG;Action RPG;Action-Adventure;Party-Based RPG;Spectacle fighter;3D;3D Platformer;Cinematic;Third Person;Realistic;Drama;Fantasy;Magic;Sci-fi;Singleplayer;Story Rich;Controller,2,20,49.99,49.99,0.0,0,6667,751,7418,0.8988,1,"500,000 .. 1,000,000",500000,1000000,750000,0,0,0,59
1071870,Biped,NEXT Studios,"NEXT Studios, META Publishing","Action, Adventure, Casual, Indie, Simulation",Character Customization;Emotional;Co-op;PvE;Action;Multiplayer;Relaxing;Casual;Nature;Funny;Local Multiplayer;Indie;Open World;Physics;Level Editor;Action-Adventure;Parkour;Cute;Family Friendly;Split Screen,5,20,14.99,14.99,0.0,0,7597,1225,8822,0.8611,1,"500,000 .. 1,000,000",500000,1000000,750000,0,0,0,300
1766740,Choo-Choo Charles,Two Star Games,Two Star Games,"Action, Adventure, Indie",Survival Horror;Horror;Open World;First-Person;Singleplayer;Trains;Shooter;Dark;3D;Action-Adventure;FPS;Adventure;Atmospheric;Indie;Psychological Horror;Action;Choices Matter;Thriller;Hand-drawn;Co-op,3,20,1.99,19.99,90.0,0,14293,1372,15665,0.9124,1,"500,000 .. 1,000,000",500000,1000000,750000,0,0,0,31
1330470,F.I.S.T.: Forged In Shadow Torch,TiGames,Astrolabe Games,"Action, Adventure, Indie, RPG, Simulation, Sports",Metroidvania;Platformer;Action;Steampunk;Adventure;2D Platformer;Singleplayer;Story Rich;Exploration;Action-Adventure;Retro;Linear;Indie;2.5D;Combat;3D Vision;Simulation;Old School;Third Person;Stylized,6,20,15.99,15.99,0.0,0,5700,803,6503,0.8765,1,"500,000 .. 1,000,000",500000,1000000,750000,0,0,0,11
1273400,Construction Simulator,weltenbauer. Software Entwicklung GmbH,astragon Entertainment,"Casual, Simulation",Simulation;Multiplayer;Building;Online Co-Op;Relaxing;Open World;Realistic;Driving;Education;Immersive Sim;Transportation;Automobile Sim;Physics;First-Person;Casual;Third Person;City Builder;Family Friendly;Singleplayer;Female Protagonist,2,20,24.99,24.99,0.0,0,9193,1967,11160,0.8237,1,"500,000 .. 1,000,000",500000,1000000,750000,0,0,0,310
1372810,Teamfight Manager,Team Samoyed,Team Samoyed,"Indie, Simulation, Sports",Simulation;Management;e-sports;Auto Battler;Pixel Graphics;Sports;Strategy;Choices Matter;2D;Resource Management;Singleplayer;Turn-Based Tactics;Indie;Multiplayer,3,14,9.99,9.99,0.0,0,4843,728,5571,0.8693,1,"500,000 .. 1,000,000",500000,1000000,750000,0,0,0,123
438640,LEGO STAR WARS: The Force Awakens,"Traveller's Tales, TT Games, Feral Interactive (Mac)","Warner Bros. Interactive Entertainment, Feral Interactive (Mac)","Action, Adventure",LEGO;Adventure;Action;Co-op;Open World;Multiplayer;Comedy;Sci-fi;Funny;Local Co-Op;Space;Family Friendly;Singleplayer;Third Person;Puzzle;Female Protagonist;Story Rich;Fantasy;Controller;Local Multiplayer,2,20,19.99,19.99,0.0,0,5606,1074,6680,0.8392,1,"500,000 .. 1,000,000",500000,1000000,750000,0,0,0,28
458710,Kingdom Rush Frontiers - Tower Defense,Ironhide Game Studio,Ironhide Game Studio,Strategy,Tower Defense;Strategy;2D;Singleplayer;Difficult;Fantasy;Choices Matter;Funny;Casual;Magic;Adventure;Building;Cartoon;Indie;Touch-Friendly;Action;Colorful;Pixel Graphics;RTS;Great Soundtrack,1,20,9.99,9.99,0.0,0,9103,305,9408,0.9676,1,"500,000 .. 1,000,000",500000,1000000,750000,0,0,0,185
611670,The Elder Scrolls V: Skyrim VR,Bethesda Game Studios,Bethesda Softworks,RPG,Open World;RPG;VR;Singleplayer;Adventure;Fantasy;Magic;First-Person;Action;Dragons;Memes;Moddable;Exploration;Character Customization;Story Rich;Great Soundtrack;Sexual Content;Atmospheric;Stealth;Walking Simulator,1,20,59.99,59.99,0.0,0,8615,2843,11458,0.7519,1,"500,000 .. 1,000,000",500000,1000000,750000,0,0,0,241
588030,Derail Valley,Altfuture,Altfuture,"Adventure, Indie, Simulation, Early Access",Early Access;Trains;Simulation;Realistic;VR;Transportation;Driving;Open World;First-Person;Physics;Immersive Sim;Economy;Singleplayer;Resource Management;Indie;Sandbox;Replay Value;Adventure;Relaxing;Procedural Generation,4,20,39.99,39.99,0.0,0,7100,275,7375,0.9627,1,"500,000 .. 1,000,000",500000,1000000,750000,0,0,0,328
356570,Party Hard,"Pinokl Games, Kverta",tinyBuild,"Action, Indie, Strategy",Pixel Graphics;Stealth;Strategy;Violent;Indie;Action;Villain Protagonist;Gore;Great Soundtrack;Singleplayer;Dark Humor;2D;Crime;Retro;Difficult;Top-Down;Funny;Horror;Story Rich;Comedy,3,20,9.99,9.99,0.0,0,10405,1137,11542,0.9015,1,"500,000 .. 1,000,000",500000,1000000,750000,0,0,0,39
290300,Rebel Galaxy,Double Damage Games,"Double Damage Games, SNEG","Action, Adventure, Indie, RPG, Simulation",Space;Open World;Sci-fi;RPG;Great Soundtrack;Adventure;Singleplayer;Space Sim;Action;Simulation;Indie;Sandbox;Atmospheric;Exploration;Trading;Third Person;Strategy;Shooter;Arcade;2D,5,20,3.99,19.99,80.0,0,6869,1191,8060,0.8522,1,"500,000 .. 1,000,000",500000,1000000,750000,0,0,0,24
1421250,Tiny Bunny,"Saikono, Sokar",Saikono,"Adventure, Indie",Visual Novel;Horror;Story Rich;Atmospheric;Dark;Psychological Horror;Choices Matter;Singleplayer;Gore;2D;Violent;Adventure;Mature;Interactive Fiction;Point & Click;Cute;Anime;Great Soundtrack;Early Access;Indie,2,20,10.99,10.99,0.0,0,18916,692,19608,0.9647,1,"500,000 .. 1,000,000",500000,1000000,750000,0,0,0,37
882790,Fate Seeker,JSL Entertainment,"JSL Entertainment, Phoenix Game",RPG,RPG;Martial Arts;Action RPG;Adventure;Action;Turn-Based;Singleplayer;Dating Sim;Sexual Content;Puzzle;Multiple Endings,1,11,21.09,21.09,0.0,0,12053,1215,13268,0.9084,1,"500,000 .. 1,000,000",500000,1000000,750000,0,0,0,25
897330,Coloring Pixels,ToastieLabs,ToastieLabs,"Casual, Indie, Free To Play",Free to Play;Pixel Graphics;Relaxing;Casual;Singleplayer;Indie;Colorful;Family Friendly;Puzzle;2D;Cute;Clicker;Hand-drawn;Nonlinear;LGBTQ+;Addictive;Great Soundtrack,3,17,0.0,0.0,0.0,1,7622,297,7919,0.9625,1,"500,000 .. 1,000,000",500000,1000000,750000,0,0,0,505
2187290,Wall World,Alawar,Alawar,"Action, Adventure, Indie, Strategy",Rogue-lite;Mining;Pixel Graphics;Tower Defense;Rogue-like;Strategy;Difficult;Exploration;Procedural Generation;Mechs;Singleplayer;Management;Action-Adventure;Aliens;Action;Combat;Side Scroller;Resource Management;2D;Sci-fi,4,20,6.99,6.99,0.0,0,9127,874,10001,0.9126,1,"500,000 .. 1,000,000",500000,1000000,750000,0,0,0,83
480430,Hide and Shriek,Funcom,Funcom,"Action, Free To Play",Multiplayer;Horror;Free to Play;First-Person;Action;Competitive;Funny;Atmospheric;Psychological Horror;Co-op;Thriller;Mystery;Psychological;Strategy;Memes;Illuminati;VR;Singleplayer;Indie;Adventure,2,20,0.0,0.0,0.0,1,4324,914,5238,0.8255,1,"500,000 .. 1,000,000",500000,1000000,750000,0,0,0,8
814370,Monster Sanctuary,moi rai games,Team17,"Action, Adventure, Indie, RPG, Strategy",Creature Collector;Pixel Graphics;Metroidvania;Turn-Based Tactics;Singleplayer;Turn-Based Combat;Exploration;Fantasy;Adventure;JRPG;RPG;2D;Strategy;PvP;Difficult;Indie;Story Rich;Turn-Based;Platformer;Side Scroller,5,20,19.99,19.99,0.0,0,10468,971,11439,0.9151,1,"500,000 .. 1,000,000",500000,1000000,750000,0,0,0,166
619150,while True: learn(),Luden.io,Luden.io,"Indie, Simulation",Programming;Simulation;Education;Puzzle;Science;Indie;Building;Sandbox;Cats;Logic;Investigation;Transhumanism;Underground;Dynamic Narration;Intentionally Awkward Controls;Singleplayer;Coding;2D;Artificial Intelligence,2,19,12.99,12.99,0.0,0,6967,651,7618,0.9145,1,"500,000 .. 1,000,000",500000,1000000,750000,0,0,0,11
222940,THE KING OF FIGHTERS XIII STEAM EDITION,SNK CORPORATION,SNK CORPORATION,Action,Fighting;2D Fighter;Arcade;Action;Local Multiplayer;Anime;Competitive;Multiplayer;2D;Great Soundtrack;Controller;Singleplayer;Classic;Beat 'em up;Female Protagonist;Difficult;Retro;Pixel Graphics;Nudity,1,19,0.0,0.0,0.0,1,9351,1127,10478,0.8924,1,"500,000 .. 1,000,000",500000,1000000,750000,0,0,0,29
315210,Suicide Squad: Kill the Justice League,Rocksteady Studios,Warner Bros. Games,Action,Capitalism;Online Co-Op;Superhero;Looter Shooter;Third-Person Shooter;LGBTQ+;Action;Multiplayer;Open World;PvE;Villain Protagonist;Third Person;Shooter;Psychological Horror;Political;Singleplayer;Violent;Comic Book;Politics;Casual,1,20,69.99,69.99,0.0,0,9370,5371,14741,0.6356,0,"500,000 .. 1,000,000",500000,1000000,750000,0,0,0,159
1374490,RuneScape: Dragonwilds,Jagex Ltd,"Jagex Ltd, H2 Interactive Co., Ltd., Graph","Action, Adventure, RPG, Early Access",Open World;Survival;Open World Survival Craft;Multiplayer;Early Access;Co-op;Online Co-Op;Crafting;Building;Exploration;Base-Building;Adventure;Action;Difficult;Sandbox;Singleplayer;RPG;Third Person;Fantasy;Dragons,4,20,29.99,29.99,0.0,0,15430,2970,18400,0.8386,1,"500,000 .. 1,000,000",500000,1000000,750000,0,0,0,851
1458140,Pacific Drive,Ironwood Studios,Kepler Interactive,"Action, Adventure, Indie, Racing, Simulation",Driving;Survival;Story Rich;Exploration;Survival Horror;Sci-fi;Crafting;Atmospheric;Adventure;Action;First-Person;Post-apocalyptic;Base-Building;Transportation;Simulation;3D;Sandbox;Building;Action-Adventure;Investigation,5,20,9.89,29.99,67.0,0,17126,3370,20496,0.8356,1,"500,000 .. 1,000,000",500000,1000000,750000,0,0,0,406
2515020,FINAL FANTASY XVI,Square Enix,Square Enix,"Action, RPG",Action RPG;Spectacle fighter;Story Rich;Action;Fantasy;JRPG;RPG;Dark Fantasy;Singleplayer;Cinematic;Third Person;3D;Magic;Emotional;Atmospheric;Drama;Party-Based RPG;Great Soundtrack;Hack and Slash;Violent,2,20,49.99,49.99,0.0,0,18243,4800,23043,0.7917,1,"500,000 .. 1,000,000",500000,1000000,750000,0,0,0,737
303210,The Beginner's Guide,Everything Unlimited Ltd.,"Everything Unlimited Ltd., Klei Publishing","Adventure, Indie",Story Rich;Walking Simulator;Narration;Indie;Atmospheric;First-Person;Short;Singleplayer;Abstract;Adventure;Surreal;Psychological;Experimental;Emotional;Great Soundtrack;Philosophical;Dark;Experience;Psychological Horror;Puzzle,2,20,9.99,9.99,0.0,0,19369,2633,22002,0.8803,1,"500,000 .. 1,000,000",500000,1000000,750000,0,0,0,7
3480,Peggle Deluxe,"PopCap Games, Inc.","PopCap Games, Inc., Electronic Arts",Casual,Casual;Puzzle;Arcade;Singleplayer;Addictive;2D;Physics;Family Friendly;Multiplayer;Classic;Pinball;Mouse only;Funny;Strategy;Cult Classic;Difficult;Local Multiplayer;Great Soundtrack;Relaxing;Local Co-Op,1,20,4.99,4.99,0.0,0,10634,278,10912,0.9745,1,"500,000 .. 1,000,000",500000,1000000,750000,0,0,0,291
734750,PickCrafter,Fiveamp,Fiveamp,"Adventure, Casual, Indie, RPG, Simulation, Strategy, Free To Play",Mining;Idler;Free to Play;Clicker;Collectathon;Resource Management;Pixel Graphics;Crafting;Fantasy;Indie;Simulation;Casual;Retro;Singleplayer;RPG;Magic;Fishing;Farming Sim;Exploration;2.5D,7,20,0.0,0.0,0.0,1,5965,933,6898,0.8647,1,"500,000 .. 1,000,000",500000,1000000,750000,0,0,0,97
314650,SpaceEngine,Cosmographic Software,Cosmographic Software,"Casual, Indie, Simulation, Early Access",Early Access;Open World;Casual;Sci-fi;Sandbox;Space;Space Sim;Flight;3D;Science;Realistic;Colorful;Education;Simulation;Relaxing;Atmospheric;Futuristic;Indie;Singleplayer;Procedural Generation,4,20,29.99,29.99,0.0,0,12102,515,12617,0.9592,1,"500,000 .. 1,000,000",500000,1000000,750000,0,0,0,143
1787090,MyDockFinder,MyDockFinder,MyDockFinder,Utilities,Utilities;Software;Indie,1,3,4.99,4.99,0.0,0,3981,1561,5542,0.7183,1,"500,000 .. 1,000,000",500000,1000000,750000,0,0,0,2384
2457220,Avowed,Obsidian Entertainment,Xbox Game Studios,RPG,RPG;Fantasy;Singleplayer;First-Person;Story Rich;Magic;LGBTQ+;Adventure;Character Customization;Choices Matter;Combat;Action RPG;Third Person;Open World;Colorful;3D;Violent;Action;Atmospheric;Mature,1,20,49.99,49.99,0.0,0,7522,2135,9657,0.7789,1,"500,000 .. 1,000,000",500000,1000000,750000,0,0,0,157
1577120,The Quarry,Supermassive Games,2K Games,Adventure,Choices Matter;Multiple Endings;Horror;Multiplayer;Cinematic;Story Rich;Quick-Time Events;Thriller;Sexual Content;Gore;Singleplayer;Adventure;Realistic;Violent;Narrative;Survival Horror;Nudity;Blood;Co-op;Psychological Horror,1,20,59.99,59.99,0.0,0,15732,3533,19265,0.8166,1,"500,000 .. 1,000,000",500000,1000000,750000,0,0,0,256
8140,Tomb Raider: Underworld,Crystal Dynamics,Crystal Dynamics,"Action, Adventure",Adventure;Action;Female Protagonist;Third Person;Puzzle;Singleplayer;Platformer;Action-Adventure;Exploration;Shooter;Parkour;Third-Person Shooter;Atmospheric;Underwater;Classic;3D Platformer;3D Vision;Story Rich;Multiplayer;Open World,2,20,8.99,8.99,0.0,0,4748,1438,6186,0.7675,1,"500,000 .. 1,000,000",500000,1000000,750000,0,0,0,19
469820,Genital Jousting,Free Lives,Devolver Digital,"Action, Indie",Sexual Content;Nudity;Comedy;NSFW;Multiplayer;Action;Funny;Indie;Memes;Mature;Local Multiplayer;Story Rich;Cute;Co-op;Local Co-Op;Great Soundtrack;Casual;Illuminati;Violent;LGBTQ+,2,20,6.99,6.99,0.0,0,10124,880,11004,0.92,1,"500,000 .. 1,000,000",500000,1000000,750000,0,0,0,6
637100,Sonic Forces,"Sonic Team, Hardlight",SEGA,"Action, Adventure",Great Soundtrack;3D Platformer;Character Customization;Adventure;Action;Fast-Paced;Platformer;Singleplayer;Colorful;Story Rich;2D;2.5D;Memes;Action-Adventure;Family Friendly;Funny;War;Psychological Horror;Cartoony;Anime,2,20,39.99,39.99,0.0,0,4733,3217,7950,0.5953,0,"500,000 .. 1,000,000",500000,1000000,750000,0,0,0,16
70300,VVVVVV,Terry Cavanagh,Terry Cavanagh,"Action, Indie",Pixel Graphics;Precision Platformer;Platformer;Indie;2D Platformer;Great Soundtrack;Difficult;Retro;2D;Singleplayer;Exploration;Action;Sci-fi;Adventure;Short;Minimalist;Metroidvania;Puzzle;Open World;Space,2,20,4.99,4.99,0.0,0,9720,377,10097,0.9627,1,"500,000 .. 1,000,000",500000,1000000,750000,0,0,0,11
70600,Worms Ultimate Mayhem,Team17 Digital Ltd,Team17 Digital Ltd,Strategy,Strategy;Multiplayer;Funny;Turn-Based;Turn-Based Strategy;Comedy;Action;Third Person;Destruction;Local Co-Op;Local Multiplayer;Singleplayer;3D Vision;3D;Co-op;Classic;Nostalgia;Online Co-Op;Split Screen;Shooter,1,20,14.99,14.99,0.0,0,5169,669,5838,0.8854,1,"500,000 .. 1,000,000",500000,1000000,750000,0,0,0,23
322190,SteamWorld Heist,Image & Form Games,Image & Form Games,"RPG, Strategy",Strategy;Turn-Based;Steampunk;RPG;Indie;Action;Adventure;2D;Female Protagonist;Turn-Based Tactics;Singleplayer;Robots;Great Soundtrack;Turn-Based Combat;Sci-fi;Heist;Turn-Based Strategy;Comedy;Atmospheric;Touch-Friendly,2,20,14.99,14.99,0.0,0,5622,390,6012,0.9351,1,"500,000 .. 1,000,000",500000,1000000,750000,0,0,0,27
1216710,Cyber Manhunt,Aluba Van+,"摸鱼游戏, Aluba Van+","Indie, RPG, Simulation",Simulation;RPG;Puzzle;Hacking;Indie;Mystery;Detective;Singleplayer;Crime;Immersive Sim;Story Rich;Cyberpunk;2D;Atmospheric;Investigation;Casual;Word Game;Psychological Horror;Linear;Early Access,3,20,9.99,9.99,0.0,0,13720,1000,14720,0.9321,1,"500,000 .. 1,000,000",500000,1000000,750000,0,0,0,38
1401590,Disney Dreamlight Valley,Gameloft,Gameloft,"Action, Adventure, Casual, RPG, Simulation",Relaxing;Life Sim;Character Customization;Exploration;Adventure;Simulation;Fantasy;Sandbox;Singleplayer;Casual;Story Rich;Farming Sim;Cooking;Family Friendly;Immersive Sim;Fishing;Crafting;Magic;3D;Choose Your Own Adventure,5,20,39.99,39.99,0.0,0,19111,1682,20793,0.9191,1,"500,000 .. 1,000,000",500000,1000000,750000,0,0,0,3587
1282590,Train Sim World 2,Dovetail Games,Dovetail Games - TSW,Simulation,Simulation;Trains;Realistic;Driving;Singleplayer;Transportation;First-Person;Relaxing;Family Friendly;Physics;Immersive Sim;Atmospheric;Automobile Sim;Open World;Adventure;Multiplayer;Difficult;VR;Co-op;Nudity,1,20,19.99,19.99,0.0,0,6650,1512,8162,0.8148,1,"500,000 .. 1,000,000",500000,1000000,750000,0,0,0,36
928600,F1 2019,Codemasters,"Codemasters, Electronic Arts","Racing, Simulation, Sports",Racing;Simulation;Sports;Automobile Sim;Multiplayer;Driving;Realistic;Singleplayer;Arcade;VR;Controller,3,11,0.0,0.0,0.0,1,19965,2263,22228,0.8982,1,"500,000 .. 1,000,000",500000,1000000,750000,0,0,0,66
1115690,"Yes, Your Grace",Brave At Night,No More Robots,"Adventure, Casual, Indie, RPG, Simulation, Strategy",Choices Matter;Indie;Medieval;Pixel Graphics;RPG;Story Rich;LGBTQ+;Casual;Management;Life Sim;Multiple Endings;Resource Management;Strategy;Singleplayer;Turn-Based;Fantasy;Choose Your Own Adventure;Historical;Simulation;Soundtrack,6,20,19.99,19.99,0.0,0,10269,1493,11762,0.8731,1,"500,000 .. 1,000,000",500000,1000000,750000,0,0,0,36
1111460,小白兔电商~Bunny e-Shop,"落叶岛项目组, 橘子班",NVLMaker,"Adventure, Indie, Simulation",Capitalism;Visual Novel;Dating Sim;Simulation;Anime;Story Rich;Cute;Life Sim;RPG;Tactical;Romance;Multiple Endings;2D;Casual;Fantasy;Adventure;Singleplayer;Time Management;Management;Indie,3,20,10.99,10.99,0.0,0,9575,614,10189,0.9397,1,"500,000 .. 1,000,000",500000,1000000,750000,0,0,0,10
3330,Zuma Deluxe,"PopCap Games, Inc.","PopCap Games, Inc., Electronic Arts",Casual,Match 3;Puzzle;Arcade;2D;Strategy;Funny;Casual;Cute;Colorful;Family Friendly;Singleplayer;Retro;Classic;Physics;Replay Value;Indie;Difficult;Addictive;Action;Shooter,1,20,4.99,4.99,0.0,0,5144,253,5397,0.9531,1,"500,000 .. 1,000,000",500000,1000000,750000,0,0,0,658
1164940,Trepang2,Trepang Studios,Team17,"Action, Indie",Shooter;Singleplayer;FPS;Gore;Horror;Violent;Action;First-Person;Bullet Time;Blood;Indie;Fast-Paced;Psychological Horror;Boomer Shooter;Stealth;Atmospheric;Sci-fi;Difficult;Combat;Destruction,2,20,29.99,29.99,0.0,0,13059,917,13976,0.9344,1,"500,000 .. 1,000,000",500000,1000000,750000,0,0,0,120
1294660,Divine Knockout (DKO),Red Beard Games,Hi-Rez Studios,Action,Action;3D Fighter;Multiplayer;Fantasy;Controller;PvP;Third Person;Competitive;Fighting;Mythology;Team-Based;Combat;3D;Colorful;Cute;Casual;Anime;Early Access;Hero Shooter;Free to Play,1,20,0.0,0.0,0.0,1,4433,2198,6631,0.6685,0,"500,000 .. 1,000,000",500000,1000000,750000,0,0,0,0
674140,Bugsnax,Young Horses,Young Horses,"Action, Adventure, Casual, Indie",Creature Collector;Adventure;Singleplayer;LGBTQ+;Story Rich;First-Person;Comedy;Cute;Exploration;Puzzle;Cartoony;Colorful;Casual;Action;Investigation;Sandbox;Physics;Multiple Endings;Narration;Family Friendly,4,20,24.99,24.99,0.0,0,7185,195,7380,0.9736,1,"500,000 .. 1,000,000",500000,1000000,750000,0,0,0,97
394690,Tower Unite,PixelTail Games,PixelTail Games,"Action, Adventure, Casual, Indie, Massively Multiplayer, Racing",Multiplayer;Casual;Mini Golf;Character Customization;Massively Multiplayer;Early Access;Open World;Sandbox;Funny;Indie;Great Soundtrack;Action;Adventure;FPS;Racing;Memes;Zombies;Simulation;Third Person;Arcade,6,20,19.99,19.99,0.0,0,18520,2114,20634,0.8975,1,"500,000 .. 1,000,000",500000,1000000,750000,0,0,0,282
474750,Reigns,Nerial,Devolver Digital,"Adventure, Indie, RPG, Simulation",Choices Matter;Medieval;Card Game;Indie;Life Sim;Choose Your Own Adventure;Singleplayer;RPG;Adventure;Simulation;Strategy;Casual;Comedy;Dark Humor;Fantasy;Funny;Story Rich;2D;Difficult;Great Soundtrack,4,20,2.99,2.99,0.0,0,6917,1002,7919,0.8735,1,"500,000 .. 1,000,000",500000,1000000,750000,0,0,0,10
1240210,There Is No Game: Wrong Dimension,Draw Me A Pixel,Draw Me A Pixel,"Adventure, Casual, Indie",Indie;Adventure;Point & Click;Puzzle;Pixel Graphics;Casual;Funny;Comedy;Story Rich;Singleplayer;2D;Narration;Parody;Interactive Fiction;Romance;Great Soundtrack;Simulation;Remake;RPG;Action,3,20,12.99,12.99,0.0,0,22907,523,23430,0.9777,1,"500,000 .. 1,000,000",500000,1000000,750000,0,0,0,34
1227530,Partisans 1941,Alter Games,Daedalic Entertainment,"Indie, Strategy",Strategy;Real Time Tactics;World War II;Stealth;Tactical;Singleplayer;Isometric;Indie;War;Historical;Tactical RPG;Strategy RPG;Atmospheric;Assassin;Difficult;Character Customization;Action;3D;Combat;Third Person,2,20,4.49,29.99,85.0,0,6728,1458,8186,0.8219,1,"500,000 .. 1,000,000",500000,1000000,750000,0,0,0,49
298050,Master of Orion,NGD Studios,Wargaming Labs,Strategy,Strategy;4X;Space;Turn-Based;Sci-fi;Multiplayer;Singleplayer;Grand Strategy;Classic;Early Access;Remake;Turn-Based Strategy;Action;Atmospheric;Co-op;RTS,1,16,24.99,24.99,0.0,0,6076,1842,7918,0.7674,1,"500,000 .. 1,000,000",500000,1000000,750000,0,0,0,305
241560,The Crew,Ivory Tower in collaboration with Ubisoft Reflections,Ubisoft,"Action, Massively Multiplayer, Racing",Racing;Open World;Multiplayer;Driving;Co-op;Massively Multiplayer;Automobile Sim;America;Offroad;Action;Online Co-Op;Atmospheric;Arcade;Simulation;Singleplayer;First-Person;Great Soundtrack;Sandbox;Team-Based;RPG,3,20,0.0,0.0,0.0,1,10721,6318,17039,0.6292,0,"500,000 .. 1,000,000",500000,1000000,750000,0,0,0,3
408900,Unfortunate Spacemen,"Geoff 'Zag' Keene, Deep Field Games","Deep Field Games, New Blood Interactive","Action, Indie, Strategy, Free To Play",Survival Horror;Investigation;Co-op;Multiplayer;Free to Play;Comedy;Social Deduction;Horror;Strategy;PvP;Online Co-Op;Psychological Horror;Funny;Space;Survival;Shooter;Co-op Campaign;Psychological;Dark Humor;Action,4,20,0.0,0.0,0.0,1,6463,1031,7494,0.8624,1,"500,000 .. 1,000,000",500000,1000000,750000,0,0,0,2
1150440,Aliens: Dark Descent,Tindalos Interactive,Focus Entertainment,"Action, Strategy",Strategy;Action;Tactical;RTS;Sci-fi;Real Time Tactics;Singleplayer;Aliens;Dark;Action-Adventure;Horror;Survival;Top-Down;Space;3D;Violent;Combat;Stealth;Isometric;Top-Down Shooter,2,20,11.99,39.99,70.0,0,13803,1847,15650,0.882,1,"500,000 .. 1,000,000",500000,1000000,750000,0,0,0,276
1329500,SpiderHeck,Neverjam,tinyBuild,"Action, Casual, Indie",Local Multiplayer;Physics;2D Fighter;Fighting;Funny;PvP;Swordplay;Parkour;Multiplayer;2D;Action;4 Player Local;Comedy;Futuristic;Co-op;Local Co-Op;Combat;Colorful;Online Co-Op;Sci-fi,3,20,14.99,14.99,0.0,0,5171,416,5587,0.9255,1,"500,000 .. 1,000,000",500000,1000000,750000,0,0,0,66
665360,Comedy Night,Lighthouse Games Studio,Lighthouse Games Studio,"Casual, Indie, RPG, Simulation",Casual;Comedy;Experimental;Dark Humor;Funny;Dark Comedy;Immersive Sim;PvP;Cute;RPG;Life Sim;Character Customization;Third Person;Memes;Conversation;Atmospheric;Co-op;Simulation;Online Co-Op;Multiplayer,4,20,4.99,4.99,0.0,0,6822,2329,9151,0.7455,1,"500,000 .. 1,000,000",500000,1000000,750000,0,0,0,17
1049890,Little Witch Nobeta,Pupuya Games,"Pupuya Games, SimonCreative, Justdan","Action, Indie",Cute;Funny;Souls-like;Anime;Female Protagonist;Third Person;Action;Singleplayer;Adventure;Third-Person Shooter;Action RPG;RPG;JRPG;Magic;Indie;Difficult;Fantasy;Sexual Content;Early Access;Dark,2,20,24.99,24.99,0.0,0,9374,1997,11371,0.8244,1,"500,000 .. 1,000,000",500000,1000000,750000,0,0,0,10
71250,Sonic Adventure DX,SEGA,SEGA,,Platformer;Great Soundtrack;3D Platformer;Classic;Adventure;Singleplayer;Action;Fast-Paced;Retro;Third Person;Open World;Family Friendly;3D;1990's;Replay Value;Controller;Story Rich;Memes;Moddable;Racing,0,20,7.99,7.99,0.0,0,15415,1432,16847,0.915,1,"500,000 .. 1,000,000",500000,1000000,750000,0,0,0,88
707030,POSTAL 4: No Regerts,Running With Scissors,Running With Scissors,"Action, Adventure",Adventure;Gore;Singleplayer;First-Person;Open World;Sandbox;Dark Humor;Third Person;Comedy;FPS;Shooter;Dark Comedy;Action;Action-Adventure;Hack and Slash;Funny;Shoot 'Em Up;Survival;Parody;Story Rich,2,20,19.99,19.99,0.0,0,8276,3543,11819,0.7002,1,"500,000 .. 1,000,000",500000,1000000,750000,0,0,0,21
1465460,Infection Free Zone,Jutsu Games,Games Operators,"Action, Indie, Simulation, Strategy, Early Access",Early Access;Base-Building;Post-apocalyptic;City Builder;Zombies;Strategy;Management;Simulation;Survival;RTS;Outbreak Sim;Colony Sim;Sandbox;Immersive Sim;Singleplayer;Time Management;3D;Minimalist;Atmospheric;Dark,5,20,24.99,24.99,0.0,0,11530,3058,14588,0.7904,1,"500,000 .. 1,000,000",500000,1000000,750000,0,0,0,806
91700,E.Y.E: Divine Cybermancy,Streum On Studio,Streum On Studio,"Action, Indie, RPG",Cyberpunk;RPG;FPS;Action;Co-op;Indie;Singleplayer;Hacking;Sci-fi;Multiplayer;Immersive Sim;First-Person;Surreal;Atmospheric;Shooter;Action RPG;Online Co-Op;Stealth;Story Rich;Adventure,3,20,9.99,9.99,0.0,0,6505,1194,7699,0.8449,1,"500,000 .. 1,000,000",500000,1000000,750000,0,0,0,13
1874490,Potionomics,Voracious Games,"XSEED Games, Marvelous USA, Inc.","Indie, RPG, Simulation, Strategy",Deckbuilding;Dating Sim;Capitalism;Simulation;Fantasy;Female Protagonist;RPG;Indie;Crafting;Resource Management;Card Game;Strategy;Management;Romance;Time Management;Life Sim;Wholesome;Singleplayer;LGBTQ+;Anime,4,20,14.99,24.99,40.0,0,6067,636,6703,0.9051,1,"500,000 .. 1,000,000",500000,1000000,750000,0,0,0,55
221260,Little Inferno,Tomorrow Corporation,Tomorrow Corporation,"Adventure, Casual, Indie",Casual;Indie;Puzzle;Singleplayer;Satire;Funny;Short;Comedy;Great Soundtrack;Dark Humor;Sandbox;Atmospheric;Adventure;Story Rich;Dark;Touch-Friendly;2D;Point & Click;Surreal;Parody,3,20,14.99,14.99,0.0,0,12216,668,12884,0.9482,1,"500,000 .. 1,000,000",500000,1000000,750000,0,0,0,22
1578650,Citizen Sleeper,Jump Over The Age,Fellow Traveller,"Adventure, Indie, RPG",RPG;Dice;Story Rich;Sci-fi;Cyberpunk;Tabletop;Narrative;Dystopian;Interactive Fiction;Hand-drawn;Indie;Text-Based;Artificial Intelligence;Multiple Endings;Space;Futuristic;Exploration;Atmospheric;Conversation;Adventure,3,20,19.99,19.99,0.0,0,7522,583,8105,0.9281,1,"500,000 .. 1,000,000",500000,1000000,750000,0,0,0,36
258520,The Vanishing of Ethan Carter,The Astronauts,The Astronauts,"Adventure, Indie",Mystery;Atmospheric;Detective;Walking Simulator;Exploration;First-Person;Adventure;Horror;Story Rich;Singleplayer;Supernatural;Puzzle;Indie;Lovecraftian;Open World;Great Soundtrack;Short;Psychological Horror;Beautiful;Point & Click,2,20,19.99,19.99,0.0,0,7805,1026,8831,0.8838,1,"500,000 .. 1,000,000",500000,1000000,750000,0,0,0,4
927380,Yakuza Kiwami 2,Ryu Ga Gotoku Studio,SEGA,"Action, Adventure, RPG",Action;Story Rich;RPG;Beat 'em up;Singleplayer;Adventure;Violent;Open World;Minigames;Sexual Content;Crime;Great Soundtrack;Comedy;Third Person;Funny;Remake;Drama;Action RPG;JRPG;Anime,3,20,10.99,19.99,45.0,0,15870,791,16661,0.9525,1,"500,000 .. 1,000,000",500000,1000000,750000,0,0,0,185
313690,LEGO Batman 3: Beyond Gotham,TT Games Ltd,WB Games,"Action, Adventure",LEGO;Adventure;Open World;Multiplayer;Action;Superhero;Local Co-Op;Funny;Co-op;Space;Comedy;Family Friendly;Third Person;Singleplayer;Puzzle;Comic Book;Controller;Sandbox;Split Screen;Online Co-Op,2,20,19.99,19.99,0.0,0,7792,949,8741,0.8914,1,"500,000 .. 1,000,000",500000,1000000,750000,0,0,0,76
420110,NEKOPARA Vol. 2,NEKO WORKs,Sekai Project,"Casual, Indie",Anime;Sexual Content;Cute;Nudity;Visual Novel;Dating Sim;Romance;Story Rich;Singleplayer;Hentai;Great Soundtrack;Indie;2D;Linear;Cats;NSFW;Atmospheric;Comedy;Female Protagonist;Adventure,2,20,9.99,9.99,0.0,0,12222,376,12598,0.9702,1,"500,000 .. 1,000,000",500000,1000000,750000,0,0,0,14
1876890,Wandering Sword,The Swordman Studio,Spiral Up Games,"Adventure, Indie, RPG, Strategy",RPG;Martial Arts;Pixel Graphics;Turn-Based;Story Rich;Open World;Adventure;Strategy;Singleplayer;2.5D;Drama;Turn-Based Combat;Swordplay;1990's;Foreign;Tactical;Turn-Based Strategy;Turn-Based Tactics;Action RPG;Silent Protagonist,4,20,24.99,24.99,0.0,0,29332,1588,30920,0.9486,1,"500,000 .. 1,000,000",500000,1000000,750000,0,0,0,1679
1110910,Mortal Shell,Cold Symmetry,Playstack,"Action, RPG",Souls-like;Dark Fantasy;Action;RPG;Difficult;Violent;Singleplayer;Action RPG;Third Person;Hack and Slash;Atmospheric;Adventure;Open World;Gore;Indie;Horror;Multiplayer;Sexual Content;Nudity;Co-op,2,20,29.99,29.99,0.0,0,5956,2640,8596,0.6929,0,"500,000 .. 1,000,000",500000,1000000,750000,0,0,0,9
990630,The Last Campfire,Hello Games,Hello Games,"Adventure, Indie",Puzzle;Adventure;Singleplayer;Cute;Indie;Emotional;Atmospheric;Relaxing;Story Rich;Fantasy;Family Friendly;Narration;3D Platformer;Soundtrack;Puzzle-Platformer;Philosophical;Dark Fantasy;3D;Controller;Dark,2,20,1.49,14.99,90.0,0,14350,348,14698,0.9763,1,"500,000 .. 1,000,000",500000,1000000,750000,0,0,0,183
496240,Onward,Downpour Interactive,Downpour Interactive,"Action, Indie, Simulation, Strategy",VR;Shooter;FPS;Military;Realistic;Multiplayer;Simulation;Action;Violent;Indie;Tactical;War;First-Person;Singleplayer;Early Access;Online Co-Op;PvP;e-sports;Modern;Class-Based,4,20,24.99,24.99,0.0,0,6329,2886,9215,0.6868,0,"500,000 .. 1,000,000",500000,1000000,750000,0,0,0,30
362930,Garfield Kart,Artefacts Studio,Microids,Racing,Cult Classic;Combat Racing;Competitive;Racing;Action;Multiplayer;Family Friendly;Singleplayer;Beautiful;Sports;Classic;Casual;Capitalism;Replay Value;Comedy;Cute;Aliens;Tactical;Co-op;Platformer,1,20,4.99,4.99,0.0,0,12325,1734,14059,0.8767,1,"500,000 .. 1,000,000",500000,1000000,750000,0,0,0,44
293760,Automation - The Car Company Tycoon Game,Camshaft Software Ltd,Camshaft Software Ltd,"Indie, Racing, Simulation, Strategy, Early Access",Simulation;Management;Building;Sandbox;Automobile Sim;Realistic;Strategy;Early Access;Crafting;Education;Moddable;Indie;Racing;Economy;Singleplayer;Science;Automation;Replay Value;Physics;Immersive Sim,5,20,29.99,29.99,0.0,0,13506,951,14457,0.9342,1,"500,000 .. 1,000,000",500000,1000000,750000,0,0,0,554
1281590,The Dark Pictures Anthology: House of Ashes,Supermassive Games,BANDAI NAMCO Entertainment Europe,Adventure,Choices Matter;Horror;Survival Horror;Multiple Endings;Psychological Horror;Action-Adventure;Dynamic Narration;Story Rich;Nonlinear;Demons;Military;Atmospheric;Mythology;Adventure;Mystery;3D;Dark;1990's;Supernatural;Third Person,1,20,29.99,29.99,0.0,0,7794,1010,8804,0.8853,1,"500,000 .. 1,000,000",500000,1000000,750000,0,0,0,44
2072450,Like a Dragon: Infinite Wealth,RGG Studio,SEGA,"Action, Adventure, RPG",Action;JRPG;Adventure;Turn-Based Combat;Sexual Content;Comedy;Story Rich;Singleplayer;Emotional;Funny;Action RPG;Violent;Turn-Based;Action-Adventure;RPG;Beat 'em up;Gore;Martial Arts;Great Soundtrack;Colorful,3,20,69.99,69.99,0.0,0,18253,1666,19919,0.9164,1,"500,000 .. 1,000,000",500000,1000000,750000,0,0,0,655
790820,Valkyria Chronicles 4 Complete Edition,SEGA,SEGA,"Action, RPG, Strategy",Strategy;Anime;Turn-Based;RPG;War;Strategy RPG;Singleplayer;Tactical;Turn-Based Tactics;JRPG;Action;Story Rich;Third Person;Tactical RPG;Turn-Based Strategy;Tanks;Violent;Great Soundtrack;Female Protagonist;World War II,3,20,49.99,49.99,0.0,0,5759,854,6613,0.8709,1,"500,000 .. 1,000,000",500000,1000000,750000,0,0,0,61
1840080,Homeworld 3,Blackbird Interactive,"Gearbox Publishing, 2K","Simulation, Strategy",Space;RTS;Strategy;Sci-fi;Story Rich;Singleplayer;Multiplayer;Tactical;Co-op;Rogue-like;Atmospheric;Combat;Female Protagonist;Real-Time;3D;Competitive;Simulation;Isometric;Rogue-lite;Management,2,20,59.99,59.99,0.0,0,3238,4791,8029,0.4033,0,"500,000 .. 1,000,000",500000,1000000,750000,0,0,0,32
1466640,Road 96,Digixart,Deep Silver,"Action, Adventure, Indie",First-Person;Colorful;1990's;Adventure;Choices Matter;Story Rich;Atmospheric;Multiple Endings;Narration;Choose Your Own Adventure;Dystopian;Exploration;Singleplayer;Emotional;Political;Procedural Generation;Interactive Fiction;Dynamic Narration;Action;Nonlinear,3,20,4.99,19.96,75.0,0,19660,1758,21418,0.9179,1,"500,000 .. 1,000,000",500000,1000000,750000,0,0,0,144
2620,Call of Duty (2003),Infinity Ward,Activision,Action,FPS;World War II;Action;Classic;Multiplayer;Singleplayer;Shooter;War;Military;First-Person;Historical;Atmospheric;Linear;America;Story Rich;Old School;Violent;Difficult;Realistic;Co-op,1,20,9.99,19.99,50.0,0,6524,371,6895,0.9462,1,"500,000 .. 1,000,000",500000,1000000,750000,0,0,0,60
311260,The Guild 3,"Purple Lamp, GolemLabs",THQ Nordic,"RPG, Simulation, Strategy",Economy;Life Sim;Medieval;Simulation;Strategy;RPG;Multiplayer;Open World;Sandbox;Building;Singleplayer;Politics;Survival;Management;Trading;Resource Management;Historical;RTS;Early Access;Adventure,3,20,29.99,29.99,0.0,0,4587,2899,7486,0.6127,0,"500,000 .. 1,000,000",500000,1000000,750000,0,0,0,58
1000360,Hellish Quart,Kubold,Kubold,"Action, Early Access",Early Access;Fighting;Swordplay;Physics;Arcade;Historical;3D;Medieval;Martial Arts;Local Multiplayer;3D Fighter;Realistic;Third Person;Action;Controller;VR;Gore;Moddable;Cinematic;Combat,2,20,17.99,17.99,0.0,0,6524,720,7244,0.9006,1,"500,000 .. 1,000,000",500000,1000000,750000,0,0,0,45
12130,Manhunt,Rockstar North,Rockstar Games,Action,Gore;Violent;Stealth;Horror;Action;Psychological Horror;Dark;Blood;Mature;Singleplayer;Survival Horror;Atmospheric;Classic;Third Person;Great Soundtrack;Nudity;Survival;Difficult;Cult Classic;Shooter,1,20,9.99,9.99,0.0,0,4984,2104,7088,0.7032,1,"500,000 .. 1,000,000",500000,1000000,750000,0,0,0,15
1009560,The Tenants,EndGameLoop Games,EndGameLoop Games,"Casual, Indie, Simulation",Management;Design & Illustration;Life Sim;City Builder;Building;God Game;Economy;Immersive Sim;Sandbox;Replay Value;Early Access;Time Management;Relaxing;Base-Building;Casual;Simulation;Strategy;Singleplayer;Stylized;Indie,3,20,19.99,19.99,0.0,0,5644,1398,7042,0.8015,1,"500,000 .. 1,000,000",500000,1000000,750000,0,0,0,93
415200,Motorsport Manager,Playsport Games,Miniclip,"Racing, Simulation, Sports, Strategy",Management;Racing;Simulation;Strategy;Sports;Automobile Sim;Singleplayer;Difficult;Multiplayer;Action;Great Soundtrack;Economy,4,12,19.99,19.99,0.0,0,12504,1132,13636,0.917,1,"500,000 .. 1,000,000",500000,1000000,750000,0,0,0,373
777130,Blush Blush,Sad Panda Studios,Sad Panda Studios,"Casual, Indie, Simulation, Free To Play",Sexual Content;LGBTQ+;Dating Sim;Free to Play;Nudity;Hentai;Anime;Romance;Clicker;Mature;Otome;Casual;Visual Novel;Cute;Simulation;Singleplayer;Indie;Funny;Resource Management;Early Access,4,20,0.0,0.0,0.0,1,6314,932,7246,0.8714,1,"500,000 .. 1,000,000",500000,1000000,750000,0,0,0,319
313340,Mountain,David OReilly,David OReilly,"Casual, Indie, RPG, Simulation",Simulation;Indie;Casual;Relaxing;Singleplayer;Great Soundtrack;God Game;Experimental;Beautiful;Nature;Space;Procedural Generation;Music;Ambient;Idler;Realistic;Philosophical;Funny;Difficult;RPG,4,20,0.99,0.99,0.0,0,14320,1923,16243,0.8816,1,"500,000 .. 1,000,000",500000,1000000,750000,0,0,0,40
2415010,A Date with Death,Two and a Half Studios,Two and a Half Studios,"Indie, Simulation, Free To Play",Dating Sim;Visual Novel;LGBTQ+;Romance;Otome;Character Customization;Free to Play;Choices Matter;Multiple Endings;Anime;Supernatural;Funny;Text-Based;Interactive Fiction;Story Rich;Choose Your Own Adventure;Comedy;Dark Fantasy;Immersive Sim;Life Sim,3,20,0.0,0.0,0.0,1,10302,181,10483,0.9827,1,"500,000 .. 1,000,000",500000,1000000,750000,0,0,0,186
599390,Battle for Wesnoth,The Battle for Wesnoth Project,Wesnoth Inc.,"Indie, Strategy, Free To Play",Free to Play;Strategy;Turn-Based Strategy;Hex Grid;Indie;Fantasy;Turn-Based;Multiplayer;Turn-Based Tactics;Pixel Graphics;2D;Singleplayer;Story Rich;Medieval;Tactical;Dwarf;Strategy RPG;Turn-Based Combat;Wargame;RPG,3,20,0.0,0.0,0.0,1,5041,315,5356,0.9412,1,"500,000 .. 1,000,000",500000,1000000,750000,0,0,0,145
400910,Rabi-Ribi,"CreSpirit, GemaYue",CreSpirit,"Action, Adventure, Casual, Indie",Anime;Metroidvania;Bullet Hell;Female Protagonist;Pixel Graphics;Exploration;Cute;Indie;Action-Adventure;Side Scroller;Action;Singleplayer;Platformer;Adventure;Difficult;2D;Fantasy;Crowdfunded;Colorful;Magic,4,20,17.99,17.99,0.0,0,11354,504,11858,0.9575,1,"500,000 .. 1,000,000",500000,1000000,750000,0,0,0,36
463530,Empires of the Undergrowth,Slug Disco,"Hooded Horse, Slug Disco","Simulation, Strategy",Strategy;Simulation;City Builder;Colony Sim;Base-Building;Sandbox;Building;Management;Resource Management;4X;Grand Strategy;Open World;Moddable;Survival;Singleplayer;Historical;RTS;Replay Value;Real-Time with Pause;Economy,2,20,29.99,29.99,0.0,0,14446,838,15284,0.9452,1,"500,000 .. 1,000,000",500000,1000000,750000,0,0,0,399
25890,Hearts of Iron III,Paradox Development Studio,Paradox Interactive,Strategy,Grand Strategy;Strategy;World War II;Historical;Simulation;Military;Real-Time with Pause;War;Sandbox;Multiplayer;Difficult;Singleplayer;RTS;Wargame;Alternate History;Great Soundtrack;World War I;Politics,1,18,9.99,9.99,0.0,0,4539,1422,5961,0.7614,1,"500,000 .. 1,000,000",500000,1000000,750000,0,0,0,49
732430,Superflight,GrizzlyGames,GrizzlyGames,"Action, Casual, Indie, Racing, Sports",Flight;Indie;Relaxing;Casual;Procedural Generation;Atmospheric;Singleplayer;Action;Sports;Physics;Exploration;Open World;Arcade;Racing;Parkour;Fast-Paced;Simulation;Score Attack;Minimalist;Difficult,5,20,2.99,2.99,0.0,0,10857,410,11267,0.9636,1,"500,000 .. 1,000,000",500000,1000000,750000,0,0,0,12
232430,Gone Home,Fullbright,"Fullbright, Serenity Forge","Adventure, Indie",Walking Simulator;Short;Indie;Exploration;Atmospheric;First-Person;Story Rich;Narrative;LGBTQ+;Female Protagonist;Adventure;Singleplayer;Great Soundtrack;Mystery;Interactive Fiction;1990's;Emotional;Narration;Romance;Point & Click,2,20,14.99,14.99,0.0,0,13786,4103,17889,0.7706,1,"500,000 .. 1,000,000",500000,1000000,750000,0,0,0,3
494840,UBOAT,Deep Water Studio,PlayWay S.A.,"Action, Indie, RPG, Simulation, Strategy",Simulation;World War II;Submarine;Naval Combat;Military;Naval;War;Singleplayer;Open World;Realistic;Historical;Action;Management;Moddable;Shooter;Physics;Replay Value;RTS;Sandbox;Survival,5,20,29.99,29.99,0.0,0,19746,3742,23488,0.8407,1,"500,000 .. 1,000,000",500000,1000000,750000,0,0,0,633
773951,Freeman: Guerrilla Warfare,KK Game Studio,KK Game Studio,"Action, Indie, RPG, Strategy",Strategy;Action;Shooter;FPS;RPG;First-Person;Open World;Sandbox;Indie;Singleplayer;War;Tactical;Military;Realistic;RTS;Early Access;Simulation;Mature;Real-Time;Violent,4,20,24.99,24.99,0.0,0,8156,4060,12216,0.6676,0,"500,000 .. 1,000,000",500000,1000000,750000,0,0,0,17
799600,Cosmoteer: Starship Architect & Commander,Walternate Realities,Walternate Realities,"Simulation, Strategy, Early Access",Sci-fi;Singleplayer;2D;Indie;Space;Building;Strategy;Exploration;Space Sim;Difficult;Survival;Multiplayer;Online Co-Op;Simulation;Atmospheric;Adventure;Pixel Graphics;Real-Time with Pause;Spaceships;Early Access,3,20,13.99,19.99,30.0,0,10618,553,11171,0.9505,1,"500,000 .. 1,000,000",500000,1000000,750000,0,0,0,482
236430,DARK SOULS II,"FromSoftware, Inc.","BANDAI NAMCO Entertainment, FromSoftware, Inc.","Action, RPG",Souls-like;RPG;Dark Fantasy;Difficult;Action RPG;Action;Unforgiving;Adventure;Exploration;Atmospheric;Co-op;Multiplayer;Fantasy;Epic;PvP;Immersive;Third Person;Replay Value;Open World;Dark,2,20,39.99,39.99,0.0,0,39201,5123,44324,0.8844,1,"500,000 .. 1,000,000",500000,1000000,750000,0,0,0,197
285310,RollerCoaster Tycoon: Deluxe,Chris Sawyer Productions,Atari,"Simulation, Strategy",Simulation;Management;Classic;Sandbox;Strategy;Singleplayer;Building;Isometric;Nostalgia;Funny;Resource Management;Multiplayer;Relaxing;Colorful;City Builder;Family Friendly;Casual;Real-Time with Pause;Great Soundtrack;Open World,2,20,5.99,5.99,0.0,0,7282,427,7709,0.9446,1,"500,000 .. 1,000,000",500000,1000000,750000,0,0,0,236
874260,The Forgotten City,Modern Storyteller,Dear Villagers,"Adventure, Indie, RPG",Adventure;Time Travel;Mystery;Exploration;Choices Matter;Investigation;Story Rich;Indie;RPG;First-Person;Multiple Endings;Walking Simulator;Atmospheric;Philosophical;Great Soundtrack;Remake;Fantasy;Rome;Open World;Silent Protagonist,3,20,4.99,24.99,80.0,0,11008,451,11459,0.9606,1,"500,000 .. 1,000,000",500000,1000000,750000,0,0,0,51
263760,Turbo Dismount,Secret Exit Ltd.,Secret Exit Ltd.,"Action, Indie, Simulation",Funny;Simulation;Physics;Destruction;Singleplayer;Automobile Sim;Action;Indie;Sandbox;Driving;Comedy;Casual;Great Soundtrack;Racing;First-Person;Adventure;Family Friendly;Moddable;Third Person;Strategy,3,20,9.99,9.99,0.0,0,5335,371,5706,0.935,1,"500,000 .. 1,000,000",500000,1000000,750000,0,0,0,10
898750,Super Robot Wars 30,Bandai Namco Forge Digitals Inc.,Bandai Namco Entertainment,"RPG, Simulation, Strategy",Strategy;RPG;JRPG;Mechs;Turn-Based Strategy;Simulation;Strategy RPG;Turn-Based Tactics;Anime;Tactical RPG;Visual Novel;2D;Robots;Sci-fi;Isometric;Turn-Based Combat;Story Rich;Singleplayer;Turn-Based;Lore-Rich,3,20,59.99,59.99,0.0,0,5285,817,6102,0.8661,1,"500,000 .. 1,000,000",500000,1000000,750000,0,0,0,283
245280,ENSLAVED: Odyssey to the West Premium Edition,Ninja Theory,BANDAI NAMCO Entertainment,"Action, Adventure",Adventure;Action;Post-apocalyptic;Story Rich;Singleplayer;Hack and Slash;Third Person;Action-Adventure;Sci-fi;Atmospheric;Robots;Platformer;Great Soundtrack;Parkour;3D Platformer;Linear;Female Protagonist;Controller;3D Vision;Nudity,2,20,19.99,19.99,0.0,0,6548,1080,7628,0.8584,1,"500,000 .. 1,000,000",500000,1000000,750000,0,0,0,19
756800,Contraband Police,Crazy Rocks,PlayWay S.A.,"Action, Adventure, Simulation",Open World;Simulation;First-Person;Singleplayer;Action;Realistic;Multiple Endings;1980s;Automobile Sim;FPS;Story Rich;Management;Detective;Survival;Immersive Sim;Action-Adventure;Physics;Destruction;Atmospheric;Indie,3,20,29.99,29.99,0.0,0,19433,1046,20479,0.9489,1,"500,000 .. 1,000,000",500000,1000000,750000,0,0,0,429
1222370,Necromunda: Hired Gun,Streum On Studio,Focus Entertainment,"Action, Adventure",Action;Warhammer 40K;Adventure;FPS;Shooter;Gore;First-Person;Singleplayer;Violent;Action-Adventure;Games Workshop;Combat;Dog;Character Customization;Looter Shooter;Cyberpunk;Female Protagonist;Open World;Nudity;Indie,2,20,5.99,39.99,85.0,0,4864,2558,7422,0.6553,0,"500,000 .. 1,000,000",500000,1000000,750000,0,0,0,32
2651280,Marvel's Spider-Man 2,"Insomniac Games, Nixxes Software",PlayStation Publishing LLC,"Action, Adventure",Action;Superhero;Open World;Singleplayer;Adventure;Action-Adventure;Third Person;Story Rich;LGBTQ+;Political;Comic Book;Stealth;Great Soundtrack;Atmospheric;Politics;Controller;Exploration;Beat 'em up;Multiplayer;Combat,2,20,59.99,59.99,0.0,0,14423,4589,19012,0.7586,1,"500,000 .. 1,000,000",500000,1000000,750000,0,0,0,1348
1186640,Pumpkin Jack,Evil Raptor,"Headup, Beep Japan","Action, Adventure, Indie",Adventure;Action;3D Platformer;Colorful;Indie;Collectathon;Third Person;Singleplayer;Villain Protagonist;Atmospheric;Platformer;Action-Adventure;Cartoony;Fantasy;Great Soundtrack;Funny;Comedy;Exploration;Casual;Puzzle,3,20,29.99,29.99,0.0,0,7138,690,7828,0.9119,1,"500,000 .. 1,000,000",500000,1000000,750000,0,0,0,6
253250,Stonehearth,Radiant Entertainment,(none),"Indie, Simulation, Strategy",Colony Sim;City Builder;Building;Sandbox;Strategy;Survival;Simulation;Crafting;Voxel;Early Access;Open World;Indie;Singleplayer;RPG;Multiplayer;Management;Fantasy;Cute;Adventure;God Game,3,20,19.99,19.99,0.0,0,9621,3108,12729,0.7558,1,"500,000 .. 1,000,000",500000,1000000,750000,0,0,0,68
914620,Mist Survival,Dimension 32 Entertainment,Dimension 32 Entertainment,"Action, Adventure, Indie, Simulation, Early Access",Survival;Zombies;Open World Survival Craft;Open World;Singleplayer;Base-Building;Crafting;Sandbox;Adventure;Early Access;Survival Horror;Action;First-Person;Simulation;Violent;Indie;Horror;Gore;Nudity;FPS,5,20,8.24,10.99,25.0,0,10341,3115,13456,0.7685,1,"500,000 .. 1,000,000",500000,1000000,750000,0,0,0,106
1486920,Tempest Rising,Slipgate Ironworks™,"3D Realms, Knights Peak, Saber Interactive","Action, Strategy",RTS;Strategy;Base-Building;Singleplayer;Multiplayer;Isometric;3D;Real-Time;War;Action;PvP;Action RTS;Great Soundtrack;Military;Wargame;Futuristic;FMV;Cinematic;Top-Down;Modern,2,20,39.99,39.99,0.0,0,6276,767,7043,0.8911,1,"500,000 .. 1,000,000",500000,1000000,750000,0,0,0,528
427100,Fernbus Simulator,TML-Studios,Aerosoft GmbH,"Casual, Simulation",Automobile Sim;Simulation;Driving;Realistic;Open World;Singleplayer;Moddable;First-Person;Atmospheric;Casual;Exploration;Physics;Relaxing;Management;Colorful;Adventure;Replay Value;Online Co-Op;Story Rich;VR,2,20,29.99,29.99,0.0,0,8322,2863,11185,0.744,1,"500,000 .. 1,000,000",500000,1000000,750000,0,0,0,70
2109460,VillageRhapsody,YooGame,YooGame,"Casual, Indie, RPG, Simulation",Sexual Content;Nudity;Mature;Hentai;RPG;Farming Sim;Casual;Simulation;Dating Sim;Life Sim;2D;Exploration;Pixel Graphics;Anime;Time Management;Story Rich;Cartoon;Hand-drawn;Romance;Singleplayer,4,20,2.99,2.99,0.0,0,11177,392,11569,0.9661,1,"500,000 .. 1,000,000",500000,1000000,750000,0,0,0,112
1070330,Russian Life Simulator,GosDev Production,"Abama Entertainment, GosDev Production","Action, Indie, Simulation, Sports, Strategy",Simulation;Memes;Clicker;Singleplayer;2D;Indie;Action;Strategy;Capitalism;Casual;Sports;Atmospheric;Life Sim;Relaxing;Story Rich;Family Friendly;Adventure;Economy;Lore-Rich;Multiplayer,5,20,0.99,0.99,0.0,0,7009,884,7893,0.888,1,"500,000 .. 1,000,000",500000,1000000,750000,0,0,0,143
2446550,STAR WARS: Battlefront Classic Collection,Aspyr,Aspyr,Action,Action;Space;Sci-fi;FPS;Shooter;Third-Person Shooter;Old School;3D;First-Person;Split Screen;Third Person;Aliens;Artificial Intelligence;Driving;Futuristic;Robots;Retro;Military;Tactical;War,1,20,26.25,35.01,25.0,0,1748,5881,7629,0.2291,0,"500,000 .. 1,000,000",500000,1000000,750000,0,0,0,33
2080690,Sunkenland,Vector3 Studio,Vector3 Studio,"Action, Indie, Early Access",Early Access;Open World Survival Craft;Survival;Co-op;Underwater;Multiplayer;Base-Building;Crafting;Open World;Exploration;Adventure;Sandbox;FPS;Post-apocalyptic;PvE;Shooter;Realistic;Action;Trading;3D,3,20,19.99,19.99,0.0,0,17523,3896,21419,0.8181,1,"500,000 .. 1,000,000",500000,1000000,750000,0,0,0,472
388880,Oxenfree,Night School Studio,Night School Studio,"Adventure, Indie",Story Rich;Choices Matter;Atmospheric;Supernatural;Female Protagonist;Indie;Mystery;Adventure;Horror;Great Soundtrack;Singleplayer;Multiple Endings;Psychological Horror;Thriller;Walking Simulator;Side Scroller;2.5D;2D;Short;Lovecraftian,2,20,9.99,9.99,0.0,0,10861,979,11840,0.9173,1,"500,000 .. 1,000,000",500000,1000000,750000,0,0,0,11
555220,Detention,RedCandleGames,RedCandleGames,"Adventure, Indie",Horror;Indie;Psychological Horror;Atmospheric;Puzzle;Story Rich;Adventure;Great Soundtrack;Drama;Dark;Point & Click;Female Protagonist;Thriller;Surreal;Visual Novel;Retro;Exploration;Gore;Survival Horror;Violent,2,20,11.99,11.99,0.0,0,11782,2596,14378,0.8194,1,"500,000 .. 1,000,000",500000,1000000,750000,0,0,0,9
482400,System Shock,Nightdive Studios,"Atari, Nightdive Studios","Action, Adventure",Action;Immersive Sim;Adventure;Cyberpunk;Sci-fi;Horror;Remake;FPS;First-Person;Atmospheric;Singleplayer;Survival Horror;Space;Shooter;Story Rich;Gore;Violent;RPG;Kickstarter;Survival,2,20,39.99,39.99,0.0,0,9788,941,10729,0.9123,1,"500,000 .. 1,000,000",500000,1000000,750000,0,0,0,86
49540,Aliens: Colonial Marines Collection,Gearbox Software,SEGA,Action,Action;FPS;Aliens;Co-op;Sci-fi;Shooter;Multiplayer;Horror;Space;Online Co-Op;Singleplayer;First-Person;Survival;Atmospheric;Gore;Futuristic;Female Protagonist;Character Customization;Adventure;Great Soundtrack,1,20,29.99,29.99,0.0,0,7064,4498,11562,0.611,0,"500,000 .. 1,000,000",500000,1000000,750000,0,0,0,13
1157390,King Arthur: Knight's Tale,NeocoreGames,NeocoreGames,"RPG, Strategy",Tactical RPG;Turn-Based Tactics;Dark Fantasy;RPG;Turn-Based Combat;Choices Matter;Grid-Based Movement;Turn-Based;Singleplayer;Rogue-lite;Strategy;PvE;Medieval;Strategy RPG;Turn-Based Strategy;Base-Building;3D;Isometric;CRPG;Mythology,2,20,44.99,44.99,0.0,0,5721,1112,6833,0.8373,1,"500,000 .. 1,000,000",500000,1000000,750000,0,0,0,231
1493640,Banishers: Ghosts of New Eden,DON'T NOD,Focus Entertainment,"Action, Adventure, RPG",Narration;Lore-Rich;Third Person;Emotional;Atmospheric;Action RPG;Exploration;RPG;Action-Adventure;Choices Matter;Horror;Story Rich;Dark Fantasy;Action;Fantasy;Adventure;Vampire;Cinematic;Supernatural;Singleplayer,3,20,14.99,49.99,70.0,0,5288,840,6128,0.8629,1,"500,000 .. 1,000,000",500000,1000000,750000,0,0,0,86
420290,Blackwake,Mastfire Studios Pty Ltd,Mastfire Studios Pty Ltd,"Action, Casual, Indie, Strategy, Free To Play",Pirates;Multiplayer;Naval Combat;Naval;Team-Based;Action;First-Person;Co-op;Strategy;Funny;FPS;Early Access;Sailing;Indie;Swordplay;Open World;Casual;Violent;Atmospheric;Adventure,5,20,0.0,0.0,0.0,1,20925,4981,25906,0.8077,1,"500,000 .. 1,000,000",500000,1000000,750000,0,0,0,50
737800,F1 2018,Codemasters,"Codemasters, Electronic Arts","Racing, Simulation, Sports",Racing;Automobile Sim;Simulation;Sports;Multiplayer;Driving;Realistic;Singleplayer;Competitive;Action;Co-op;Funny;Strategy;Physics;VR;Controller,3,16,0.0,0.0,0.0,1,11911,1435,13346,0.8925,1,"500,000 .. 1,000,000",500000,1000000,750000,0,0,0,117
1562420,FOREWARNED,Dreambyte Games,Dreambyte Games,"Action, Adventure, Indie",Horror;Online Co-Op;Survival Horror;Co-op;Multiplayer;Psychological Horror;VR;PvE;Survival;Asymmetric VR;Action-Adventure;Atmospheric;Dark;PvP;Exploration;First-Person;Adventure;Action;3D;Singleplayer,3,20,12.99,12.99,0.0,0,5811,590,6401,0.9078,1,"500,000 .. 1,000,000",500000,1000000,750000,0,0,0,35
1307890,Kingdoms Reborn,Earthshine,Earthshine,"Indie, Simulation, Strategy, Early Access",City Builder;Base-Building;Multiplayer;Colony Sim;Management;Strategy;Medieval;Co-op;Economy;Resource Management;Simulation;PvP;Early Access;Building;Singleplayer;RTS;Open World;Procedural Generation;Survival;Card Game,4,20,19.99,19.99,0.0,0,8280,833,9113,0.9086,1,"500,000 .. 1,000,000",500000,1000000,750000,0,0,0,191
1574580,Strange Horticulture,Bad Viking,Iceberg Interactive,"Adventure, Indie, Simulation",Mystery;Puzzle;Investigation;Nature;Exploration;Relaxing;Detective;Choices Matter;2D;Multiple Endings;Story Rich;Lovecraftian;Simulation;Atmospheric;Adventure;Dark;Point & Click;Conversation;Alternate History;Colorful,3,20,15.99,15.99,0.0,0,12466,686,13152,0.9478,1,"500,000 .. 1,000,000",500000,1000000,750000,0,0,0,134
3320,Insaniquarium Deluxe,"PopCap Games, Inc.","PopCap Games, Inc., Electronic Arts",Casual,Casual;Classic;Underwater;Singleplayer;Clicker;Simulation;Aliens;Cute;Family Friendly;Colorful;Strategy;Psychological Horror;Funny;Action;Point & Click;Relaxing;Addictive;Great Soundtrack;Management;Difficult,1,20,4.99,4.99,0.0,0,5732,191,5923,0.9678,1,"500,000 .. 1,000,000",500000,1000000,750000,0,0,0,60
9050,DOOM 3,id Software,id Software,Action,Horror;Action;FPS;Sci-fi;Dark;First-Person;Gore;Singleplayer;Classic;Shooter;Demons;Atmospheric;Zombies;Survival Horror;Mars;Futuristic;Moddable;Multiplayer;Co-op;Violent,1,20,0.0,0.0,0.0,1,6980,847,7827,0.8918,1,"500,000 .. 1,000,000",500000,1000000,750000,0,0,0,49
1594940,Little Witch in the Woods,SUNNY SIDE UP,SUNNY SIDE UP,"Adventure, Casual, Indie, RPG, Simulation",Early Access;Cute;Simulation;Casual;Magic;Pixel Graphics;Life Sim;Puzzle;Open World;RPG;Adventure;Farming Sim;Relaxing;Story Rich;Immersive Sim;Crafting;Creature Collector;Management;Indie;Exploration,5,20,19.99,19.99,0.0,0,7251,891,8142,0.8906,1,"500,000 .. 1,000,000",500000,1000000,750000,0,0,0,56
2870,X Rebirth,Egosoft,Egosoft,"Action, Simulation",Simulation;Space;Sci-fi;Action;Space Sim;Sandbox;Singleplayer;Open World;Economy;Trading;Strategy;Exploration;Moddable;Atmospheric;Adventure;Great Soundtrack;Management;First-Person;Shooter;Flight,2,20,29.99,29.99,0.0,0,3166,4102,7268,0.4356,0,"500,000 .. 1,000,000",500000,1000000,750000,0,0,0,7
435120,Rusty Lake Hotel,Rusty Lake,Rusty Lake,"Adventure, Indie",Puzzle;Point & Click;Indie;Adventure;Horror;Psychological Horror;Surreal;Mystery;Singleplayer;Atmospheric;Hand-drawn;2D;Story Rich;Dark;Hidden Object;Short;Dark Humor;Casual;Gore;Remake,2,20,1.99,1.99,0.0,0,8845,374,9219,0.9594,1,"500,000 .. 1,000,000",500000,1000000,750000,0,0,0,80
211400,Deadlight,"Tequila Works, S.L.",Xbox Game Studios,"Action, Adventure, Indie",Zombies;Platformer;Indie;Action;Post-apocalyptic;Adventure;Atmospheric;Side Scroller;Singleplayer;Parkour;2D;Survival;Horror;2.5D;Puzzle;Great Soundtrack;Short;Controller;Story Rich;Noir,3,20,14.99,14.99,0.0,0,9944,2685,12629,0.7874,1,"500,000 .. 1,000,000",500000,1000000,750000,0,0,0,2
1811990,Wildfrost,"Deadpan Games, Gaziter",Chucklefish,"Indie, Strategy",Card Battler;Difficult;Roguelike Deckbuilder;Card Game;Turn-Based Tactics;Rogue-lite;Deckbuilding;Rogue-like;Singleplayer;Turn-Based;Unforgiving;Perma Death;Turn-Based Strategy;Replay Value;Procedural Generation;Strategy;Colorful;Controller;Fantasy;Base-Building,2,20,19.99,19.99,0.0,0,6737,1439,8176,0.824,1,"500,000 .. 1,000,000",500000,1000000,750000,0,0,0,114
70400,Recettear: An Item Shop's Tale,EasyGameStation,Carpe Fulgur LLC,"RPG, Indie",Capitalism;Anime;RPG;Dungeon Crawler;JRPG;Indie;Singleplayer;Cute;Simulation;Female Protagonist;Management;Comedy;Action RPG;Fantasy;Strategy;Action;Shop Keeper;Adventure;Hack and Slash;2D,2,20,19.99,19.99,0.0,0,6953,285,7238,0.9606,1,"500,000 .. 1,000,000",500000,1000000,750000,0,0,0,12
1283220,Devolverland Expo,Flying Wild Hog,Devolver Digital,"Action, Adventure, Free To Play, Indie",Free to Play;Action;FPS;Adventure;Indie;Singleplayer;Multiplayer;First-Person;Gore;Horror;Violent;Walking Simulator;Shooter;Funny;Atmospheric;Psychological Horror;Simulation;Short;Co-op;Anime,4,20,0.0,0.0,0.0,1,5110,616,5726,0.8924,1,"500,000 .. 1,000,000",500000,1000000,750000,0,0,0,0
7000,Tomb Raider: Legend,Crystal Dynamics,Crystal Dynamics,"Action, Adventure",Adventure;Action;Female Protagonist;Third Person;Puzzle;Platformer;Singleplayer;Action-Adventure;Shooter;Third-Person Shooter;Exploration;Classic;Controller;Parkour;Story Rich;Atmospheric;3D Platformer;Modern;Great Soundtrack,2,19,6.99,6.99,0.0,0,4690,664,5354,0.876,1,"500,000 .. 1,000,000",500000,1000000,750000,0,0,0,23
1286350,BPM: BULLETS PER MINUTE,Awe Interactive,Awe Interactive,"Action, Adventure, Indie",FPS;Rhythm;Rogue-like;Action;Indie;Shooter;Adventure;Action Roguelike;Rock Music;Great Soundtrack;Music;Difficult;Rogue-lite;Singleplayer;First-Person;Female Protagonist;Bullet Hell;Fast-Paced;Procedural Generation;Boomer Shooter,3,20,19.99,19.99,0.0,0,10091,1023,11114,0.908,1,"500,000 .. 1,000,000",500000,1000000,750000,0,0,0,24
433950,Bit Blaster XL,Adamvision Studios,Adamvision Studios,"Action, Casual, Indie",Bullet Hell;Shoot 'Em Up;Difficult;Shooter;Arcade;2D;Controller;Action;Casual;Pixel Graphics;Minimalist;Family Friendly;Sci-fi;Space;Score Attack;Survival;Cartoon;Aliens;Old School;Retro,3,20,0.99,0.99,0.0,0,5929,219,6148,0.9644,1,"500,000 .. 1,000,000",500000,1000000,750000,0,0,0,3
1238080,Burnout Paradise Remastered,"Stellar Entertainment, Criterion Games",Electronic Arts,"Action, Adventure, Racing",Racing;Action;Multiplayer;Arcade;Adventure;Driving;Automobile Sim;Destruction;Third Person;Co-op;Open World;Singleplayer;First-Person;Combat Racing;Remake;Great Soundtrack,3,16,19.99,19.99,0.0,0,4592,2795,7387,0.6216,0,"500,000 .. 1,000,000",500000,1000000,750000,0,0,0,33
570780,古剑奇谭(GuJian),"上海烛龙信息科技有限公司, Aurogon Shanghai",北京网元圣唐娱乐科技有限公司,RPG,RPG;Story Rich;Turn-Based;Martial Arts;Great Soundtrack;Drama;Adventure,1,7,11.99,11.99,0.0,0,4316,1059,5375,0.803,1,"500,000 .. 1,000,000",500000,1000000,750000,0,0,0,42
1392820,Milk inside a bag of milk inside a bag of milk,Nikita Kryukov,Nikita Igorevich Studio,"Adventure, Indie",Visual Novel;Psychological Horror;Horror;Experimental;Abstract;Psychological;Interactive Fiction;Adventure;Text-Based;Anime;Drama;Retro;Philosophical;Emotional;Pixel Graphics;Story Rich;Indie;Singleplayer;Perma Death;Surreal,2,20,1.49,1.49,0.0,0,28937,998,29935,0.9667,1,"500,000 .. 1,000,000",500000,1000000,750000,0,0,0,13
45740,Dead Rising 2,Capcom Vancouver,Capcom,"Action, Adventure",Zombies;Action;Open World;Co-op;Adventure;Online Co-Op;Third Person;Multiplayer;Gore;Comedy;Survival;Funny;Character Customization;Sandbox;Crafting;Singleplayer;Multiple Endings;Horror;RPG;3D Vision,2,20,4.99,19.99,75.0,0,6325,1775,8100,0.7809,1,"500,000 .. 1,000,000",500000,1000000,750000,0,0,0,64
261180,Lethal League,Team Reptile,Team Reptile,"Action, Indie, Sports",Fighting;Local Multiplayer;Indie;2D Fighter;Multiplayer;Great Soundtrack;Action;Sports;2D;4 Player Local;Arcade;Competitive;Fast-Paced;Pixel Graphics;Funny;Local Co-Op;Online Co-Op;Singleplayer;e-sports;Soundtrack,3,20,13.99,13.99,0.0,0,5716,351,6067,0.9421,1,"500,000 .. 1,000,000",500000,1000000,750000,0,0,0,9
1928980,Nightingale,Inflexion Games,Inflexion Games,"Action, Adventure, RPG, Early Access",Early Access;Open World Survival Craft;Multiplayer;Survival;Open World;Online Co-Op;Building;Crafting;Co-op;Base-Building;Exploration;Adventure;RPG;First-Person;Action;Singleplayer;PvE;Fantasy;Realistic;Procedural Generation,4,20,29.99,29.99,0.0,0,10981,5225,16206,0.6776,0,"500,000 .. 1,000,000",500000,1000000,750000,0,0,0,149
2909400,FINAL FANTASY VII REBIRTH,Square Enix,Square Enix,"Action, Adventure, RPG",RPG;Adventure;Action;Singleplayer;JRPG;Open World;Action RPG;Action-Adventure;Party-Based RPG;Story Rich;Spectacle fighter;Third Person;Cinematic;Fantasy;Realistic;Atmospheric;Drama;Emotional;Magic;Anime,3,20,49.99,49.99,0.0,0,15548,4627,20175,0.7707,1,"500,000 .. 1,000,000",500000,1000000,750000,0,0,0,1818
1948800,Yi Xian: The Cultivation Card Game,Darksun Studio,Gamirror Games,"Casual, Indie, Strategy, Free To Play",Free to Play;Card Battler;Strategy;Turn-Based Tactics;Casual;Card Game;Solitaire;Turn-Based Strategy;2D;Auto Battler;Turn-Based Combat;Relaxing;Indie;Singleplayer;Pixel Graphics;PvP;Multiplayer;Martial Arts;Nudity;Sexual Content,4,20,0.0,0.0,0.0,1,4531,1601,6132,0.7389,1,"500,000 .. 1,000,000",500000,1000000,750000,0,0,0,761
1048540,Kao the Kangaroo: Round 2 (2003 re-release),Tate Multimedia,Tate Multimedia,"Action, Adventure, Casual, Racing",Adventure;3D Platformer;Action;Casual;Platformer;Classic;Singleplayer;Racing;Funny;Cute;Family Friendly;Indie;Collectathon;Cult Classic;Action-Adventure;Difficult;Multiplayer,4,17,0.79,1.99,60.0,0,7345,514,7859,0.9346,1,"500,000 .. 1,000,000",500000,1000000,750000,0,0,0,5
1363430,Propagation VR,WanadevStudio,WanadevStudio,Action,VR;Action;Horror;Zombies;Free to Play;Multiplayer;Gore;Violent;FPS;Survival;Shooter;Survival Horror;Singleplayer;First-Person;Post-apocalyptic;Co-op;Indie;Online Co-Op,1,18,0.0,0.0,0.0,1,5298,324,5622,0.9424,1,"500,000 .. 1,000,000",500000,1000000,750000,0,0,0,19
460810,Vanquish,"PlatinumGames, Little Stone Software",SEGA,Action,Action;Third-Person Shooter;Sci-fi;Singleplayer;Fast-Paced;Shooter;Third Person;Bullet Time;Futuristic;Mechs;Robots;Arcade;Character Action Game;Great Soundtrack;Hack and Slash;Gore;Adventure;Violent;Classic;Cyberpunk,1,20,19.99,19.99,0.0,0,6426,765,7191,0.8936,1,"500,000 .. 1,000,000",500000,1000000,750000,0,0,0,12
1801110,BOKURA,tokoronyori,Kodansha,"Action, Adventure, Casual, Indie",Online Co-Op;Adventure;Pixel Graphics;Action;Co-op;Psychological Horror;2D;Multiplayer;Puzzle-Platformer;Story Rich;Action-Adventure;Casual;Cute;Emotional;Indie;Drama;Atmospheric;Local Co-Op;Local Multiplayer;Early Access,4,20,5.49,5.49,0.0,0,9216,837,10053,0.9167,1,"500,000 .. 1,000,000",500000,1000000,750000,0,0,0,57
407130,Tank Mechanic Simulator,DeGenerals S.A.,PlayWay S.A.,"Action, Adventure, Casual, Indie, Simulation",Tanks;Simulation;World War II;Realistic;Singleplayer;First-Person;Building;Relaxing;Action;Indie;Management;Walking Simulator;Crafting;Economy;Casual;Exploration;Resource Management;Adventure;Atmospheric;Family Friendly,5,20,19.99,19.99,0.0,0,7346,960,8306,0.8844,1,"500,000 .. 1,000,000",500000,1000000,750000,0,0,0,41
282900,Hyperdimension Neptunia Re;Birth1,"IDEA FACTORY Co., Ltd., COMPILE HEART Co., Ltd., FELISTELLA Co., Ltd.","Idea Factory International, Inc., IDEA FACTORY Co., Ltd.","RPG, Strategy",Anime;JRPG;Female Protagonist;Cute;RPG;Singleplayer;Comedy;Funny;Turn-Based;Visual Novel;Turn-Based Combat;Great Soundtrack;Strategy;Story Rich;Nudity;Memes;Adventure;Action;Sci-fi;Casual,2,20,14.99,14.99,0.0,0,11414,692,12106,0.9428,1,"500,000 .. 1,000,000",500000,1000000,750000,0,0,0,20
1085510,Garfield Kart - Furious Racing,Artefacts Studio,Microids,Racing,Cult Classic;Racing;Great Soundtrack;Multiplayer;Family Friendly;Cartoony;Capitalism;Classic;Competitive;Singleplayer;Cats;Action;Funny;Cute;Comedy;Arcade;Casual;Third Person;Local Multiplayer;Split Screen,1,20,14.99,14.99,0.0,0,12719,1770,14489,0.8778,1,"500,000 .. 1,000,000",500000,1000000,750000,0,0,0,20
1123770,Curse of the Dead Gods,Passtech Games,Focus Entertainment,"Action, Adventure",Action Roguelike;Isometric;Dark Fantasy;Rogue-lite;Difficult;Action;Rogue-like;Souls-like;Fighting;Dungeon Crawler;Adventure;Singleplayer;Indie;Exploration;Real-Time;Great Soundtrack;3D;Cartoony;Fantasy;Horror,2,20,3.99,19.99,80.0,0,7207,1357,8564,0.8415,1,"500,000 .. 1,000,000",500000,1000000,750000,0,0,0,84
690530,灵魂筹码 Soul at Stake,Chongming Studio,Chongming Studio,"Action, Indie, RPG, Early Access",Action;RPG;Indie;Horror;Multiplayer;Survival Horror;Gore;Co-op;Violent;Thriller;Survival;PvP;Early Access;Third Person;Singleplayer;Online Co-Op;Team-Based;Stylized;Atmospheric;Psychological Horror,4,20,17.99,17.99,0.0,0,6347,2089,8436,0.7524,1,"500,000 .. 1,000,000",500000,1000000,750000,0,0,0,1
1275670,Outcore: Desktop Adventure,Doctor Shinobi,Doctor Shinobi,"Action, Adventure, Indie, RPG, Simulation, Free To Play",Adventure;Psychological Horror;Free to Play;Story Rich;Comedy;Logic;Exploration;Choices Matter;Puzzle;Cute;Colorful;Funny;Pixel Graphics;Singleplayer;Emotional;Indie;Platformer;2D;Action;RPG,6,20,0.0,0.0,0.0,1,14753,404,15157,0.9733,1,"500,000 .. 1,000,000",500000,1000000,750000,0,0,0,35
2365810,Pseudoregalia,rittzler,rittzler,"Action, Adventure, Indie",3D Platformer;Metroidvania;Female Protagonist;Parkour;Exploration;Platformer;Old School;3D;Third Person;Singleplayer;Nonlinear;Stylized;Surreal;Fantasy;Controller;Abstract;Adventure;Magic;Souls-like;Indie,3,20,5.99,5.99,0.0,0,14588,439,15027,0.9708,1,"500,000 .. 1,000,000",500000,1000000,750000,0,0,0,41
986130,Shadows of Doubt,ColePowered Games,Fireshine Games,"Action, Adventure, Indie, RPG",Detective;Immersive Sim;Sandbox;Noir;Voxel;Procedural Generation;Stealth;Open World;First-Person;Singleplayer;Puzzle;Cyberpunk;Adventure;RPG;Indie;Action;Pixel Graphics;Action RPG;Atmospheric;Hacking,4,20,24.99,24.99,0.0,0,12941,2487,15428,0.8388,1,"500,000 .. 1,000,000",500000,1000000,750000,0,0,0,286
351920,Crazy Machines 3,Fakt Software,Daedalic Entertainment,"Simulation, Strategy",Simulation;Puzzle;Physics;Strategy;Sandbox;Singleplayer;Multiplayer;Building;Casual;Difficult,2,10,0.99,9.99,90.0,0,9350,554,9904,0.9441,1,"500,000 .. 1,000,000",500000,1000000,750000,0,0,0,11
1293160,The Medium,Bloober Team,"Bloober Team SA, NA PUBLISHING INC.",Adventure,Adventure;Horror;Female Protagonist;Psychological Horror;Atmospheric;Third Person;Dark;Story Rich;Singleplayer;Sexual Content;Mature;Great Soundtrack;Psychological;Violent;Walking Simulator;Gore;Puzzle;Indie;Action;Soundtrack,1,20,12.49,49.99,75.0,0,7765,974,8739,0.8885,1,"500,000 .. 1,000,000",500000,1000000,750000,0,0,0,6
671510,DESOLATE,Nearga,HypeTrain Digital,"Action, Adventure, RPG",Survival;Open World;Horror;Zombies;First-Person;Adventure;Action;Gore;Atmospheric;Singleplayer;Stealth;Mature;Survival Horror;Early Access;Crafting;Strategy;Sandbox;Psychological Horror;Third Person;Difficult,3,20,2.99,14.99,80.0,0,5258,2623,7881,0.6672,0,"500,000 .. 1,000,000",500000,1000000,750000,0,0,0,7
607080,Psychonauts 2,Double Fine Productions,Double Fine Productions,"Action, Adventure",3D Platformer;Story Rich;Singleplayer;Psychological;Comedy;Adventure;Funny;Platformer;Psychedelic;Cartoony;Colorful;Action;Sequel;Surreal;Third Person;Action-Adventure;Great Soundtrack;Cult Classic;Controller;Arcade,2,20,59.99,59.99,0.0,0,12433,510,12943,0.9606,1,"500,000 .. 1,000,000",500000,1000000,750000,0,0,0,97
357190,ULTIMATE MARVEL VS. CAPCOM 3,"CAPCOM CO., LTD.","CAPCOM U.S.A., INC.",Action,Fighting;2D Fighter;Action;Superhero;Multiplayer;Comic Book;Arcade;Competitive;Great Soundtrack;Local Multiplayer;2.5D;Controller;Singleplayer;Psychological Horror;Memes;Funny;Anime;2D,1,18,4.99,24.99,80.0,0,6299,583,6882,0.9153,1,"500,000 .. 1,000,000",500000,1000000,750000,0,0,0,229
1296610,Peglin,Red Nexus Games Inc.,"Red Nexus Games Inc., IndieArk","Casual, Indie, RPG, Strategy",Deckbuilding;Rogue-lite;Rogue-like;Pinball;Turn-Based;Strategy;Perma Death;Pixel Graphics;Cute;2D;Replay Value;RPG;Turn-Based Combat;Physics;Singleplayer;Fantasy;Retro;Early Access;Indie;Casual,4,20,19.99,19.99,0.0,0,13369,2624,15993,0.8359,1,"500,000 .. 1,000,000",500000,1000000,750000,0,0,0,574
977880,Eastward,Pixpil,"Chucklefish, XD","Action, Adventure, Indie, RPG",Pixel Graphics;Story Rich;Adventure;Singleplayer;Action RPG;Atmospheric;RPG;Post-apocalyptic;Action;JRPG;2D;Cute;Soundtrack;Female Protagonist;Relaxing;Dark;Mature;Comedy;Indie;Casual,4,20,24.99,24.99,0.0,0,13339,2501,15840,0.8421,1,"500,000 .. 1,000,000",500000,1000000,750000,0,0,0,48
1364020,Boundary,Studio Surgical Scalpels,Huya Games,"Action, Early Access",Early Access;FPS;Shooter;Space;Multiplayer;Action;Sci-fi;Military;First-Person;Realistic;Tactical;Futuristic;Combat;Class-Based;PvP;3D;6DOF;Heist;Moddable;Cinematic,2,20,0.0,0.0,0.0,1,8915,6936,15851,0.5624,0,"500,000 .. 1,000,000",500000,1000000,750000,0,0,0,0
824270,KovaaK's,KovaaK Games,KovaaK Games,"Action, Indie, Simulation",Action;Shooter;Simulation;FPS;Indie;First-Person;Software Training;Singleplayer;Controller;Multiplayer;Horror,3,11,9.99,9.99,0.0,0,32776,2529,35305,0.9284,1,"500,000 .. 1,000,000",500000,1000000,750000,0,0,0,1719
2015270,Rotwood,Klei Entertainment,Klei Entertainment,"Action, Adventure, RPG",Early Access;Hack and Slash;Dungeon Crawler;Rogue-lite;Beat 'em up;PvE;Rogue-like;RPG;2D;Action;Family Friendly;Adventure;Co-op;Local Co-Op;Local Multiplayer;Multiplayer;Online Co-Op;Singleplayer;Replay Value;Fighting,3,20,29.99,29.99,0.0,0,5690,1840,7530,0.7556,1,"500,000 .. 1,000,000",500000,1000000,750000,0,0,0,66
318600,The Flame in the Flood,The Molasses Flood,CD PROJEKT RED,"Action, Adventure, Indie",Survival;Adventure;Action Roguelike;Indie;Great Soundtrack;Crafting;Female Protagonist;Exploration;Action;Atmospheric;Post-apocalyptic;Singleplayer;Rogue-like;Rogue-lite;Difficult;Open World;Isometric;Strategy;Kickstarter;Third Person,3,20,14.99,14.99,0.0,0,5443,1723,7166,0.7596,1,"500,000 .. 1,000,000",500000,1000000,750000,0,0,0,5
1079260,Fireworks Mania - An Explosive Simulator,Laumania ApS,Laumania ApS,"Action, Casual, Indie, Simulation",Sandbox;Multiplayer;Singleplayer;Exploration;Building;Physics;3D;First-Person;Action;Funny;Casual;Simulation;Cartoony;Comedy;Atmospheric;Destruction;Indie;Moddable;Short;FPS,4,20,14.99,14.99,0.0,0,6454,209,6663,0.9686,1,"500,000 .. 1,000,000",500000,1000000,750000,0,0,0,34
214770,Guacamelee! Gold Edition,Drinkbox Studios,"Drinkbox Studios, Kepler Ghost","Action, Adventure, Indie",Metroidvania;Platformer;Action;Indie;Beat 'em up;Local Co-Op;2D;Adventure;Comedy;Memes;Colorful;Funny;Fighting;Great Soundtrack;Exploration;Co-op;Singleplayer;Controller;Side Scroller;Local Multiplayer,3,20,14.99,14.99,0.0,0,5539,411,5950,0.9309,1,"500,000 .. 1,000,000",500000,1000000,750000,0,0,0,3
418030,Subsistence,ColdGames,ColdGames,"Action, Early Access",Open World Survival Craft;Survival;Multiplayer;Crafting;Open World;Building;Base-Building;Sandbox;Co-op;Singleplayer;Early Access;Action;First-Person;Online Co-Op;Adventure;FPS;Difficult;Shooter;Nudity;Indie,2,20,13.99,13.99,0.0,0,9481,3632,13113,0.723,1,"500,000 .. 1,000,000",500000,1000000,750000,0,0,0,180
402710,Osiris: New Dawn,Fenix Fire Entertainment,Fenix Fire Entertainment,"Action, Adventure, Indie, RPG",Open World Survival Craft;Horror;Survival;Space;Open World;Multiplayer;Sci-fi;Building;Adventure;Crafting;Sandbox;Exploration;Base-Building;First-Person;Co-op;Action;Singleplayer;Space Sim;Aliens;Indie,4,20,0.0,0.0,0.0,1,8064,6961,15025,0.5367,0,"500,000 .. 1,000,000",500000,1000000,750000,0,0,0,13
673750,Super Bunny Man,Catobyte,Catobyte Ltd,"Action, Indie",Platformer;Sandbox;Multiplayer;Co-op;Singleplayer;Funny;Online Co-Op;Physics;Party;Local Co-Op;2D Platformer;Casual;Comedy;Puzzle-Platformer;Memes;Action;Adventure;PvP;Local Multiplayer;Party Game,2,20,14.99,14.99,0.0,0,8567,1316,9883,0.8668,1,"500,000 .. 1,000,000",500000,1000000,750000,0,0,0,131
1281800,Samsara Room,Rusty Lake,Rusty Lake,"Adventure, Free To Play, Indie",Indie;Adventure;Puzzle;Free to Play;Point & Click;Escape Room;Singleplayer;Psychological Horror;Short;Atmospheric;Surreal;Horror;2D;Story Rich;Mystery;Hand-drawn;Multiplayer;Immersive,3,18,0.0,0.0,0.0,1,8956,246,9202,0.9733,1,"500,000 .. 1,000,000",500000,1000000,750000,0,0,0,48
1353300,Idle Slayer,Pablo Leban,Pablo Leban,"Casual, Indie, Strategy, Free To Play",Casual;Idler;Free to Play;Clicker;Pixel Graphics;2D Platformer;2D;Experimental;Singleplayer;Indie;Retro;Medieval;Old School;Nonlinear;Strategy;Procedural Generation;Score Attack;RPG;Multiplayer;Runner,4,20,0.0,0.0,0.0,1,7488,1279,8767,0.8541,1,"500,000 .. 1,000,000",500000,1000000,750000,0,0,0,1300
562860,Ion Fury,"Voidpoint, LLC",3D Realms,"Action, Indie",Boomer Shooter;FPS;Retro;Female Protagonist;Old School;Action;Gore;Cyberpunk;Shooter;First-Person;Violent;Indie;Singleplayer;2.5D;Fast-Paced;Great Soundtrack;1990's;Sci-fi;Classic;Exploration,2,20,24.99,24.99,0.0,0,7029,695,7724,0.91,1,"500,000 .. 1,000,000",500000,1000000,750000,0,0,0,27
1504570,Cultivation Tales,Ac Games,Ac Games,"Action, Adventure, Indie, RPG, Strategy",Sandbox;Building;Online Co-Op;Survival;Action;Massively Multiplayer;Open World Survival Craft;Adventure;Open World;Singleplayer;Action Roguelike;Strategy;Action-Adventure;Tower Defense;RPG;PvP;Multiplayer;3D Platformer;Action RPG;Third Person,5,20,19.99,19.99,0.0,0,5126,8513,13639,0.3758,0,"500,000 .. 1,000,000",500000,1000000,750000,0,0,0,7
1218210,Coromon,TRAGsoft,indie.io,"Adventure, Indie, RPG, Strategy",Creature Collector;Exploration;JRPG;Collectathon;Turn-Based;Turn-Based Combat;PvP;Character Customization;Strategy;2D;Pixel Graphics;RPG;Story Rich;Adventure;Cute;Multiplayer;Colorful;Retro;Anime;Difficult,4,20,19.99,19.99,0.0,0,5703,979,6682,0.8535,1,"500,000 .. 1,000,000",500000,1000000,750000,0,0,0,250
872670,SCP: 5K,Affray Interactive,Balor Games,"Action, Indie, Massively Multiplayer, Strategy, Early Access",Early Access;Strategy;Co-op;Horror;Shooter;Tactical;Co-op Campaign;FPS;Multiplayer;Immersive;Gun Customization;First-Person;Singleplayer;Realistic;Military;Combat;Conspiracy;Lore-Rich;Story Rich;Action,5,20,19.99,19.99,0.0,0,10178,2500,12678,0.8028,1,"500,000 .. 1,000,000",500000,1000000,750000,0,0,0,131
333600,NEKOPARA Vol. 1,NEKO WORKs,Sekai Project,"Casual, Indie",Hentai;Anime;Nudity;Sexual Content;Visual Novel;Mature;Cute;Dating Sim;Singleplayer;Story Rich;Romance;Casual;NSFW;Indie;Cats;Great Soundtrack;Funny;Linear;Atmospheric;Souls-like,2,20,9.99,9.99,0.0,0,25629,1295,26924,0.9519,1,"500,000 .. 1,000,000",500000,1000000,750000,0,0,0,34
785740,This Is the Police 2,Weappy Studio,THQ Nordic,"Adventure, Indie, Strategy",Strategy;Story Rich;Turn-Based;Singleplayer;Management;Indie;Adventure;Villain Protagonist;Choices Matter;Crime;Atmospheric;Simulation;Great Soundtrack;Turn-Based Tactics;Detective;Turn-Based Strategy;Noir;Tactical,3,18,14.99,14.99,0.0,0,4650,1507,6157,0.7552,1,"500,000 .. 1,000,000",500000,1000000,750000,0,0,0,38
723780,Modern Combat Versus,Gameloft,Gameloft,"Action, Adventure, Free To Play",Hero Shooter;Free to Play;FPS;Multiplayer;Action;Shooter;First-Person;Adventure;Singleplayer;Massively Multiplayer;Co-op;PvP;Controller;Futuristic;Parkour;Online Co-Op;Open World;Funny;Casual;Horror,3,20,0.0,0.0,0.0,1,4412,2377,6789,0.6499,0,"500,000 .. 1,000,000",500000,1000000,750000,0,0,0,0
1571440,Lunch Lady,Manic Mice,Manic Mice,"Action, Adventure, Indie",Horror;Online Co-Op;Multiplayer;Co-op;Survival Horror;Dark;Psychological Horror;Action;Team-Based;Procedural Generation;Choices Matter;Exploration;FPS;Collectathon;PvE;First-Person;Walking Simulator;Action-Adventure;Nonlinear;Supernatural,3,20,4.99,4.99,0.0,0,10868,1826,12694,0.8562,1,"500,000 .. 1,000,000",500000,1000000,750000,0,0,0,26
1275890,Baldi's Basics Plus,Basically Games,"Basically Games, LLC","Action, Indie, Strategy, Early Access",Rogue-like;Stealth;Horror;Procedural Generation;Funny;Parody;Retro;Indie;3D;Exploration;Early Access;Perma Death;First-Person;Strategy;1990's;Singleplayer;Rogue-lite;Action;Surreal;Survival Horror,4,20,9.99,9.99,0.0,0,7265,172,7437,0.9769,1,"500,000 .. 1,000,000",500000,1000000,750000,0,0,0,91
1135230,Ember Knights,Doom Turtle,Twin Sails Interactive,"Action, Adventure, RPG",Action Roguelike;Rogue-lite;Co-op;Pixel Graphics;Multiplayer;Dungeon Crawler;Online Co-Op;Hack and Slash;Local Co-Op;RPG;Procedural Generation;Adventure;Action;Rogue-like;2D;Singleplayer;Local Multiplayer;Top-Down;Combat;Choices Matter,3,20,7.99,19.99,60.0,0,5814,375,6189,0.9394,1,"500,000 .. 1,000,000",500000,1000000,750000,0,0,0,128
1963040,The Lost Village,FunYoo Games,FunYoo Games,"Adventure, Indie, RPG, Simulation, Strategy",Base-Building;Resource Management;City Builder;Rogue-lite;Martial Arts;Simulation;Strategy;Real Time Tactics;Building;Rogue-like;Farming Sim;Cartoony;RPG;Adventure;Tactical;Sandbox;Fantasy;Colony Sim;Loot;Action RTS,5,20,11.99,11.99,0.0,0,5638,1534,7172,0.7861,1,"500,000 .. 1,000,000",500000,1000000,750000,0,0,0,65
344760,Reign Of Kings,Code}{atch,Code}{atch,"Action, Adventure, Indie, RPG, Simulation",Open World Survival Craft;Survival;Open World;Medieval;Multiplayer;Crafting;Building;PvP;Sandbox;Adventure;Action;RPG;Online Co-Op;Gore;Realistic;Simulation;Co-op;Indie;Early Access;Dark Fantasy,5,20,9.99,9.99,0.0,0,8530,6393,14923,0.5716,0,"500,000 .. 1,000,000",500000,1000000,750000,0,0,0,5
675260,Batman: The Enemy Within - The Telltale Series,Telltale,Telltale,Adventure,Adventure;Story Rich;Choices Matter;Point & Click;Singleplayer;Superhero;Episodic;Comic Book;Detective;Action;Quick-Time Events;Violent;Atmospheric;Dark;Third Person;Choose Your Own Adventure;Visual Novel;Gore;Mature;Mystery,1,20,14.99,14.99,0.0,0,8401,738,9139,0.9192,1,"500,000 .. 1,000,000",500000,1000000,750000,0,0,0,50
893180,Catherine Classic,ATLUS,SEGA,Adventure,Sexual Content;Anime;Mature;Nudity;Puzzle;Story Rich;Choices Matter;Multiple Endings;Puzzle-Platformer;Horror;Singleplayer;Difficult;Adventure;Psychological Horror;Surreal;Violent;Great Soundtrack;Gore;Sokoban;Local Multiplayer,1,20,19.99,19.99,0.0,0,8694,1269,9963,0.8726,1,"500,000 .. 1,000,000",500000,1000000,750000,0,0,0,42
919640,Steel Division 2,Eugen Systems,Eugen Systems,"Action, Indie, Simulation, Strategy",Strategy;RTS;World War II;Military;Singleplayer;War;Simulation;Tactical;Multiplayer;Historical;Wargame;Indie;Grand Strategy;Realistic;Co-op;Real-Time with Pause;Turn-Based Strategy;Sandbox;Moddable;Replay Value,4,20,39.99,39.99,0.0,0,7215,1850,9065,0.7959,1,"500,000 .. 1,000,000",500000,1000000,750000,0,0,0,268
1276790,Ruined King: A League of Legends Story,Airship Syndicate,Riot Forge,"Indie, RPG",RPG;Turn-Based Combat;Adventure;Singleplayer;Story Rich;Fantasy;Isometric;Indie;Female Protagonist;Party-Based RPG;Action;Turn-Based;Horror;JRPG;Great Soundtrack,2,15,29.99,29.99,0.0,0,9677,1186,10863,0.8908,1,"500,000 .. 1,000,000",500000,1000000,750000,0,0,0,46
12360,FlatOut: Ultimate Carnage Collector's Edition,"Bugbear Entertainment, ZOOM Platform Media, Jordan Freeman Group",Strategy First,Racing,Combat Racing;Racing;Destruction;Automobile Sim;Multiplayer;Arcade;Action;Great Soundtrack;Driving;Vehicular Combat;Physics;Singleplayer;Soundtrack;Classic;Funny;Co-op;Local Multiplayer,1,17,3.99,19.99,80.0,0,5978,685,6663,0.8972,1,"500,000 .. 1,000,000",500000,1000000,750000,0,0,0,42
316790,Grim Fandango Remastered,"Double Fine Productions, Shiny Shoe",Double Fine Productions,Adventure,Adventure;Point & Click;Classic;Story Rich;Comedy;Noir;Cult Classic;Great Soundtrack;Singleplayer;Puzzle;Remake;Atmospheric;Retro;Funny;Dark Humor;1990's;Third Person;Indie;Difficult;Escape Room,1,20,14.99,14.99,0.0,0,7433,769,8202,0.9062,1,"500,000 .. 1,000,000",500000,1000000,750000,0,0,0,19
1583230,High On Life,"Squanch Games, Inc.","Squanch Games, Inc.","Action, Adventure",Comedy;FPS;Singleplayer;Dark Humor;Adventure;Sci-fi;Action-Adventure;First-Person;Shooter;Action;Violent;Sexual Content;Story Rich;Gore;Colorful;Open World;Combat;Nudity;Funny;NSFW,2,20,39.99,39.99,0.0,0,17202,2146,19348,0.8891,1,"500,000 .. 1,000,000",500000,1000000,750000,0,0,0,299
624270,The Painscreek Killings,EQ Studios,EQ Studios,"Adventure, Indie",Investigation;Mystery;Detective;Exploration;Story Rich;Puzzle;Atmospheric;Horror;Walking Simulator;Open World;Supernatural;Adventure;Realistic;First-Person;3D;Singleplayer;Thriller;Narration;Drama;Female Protagonist,2,20,4.99,19.99,75.0,0,4753,464,5217,0.9111,1,"500,000 .. 1,000,000",500000,1000000,750000,0,0,0,12
1098292,DOOM Eternal: The Ancient Gods - Part One,id Software,Bethesda Softworks,Action,Action;Gore;Violent;FPS;Difficult;Great Soundtrack;Singleplayer;Fast-Paced;Shooter;First-Person;Demons;Adventure,1,12,9.99,9.99,0.0,0,4140,1989,6129,0.6755,0,"500,000 .. 1,000,000",500000,1000000,750000,0,0,0,0
656350,UnderMine,Thorium,Thorium,"Action, Adventure, Indie, RPG",Action Roguelike;Rogue-lite;Pixel Graphics;Dungeon Crawler;RPG;Action;Indie;Adventure;Singleplayer;Top-Down;2D;Procedural Generation;Fantasy;Choices Matter;Funny;Mining;Retro;Story Rich;Rogue-like;Multiplayer,4,20,19.99,19.99,0.0,0,8280,778,9058,0.9141,1,"500,000 .. 1,000,000",500000,1000000,750000,0,0,0,98
1761390,Hatsune Miku: Project DIVA Mega Mix+,SEGA,SEGA,Action,Rhythm;Anime;Arcade;Cute;3D;Music;Action;Female Protagonist;Character Customization;Family Friendly;Futuristic;Singleplayer;Foreign;Modern;Great Soundtrack;Score Attack;Fast-Paced;Replay Value;Hardware;Souls-like,1,20,39.39,39.39,0.0,0,17905,1128,19033,0.9407,1,"500,000 .. 1,000,000",500000,1000000,750000,0,0,0,270
406970,The Uncertain: Last Quiet Day,ComonGames,ComonGames,"Adventure, Indie",Adventure;Indie;Robots;Atmospheric;Sci-fi;Puzzle;Story Rich;Point & Click;Singleplayer;Cyberpunk;Post-apocalyptic;Futuristic;Episodic;Third Person;Great Soundtrack;Hidden Object;Short;Choices Matter;Walking Simulator;Horror,2,20,9.99,9.99,0.0,0,4404,1383,5787,0.761,1,"500,000 .. 1,000,000",500000,1000000,750000,0,0,0,1
677160,We Were Here Too,Total Mayhem Games,Total Mayhem Games,"Adventure, Casual, Indie",Online Co-Op;Escape Room;Puzzle;Co-op;Horror;Multiplayer;Investigation;Action-Adventure;First-Person;Atmospheric;Adventure;Multiple Endings;Co-op Campaign;Mystery;Psychological Horror;Linear;Casual;Dark;Immersive;Indie,3,20,9.99,9.99,0.0,0,7976,1949,9925,0.8036,1,"500,000 .. 1,000,000",500000,1000000,750000,0,0,0,78
337340,Finding Paradise,Freebird Games,"Freebird Games, Serenity Forge","Adventure, Indie, RPG",Story Rich;Emotional;Pixel Graphics;Adventure;RPG;2D;Singleplayer;Funny;Atmospheric;Interactive Fiction;Psychological;Drama;Top-Down;Comedy;Cute;Female Protagonist;Retro;Romance;JRPG;RPGMaker,3,20,9.99,9.99,0.0,0,18353,410,18763,0.9781,1,"500,000 .. 1,000,000",500000,1000000,750000,0,0,0,16
24800,Command & Conquer: Red Alert 3 - Uprising,EA Los Angeles,Electronic Arts,"Action, Strategy, Free To Play",Family Friendly;Level Editor;Strategy;RTS;Action;Multiplayer;Singleplayer;Co-op;Anime;Base-Building;War;Sci-fi;Alternate History;Free to Play;FMV;Military;Cold War;Sexual Content;Futuristic;Atmospheric,3,20,19.88,19.88,0.0,0,4450,874,5324,0.8358,1,"500,000 .. 1,000,000",500000,1000000,750000,0,0,0,292
200940,Sonic CD,Blit Software,SEGA,,Platformer;Classic;Great Soundtrack;Retro;2D;Time Travel;Singleplayer;1990's;Fast-Paced;Action;Pixel Graphics;Adventure;Family Friendly;Old School;Remake;Colorful;Time Attack;Side Scroller;Replay Value;Anime,0,20,0.0,0.0,0.0,1,4871,561,5432,0.8967,1,"500,000 .. 1,000,000",500000,1000000,750000,0,0,0,3
1335790,Operation: Tango,Clever Plays,"Team17, Clever Plays","Adventure, Casual",Online Co-Op;Puzzle;Co-op Campaign;Adventure;Co-op;Casual;Multiplayer;Hacking;Wholesome;Family Friendly;Female Protagonist;Detective;Investigation;Futuristic;Cyberpunk;3D;First-Person;Stylized;Colorful;Heist,2,20,19.99,19.99,0.0,0,6990,1007,7997,0.8741,1,"500,000 .. 1,000,000",500000,1000000,750000,0,0,0,30
295790,Never Alone (Kisima Ingitchuna),"Upper One Games, E-Line Media",E-Line Media,"Action, Adventure, Casual, Indie",Indie;Local Co-Op;Platformer;Atmospheric;Female Protagonist;Adventure;Story Rich;Puzzle;Local Multiplayer;Cute;Puzzle-Platformer;Casual;Co-op;Side Scroller;Great Soundtrack;Singleplayer;Action;Short;Nature;2.5D,4,20,14.99,14.99,0.0,0,6833,1626,8459,0.8078,1,"500,000 .. 1,000,000",500000,1000000,750000,0,0,0,4
355790,Styx: Shards of Darkness,Cyanide Studio,Nacon,"Action, Adventure",Stealth;Singleplayer;Action;Adventure;Story Rich;Atmospheric;Third Person;Assassin;Violent;Parkour;Dark Fantasy;Co-op;Fantasy;Dark Humor;Multiplayer;Open World;Memes;RPG;Difficult;Comedy,2,20,19.99,19.99,0.0,0,4954,1002,5956,0.8318,1,"500,000 .. 1,000,000",500000,1000000,750000,0,0,0,34
267530,The LEGO Movie - Videogame,"TT Fusion, Traveller's Tales",Warner Bros. Interactive Entertainment,"Action, Adventure",LEGO;Adventure;Action;Local Co-Op;Family Friendly;Comedy;Funny;Open World;Singleplayer;Multiplayer;Co-op;Building;Split Screen;Third Person;3D Vision;Casual;Platformer;RPG;Controller;Sandbox,2,20,19.99,19.99,0.0,0,4571,693,5264,0.8684,1,"500,000 .. 1,000,000",500000,1000000,750000,0,0,0,30
24780,SimCity 4 Deluxe Edition,"EA - Maxis, Aspyr (Mac)","Electronic Arts, Aspyr (Mac)","Simulation, Strategy",City Builder;Immersive Sim;Base-Building;Building;Sandbox;Economy;Management;Strategy;God Game;Simulation;Isometric;Casual;Realistic;Family Friendly;Moddable;Atmospheric;Old School;Multiplayer;Singleplayer;Classic,2,20,19.99,19.99,0.0,0,7456,1652,9108,0.8186,1,"500,000 .. 1,000,000",500000,1000000,750000,0,0,0,331
1000010,Crown Trick,NEXT Studios,"Team17, NEXT Studios","Adventure, Indie, RPG, Strategy",Rogue-like;Turn-Based Combat;RPG;Dungeon Crawler;Perma Death;Rogue-lite;Strategy;Adventure;Turn-Based;Female Protagonist;Turn-Based Strategy;Singleplayer;2D;Replay Value;Difficult;Tactical;Fantasy;Action-Adventure;Top-Down;Magic,4,20,19.99,19.99,0.0,0,4497,766,5263,0.8545,1,"500,000 .. 1,000,000",500000,1000000,750000,0,0,0,14
900270,Reventure,Pixelatto,Pixelatto,"Adventure, Indie",Adventure;Indie;Pixel Graphics;Multiple Endings;Comedy;2D;Platformer;Singleplayer;Dark Humor;Exploration;Choose Your Own Adventure;Nonlinear;Retro;Metroidvania;Violent;Puzzle-Platformer;Choices Matter;Dark Comedy;Great Soundtrack;Mystery Dungeon,2,20,12.34,12.34,0.0,0,8752,472,9224,0.9488,1,"500,000 .. 1,000,000",500000,1000000,750000,0,0,0,17
2683150,Ale & Tale Tavern,Scienart Games,"GrabTheGames, UpgradePoint","Action, Adventure, Casual, Indie, Simulation",Adventure;Online Co-Op;Simulation;Cooking;Fantasy;Management;First-Person;Co-op;Action;Sandbox;Building;Economy;Indie;3D;Casual;Exploration;Family Friendly;Party Game;Action-Adventure;Multiplayer,5,20,5.99,14.99,60.0,0,6308,762,7070,0.8922,1,"500,000 .. 1,000,000",500000,1000000,750000,0,0,0,190
1880330,Sanfu,Shiying Studio,Gamirror Games,"Adventure, Indie, RPG",Mystery;RPG;Drama;2D;Adventure;Puzzle;Colorful;Hand-drawn;Visual Novel;Puzzle-Platformer;Story Rich;Retro;Fantasy;Emotional;Detective;Atmospheric;Crime;Old School;Investigation;Horror,3,20,10.99,10.99,0.0,0,13769,2880,16649,0.827,1,"500,000 .. 1,000,000",500000,1000000,750000,0,0,0,16
1072420,DRAGON QUEST BUILDERS 2,"Square Enix, KOEI TECMO GAMES CO., LTD.",Square Enix,"Action, Adventure, RPG",RPG;Open World Survival Craft;Adventure;Action;Building;Sandbox;Crafting;JRPG;Anime;Cute;Co-op;Open World;Multiplayer;Third Person;Colorful;Voxel;Survival;Singleplayer;Platformer;Character Customization,3,20,49.99,49.99,0.0,0,6679,554,7233,0.9234,1,"500,000 .. 1,000,000",500000,1000000,750000,0,0,0,425
586140,BlazBlue Centralfiction,Arc System Works,Arc System Works,Action,Fighting;Anime;2D Fighter;Action;Great Soundtrack;Story Rich;Visual Novel;Multiplayer;Sexual Content;Local Multiplayer;Arcade;Singleplayer;Nudity;Difficult;Controller;Cute;Fantasy;e-sports;Competitive;Tutorial,1,20,39.99,39.99,0.0,0,10363,664,11027,0.9398,1,"500,000 .. 1,000,000",500000,1000000,750000,0,0,0,221
1519350,Madden NFL 22,Tiburon,Electronic Arts,"Casual, Simulation, Sports, Strategy",Football (American);Sports;Controller;PvP;Realistic;Casual;e-sports;Immersive Sim;Physics;Third Person;Team-Based;Strategy;Cinematic;Simulation;America;Local Co-Op;Local Multiplayer;Multiplayer;Online Co-Op;Singleplayer,4,20,0.0,0.0,0.0,1,3856,3395,7251,0.5318,0,"500,000 .. 1,000,000",500000,1000000,750000,0,0,0,24
1367590,Tormented Souls,"Dual Effect, Abstract Digital",PQube,"Action, Adventure",Survival Horror;Horror;Puzzle;Psychological Horror;Action;Atmospheric;Female Protagonist;Third-Person Shooter;Nudity;Third Person;Singleplayer;Story Rich;Combat;Dark;Exploration;Old School;Survival;Gore;3D;Adventure,2,20,19.99,19.99,0.0,0,5544,545,6089,0.9105,1,"500,000 .. 1,000,000",500000,1000000,750000,0,0,0,17
812810,missed messages.,Angela He,Angela He,"Casual, Indie, Simulation, Free To Play",Free to Play;Visual Novel;LGBTQ+;Choices Matter;Romance;Emotional;Psychological Horror;Female Protagonist;Indie;Psychological;Singleplayer;Story Rich;Great Soundtrack;Casual;Simulation;Atmospheric;Horror;Memes;Anime;Sexual Content,4,20,0.0,0.0,0.0,1,14604,592,15196,0.961,1,"500,000 .. 1,000,000",500000,1000000,750000,0,0,0,2
1604000,Milk outside a bag of milk outside a bag of milk,Nikita Kryukov,Nikita Kryukov,"Casual, Indie",Psychological Horror;Visual Novel;Psychedelic;Pixel Graphics;Story Rich;Indie;Multiple Endings;Abstract;2D;Psychological;Text-Based;Singleplayer;Surreal;Horror;Anime;Great Soundtrack;Female Protagonist;Casual;Choices Matter;Point & Click,2,20,8.99,8.99,0.0,0,18167,556,18723,0.9703,1,"500,000 .. 1,000,000",500000,1000000,750000,0,0,0,23
332500,GRAV,"BitMonster, Inc.","BitMonster, Inc.","Action, Adventure, Indie, RPG, Early Access",Open World Survival Craft;Survival;Open World;Base-Building;Sandbox;Multiplayer;Crafting;Space;Adventure;Co-op;Action;RPG;Early Access;Sci-fi;Third Person;Indie;Shooter;Massively Multiplayer;Singleplayer;Futuristic,5,20,19.99,19.99,0.0,0,3261,3656,6917,0.4714,0,"500,000 .. 1,000,000",500000,1000000,750000,0,0,0,1
1615290,Ravenous Devils,Bad Vices Games,Bad Vices Games,"Casual, Indie, Simulation",Management;Cooking;Villain Protagonist;Gore;Resource Management;Horror;Crime;Dark Comedy;Violent;Clicker;Time Management;Economy;Simulation;Farming Sim;Dark Humor;Singleplayer;2.5D;Relaxing;Controller;Casual,3,20,4.99,4.99,0.0,0,8044,649,8693,0.9253,1,"500,000 .. 1,000,000",500000,1000000,750000,0,0,0,25
311730,DEAD OR ALIVE 5 Last Round: Core Fighters,"Team NINJA, KOEI TECMO GAMES CO., LTD.","KOEI TECMO GAMES CO., LTD.",Action,PvP;Sexual Content;3D Fighter;Competitive;Arcade;Female Protagonist;3D;Cute;Action;Anime;Moddable;Physics;Singleplayer;Multiplayer;Local Multiplayer;Fighting;Free to Play;Mature;Ninja;Great Soundtrack,1,20,0.0,0.0,0.0,1,6884,3128,10012,0.6876,0,"500,000 .. 1,000,000",500000,1000000,750000,0,0,0,36
383270,Hue,Fiddlesticks Games,Curve Games,"Adventure, Indie",Indie;Puzzle;Adventure;Platformer;Puzzle-Platformer;Colorful;Great Soundtrack;2D;Singleplayer;Narration;Side Scroller;Casual;Metroidvania;2D Platformer;Story Rich,2,15,14.99,14.99,0.0,0,9736,788,10524,0.9251,1,"500,000 .. 1,000,000",500000,1000000,750000,0,0,0,14
1286580,Ship of Fools,Fika Productions,Team17,"Action, Indie",Co-op;Rogue-lite;Multiplayer;Rogue-like;Local Co-Op;Action;Action Roguelike;2D;Online Co-Op;Local Multiplayer;Cute;Colorful;Fantasy;Singleplayer;Naval Combat;Indie;Combat;Great Soundtrack;Naval;Tower Defense,2,20,21.99,21.99,0.0,0,4328,979,5307,0.8155,1,"500,000 .. 1,000,000",500000,1000000,750000,0,0,0,67
1371580,Myth of Empires,Angela Game,Imperium Interactive Entertainment,,Building;Open World Survival Craft;Sandbox;MMORPG;Open World;Survival;War;Base-Building;Multiplayer;Character Customization;RPG;Hack and Slash;Strategy;Online Co-Op;Co-op;Medieval;Third Person;3D;Shooter;Action-Adventure,0,20,29.99,29.99,0.0,0,11440,5372,16812,0.6805,0,"500,000 .. 1,000,000",500000,1000000,750000,0,0,0,2060
239250,Castlevania: Lords of Shadow 2,MercurySteam,KONAMI,"Action, Adventure",Action;Adventure;Vampire;Hack and Slash;Gothic;Singleplayer;Third Person;Fantasy;Sequel;Metroidvania;Action RPG;Dark;Epic;Gore;Violent;Atmospheric;Story Rich;RPG;Great Soundtrack;Horror,2,20,39.99,39.99,0.0,0,4930,900,5830,0.8456,1,"500,000 .. 1,000,000",500000,1000000,750000,0,0,0,17
792300,The Beast Inside,Illusion Ray,Illusion Ray,"Action, Adventure, Indie",Horror;Adventure;First-Person;Survival Horror;Action;Multiplayer;Singleplayer;Psychological Horror;Indie;Story Rich;Survival;Gore;Atmospheric;Violent;Walking Simulator;Open World;Exploration;Realistic;Great Soundtrack;Quick-Time Events,3,20,24.99,24.99,0.0,0,9414,1941,11355,0.8291,1,"500,000 .. 1,000,000",500000,1000000,750000,0,0,0,35
375950,Viridi,"Zoe Vartanian, Badru, Isa Hutchinson, Michael Bell",Ice Water Games,"Casual, Free To Play, Indie, Simulation",Free to Play;Relaxing;Simulation;Casual;Singleplayer;Atmospheric;Indie;Cute;Great Soundtrack;Sandbox;Nature;Family Friendly;Agriculture;Real-Time;Idler;Replay Value;Puzzle;Building,4,18,0.0,0.0,0.0,1,8563,757,9320,0.9188,1,"500,000 .. 1,000,000",500000,1000000,750000,0,0,0,111
1166290,Death and Taxes,Placeholder Gameworks,"Placeholder Gameworks, Hawthorn Games","Adventure, Casual, Indie, Simulation, Strategy",Choices Matter;Story Rich;Simulation;Point & Click;Multiple Endings;Strategy;Choose Your Own Adventure;Puzzle;Replay Value;Casual;Interactive Fiction;Dark Comedy;Narrative;Adventure;Indie;Atmospheric;2D;Conversation;Singleplayer;Character Customization,5,20,12.99,12.99,0.0,0,6106,922,7028,0.8688,1,"500,000 .. 1,000,000",500000,1000000,750000,0,0,0,30
426000,HunieCam Studio,HuniePot,HuniePot,"Indie, Simulation",Mature;Sexual Content;Nudity;Management;Simulation;Clicker;Anime;Singleplayer;Indie;Hentai;Strategy;Female Protagonist;Memes;Cute;Dating Sim;Comedy;Casual;Funny;2D;Replay Value,2,20,6.99,6.99,0.0,0,5475,785,6260,0.8746,1,"500,000 .. 1,000,000",500000,1000000,750000,0,0,0,59
2475490,Mouthwashing,Wrong Organ,CRITICAL REFLEX,"Adventure, Indie",Psychological Horror;Story Rich;Horror;Atmospheric;Retro;Psychological;Gore;Dark;Walking Simulator;Indie;Surreal;Thriller;Space;First-Person;Singleplayer;Mystery;Narrative;Exploration;Adventure;Dark Humor,2,20,12.99,12.99,0.0,0,28745,1119,29864,0.9625,1,"500,000 .. 1,000,000",500000,1000000,750000,0,0,0,69
1849250,EA SPORTS WRC,Codemasters,Electronic Arts,"Racing, Simulation, Sports",Racing;Simulation;Automobile Sim;Sports;Offroad;Multiplayer;PvP;VR;Singleplayer;Early Access;Driving;Realistic,3,12,49.99,49.99,0.0,0,6135,3674,9809,0.6254,0,"500,000 .. 1,000,000",500000,1000000,750000,0,0,0,262
1237320,Sonic Frontiers,Sonic Team,SEGA,"Action, Adventure",Great Soundtrack;Open World;Adventure;3D Platformer;Action;Exploration;Singleplayer;Action-Adventure;Fast-Paced;3D;Third Person;Platformer;Story Rich;Combat;Lore-Rich;Colorful;Fantasy;Action RPG;Comedy;Mature,2,20,39.99,39.99,0.0,0,22196,2284,24480,0.9067,1,"500,000 .. 1,000,000",500000,1000000,750000,0,0,0,144
730310,DYNASTY WARRIORS 9,"KOEI TECMO GAMES CO., LTD.","KOEI TECMO GAMES CO., LTD.",Action,Action;Hack and Slash;Open World;Musou;Historical;Multiplayer;Action RPG;Singleplayer;Anime;Co-op;Great Soundtrack;Adventure;Third Person;Beat 'em up;RPG;Online Co-Op;Sexual Content,1,17,44.99,44.99,0.0,0,3564,6493,10057,0.3544,0,"500,000 .. 1,000,000",500000,1000000,750000,0,0,0,29
643270,OLDTV,Creability,Creability,"Indie, Free To Play",Free to Play;Great Soundtrack;Fast-Paced;Indie;Difficult;Singleplayer;Puzzle;Casual;Psychological Horror;Atmospheric;Arcade;Psychedelic;2D;Retro;Illuminati;Memes,2,16,0.0,0.0,0.0,1,5148,293,5441,0.9461,1,"500,000 .. 1,000,000",500000,1000000,750000,0,0,0,1
1119980,In Sound Mind,We Create Stuff,Black Lantern Collective,"Action, Indie",Horror;Psychological Horror;Story Rich;Puzzle;Action;Singleplayer;Atmospheric;First-Person;Indie;Shooter;FPS;Action-Adventure;Exploration;Platformer;Psychedelic;Cats;Music;3D Platformer;Hidden Object;Puzzle-Platformer,2,20,3.49,34.99,90.0,0,5535,277,5812,0.9523,1,"500,000 .. 1,000,000",500000,1000000,750000,0,0,0,15
714120,Little Misfortune,Killmonday Games AB,Killmonday Games AB,"Adventure, Casual, Indie",Psychological Horror;Point & Click;Indie;Story Rich;Choices Matter;Adventure;Horror;Cute;Female Protagonist;Singleplayer;Dark Humor;Dark;Atmospheric;Funny;2D;Interactive Fiction;Casual;Dark Fantasy;Great Soundtrack;Puzzle,3,20,19.99,19.99,0.0,0,11125,962,12087,0.9204,1,"500,000 .. 1,000,000",500000,1000000,750000,0,0,0,16
1812450,Bellwright,Donkey Crew,"Donkey Crew, Snail Games USA","Action, RPG, Simulation, Strategy, Early Access",Survival;Open World;Crafting;Medieval;City Builder;Online Co-Op;Building;Simulation;Multiplayer;RPG;Strategy;Life Sim;Co-op;Exploration;Action;Singleplayer;Early Access;Third Person;War;3D,5,20,19.79,29.99,34.0,0,9666,2330,11996,0.8058,1,"500,000 .. 1,000,000",500000,1000000,750000,0,0,0,1252
207690,Botanicula,Amanita Design,Amanita Design,"Adventure, Casual, Indie",Casual;Funny;Point & Click;Exploration;Story Rich;Colorful;Nature;Stylized;Family Friendly;Cute;Surreal;Relaxing;Puzzle;2D;Hand-drawn;Cartoony;Atmospheric;Comedy;Singleplayer;Adventure,3,20,14.99,14.99,0.0,0,5974,311,6285,0.9505,1,"500,000 .. 1,000,000",500000,1000000,750000,0,0,0,7
236370,Interstellar Marines,Zero Point Software,Zero Point Software,"Action, Indie, RPG, Simulation, Early Access",Action;FPS;Indie;Tactical;Co-op;Multiplayer;Sci-fi;Shooter;Horror;First-Person;Simulation;Atmospheric;Early Access;Online Co-Op;Space;Singleplayer;Team-Based;RPG;Immersive;Realistic,5,20,9.99,9.99,0.0,0,4245,3619,7864,0.5398,0,"500,000 .. 1,000,000",500000,1000000,750000,0,0,0,1
1178030,Star Fetchers,Svavelstickan,Svavelstickan,"Action, Adventure, Indie, Free To Play",Indie;Action;Free to Play;Adventure;Great Soundtrack;Violent;Gore;Story Rich;Cyberpunk;2D;Pixel Graphics;Funny;Atmospheric;Surreal;Singleplayer;Swordplay;Female Protagonist;Hack and Slash;Comedy;Dating Sim,4,20,0.0,0.0,0.0,1,6965,195,7160,0.9728,1,"500,000 .. 1,000,000",500000,1000000,750000,0,0,0,3
699170,Fell Seal: Arbiter's Mark,6 Eyes Studio,Fulqrum Publishing,"Indie, RPG, Strategy",RPG;Strategy;Turn-Based Tactics;Indie;Turn-Based Combat;Tactical RPG;Turn-Based Strategy;Strategy RPG;Fantasy;Turn-Based;Character Customization;Singleplayer;Tactical;Class-Based;Female Protagonist;Isometric;Story Rich;2D;Controller;Party-Based RPG,3,20,29.99,29.99,0.0,0,5281,706,5987,0.8821,1,"500,000 .. 1,000,000",500000,1000000,750000,0,0,0,47
250340,Blockland,"Eric Hartman, Ben Garney, Anthony Rotondo",Step 1 Games LLC,"Action, Indie, Simulation",Sandbox;Building;Multiplayer;LEGO;Open World;Action;Indie;Moddable;First-Person;Funny;Adventure;Co-op;FPS;Third Person;Singleplayer;Shooter;Racing;Zombies;RPG;Horror,3,20,9.99,9.99,0.0,0,4059,1492,5551,0.7312,1,"500,000 .. 1,000,000",500000,1000000,750000,0,0,0,26
365960,rFactor 2,Studio 397,Studio 397,"Racing, Simulation, Sports",Racing;Automobile Sim;Simulation;Sports;Realistic;Multiplayer;Driving;VR;Singleplayer;Moddable;e-sports;Physics;Controller;Games Workshop,3,14,29.99,29.99,0.0,0,6766,1774,8540,0.7923,1,"500,000 .. 1,000,000",500000,1000000,750000,0,0,0,239
251150,The Legend of Heroes: Trails in the Sky,Nihon Falcom,"XSEED Games, Marvelous USA, Inc.",RPG,JRPG;Story Rich;RPG;Anime;Great Soundtrack;Turn-Based;Female Protagonist;Fantasy;Adventure;Singleplayer;Turn-Based Strategy;Classic;Tactical RPG;Turn-Based Combat;Strategy;Romance;Action;Isometric;Strategy RPG;Tactical,1,20,9.99,19.99,50.0,0,8966,597,9563,0.9376,1,"500,000 .. 1,000,000",500000,1000000,750000,0,0,0,69
2302660,Homicipher,八名木Games,Gamirror Games,"Adventure, Indie",Horror;Otome;Female Protagonist;Visual Novel;Atmospheric;Text-Based;Multiple Endings;Choose Your Own Adventure;Choices Matter;Word Game;Conversation;Singleplayer;Interactive Fiction;First-Person;Dark;Exploration;Thriller;Hand-drawn;Typing;Adventure,2,20,13.99,13.99,0.0,0,6305,235,6540,0.9641,1,"500,000 .. 1,000,000",500000,1000000,750000,0,0,0,62
2695940,PANICORE,ZTEK Studio,ZTEK Studio,"Action, Adventure, Indie",Horror;Online Co-Op;Multiplayer;Psychological Horror;First-Person;PvE;Action Roguelike;Stealth;Singleplayer;Action-Adventure;Co-op;Action;Rogue-lite;Atmospheric;Casual;Psychological;Survival;Dark;Adventure;Indie,3,20,9.99,9.99,0.0,0,8491,2056,10547,0.8051,1,"500,000 .. 1,000,000",500000,1000000,750000,0,0,0,182
1342330,Mad Games Tycoon 2,Eggcode,Eggcode,"Casual, Indie, Simulation, Strategy",Management;Economy;Game Development;Simulation;Strategy;City Builder;Trading;Building;Capitalism;Programming;Base-Building;Sandbox;Multiplayer;Character Customization;PvP;Crafting;3D;Casual;Cartoony;Cartoon,4,20,24.99,24.99,0.0,0,6607,434,7041,0.9384,1,"500,000 .. 1,000,000",500000,1000000,750000,0,0,0,124
1032430,Blood Trail,Electrovore,Electrovore,"Action, Early Access",Gore;Violent;VR;Action;Horror;Sandbox;Realistic;Early Access;Shooter;Blood;Psychological Horror;FPS;Singleplayer;Dark;Family Friendly;Multiplayer;Funny;Nudity;Simulation;Atmospheric,2,20,24.99,24.99,0.0,0,4917,1176,6093,0.807,1,"500,000 .. 1,000,000",500000,1000000,750000,0,0,0,74
40960,Stronghold 2: Steam Edition,Firefly Studios,Firefly Studios,"Simulation, Strategy",City Builder;Real Time Tactics;Medieval;Colony Sim;Sandbox;Building;Management;Economy;War;Military;Strategy;Base-Building;RTS;Real-Time;Isometric;Top-Down;Historical;Open World;Simulation;Resource Management,2,20,14.99,14.99,0.0,0,4656,590,5246,0.8875,1,"500,000 .. 1,000,000",500000,1000000,750000,0,0,0,128
688420,Bad North: Jotunn Edition,"Plausible Concept, Oskar Stålberg",Raw Fury,"Action, Indie, Simulation",Wargame;Vikings;Tower Defense;Real Time Tactics;Survival;Action Roguelike;Minimalist;RTS;Auto Battler;War;Rogue-like;Combat;Stylized;Rogue-lite;Strategy;Fighting;Blood;Cute;Tactical;Simulation,3,20,2.99,14.99,80.0,0,11367,831,12198,0.9319,1,"500,000 .. 1,000,000",500000,1000000,750000,0,0,0,64
1150760,Gloomwood,"Dillon Rogers, David Szymanski, Nate Berens, Thomas Porta",New Blood Interactive,"Action, Indie, Early Access",Early Access;Immersive Sim;Stealth;Survival Horror;FPS;Atmospheric;First-Person;Exploration;Steampunk;Singleplayer;Retro;Shooter;Gothic;PvE;Dark;Lovecraftian;Resource Management;Physics;Action;Mystery,3,20,19.99,19.99,0.0,0,6231,308,6539,0.9529,1,"500,000 .. 1,000,000",500000,1000000,750000,0,0,0,39
2531310,The Last of Us Part II Remastered,"Naughty Dog LLC, Nixxes Software, Iron Galaxy Studios",PlayStation Publishing LLC,"Action, Adventure",Story Rich;Post-apocalyptic;Third-Person Shooter;LGBTQ+;Action-Adventure;Third Person;Horror;Action;Stealth;Realistic;Emotional;Drama;Singleplayer;Atmospheric;Thriller;Survival;Adventure;Survival Horror;Dark;Sequel,2,20,49.99,49.99,0.0,0,22421,2353,24774,0.905,1,"500,000 .. 1,000,000",500000,1000000,750000,0,0,0,4405
924140,Hand Simulator: Survival,HFM Games,HFM Games,"Action, Adventure, Indie, Massively Multiplayer, RPG, Simulation",Survival;Multiplayer;Adventure;Simulation;PvP;Funny;RPG;Action;Indie;First-Person;Exploration;Massively Multiplayer;Action-Adventure;FPS;Shooter;Cinematic;Realistic;Military;War;Combat,6,20,2.99,2.99,0.0,0,8591,1347,9938,0.8645,1,"500,000 .. 1,000,000",500000,1000000,750000,0,0,0,5
425580,The Room Two,Fireproof Games,Fireproof Games,"Adventure, Indie",Puzzle;Mystery;Point & Click;Atmospheric;Hidden Object;Horror;Indie;Adventure;Singleplayer;Lovecraftian;Short;Psychological Horror;Dark;First-Person;Steampunk;Casual;Story Rich;Escape Room;Great Soundtrack,2,19,4.99,4.99,0.0,0,19460,468,19928,0.9765,1,"500,000 .. 1,000,000",500000,1000000,750000,0,0,0,30
1129190,Our Life: Beginnings & Always,GB Patch Games,GB Patch Games,"Casual, Indie, Free To Play",Visual Novel;Romance;LGBTQ+;Character Customization;Dating Sim;Choices Matter;Free to Play;Choose Your Own Adventure;Cute;Relaxing;Multiple Endings;Otome;Interactive Fiction;Replay Value;Singleplayer;Indie;Casual;Funny;Drama;Comedy,3,20,0.0,0.0,0.0,1,12306,146,12452,0.9883,1,"500,000 .. 1,000,000",500000,1000000,750000,0,0,0,237
952070,RESIDENT EVIL RESISTANCE,"CAPCOM Co., Ltd., NeoBards Entertainment Ltd.","CAPCOM Co., Ltd.",Action,Action;Multiplayer;Zombies;Survival Horror;Gore;Online Co-Op;Horror;Co-op;Third Person;Strategy,1,10,11.99,59.99,80.0,0,3168,5152,8320,0.3808,0,"500,000 .. 1,000,000",500000,1000000,750000,0,0,0,24
34900,Bad Rats: the Rats' Revenge,Invent4 Entertainment,Strategy First,Indie,Cult Classic;Physics;Indie;Gore;Puzzle;Hentai;Beautiful;Singleplayer;Addictive;Dark;Mature;Choices Matter;Psychedelic;Violent;Co-op;Replay Value;Perma Death;Quick-Time Events;Third-Person Shooter;Blood,1,20,1.99,1.99,0.0,0,11745,3126,14871,0.7898,1,"500,000 .. 1,000,000",500000,1000000,750000,0,0,0,6
965200,Walking Zombie 2,Alda Games,Alda Games,"Action, Adventure, Indie, RPG",FPS;Zombies;Open World Survival Craft;Multiplayer;Shooter;Open World;Survival;Sandbox;Post-apocalyptic;First-Person;Action RPG;RPG;Dark Humor;Story Rich;Gun Customization;Action;Pixel Graphics;Stylized;Crafting;Adventure,4,20,0.0,0.0,0.0,1,10981,1534,12515,0.8774,1,"500,000 .. 1,000,000",500000,1000000,750000,0,0,0,109
800270,Terraforming Mars,Artefacts Studio,Twin Sails Interactive,Strategy,Strategy;Board Game;Space;Tabletop;Turn-Based;Mars;Multiplayer;Sci-fi;Singleplayer;Management;Turn-Based Strategy;Base-Building;Hex Grid;PvP;Difficult;Local Multiplayer;Mature;Grand Strategy;2.5D;Beautiful,1,20,19.99,19.99,0.0,0,4758,1871,6629,0.7178,1,"500,000 .. 1,000,000",500000,1000000,750000,0,0,0,361
298900,Space Hulk: Deathwing,Streum On Studio,Focus Entertainment,"Action, Adventure",Warhammer 40K;Action;FPS;Online Co-Op;Sci-fi;Co-op;Shooter;Adventure;Atmospheric;Gore;Multiplayer;Games Workshop;Horror;First-Person;Singleplayer;Space;Survival;Strategy;Aliens;RPG,2,20,29.99,29.99,0.0,0,3101,2601,5702,0.5438,0,"200,000 .. 500,000",200000,500000,350000,0,0,0,3
328080,Rise to Ruins,Raymond Doerr,SixtyGig Games,"Indie, Simulation, Strategy",Tower Defense;Colony Sim;City Builder;Strategy;Survival;Pixel Graphics;Base-Building;God Game;Simulation;Indie;Sandbox;Singleplayer;2D;Resource Management;Early Access;Retro;Rogue-like;Great Soundtrack;Level Editor;Soundtrack,3,20,14.99,14.99,0.0,0,6737,915,7652,0.8804,1,"200,000 .. 500,000",200000,500000,350000,0,0,0,26
2445690,Lost Castle 2,Hunter Studio,Hunter Studio,"Action, Adventure, Indie, RPG",Early Access;Multiplayer;Local Co-Op;Singleplayer;Rogue-like;Online Co-Op;Rogue-lite;Action Roguelike;Beat 'em up;Action;Action-Adventure;Adventure;Cartoon;Funny;RPG;Magic;Co-op;Combat;Indie;2D,4,20,17.99,17.99,0.0,0,6425,1865,8290,0.775,1,"200,000 .. 500,000",200000,500000,350000,0,0,0,1121
757320,Atomicrops,Bird Bath Games,Raw Fury,"Action, Indie",Action;Indie;Rogue-like;Farming Sim;Bullet Hell;Action Roguelike;Rogue-lite;Pixel Graphics;Twin Stick Shooter;Survival;Simulation;Colorful;Agriculture;Combat;Gun Customization;Perma Death;Open World;Singleplayer;PvE;Cats,2,20,14.99,14.99,0.0,0,5218,442,5660,0.9219,1,"200,000 .. 500,000",200000,500000,350000,0,0,0,106
200900,Cave Story+,"Nicalis, Inc., Studio Pixel","Nicalis, Inc.","Action, Adventure, Indie",Platformer;Metroidvania;Indie;Great Soundtrack;Pixel Graphics;Action;Adventure;2D;Singleplayer;Retro;Classic;Exploration;Replay Value;Difficult;Story Rich;Shooter;Remake;Cute;Sci-fi;Anime,3,20,14.99,14.99,0.0,0,7105,539,7644,0.9295,1,"200,000 .. 500,000",200000,500000,350000,0,0,0,7
920490,Driver Booster for Steam,IObit,IObit,Utilities,Utilities;Software;Free to Play,1,3,0.0,0.0,0.0,1,7795,1435,9230,0.8445,1,"200,000 .. 500,000",200000,500000,350000,0,0,0,826
1220010,Home Behind 2,TPP Studio,Spiral Up Games,"Adventure, Indie, RPG, Simulation, Strategy",Strategy;RPG;Adventure;Rogue-like;Indie;Simulation;Rogue-lite;Survival;Female Protagonist;2D;Turn-Based Combat;Loot;Conversation;Inventory Management;Anime;Story Rich;Character Customization;Exploration;Turn-Based;Tactical,5,20,7.59,19.99,62.0,0,6072,892,6964,0.8719,1,"200,000 .. 500,000",200000,500000,350000,0,0,0,176
757310,Sable,Shedworks,Raw Fury,"Adventure, Indie, RPG",Atmospheric;Exploration;Story Rich;Female Protagonist;Adventure;Choose Your Own Adventure;Open World;Singleplayer;Multiple Endings;Choices Matter;Puzzle;Stylized;Relaxing;3D Platformer;Platformer;Sci-fi;Puzzle-Platformer;RPG;Comic Book;Hand-drawn,3,20,24.99,24.99,0.0,0,4858,756,5614,0.8653,1,"200,000 .. 500,000",200000,500000,350000,0,0,0,18
2666510,Rusty's Retirement,Mister Morris Games,Mister Morris Games,"Casual, Indie, Simulation, Strategy",Idler;Farming Sim;Automation;Pixel Graphics;Simulation;Management;Relaxing;Farming;Building;Nature;2D;Strategy;Economy;Resource Management;Cute;Post-apocalyptic;Base-Building;Casual;Capitalism;Indie,4,20,6.99,6.99,0.0,0,12386,392,12778,0.9693,1,"200,000 .. 500,000",200000,500000,350000,0,0,0,1185
1433140,The Texas Chain Saw Massacre,Sumo Digital,Gun Interactive,"Action, Indie",Horror;Multiplayer;Survival Horror;Gore;Team-Based;PvP;Third Person;Survival;Action;Stealth;Violent;Asynchronous Multiplayer;Blood;Cinematic;3D;Atmospheric;Indie;Psychological Horror;Nudity;Strategy,2,20,14.99,14.99,0.0,0,14423,7117,21540,0.6696,0,"200,000 .. 500,000",200000,500000,350000,0,0,0,336
1024380,Second Extinction,Systemic Reaction™,Systemic Reaction™,"Action, Early Access",Early Access;Dinosaurs;Co-op;Open World;FPS;Sci-fi;Exploration;Survival;Shooter;Team-Based;Hack and Slash;First-Person;Violent;Multiplayer;Loot;Singleplayer;3D;Blood;Online Co-Op;Adventure,2,20,0.0,0.0,0.0,1,3799,2516,6315,0.6016,0,"200,000 .. 500,000",200000,500000,350000,0,0,0,2
816340,Kingdom Rush Origins - Tower Defense,Ironhide Game Studio,Ironhide Game Studio,"Indie, Strategy",Tower Defense;Strategy;2D;Singleplayer;Difficult;Casual;Building;Tactical;Medieval;Cartoony;Action-Adventure;Fantasy;Choices Matter;Action;Adventure;Indie;Pixel Graphics;RPG;Stylized;Exploration,2,20,14.99,14.99,0.0,0,6792,292,7084,0.9588,1,"200,000 .. 500,000",200000,500000,350000,0,0,0,136
1003890,Blacksad: Under the Skin,"Pendulo Studios, YS Interactive",Microids,Adventure,Adventure;Detective;Choices Matter;Story Rich;Noir;Crime;Multiple Endings;Singleplayer;Mystery;Comic Book;Investigation;Mature;Cinematic;Atmospheric;Quick-Time Events;Violent;Exploration;Point & Click;Puzzle;Cartoony,1,20,19.99,19.99,0.0,0,5031,929,5960,0.8441,1,"200,000 .. 500,000",200000,500000,350000,0,0,0,4
684410,Bridge Constructor Portal,ClockStone,Headup,"Simulation, Strategy",Puzzle;Simulation;Strategy;Physics;Building;Singleplayer;2D;Comedy;Level Editor;Difficult;Sci-fi;Sandbox;Casual;2.5D;Funny;Indie;Family Friendly;Education;Co-op;Touch-Friendly,2,20,9.99,9.99,0.0,0,6123,555,6678,0.9169,1,"200,000 .. 500,000",200000,500000,350000,0,0,0,40
209650,Call of Duty: Advanced Warfare - Gold Edition,"Sledgehammer Games, Raven Software",Activision,Action,Dog;FPS;Action;Multiplayer;Shooter;Futuristic;First-Person;Sci-fi;Singleplayer;Linear;America;War;Quick-Time Events;Military;Illuminati;Online Co-Op;Co-op;PvP;Fast-Paced;Mechs,1,20,15.99,39.99,60.0,0,16240,8817,25057,0.6481,0,"200,000 .. 500,000",200000,500000,350000,0,0,0,63
1318690,shapez,Tobias Springer,"tobspr Games, Doyoyo Games","Casual, Indie, Simulation, Strategy",Automation;Base-Building;Resource Management;Sandbox;Crafting;Strategy;Singleplayer;Management;Building;Open World;2D;Puzzle;Casual;Moddable;Simulation;Abstract;Logic;Procedural Generation;Indie;Family Friendly,4,20,0.99,9.99,90.0,0,13165,516,13681,0.9623,1,"200,000 .. 500,000",200000,500000,350000,0,0,0,328
1404850,Luck be a Landlord,TrampolineTales,TrampolineTales,"Indie, Simulation, Strategy",Roguelike Deckbuilder;Deckbuilding;Rogue-lite;Strategy;Procedural Generation;Simulation;Pixel Graphics;Rogue-like;Capitalism;Resource Management;Auto Battler;Casual;Management;Singleplayer;Indie;2D;Retro;Villain Protagonist;Early Access;Mouse only,3,20,9.99,9.99,0.0,0,9928,702,10630,0.934,1,"200,000 .. 500,000",200000,500000,350000,0,0,0,149
245470,Democracy 3,Positech Games,Positech Games,"Indie, Simulation, Strategy",Political Sim;Simulation;Politics;Strategy;Indie;Turn-Based;Singleplayer;Political;Economy;Management;Sandbox;Moddable;Difficult;2D;Turn-Based Strategy;Education;Casual;Capitalism;Sequel;Funny,3,20,24.99,24.99,0.0,0,5381,1862,7243,0.7429,1,"200,000 .. 500,000",200000,500000,350000,0,0,0,10
530070,Train Sim World 2020,Dovetail Games,Dovetail Games - TSW,Simulation,Simulation;Trains;Realistic;Driving;Open World;Singleplayer;Relaxing;Casual;Action;Building;Atmospheric;First-Person;Multiplayer;America;Adventure;Family Friendly;Exploration;Walking Simulator;Transportation;Experience,1,20,12.99,12.99,0.0,0,5414,1577,6991,0.7744,1,"200,000 .. 500,000",200000,500000,350000,0,0,0,8
274500,Brigador: Up-Armored Edition,"Stellar Jockeys, Gausswerks",Stellar Jockeys,"Action, Indie",Twin Stick Shooter;Action;Top-Down Shooter;Mechs;Difficult;Sci-fi;Destruction;Cyberpunk;Rogue-lite;Isometric;Action Roguelike;Vehicular Combat;Shooter;Top-Down;Indie;Dystopian;Atmospheric;Capitalism;Robots;Soundtrack,2,20,24.99,24.99,0.0,0,5127,335,5462,0.9387,1,"200,000 .. 500,000",200000,500000,350000,0,0,0,8
861540,Dicey Dungeons,Terry Cavanagh,Terry Cavanagh,"Indie, Strategy",Roguelike Deckbuilder;Card Battler;Deckbuilding;Rogue-lite;Indie;Rogue-like;Strategy;Turn-Based;Card Game;Mouse only;Singleplayer;Replay Value;Cute;Colorful;Cartoon;Great Soundtrack;Casual;Dungeon Crawler;RPG;Procedural Generation,2,20,14.99,14.99,0.0,0,9953,1161,11114,0.8955,1,"200,000 .. 500,000",200000,500000,350000,0,0,0,71
60,Ricochet,Valve,Valve,Action,Action;FPS;Multiplayer;Classic;First-Person;Sci-fi;Shooter;Space;Cyberpunk;Psychological Horror;3D;Retro;Memes;Platformer;Old School;Conspiracy;Cult Classic;Competitive;Sports;Great Soundtrack,1,20,4.99,4.99,0.0,0,4989,1039,6028,0.8276,1,"200,000 .. 500,000",200000,500000,350000,0,0,0,4
520440,GUILTY GEAR Xrd REV 2,Arc System Works,Arc System Works,Action,Fighting;Anime;2D Fighter;Great Soundtrack;Action;Multiplayer;2.5D;Local Multiplayer;Difficult;Arcade;Story Rich;Controller;Competitive;e-sports;Singleplayer;Tutorial;2D;Cute;Nudity;PvP,1,20,29.99,29.99,0.0,0,9994,598,10592,0.9435,1,"200,000 .. 500,000",200000,500000,350000,0,0,0,140
526160,The Wild Eight,Eight Points,HypeTrain Digital,"Action, Adventure, Indie, RPG, Simulation",Survival;Open World Survival Craft;Multiplayer;Open World;Mystery;Co-op;Adventure;Crafting;Online Co-Op;Sandbox;Indie;RPG;Action;Atmospheric;Singleplayer;Simulation;Survival Horror;Difficult;Strategy;Horror,5,20,2.49,24.99,90.0,0,5407,2490,7897,0.6847,0,"200,000 .. 500,000",200000,500000,350000,0,0,0,7
2993780,FANTASY LIFE i: The Girl Who Steals Time,LEVEL5 Inc.,LEVEL5 Inc.,RPG,RPG;Action;Casual;JRPG;Action-Adventure;City Builder;Exploration;Party-Based RPG;3D;Cute;Third Person;Fantasy;Character Customization;PvE;Open World;Online Co-Op;Singleplayer;Multiplayer;Crafting;Co-op,1,20,59.99,59.99,0.0,0,7019,575,7594,0.9243,1,"200,000 .. 500,000",200000,500000,350000,0,0,0,19498
976590,Bus Simulator 21 Next Stop,stillalive studios,astragon Entertainment,Simulation,Simulation;Automobile Sim;Driving;3D;Immersive Sim;Realistic;First-Person;Colorful;Third Person;Family Friendly;Modern;Relaxing;Multiplayer;Character Customization;Controller;Open World;Co-op;Online Co-Op;Singleplayer;Management,1,20,24.99,24.99,0.0,0,4164,1802,5966,0.698,0,"200,000 .. 500,000",200000,500000,350000,0,0,0,64
518150,Intruder,Superboss Games,Superboss Games,Early Access,Multiplayer;Stealth;Tactical;First-Person;Team-Based;Simulation;FPS;Shooter;Indie;Early Access;Action;Competitive;Funny;Violent;Psychological Horror;Co-op;Singleplayer;PvP,1,18,19.99,19.99,0.0,0,5956,627,6583,0.9048,1,"200,000 .. 500,000",200000,500000,350000,0,0,0,9
1229380,Everhood,"Chris Nordgren, Jordi Roca","Foreign Gnomes, Surefire.Games","Action, Adventure, Indie, RPG",Great Soundtrack;Music;Story Rich;Psychedelic;Singleplayer;Bullet Hell;2D;Pixel Graphics;Surreal;RPG;Rhythm;2.5D;Indie;Action-Adventure;Colorful;Multiple Endings;Action;Level Editor;Adventure;Epic,4,20,9.99,9.99,0.0,0,12763,634,13397,0.9527,1,"200,000 .. 500,000",200000,500000,350000,0,0,0,19
98800,Dungeons of Dredmor,"Gaslamp Games, Inc.","Gaslamp Games, Inc.","Casual, Indie, RPG",Traditional Roguelike;Rogue-like;Turn-Based;RPG;Dungeon Crawler;Indie;Comedy;Perma Death;Replay Value;Singleplayer;Fantasy;Funny;Casual;Crafting;Procedural Generation;2D;Moddable;Top-Down;Difficult;Adventure,3,20,7.99,7.99,0.0,0,4978,323,5301,0.9391,1,"200,000 .. 500,000",200000,500000,350000,0,0,0,18
360740,Downwell,Moppin,Devolver Digital,"Action, Adventure, Casual, Indie",Precision Platformer;Action Roguelike;Pixel Graphics;Indie;Platformer;Arcade;2D Platformer;Action;Difficult;2D;Fast-Paced;Retro;Adventure;Singleplayer;Shoot 'Em Up;Rogue-like;Procedural Generation;Rogue-lite;Replay Value;Great Soundtrack,4,20,2.99,2.99,0.0,0,7921,279,8200,0.966,1,"200,000 .. 500,000",200000,500000,350000,0,0,0,16
435530,The Final Station,DO MY BEST,tinyBuild,"Action, Adventure, Indie",Pixel Graphics;Post-apocalyptic;Survival;Indie;2D;Adventure;Zombies;Action;Trains;Atmospheric;Story Rich;Singleplayer;Resource Management;Horror;Shooter;Side Scroller;Great Soundtrack;Sci-fi;Platformer;Short,3,20,14.99,14.99,0.0,0,7705,1133,8838,0.8718,1,"200,000 .. 500,000",200000,500000,350000,0,0,0,25
264140,Pixel Piracy,Vitali Kirpu,Vitali Kirpu,"Adventure, Indie, RPG, Simulation",Action Roguelike;Sandbox;Side Scroller;Pirates;Rogue-like;Action RPG;Procedural Generation;Rogue-lite;Open World;Simulation;RPG;Sailing;Pixel Graphics;Dungeon Crawler;Loot;Choose Your Own Adventure;Naval;Naval Combat;Action;Combat,4,20,14.99,14.99,0.0,0,4814,2543,7357,0.6543,0,"200,000 .. 500,000",200000,500000,350000,0,0,0,4
1016120,PGA TOUR 2K21,HB Studios Multimedia Ltd.,2K,"Simulation, Sports",Sports;Simulation;Local Multiplayer;Golf;Turn-Based;Singleplayer;Character Customization;Action,2,8,0.0,0.0,0.0,1,6382,1233,7615,0.8381,1,"200,000 .. 500,000",200000,500000,350000,0,0,0,93
2071280,Ravenswatch,Passtech Games,Nacon,"Action, Adventure",Rogue-like;Co-op;Action Roguelike;Action;Multiplayer;Online Co-Op;Rogue-lite;Singleplayer;Difficult;Indie;Adventure;Hack and Slash;RPG;Top-Down;Atmospheric;Replay Value;Dark Fantasy;Dark;Isometric;Early Access,2,20,24.99,24.99,0.0,0,12942,3211,16153,0.8012,1,"200,000 .. 500,000",200000,500000,350000,0,0,0,2578
1563180,Internet Cafe Simulator 2,Cheesecake Dev,Cheesecake Dev,"Action, Adventure, Casual, Indie, Simulation, Strategy",Simulation;Management;3D;Exploration;Memes;Sandbox;First-Person;Life Sim;Arcade;Immersive Sim;Singleplayer;Economy;Realistic;Sexual Content;Atmospheric;Open World;Hacking;Funny;Indie;Multiplayer,6,20,5.99,19.99,70.0,0,9146,3275,12421,0.7363,1,"200,000 .. 500,000",200000,500000,350000,0,0,0,45
829590,CryoFall,AtomicTorch Studio,Daedalic Entertainment,"Action, Adventure, Indie, Massively Multiplayer, RPG, Simulation, Strategy",Colony Sim;Crafting;PvE;Base-Building;PvP;Survival;Open World Survival Craft;Sandbox;Mining;Agriculture;Building;Fishing;Management;Mechs;2D;Character Customization;Open World;RPG;Economy;Space,7,20,1.99,19.99,90.0,0,4856,1311,6167,0.7874,1,"200,000 .. 500,000",200000,500000,350000,0,0,0,101
1283410,Tails of Iron,Odd Bug Studio,United Label,"Action, Adventure, Indie",Action RPG;Souls-like;2D;Adventure;Action-Adventure;Story Rich;Combat;Difficult;Narration;RPG;Singleplayer;Action;Fantasy;Atmospheric;Dark Fantasy;Medieval;Character Customization;2.5D;Metroidvania;Swordplay,3,20,4.99,24.99,80.0,0,10939,1433,12372,0.8842,1,"200,000 .. 500,000",200000,500000,350000,0,0,0,39
1525700,Tavern Master,Untitled Studio,Untitled Studio,"Simulation, Strategy",Management;Simulation;Building;Medieval;Resource Management;Strategy;Indie;Relaxing;City Builder;Top-Down;Singleplayer;Time Management;Crafting;Atmospheric;Stylized;Historical;3D;Adventure;Casual;Dungeons & Dragons,2,20,14.99,14.99,0.0,0,10464,868,11332,0.9234,1,"200,000 .. 500,000",200000,500000,350000,0,0,0,216
1583320,Pro Soccer Online,Skywall Studios LLC,Skywall Studios LLC,Sports,Sports;Football (Soccer);Multiplayer;3D;e-sports;Third Person;First-Person;Real Time Tactics;Team-Based;Early Access;Competitive;Character Customization;PvP;Controller;Casual;Singleplayer;VR;Action;Psychological Horror;Free to Play,1,20,4.99,4.99,0.0,0,21717,2463,24180,0.8981,1,"200,000 .. 500,000",200000,500000,350000,0,0,0,690
1533420,Neon White,Angel Matrix,Annapurna Interactive,"Action, Adventure, Indie",FPS;3D Platformer;Parkour;Platformer;Action;Fast-Paced;Shooter;Anime;Indie;Precision Platformer;Adventure;Singleplayer;Stylized;First-Person;3D;Dating Sim;Story Rich;Card Game;Combat;Great Soundtrack,3,20,24.99,24.99,0.0,0,17398,325,17723,0.9817,1,"200,000 .. 500,000",200000,500000,350000,0,0,0,160
333950,Medieval Engineers,Keen Software House,Keen Software House,"Action, Indie, Simulation, Strategy",Building;Sandbox;Medieval;Physics;Open World;Destruction;Multiplayer;Simulation;Crafting;Survival;Strategy;Early Access;Action;Singleplayer;Indie;Realistic;Co-op;Adventure;Atmospheric;Voxel,4,20,9.99,9.99,0.0,0,3794,3392,7186,0.528,0,"200,000 .. 500,000",200000,500000,350000,0,0,0,24
293780,Crawl,Powerhoof,Powerhoof,"Action, Indie, RPG",Pixel Graphics;Local Multiplayer;Dungeon Crawler;Action Roguelike;4 Player Local;Indie;Local Co-Op;Action;Multiplayer;Rogue-like;RPG;Lovecraftian;2D;Great Soundtrack;Fantasy;Co-op;Gore;Singleplayer;Horror;Rogue-lite,3,20,14.99,14.99,0.0,0,6673,366,7039,0.948,1,"200,000 .. 500,000",200000,500000,350000,0,0,0,8
333640,Caves of Qud,Freehold Games,Kitfox Games,"Adventure, Indie, RPG, Strategy",Procedural Generation;Turn-Based Combat;Open World;Turn-Based;Transhumanism;Sci-fi;Replay Value;Traditional Roguelike;Rogue-like;Story Rich;RPG;Character Customization;Survival;Pixel Graphics;Atmospheric;CRPG;Difficult;Moddable;Singleplayer;Choices Matter,4,20,29.99,29.99,0.0,0,9912,498,10410,0.9522,1,"200,000 .. 500,000",200000,500000,350000,0,0,0,425
2194530,Yog-Sothoth’s Yard,Bone Nail,"Bone Nail, Shochiku (Japan)","Indie, RPG, Simulation",Simulation;Dating Sim;RPG;Visual Novel;Base-Building;Cute;Horror;JRPG;Anime;City Builder;Mythology;Building;Story Rich;Interactive Fiction;Multiple Endings;Singleplayer;Rogue-lite;Strategy;Dark Fantasy;Cooking,3,20,10.99,10.99,0.0,0,11065,640,11705,0.9453,1,"200,000 .. 500,000",200000,500000,350000,0,0,0,226
868360,Project Hospital,Oxymoron Games,Oxymoron Games,"Indie, Simulation, Strategy",Medical Sim;City Builder;Management;Job Simulator;Simulation;Strategy;Education;Sandbox;Building;Economy;Life Sim;Character Customization;2D;Realistic;Isometric;Moddable;Stylized;Indie;Replay Value;Resource Management,3,20,24.99,24.99,0.0,0,7392,956,8348,0.8855,1,"200,000 .. 500,000",200000,500000,350000,0,0,0,387
1148590,DOOM 64,"id Software, Nightdive Studios",Bethesda Softworks,Action,Action;FPS;Classic;1990's;Retro;Gore;Shooter;Violent;First-Person;Cult Classic;Singleplayer;Horror;Boomer Shooter;Demons;Fast-Paced;Sci-fi;Atmospheric;Pixel Graphics;Great Soundtrack;Old School,1,20,4.99,4.99,0.0,0,7272,505,7777,0.9351,1,"200,000 .. 500,000",200000,500000,350000,0,0,0,58
456670,Hand of Fate 2,Defiant Development,Defiant Development,"Action, Indie, RPG",RPG;Roguelike Deckbuilder;Card Game;Action;Deckbuilding;Rogue-lite;Indie;Action Roguelike;Singleplayer;Board Game;Fantasy;Rogue-like;Dungeon Crawler;Hack and Slash;Choices Matter;Strategy;Third Person;Action RPG;Atmospheric;Female Protagonist,3,20,29.99,29.99,0.0,0,4795,885,5680,0.8442,1,"200,000 .. 500,000",200000,500000,350000,0,0,0,15
897450,The Survivalists,Team17,Team17,"Action, Adventure, Casual, Indie",Crafting;Survival;Online Co-Op;Adventure;Multiplayer;Open World Survival Craft;Singleplayer;Base-Building;Open World;Pixel Graphics;Sandbox;Co-op;Exploration;2D;Casual;Character Customization;Hunting;Action;Top-Down;Procedural Generation,4,20,5.39,26.99,80.0,0,7069,2148,9217,0.767,1,"200,000 .. 500,000",200000,500000,350000,0,0,0,48
1084160,Jagged Alliance 3,Haemimont Games,THQ Nordic,"Action, Strategy",Strategy;Turn-Based Tactics;Tactical;Turn-Based Strategy;Turn-Based Combat;RPG;Tactical RPG;Singleplayer;Strategy RPG;Co-op Campaign;Isometric;Loot;Action;3D;Turn-Based;Military;Co-op;Classic;Online Co-Op;Sexual Content,2,20,44.99,44.99,0.0,0,11576,1364,12940,0.8946,1,"200,000 .. 500,000",200000,500000,350000,0,0,0,363
589780,The Red Strings Club,Deconstructeam,Devolver Digital,"Adventure, Indie",Cyberpunk;Pixel Graphics;Story Rich;Choices Matter;Great Soundtrack;Atmospheric;Indie;Adventure;Point & Click;LGBTQ+;Singleplayer;Sci-fi;Visual Novel;2D;Nudity;Dystopian;Philosophical;Violent;Puzzle;Retro,2,20,14.99,14.99,0.0,0,12057,782,12839,0.9391,1,"200,000 .. 500,000",200000,500000,350000,0,0,0,8
979110,Space Haven,Bugbyte Ltd.,Bugbyte Ltd.,"Indie, RPG, Simulation, Strategy",Base-Building;Space;Colony Sim;Simulation;Strategy;Survival;Sci-fi;Sandbox;City Builder;Management;Resource Management;Building;Indie;Space Sim;Exploration;Open World;Pixel Graphics;Early Access;Singleplayer;Crafting,4,20,24.99,24.99,0.0,0,7778,1231,9009,0.8634,1,"200,000 .. 500,000",200000,500000,350000,0,0,0,237
2495450,Winter Memories,Dojin Otome,Kagura Games,"Adventure, Casual, RPG, Simulation",Sexual Content;Mature;Hentai;Nudity;NSFW;FPS;Pixel Graphics;RPG;Anime;Simulation;Casual;JRPG;Singleplayer;Cute;Dating Sim;Visual Novel;Shooter;2D;Adventure;RPGMaker,4,20,19.99,19.99,0.0,0,8944,229,9173,0.975,1,"200,000 .. 500,000",200000,500000,350000,0,0,0,268
3920,Sid Meier's Pirates!,Firaxis Games,2K,RPG,Pirates;Open World;RPG;Adventure;Singleplayer;Naval;Sailing;Sandbox;Historical;Strategy;Classic;Economy;Remake;Exploration;Action;Trading;Naval Combat;Choose Your Own Adventure;Atmospheric;Fighting,1,20,9.99,9.99,0.0,0,6520,374,6894,0.9457,1,"200,000 .. 500,000",200000,500000,350000,0,0,0,108
753420,Dungreed,TEAM HORAY,TEAM HORAY,"Action, Indie",Action Roguelike;Pixel Graphics;Rogue-lite;Rogue-like;Action;Indie;2D;Dungeon Crawler;Singleplayer;Difficult;Platformer;RPG;Side Scroller;Great Soundtrack;Multiplayer;Bullet Hell;Loot;Adventure;Metroidvania;Local Co-Op,2,20,9.99,9.99,0.0,0,8672,621,9293,0.9332,1,"200,000 .. 500,000",200000,500000,350000,0,0,0,123
2768430,ATLYSS,Kiseff,KisSoft,"Action, Adventure, Casual, Indie, RPG, Early Access",Action RPG;RPG;Cute;Adventure;Character Customization;Action;Sexual Content;3D Platformer;3D;Stylized;Fantasy;1990's;Multiplayer;Atmospheric;PvE;Combat;Surreal;Singleplayer;Early Access;PvP,6,20,9.99,9.99,0.0,0,16289,484,16773,0.9711,1,"200,000 .. 500,000",200000,500000,350000,0,0,0,297
299740,Miscreated,Entrada Interactive LLC,Entrada Interactive LLC,"Action, Adventure, Indie, Massively Multiplayer, RPG, Simulation, Strategy",Open World Survival Craft;Survival;Open World;Multiplayer;Zombies;Post-apocalyptic;Crafting;Massively Multiplayer;PvP;Action;Co-op;Sandbox;Early Access;Simulation;FPS;First-Person;Horror;Indie;Walking Simulator;Singleplayer,7,20,29.99,29.99,0.0,0,20860,10748,31608,0.66,0,"200,000 .. 500,000",200000,500000,350000,0,0,0,37
514900,>observer_,Bloober Team SA,Bloober Team,"Adventure, Indie",Cyberpunk;Horror;Psychological Horror;Atmospheric;Sci-fi;Story Rich;First-Person;Walking Simulator;Adventure;Detective;Dystopian;Singleplayer;Futuristic;Indie;Violent;Dark;Gore;Stealth;Nudity;Survival,2,20,29.99,29.99,0.0,0,4583,1241,5824,0.7869,1,"200,000 .. 500,000",200000,500000,350000,0,0,0,3
470310,TROUBLESHOOTER: Abandoned Children,Dandylion,Dandylion,"Casual, Indie, RPG, Strategy",CRPG;Tactical RPG;Turn-Based Tactics;Turn-Based;Strategy RPG;Turn-Based Strategy;Party-Based RPG;Female Protagonist;Wargame;JRPG;RPG;Strategy;Controller;Lore-Rich;Colorful;Turn-Based Combat;Story Rich;Atmospheric;2D;Anime,4,20,24.99,24.99,0.0,0,8645,552,9197,0.94,1,"200,000 .. 500,000",200000,500000,350000,0,0,0,86
1255630,WWE 2K22,Visual Concepts,2K,"Simulation, Sports",Simulation;Sports;Wrestling;Multiplayer;PvP;Fighting;Co-op;Local Co-Op;Local Multiplayer;Character Customization;Online Co-Op;Controller;Funny;Violent;Nudity;Singleplayer;Horror;Action,2,18,0.0,0.0,0.0,1,7313,2700,10013,0.7304,1,"200,000 .. 500,000",200000,500000,350000,0,0,0,33
382560,Hot Lava,Klei Entertainment,Klei Entertainment,"Action, Adventure, Indie, Racing",Precision Platformer;3D Platformer;Parkour;Racing;Exploration;Time Attack;PvP;First-Person;Multiplayer;Platformer;Difficult;Female Protagonist;Action;Adventure;Nostalgia;1990's;Singleplayer;Fast-Paced;Indie;Great Soundtrack,4,20,19.99,19.99,0.0,0,5422,393,5815,0.9324,1,"200,000 .. 500,000",200000,500000,350000,0,0,0,16
571310,SteamWorld Dig 2,Image & Form Games,Image & Form Games,"Action, Adventure, Indie",Adventure;Metroidvania;Indie;Action;Platformer;Mining;2D;Steampunk;Female Protagonist;Singleplayer;Exploration;Great Soundtrack;Robots;Controller;Casual;Colorful;Western;Family Friendly;2D Platformer;RPG,3,20,19.99,19.99,0.0,0,7243,338,7581,0.9554,1,"200,000 .. 500,000",200000,500000,350000,0,0,0,22
2646460,Soulmask,CampFire Studio,Qooland Games,"Adventure, Indie, RPG, Simulation",Early Access;Survival;Open World Survival Craft;Multiplayer;Hunting;PvP;Sandbox;Action-Adventure;Building;Base-Building;Open World;RPG;Crafting;Exploration;Realistic;Third Person;Singleplayer;Resource Management;Colony Sim;War,4,20,19.49,29.99,35.0,0,11979,2887,14866,0.8058,1,"200,000 .. 500,000",200000,500000,350000,0,0,0,2760
926990,WolfQuest: Anniversary Edition,eduweb,eduweb,"Action, RPG, Simulation",Early Access;Life Sim;Survival;Nature;Multiplayer;Open World;Co-op;Online Co-Op;PvE;RPG;Realistic;Hunting;Education;Exploration;Simulation;Singleplayer;Action;Immersive Sim;Action RPG;Action-Adventure,3,20,29.99,29.99,0.0,0,10029,219,10248,0.9786,1,"200,000 .. 500,000",200000,500000,350000,0,0,0,869
1651560,Fabledom,Grenaa Games,"Dear Villagers, Doyoyo Games","Casual, Simulation, Strategy",City Builder;Relaxing;Colony Sim;Sandbox;Economy;Diplomacy;Simulation;Fantasy;Romance;Cartoony;Resource Management;Casual;Procedural Generation;Base-Building;Cute;Strategy;Agriculture;Funny;Colorful;Management,3,20,20.99,20.99,0.0,0,5342,862,6204,0.8611,1,"200,000 .. 500,000",200000,500000,350000,0,0,0,598
839770,Phoenix Point,Snapshot Games Inc.,Snapshot Games Inc.,"RPG, Strategy",Tactical;Turn-Based Strategy;Grand Strategy;RPG;Procedural Generation;Strategy;Perma Death;Third-Person Shooter;PvE;Aliens;Character Customization;Post-apocalyptic;Third Person;Horror;Isometric;First-Person;Tutorial;Tactical RPG;Transhumanism;3D,2,20,24.99,24.99,0.0,0,4599,1745,6344,0.7249,1,"200,000 .. 500,000",200000,500000,350000,0,0,0,177
268650,From the Depths,Brilliant Skies Ltd.,Brilliant Skies Ltd.,"Action, Adventure, Indie, Simulation, Strategy",Building;Naval Combat;Sandbox;Physics;Vehicular Combat;Crafting;RTS;Gun Customization;Strategy;Multiplayer;Voxel;Survival;War;Co-op Campaign;Military;Tutorial;Simulation;Naval;Artificial Intelligence;Space,5,20,24.99,24.99,0.0,0,10558,1305,11863,0.89,1,"200,000 .. 500,000",200000,500000,350000,0,0,0,482
2232840,Garten of Banban,Euphoric Brothers,Euphoric Brothers,"Action, Adventure, Casual, Indie, Free To Play",Horror;Singleplayer;Psychological Horror;First-Person;Puzzle;Cartoony;3D;Dark;Survival Horror;Atmospheric;Mystery;Lore-Rich;Walking Simulator;Action;Surreal;Thriller;Adventure;Story Rich;Casual;Action-Adventure,5,20,0.0,0.0,0.0,1,6120,5577,11697,0.5232,0,"200,000 .. 500,000",200000,500000,350000,0,0,0,22
915810,Midnight Ghost Hunt,Vaulted Sky Games,Coffee Stain Publishing,"Action, Indie",Multiplayer;Combat;Team-Based;Supernatural;PvP;FPS;First-Person;Action;Shooter;1990's;Indie;Sci-fi;Horror;Realistic;Comedy;Tactical;Co-op;3D;Third-Person Shooter;Controller,2,20,19.99,19.99,0.0,0,5712,1727,7439,0.7678,1,"200,000 .. 500,000",200000,500000,350000,0,0,0,12
952860,河洛群俠傳 (Ho Tu Lo Shu ： The Books of Dragon),香港商河洛互動娛樂股份有限公司,"香港商河洛互動娛樂股份有限公司, 方块游戏","Adventure, RPG, Strategy",RPG;Martial Arts;Open World;Sandbox;Multiple Endings;Story Rich;3D;Turn-Based;Loot;Singleplayer;Moddable;Strategy;Adventure;6DOF;Simulation;Anime;Dating Sim;Foreign;Turn-Based Combat;Multiplayer,3,20,17.99,17.99,0.0,0,8704,1928,10632,0.8187,1,"200,000 .. 500,000",200000,500000,350000,0,0,0,171
2248760,Car For Sale Simulator,Red Axe Games,Red Axe Games,"Indie, Simulation",Driving;Trading;Immersive Sim;Automobile Sim;Simulation;FPS;Multiplayer;Life Sim;3D;Open World;First-Person;Realistic;Conversation;Family Friendly;Cinematic;Singleplayer;America;Modern;Inventory Management;Early Access,2,20,16.99,16.99,0.0,0,14778,3674,18452,0.8009,1,"200,000 .. 500,000",200000,500000,350000,0,0,0,220
572410,Steel Division: Normandy 44,Eugen Systems,Eugen Systems,"Action, Simulation, Strategy",World War II;Strategy;RTS;Military;Simulation;Action;Tactical;Multiplayer;War;Wargame;Singleplayer;Real Time Tactics;Historical;Realistic;Open World;Co-op;Real-Time;Tanks;Replay Value;Real-Time with Pause,3,20,19.99,19.99,0.0,0,4638,1593,6231,0.7443,1,"200,000 .. 500,000",200000,500000,350000,0,0,0,34
578620,GORN,Free Lives,Devolver Digital,"Action, Indie",VR;Action;Violent;3D Fighter;Gore;Indie;Funny;Fighting;Blood;First-Person;Singleplayer;Early Access;Swordplay;Local Multiplayer;Medieval;Moddable;Horror;Nudity;Asymmetric VR,2,19,19.99,19.99,0.0,0,7680,483,8163,0.9408,1,"200,000 .. 500,000",200000,500000,350000,0,0,0,14
1104280,The Slormancer,Slormite Studios,"Slormite Studios, Abiding Bridge","Action, Adventure, Indie, RPG",Hack and Slash;Loot;Action RPG;Dungeon Crawler;Pixel Graphics;RPG;2D;Action-Adventure;Top-Down;Indie;Isometric;Action;Class-Based;Fantasy;Singleplayer;Adventure;Combat;Early Access;Controller;Soundtrack,4,20,19.99,19.99,0.0,0,5174,1149,6323,0.8183,1,"200,000 .. 500,000",200000,500000,350000,0,0,0,2052
1203630,Record of Lodoss War-Deedlit in Wonder Labyrinth-,"Team Ladybug, WSS playground","WSS playground, Alliance Arts","Action, Indie",Metroidvania;Female Protagonist;Based On A Novel;Exploration;Platformer;2D;Pixel Graphics;Beat 'em up;RPG;Anime;Fantasy;Action;Cute;Controller;Surreal;Singleplayer;Adventure;Indie;Great Soundtrack;Early Access,2,20,8.99,19.99,55.0,0,6262,471,6733,0.93,1,"200,000 .. 500,000",200000,500000,350000,0,0,0,4
252610,Death Road to Canada,"Rocketcat Games, Madgarden",Rocketcat Games,"Action, Indie, RPG",Pixel Graphics;Zombies;Action Roguelike;Local Co-Op;Survival;Action;Rogue-like;Character Customization;Indie;Comedy;Great Soundtrack;RPG;Multiplayer;Replay Value;Co-op;2D;Funny;Difficult;Rogue-lite;Memes,3,20,14.99,14.99,0.0,0,8712,673,9385,0.9283,1,"200,000 .. 500,000",200000,500000,350000,0,0,0,269
1140270,Monster Prom 2: Monster Camp,Beautiful Glitch,Beautiful Glitch,"Indie, Simulation",Dating Sim;LGBTQ+;Comedy;Multiplayer;Indie;Multiple Endings;Online Co-Op;Visual Novel;Casual;Funny;Singleplayer;Dark Comedy;Text-Based;Romance;2D;Fantasy;Choose Your Own Adventure;Story Rich;Sequel;Simulation,2,20,2.99,11.99,75.0,0,5774,199,5973,0.9667,1,"200,000 .. 500,000",200000,500000,350000,0,0,0,36
327070,Gloria Victis: Medieval MMORPG,Black Eye Games,Black Eye Games,"Action, Adventure, Indie, Massively Multiplayer, RPG, Simulation",MMORPG;Medieval;Open World;Massively Multiplayer;Action;RPG;Multiplayer;Character Customization;Simulation;PvP;Indie;Immersive Sim;Atmospheric;Open World Survival Craft;Realistic;Adventure;Crafting;Survival;Swordplay;Sandbox,6,20,0.0,0.0,0.0,1,7014,3324,10338,0.6785,0,"200,000 .. 500,000",200000,500000,350000,0,0,0,1
2162800,shapez 2 - Factory,tobspr Games,"tobspr Games, Gamirror Games","Casual, Indie, Simulation, Strategy",Management;Strategy;Automation;Futuristic;Early Access;Building;Puzzle;Crafting;Simulation;Sandbox;Space;Trains;Base-Building;Transportation;3D;Logic;Singleplayer;Casual;Relaxing;Procedural Generation,4,20,14.99,29.99,50.0,0,10856,205,11061,0.9815,1,"200,000 .. 500,000",200000,500000,350000,0,0,0,2399
813230,ANIMAL WELL,Billy Basso,Bigmode,"Action, Adventure, Indie",Metroidvania;Exploration;Puzzle;Pixel Graphics;Puzzle-Platformer;Horror;Platformer;2D;Atmospheric;Adventure;Mystery;Action;Indie;Surreal;Nonlinear;Relaxing;Cute;Singleplayer;Retro;Controller,3,20,24.99,24.99,0.0,0,19956,834,20790,0.9599,1,"200,000 .. 500,000",200000,500000,350000,0,0,0,75
2217000,Rivals of Aether II,Aether Studios,"Aether Studios, offbrand games","Action, Indie",Fighting;Multiplayer;Indie;2D Fighter;Action;Local Multiplayer;4 Player Local;Fantasy;Combat;2.5D;PvP;Co-op;2D Platformer;Controller;Platformer;Competitive;Fast-Paced;Colorful;Games Workshop;Casual,2,20,29.99,29.99,0.0,0,5963,1331,7294,0.8175,1,"200,000 .. 500,000",200000,500000,350000,0,0,0,596
234270,Ken Follett's The Pillars of the Earth,Daedalic Entertainment,Daedalic Entertainment,"Adventure, Casual, Indie",Choices Matter;Adventure;Story Rich;Visual Novel;Point & Click;Medieval;Indie;Interactive Fiction;Casual;Based On A Novel;Atmospheric;Singleplayer;Historical;Great Soundtrack;Violent;Female Protagonist;Hand-drawn;Choose Your Own Adventure;RPG;2D,3,20,19.99,19.99,0.0,0,6557,522,7079,0.9263,1,"200,000 .. 500,000",200000,500000,350000,0,0,0,11
1126290,Lost,DSGame,DSGame,"Action, Adventure, Casual, Indie, RPG, Strategy",Sexual Content;Nudity;Mature;Casual;FPS;Puzzle;Indie;Adventure;Hentai;Action;RPG;Strategy;Anime;NSFW;Singleplayer;Visual Novel;Female Protagonist;Shooter;Driving;LGBTQ+,6,20,2.5,2.5,0.0,0,6228,1467,7695,0.8094,1,"200,000 .. 500,000",200000,500000,350000,0,0,0,3
435400,Hidden Folks,Hidden Folks,Hidden Folks,"Adventure, Casual, Indie",Hidden Object;Casual;Hand-drawn;Indie;Puzzle;Point & Click;Relaxing;Funny;2D;Singleplayer;Minimalist;Cute;Family Friendly;Touch-Friendly;Adventure;Isometric;Design & Illustration;Audio Production;Short;Great Soundtrack,3,20,14.99,14.99,0.0,0,8952,309,9261,0.9666,1,"200,000 .. 500,000",200000,500000,350000,0,0,0,7
327410,A Bird Story,Freebird Games,Freebird Games,"Adventure, Indie, RPG",Indie;Story Rich;Great Soundtrack;Pixel Graphics;Short;RPGMaker;Adventure;Singleplayer;Interactive Fiction;2D;RPG;Atmospheric;Visual Novel;Emotional;Retro;Walking Simulator;Casual;Surreal;Top-Down;Cute,3,20,3.99,3.99,0.0,0,8718,1558,10276,0.8484,1,"200,000 .. 500,000",200000,500000,350000,0,0,0,5
1624540,Storyteller,Daniel Benmergui,Annapurna Interactive,Adventure,Puzzle;Interactive Fiction;Point & Click;2D;Adventure;Hand-drawn;Fantasy;Singleplayer;Choices Matter;Mystery;Casual;Romance;Cartoony;Nonlinear;LGBTQ+;Sandbox;Choose Your Own Adventure;Multiple Endings;Visual Novel;Dragons,1,20,14.99,14.99,0.0,0,6518,893,7411,0.8795,1,"200,000 .. 500,000",200000,500000,350000,0,0,0,76
1271700,HOT WHEELS UNLEASHED,Milestone S.r.l.,Milestone S.r.l.,Racing,Racing;Arcade;Driving;Multiplayer;Split Screen;Family Friendly;Third Person;Local Multiplayer;Singleplayer;PvP;Controller;Level Editor;Funny;Co-op;Epic,1,15,29.99,29.99,0.0,0,5693,1556,7249,0.7853,1,"200,000 .. 500,000",200000,500000,350000,0,0,0,21
1971650,OCTOPATH TRAVELER II,"Square Enix, ACQUIRE Corp.",Square Enix,RPG,RPG;Turn-Based;JRPG;2.5D;Party-Based RPG;Story Rich;Open World;Pixel Graphics;Turn-Based Combat;Choices Matter;Cute;Strategy;Anime;Fantasy;Casual;Magic;Adventure;Atmospheric;Singleplayer;Emotional,1,20,59.99,59.99,0.0,0,12882,692,13574,0.949,1,"200,000 .. 500,000",200000,500000,350000,0,0,0,398
2315690,WWE 2K24,Visual Concepts,2K,"Simulation, Sports",Sports;Simulation;Wrestling;Fighting;Character Customization;Singleplayer;PvP;Co-op;Local Co-Op;Multiplayer;Online Co-Op;Controller;Local Multiplayer;Casual;3D Fighter;3D;Realistic;Sandbox;Sexual Content,2,19,59.99,59.99,0.0,0,5683,1922,7605,0.7473,1,"200,000 .. 500,000",200000,500000,350000,0,0,0,294
1559390,Fate Seeker II,JSL Entertainment,"JSL Entertainment, Phoenix Game",RPG,RPG;Martial Arts;Action RPG;Puzzle;Exploration;Open World;Hack and Slash;Singleplayer;3D;Third Person;Drama;Lore-Rich;Investigation;Story Rich;Historical;Sexual Content;Dating Sim;Nudity,1,18,22.6,22.6,0.0,0,12142,1428,13570,0.8948,1,"200,000 .. 500,000",200000,500000,350000,0,0,0,38
1377380,Night of the Dead,Jackto Studios,Jackto Studios,"Action, Adventure, Indie, RPG, Simulation",Open World Survival Craft;Zombies;Tower Defense;Singleplayer;Multiplayer;Online Co-Op;Open World;Crafting;Sandbox;Survival;Base-Building;Building;Hunting;RPG;Simulation;Third Person;PvP;First-Person;Survival Horror;Realistic,5,20,29.99,29.99,0.0,0,8877,2518,11395,0.779,1,"200,000 .. 500,000",200000,500000,350000,0,0,0,368
1714320,Find Love or Die Trying,Sunseeker Games,Sunseeker Games,"Casual, Indie",Dating Sim;Visual Novel;Romance;Free to Play;Sexual Content;Anime;Emotional;Story Rich;Multiple Endings;Mature;Psychological Horror;Casual;Choose Your Own Adventure;Drama;Singleplayer;Comedy;2D;Indie;Nudity;Hentai,2,20,4.99,4.99,0.0,0,11616,391,12007,0.9674,1,"200,000 .. 500,000",200000,500000,350000,0,0,0,6
857980,Void Bastards,Blue Manchu,Blue Manchu,"Action, Strategy",FPS;Action Roguelike;Singleplayer;Shooter;Rogue-like;Immersive Sim;Stealth;Comic Book;First-Person;Strategy;Procedural Generation;Space;Stylized;Sci-fi;Action;Crafting;Indie;Rogue-lite;Gore;Violent,2,20,29.99,29.99,0.0,0,4527,739,5266,0.8597,1,"200,000 .. 500,000",200000,500000,350000,0,0,0,11
387860,the static speaks my name,the whale husband,the whale husband,"Adventure, Free To Play, Indie, RPG",Free to Play;Psychological Horror;Indie;Horror;Dark;Short;Walking Simulator;First-Person;Adventure;Singleplayer;RPG;Multiplayer;Atmospheric;Surreal;Exploration;Memes;Story Rich;Funny;Dark Humor;Mature,4,20,0.0,0.0,0.0,1,4594,1039,5633,0.8156,1,"200,000 .. 500,000",200000,500000,350000,0,0,0,2
487120,Citadel: Forged with Fire,Blue Isle Studios,Blue Isle Publishing,"Action, Adventure, Indie, Massively Multiplayer, RPG",Open World;RPG;Massively Multiplayer;Survival;Magic;Open World Survival Craft;Fantasy;Adventure;Sandbox;Action;Multiplayer;Crafting;MMORPG;Indie;Dragons;Base-Building;Early Access;Building;First-Person;PvP,5,20,14.99,14.99,0.0,0,3981,1885,5866,0.6787,0,"200,000 .. 500,000",200000,500000,350000,0,0,0,10
1328350,Turbo Overkill,Trigger Happy Interactive,Apogee Entertainment,"Action, Indie",FPS;Boomer Shooter;Action;Cyberpunk;Shooter;Indie;Retro;Fast-Paced;Pixel Graphics;Violent;Gore;Singleplayer;Combat;First-Person;Arena Shooter;Sci-fi;Difficult;Multiplayer;Great Soundtrack;Controller,2,20,19.99,19.99,0.0,0,6161,325,6486,0.9499,1,"200,000 .. 500,000",200000,500000,350000,0,0,0,27
269770,Secrets of Grindea,Pixel Ferrets,Pixel Ferrets,"Action, Adventure, Indie, RPG",Adventure;Singleplayer;Multiplayer;Indie;Action RPG;JRPG;Co-op Campaign;Character Customization;RPG;Action-Adventure;2D;Funny;Pixel Graphics;Top-Down;Cute;Story Rich;Action;Anime;Hack and Slash;Fantasy,4,20,14.99,14.99,0.0,0,7388,882,8270,0.8933,1,"200,000 .. 500,000",200000,500000,350000,0,0,0,35
1190970,House Flipper 2,Frozen District,Frozen District,"Casual, Indie, Simulation",Simulation;Relaxing;Building;Casual;Co-op;Design & Illustration;Family Friendly;Replay Value;Online Co-Op;Sandbox;Destruction;Colorful;Immersive Sim;3D;Singleplayer;Base-Building;First-Person;Education;Indie;Realistic,3,20,39.99,39.99,0.0,0,11633,2058,13691,0.8497,1,"200,000 .. 500,000",200000,500000,350000,0,0,0,2543
363890,RPG Maker MV,"Gotcha Gotcha Games, KADOKAWA, Yoji Ojima",Gotcha Gotcha Games,"RPG, Design & Illustration, Education, Web Publishing, Game Development",RPG;RPGMaker;Game Development;Anime;GameMaker;Design & Illustration;Web Publishing;JRPG;Software;2D;Singleplayer;Pixel Graphics;Action RPG;Education;Multiplayer;MMORPG;Sandbox,5,17,15.99,79.99,80.0,0,7542,748,8290,0.9098,1,"200,000 .. 500,000",200000,500000,350000,0,0,0,657
1121640,The Wandering Village,Stray Fawn Studio,"Stray Fawn Publishing, WhisperGames","Simulation, Strategy",Early Access;Building;Sandbox;City Builder;Automation;RTS;Colony Sim;Survival;Management;Simulation;Strategy;Post-apocalyptic;Rogue-like;Resource Management;Controller;Life Sim;Singleplayer;Exploration;Relaxing;Base-Building,2,20,29.99,29.99,0.0,0,5457,529,5986,0.9116,1,"200,000 .. 500,000",200000,500000,350000,0,0,0,164
2068280,Nordic Ashes: Survivors of Ragnarok,Noxfall Studios,Noxfall Studios,"Action, Adventure, Casual, Indie, RPG, Strategy",Action Roguelike;Bullet Hell;Rogue-lite;Early Access;Arena Shooter;Top-Down Shooter;Top-Down;Casual;Action;Action RPG;2D;Exploration;Rogue-like;Hero Shooter;Hand-drawn;Procedural Generation;RPG;Strategy;Perma Death;Indie,6,20,5.99,9.99,40.0,0,5280,677,5957,0.8864,1,"200,000 .. 500,000",200000,500000,350000,0,0,0,139
1368030,ANNO: Mutationem,ThinkingStars,ThinkingStars,"Action, Adventure, Indie, RPG",RPG;Pixel Graphics;Cyberpunk;Female Protagonist;Action-Adventure;2.5D;Story Rich;Anime;Indie;Action;Adventure;Singleplayer;2D Platformer;Exploration;Stylized;Action RPG;Futuristic;Lore-Rich;Sci-fi;Spectacle fighter,4,20,24.99,24.99,0.0,0,4839,1145,5984,0.8087,1,"200,000 .. 500,000",200000,500000,350000,0,0,0,22
1874880,Arma Reforger,Bohemia Interactive,Bohemia Interactive,"Action, Simulation, Strategy",Military;Simulation;Action;Shooter;Realistic;FPS;Strategy;First-Person;Sandbox;Real Time Tactics;War;Multiplayer;Tactical;Open World;Third Person;PvE;PvP;Cold War;1980s;Singleplayer,3,20,39.99,39.99,0.0,0,23326,7297,30623,0.7617,1,"200,000 .. 500,000",200000,500000,350000,0,0,0,11466
215470,Primal Carnage,Lukewarm Media,Circle 5 Publishing,"Action, Indie",Dinosaurs;Action;Multiplayer;FPS;Shooter;Team-Based;Indie;First-Person;PvP;Open World;Third Person;Survival;Strategy;Co-op;Adventure;Third-Person Shooter;Massively Multiplayer;Sci-fi;Funny;Singleplayer,2,20,4.99,4.99,0.0,0,4462,1371,5833,0.765,1,"200,000 .. 500,000",200000,500000,350000,0,0,0,0
1205520,Pentiment,Obsidian Entertainment,Xbox Game Studios,"Adventure, Casual",Historical;Story Rich;Investigation;Adventure;Stylized;Hand-drawn;Interactive Fiction;Exploration;Multiple Endings;Mystery;Choose Your Own Adventure;Singleplayer;Detective;2D;Medieval;Conspiracy;Point & Click;Casual;Choices Matter;Narrative,2,20,19.99,19.99,0.0,0,7379,367,7746,0.9526,1,"200,000 .. 500,000",200000,500000,350000,0,0,0,39
434170,The Jackbox Party Pack 3,"Jackbox Games, Inc.","Jackbox Games, Inc.","Casual, Indie, Strategy",Local Multiplayer;Trivia;Multiplayer;Funny;Casual;Board Game;Party Game;Party;Comedy;Indie;Family Friendly;Strategy;Co-op;Memes;4 Player Local;Local Co-Op,3,16,24.99,24.99,0.0,0,6080,204,6284,0.9675,1,"200,000 .. 500,000",200000,500000,350000,0,0,0,124
212630,Tom Clancy's Ghost Recon: Future Soldier,"Ubisoft Paris, Red Storm Entertainment",Ubisoft,Action,Action;Stealth;Third-Person Shooter;Tactical;Co-op;Multiplayer;Shooter;Singleplayer;Third Person;Gun Customization;FPS;Futuristic;Military;Open World;Adventure;Controller;Atmospheric;Online Co-Op;Strategy;First-Person,1,20,19.99,19.99,0.0,0,3912,1702,5614,0.6968,0,"200,000 .. 500,000",200000,500000,350000,0,0,0,22
422970,Devil Daggers,Sorath,Sorath,"Action, Indie",FPS;Difficult;Indie;Fast-Paced;Action;Horror;Retro;Shooter;First-Person;Arena Shooter;Singleplayer;Bullet Hell;Pixel Graphics;Atmospheric;Demons;Survival;Arcade;Lovecraftian;Gore;Dark,2,20,9.99,9.99,0.0,0,8641,427,9068,0.9529,1,"200,000 .. 500,000",200000,500000,350000,0,0,0,25
558990,Opus Magnum,Zachtronics,Zachtronics,"Indie, Simulation",Puzzle;Programming;Automation;Indie;Simulation;Logic;Singleplayer;Great Soundtrack;Steampunk;Building;Difficult;Sandbox;2D;Hex Grid;Casual,2,15,19.99,19.99,0.0,0,5848,153,6001,0.9745,1,"200,000 .. 500,000",200000,500000,350000,0,0,0,139
1938010,WILD HEARTS,"KOEI TECMO GAMES CO., LTD.",Electronic Arts,"Action, Adventure",Action;RPG;Hunting;Adventure;Multiplayer;Co-op;Action-Adventure;Singleplayer;Fantasy;Exploration;Hack and Slash;Creature Collector;3D;Third Person;Souls-like;Colorful;Building;Crafting;Dragons;Nature,2,20,69.99,69.99,0.0,0,5709,6481,12190,0.4683,0,"200,000 .. 500,000",200000,500000,350000,0,0,0,26
1556790,Isonzo,BlackMill Games,BlackMill Games,"Action, Indie, Massively Multiplayer, Simulation, Strategy",Atmospheric;Simulation;Indie;Team-Based;PvP;Realistic;Wargame;Class-Based;Military;Massively Multiplayer;War;World War I;FPS;Historical;First-Person;Singleplayer;Multiplayer;Shooter;Action;Tactical,5,20,29.99,29.99,0.0,0,12376,2614,14990,0.8256,1,"200,000 .. 500,000",200000,500000,350000,0,0,0,149
1484720,Dead Estate,Milkbar Lads,2 Left Thumbs,"Action, Indie",Action Roguelike;Twin Stick Shooter;Horror;Shoot 'Em Up;Replay Value;Rogue-like;Difficult;Dungeon Crawler;Perma Death;Action;Shooter;Isometric;Demons;Pixel Graphics;Zombies;Sexual Content;Procedural Generation;Gore;Singleplayer;Anime,2,20,14.99,14.99,0.0,0,5503,300,5803,0.9483,1,"200,000 .. 500,000",200000,500000,350000,0,0,0,87
237630,DuckTales: Remastered,WayForward,Capcom,"Action, Adventure, Casual",Platformer;Adventure;Remake;Action;Retro;Casual;Classic;Great Soundtrack;Singleplayer;Cartoon;2D;Family Friendly;Exploration;Difficult;Controller;Nostalgia;Side Scroller;Short;2D Platformer;2.5D,3,20,14.99,14.99,0.0,0,6472,909,7381,0.8768,1,"200,000 .. 500,000",200000,500000,350000,0,0,0,21
265210,Viscera Cleanup Detail: Santa's Rampage,RuneStorm,RuneStorm,"Gore, Indie, Simulation",Simulation;Gore;Co-op;Blood;Indie;Comedy;Multiplayer;Funny;First-Person;Singleplayer;Horror;Physics;Casual;Action;Dark Humor;Psychological Horror;Violent;Sandbox;Sci-fi;Online Co-Op,3,20,2.49,2.49,0.0,0,5285,502,5787,0.9133,1,"200,000 .. 500,000",200000,500000,350000,0,0,0,9
363930,Dead Age,Silent Dreams,Headup,"Action, Adventure, Casual, Indie, RPG, Simulation, Strategy",RPG;Zombies;Strategy;Survival;Turn-Based Combat;Adventure;Casual;Simulation;Action;Indie;Turn-Based;Post-apocalyptic;Singleplayer;Party-Based RPG;Rogue-like;Crafting;Rogue-lite;Turn-Based Strategy;Dungeon Crawler;Procedural Generation,7,20,14.99,14.99,0.0,0,4467,1008,5475,0.8159,1,"200,000 .. 500,000",200000,500000,350000,0,0,0,10
1252780,Bloons Monkey City,Ninja Kiwi,Ninja Kiwi,"Action, Strategy, Free To Play",Free to Play;Strategy;Action;City Builder;Tower Defense;Multiplayer;Casual;Family Friendly;Co-op;Great Soundtrack;Singleplayer,3,11,0.0,0.0,0.0,1,5676,546,6222,0.9122,1,"200,000 .. 500,000",200000,500000,350000,0,0,0,217
1272320,Diplomacy is Not an Option,Door 407,Door 407,"Action, Adventure, Casual, Indie, Simulation, Strategy",Real-Time with Pause;Resource Management;Simulation;Tactical;Military;Strategy;RTS;Base-Building;War;Singleplayer;Medieval;City Builder;Historical;PvE;Action RTS;Difficult;Tower Defense;Zombies;Survival;Colony Sim,6,20,29.99,29.99,0.0,0,8217,1456,9673,0.8495,1,"200,000 .. 500,000",200000,500000,350000,0,0,0,464
522470,The House of Da Vinci,Blue Brain Games,Blue Brain Games,"Adventure, Indie",Puzzle;Adventure;Point & Click;Indie;Strategy;Hidden Object;Singleplayer;Escape Room;First-Person;Atmospheric;Horror;3D,2,12,4.99,19.99,75.0,0,5619,821,6440,0.8725,1,"200,000 .. 500,000",200000,500000,350000,0,0,0,28
40950,Stronghold HD (2012),Firefly Studios,Firefly Studios,"Simulation, Strategy",Real Time Tactics;City Builder;Colony Sim;Building;Sandbox;Medieval;Economy;Tower Defense;Base-Building;RTS;Strategy;2D;Isometric;Funny;Historical;Simulation;Open World;Atmospheric;Resource Management;Comedy,2,20,5.99,5.99,0.0,0,9459,438,9897,0.9557,1,"200,000 .. 500,000",200000,500000,350000,0,0,0,106
423880,Carpe Diem,Moonlit Works,Moonlit Works,"Casual, Indie, Free To Play",Free to Play;Anime;Visual Novel;Short;Singleplayer;Indie;Cute;Dating Sim;Casual;Sexual Content;Nudity;2D;Psychological Horror;Romance;Story Rich;Mature;Memes;Female Protagonist;Hentai;Family Friendly,3,20,0.0,0.0,0.0,1,7614,928,8542,0.8914,1,"200,000 .. 500,000",200000,500000,350000,0,0,0,1
2378620,Anomaly Agent,Phew Phew Games,"Phew Phew Games, GameDev.ist","Action, Adventure, Indie",Action Roguelike;2D Platformer;Side Scroller;Hack and Slash;Souls-like;Platformer;2D Fighter;Rogue-lite;Action RPG;Action-Adventure;Rogue-like;2D;Cyberpunk;Conversation;Choices Matter;Controller;Linear;Story Rich;Pixel Graphics;Multiple Endings,3,20,11.99,11.99,0.0,0,8006,355,8361,0.9575,1,"200,000 .. 500,000",200000,500000,350000,0,0,0,7
647960,Rusted Warfare - RTS,Corroding Games,Corroding Games,"Indie, Strategy",RTS;Strategy;Base-Building;Moddable;Multiplayer;Indie;2D;Sandbox;Real-Time;Pixel Graphics;Singleplayer;Co-op;Real-Time with Pause;Robots;Retro;Mechs;Action;War;Mod;Tower Defense,2,20,4.99,4.99,0.0,0,6035,206,6241,0.967,1,"200,000 .. 500,000",200000,500000,350000,0,0,0,174
1288320,Way of the Hunter,Nine Rocks Games,THQ Nordic,"Adventure, Simulation, Sports",Adventure;Hunting;Shooter;Exploration;FPS;Realistic;Sports;3D;First-Person;Colorful;Nature;Relaxing;America;Open World;Stealth;Controller;Multiplayer;Simulation;Gun Customization;Singleplayer,3,20,29.99,29.99,0.0,0,7111,1842,8953,0.7943,1,"200,000 .. 500,000",200000,500000,350000,0,0,0,172
1732190,FATAL FRAME / PROJECT ZERO: Maiden of Black Water,"KOEI TECMO GAMES CO., LTD.","KOEI TECMO GAMES CO., LTD.",Adventure,Horror;Female Protagonist;Sexual Content;Mature;Psychological Horror;Nudity;Mystery;Singleplayer;Adventure;Beautiful;Survival Horror;Story Rich;Atmospheric;Violent;Supernatural;Anime;Third Person;Dark;FPS;Controller,1,20,39.99,39.99,0.0,0,4789,1040,5829,0.8216,1,"200,000 .. 500,000",200000,500000,350000,0,0,0,22
2056220,Bloody Hell,Pun Intended,Pun Intended,"Action, Adventure, Indie, Free To Play",Bullet Hell;Metroidvania;Pixel Graphics;Indie;Twin Stick Shooter;Singleplayer;Gore;Souls-like;Free to Play;Demons;Top-Down;Nonlinear;Combat;Adventure;Action-Adventure;2D;Controller;Funny;Action;Gothic,4,20,0.0,0.0,0.0,1,5840,123,5963,0.9794,1,"200,000 .. 500,000",200000,500000,350000,0,0,0,12
1468720,Ultimate Epic Battle Simulator 2,Brilliant Game Studios,Brilliant Game Studios,"Action, Adventure, Casual, Indie, Simulation, Strategy",Simulation;Sandbox;Strategy;Action;God Game;RTS;Wargame;Grand Strategy;Choose Your Own Adventure;Real Time Tactics;3D;Exploration;Hack and Slash;Cinematic;Colorful;First-Person;Realistic;Third Person;Top-Down;Artificial Intelligence,6,20,19.99,19.99,0.0,0,5392,1017,6409,0.8413,1,"200,000 .. 500,000",200000,500000,350000,0,0,0,85
307960,IL-2 Sturmovik: Battle of Stalingrad,FOR-GAMES CR LTD,FOR-GAMES CR LTD,"Action, Simulation",Flight;Realistic;Simulation;Jet;VR;World War II;War;Historical;First-Person;Singleplayer;Multiplayer;Atmospheric;Controller;Tanks;Wargame;TrackIR;Military;Third Person;PvP;Action,2,20,12.49,49.99,75.0,0,7142,1888,9030,0.7909,1,"200,000 .. 500,000",200000,500000,350000,0,0,0,179
1216320,Shieldwall,Nezon Production,Nezon Production,"Action, Casual, Indie, Simulation, Strategy",Action;Simulation;Medieval;Sandbox;Strategy;War;Funny;Rome;Colorful;Historical;Indie;Third Person;Adventure;Singleplayer;PvP;Casual;Comedy;Multiplayer;Physics;3D,5,20,17.99,17.99,0.0,0,5662,836,6498,0.8713,1,"200,000 .. 500,000",200000,500000,350000,0,0,0,41
376870,Minecraft: Story Mode - A Telltale Games Series,Telltale Games,Telltale Games,Adventure,Memes;Adventure;Singleplayer;Story Rich;Pixel Graphics;Episodic;Choices Matter;Choose Your Own Adventure;Crafting;Survival;Family Friendly;Comedy;Casual;Building;Zombies;Third Person;Funny;Quick-Time Events;Fantasy;Atmospheric,1,20,0.0,0.0,0.0,1,6332,1880,8212,0.7711,1,"200,000 .. 500,000",200000,500000,350000,0,0,0,9
214730,Space Rangers HD: A War Apart,"SNK Games, Elemental Games, Katauri Interactive",Fulqrum Publishing,"Action, Adventure, RPG, Simulation, Strategy",Space;RPG;Strategy;Adventure;Simulation;Classic;Open World;Sci-fi;Action;Turn-Based;Atmospheric;Comedy;Nostalgia;Sandbox;Replay Value;Singleplayer;RTS;Arcade;2D;Procedural Generation,5,20,14.99,14.99,0.0,0,6289,377,6666,0.9434,1,"200,000 .. 500,000",200000,500000,350000,0,0,0,140
2239550,Watch Dogs: Legion,Ubisoft Toronto,Ubisoft,"Action, Adventure",Action;Open World;Adventure;Multiplayer;RPG;Hacking;Shooter;Cyberpunk;Co-op;Third Person;Realistic;Singleplayer;Online Co-Op;Action-Adventure;Third-Person Shooter;Choose Your Own Adventure;Exploration;Driving;Dystopian;Underground,2,20,59.99,59.99,0.0,0,5796,4334,10130,0.5722,0,"200,000 .. 500,000",200000,500000,350000,0,0,0,197
313740,Sakura Spirit,Winged Cloud,Winged Cloud,Indie,Anime;Visual Novel;Nudity;Mature;Dating Sim;Singleplayer;Cute;Sexual Content;Indie;Romance;Fantasy;Hentai;Short;Simulation;Casual;2D;Beautiful;Comedy;Memes;Dog,1,20,9.99,9.99,0.0,0,5448,1504,6952,0.7837,1,"200,000 .. 500,000",200000,500000,350000,0,0,0,1
784950,CONFLICT OF NATIONS: WORLD WAR 3,Dorado Games,Dorado Games,"Indie, Massively Multiplayer, Strategy, Free To Play",Strategy;Free to Play;Wargame;Grand Strategy;Massively Multiplayer;Simulation;Indie;RTS;Politics;Diplomacy;Base-Building;Action;Real-Time;Alternate History;Grid-Based Movement;Online Co-Op;Casual;Replay Value;Board Game;Asynchronous Multiplayer,4,20,0.0,0.0,0.0,1,4033,1224,5257,0.7672,1,"200,000 .. 500,000",200000,500000,350000,0,0,0,301
1593030,Terra Nil,"Free Lives, Clockwork Acorn",Devolver Digital,"Casual, Indie, Strategy",Nature;Strategy;Relaxing;Puzzle;City Builder;Procedural Generation;Atmospheric;Casual;Turn-Based Strategy;Isometric;Singleplayer;2.5D;Colorful;Resource Management;Emotional;Cute;Family Friendly;Stylized;Instrumental Music;Post-apocalyptic,3,20,24.99,24.99,0.0,0,6118,869,6987,0.8756,1,"200,000 .. 500,000",200000,500000,350000,0,0,0,99
1184050,Gears Tactics,"Splash Damage, The Coalition",Xbox Game Studios,Strategy,Strategy;Turn-Based Tactics;Turn-Based;Gore;Tactical;Violent;Singleplayer;RPG;Character Customization;Isometric;Multiplayer;Sci-fi;Turn-Based Strategy;Turn-Based Combat;Tactical RPG;RTS,1,16,29.99,29.99,0.0,0,5455,1813,7268,0.7506,1,"200,000 .. 500,000",200000,500000,350000,0,0,0,44
485980,Syrian Warfare,Cats Who Play,Cats Who Play,"Indie, Strategy",Real Time Tactics;RTS;Realistic;Military;Wargame;Atmospheric;Modern;Historical;Strategy;Tactical;War;Singleplayer;Indie;Real-Time;Memes;Moddable;Level Editor;Multiplayer;Physics;Simulation,2,20,13.99,13.99,0.0,0,4543,689,5232,0.8683,1,"200,000 .. 500,000",200000,500000,350000,0,0,0,28
886250,PokerStars VR,Lucky VR Inc.,The Stars Group Inc.,"Casual, Strategy, Free To Play",Free to Play;VR;Casual;Strategy;Gambling;Card Game;Multiplayer;Sexual Content,3,8,0.0,0.0,0.0,1,5700,1442,7142,0.7981,1,"200,000 .. 500,000",200000,500000,350000,0,0,0,171
356040,Sheltered,"Unicube, Team 17 Digital Ltd",Team17 Digital Ltd,"Indie, RPG, Strategy",Survival;Base-Building;Post-apocalyptic;Pixel Graphics;Strategy;Management;Resource Management;RPG;Building;2D;Indie;Singleplayer;Simulation;Crafting;Open World;Adventure;Side Scroller;Difficult;Horror;Zombies,3,20,14.99,14.99,0.0,0,4972,1120,6092,0.8162,1,"200,000 .. 500,000",200000,500000,350000,0,0,0,22
606800,Startup Company,Hovgaard Games,Hovgaard Games,"Casual, Indie, Simulation, Strategy",Management;Simulation;Economy;Strategy;Indie;Casual;Sandbox;Building;Singleplayer;Early Access;Crafting;Moddable;Real-Time with Pause;Isometric;Resource Management;Clicker;Family Friendly;Capitalism;Great Soundtrack;Base-Building,4,20,12.99,12.99,0.0,0,4942,1120,6062,0.8152,1,"200,000 .. 500,000",200000,500000,350000,0,0,0,49
2166060,Amanda the Adventurer,MANGLEDmaw Games,DreadXP,Indie,Horror;First-Person;Puzzle;1990's;Old School;Mystery;Story Rich;Atmospheric;Adventure;Interactive Fiction;Point & Click;3D;Choose Your Own Adventure;Exploration;Dark;Psychological Horror;Colorful;Stylized;Psychological;Supernatural,1,20,8.99,8.99,0.0,0,5993,391,6384,0.9388,1,"200,000 .. 500,000",200000,500000,350000,0,0,0,27
593280,Cat Quest,The Gentlebros,Kepler Interactive,"Action, Adventure, Casual, Indie, RPG",Adventure;RPG;Cats;Cute;Action;Hack and Slash;Indie;Open World;Singleplayer;Casual;Action RPG;Loot;Fantasy;Funny;2D;Dragons;Multiplayer;Cozy;Wholesome;Family Friendly,5,20,3.24,12.99,75.0,0,9225,501,9726,0.9485,1,"200,000 .. 500,000",200000,500000,350000,0,0,0,32
652980,Loading Screen Simulator,CakeEaterGames,CakeEaterGames,"Casual, Free To Play, Indie, Simulation",Free to Play;Memes;Clicker;Simulation;Indie;Casual;Singleplayer;Funny;Comedy;Family Friendly;2D;Difficult;Pixel Graphics;Atmospheric;Violent;Relaxing;Multiplayer;First-Person;Open World;RPG,4,20,0.0,0.0,0.0,1,7477,1136,8613,0.8681,1,"200,000 .. 500,000",200000,500000,350000,0,0,0,6
213330,LEGO Batman 2: DC Super Heroes,TT Games,Warner Bros. Interactive Entertainment,"Action, Adventure",LEGO;Action;Adventure;Open World;Local Co-Op;Superhero;Family Friendly;Multiplayer;Co-op;Singleplayer;Split Screen;Controller;Funny;Comedy;Local Multiplayer;Casual;Third Person;Puzzle;Comic Book;Story Rich,2,20,19.99,19.99,0.0,0,6957,426,7383,0.9423,1,"200,000 .. 500,000",200000,500000,350000,0,0,0,84
1213700,Spirit of the North,Infuse Studio,Silver Lining Interactive,"Adventure, Casual, Indie",Adventure;Indie;Casual;Exploration;Relaxing;Fox;Puzzle;Walking Simulator;Atmospheric;Singleplayer;Experience;Beautiful;Great Soundtrack;3D;Third Person;3D Platformer;Platformer;Fantasy;Open World;Cute,3,20,19.99,19.99,0.0,0,4556,823,5379,0.847,1,"200,000 .. 500,000",200000,500000,350000,0,0,0,18
1461810,《蜀山：初章》买断版,重楼工作室,重楼工作室,Massively Multiplayer,Massively Multiplayer;Open World;RPG;Rogue-like;Character Customization;Trading;Choose Your Own Adventure;Flight;Exploration;MMORPG;3D;Procedural Generation;Indie;Adventure;Sandbox;Mythology;Stylized;Minimalist;Anime;Fantasy,1,20,24.99,24.99,0.0,0,4452,1533,5985,0.7439,1,"200,000 .. 500,000",200000,500000,350000,0,0,0,31
536270,Ancestors: The Humankind Odyssey,Panache Digital Games,Private Division,"Action, Adventure, Indie, RPG",Open World Survival Craft;Survival;Open World;Exploration;Singleplayer;Adventure;Crafting;Simulation;Atmospheric;Action;RPG;Third Person;Nature;Immersive Sim;Historical;Choices Matter;Science;Indie;Action-Adventure;Multiplayer,4,20,39.99,39.99,0.0,0,8006,2180,10186,0.786,1,"200,000 .. 500,000",200000,500000,350000,0,0,0,103
200170,Worms Revolution,Team17 Digital Ltd,Team17 Digital Ltd,Strategy,Strategy;Multiplayer;Funny;Turn-Based Strategy;Turn-Based;Local Multiplayer;Comedy;Local Co-Op;Physics;Tactical;Singleplayer;Action;2.5D;Co-op;Team-Based;Family Friendly;Side Scroller;Classic;4 Player Local;2D,1,20,2.99,14.99,80.0,0,7646,1126,8772,0.8716,1,"200,000 .. 500,000",200000,500000,350000,0,0,0,23
1708520,F1 Manager 2022,Frontier Developments,Frontier Developments,"Simulation, Strategy",Simulation;Strategy;Management;Realistic;Singleplayer;Automobile Sim;Sports;Tactical;Time Management;Immersive Sim;Driving;3D;Economy;Choices Matter;PvE;Resource Management;Team-Based;Family Friendly;Racing;Time Manipulation,2,20,0.0,0.0,0.0,1,7986,2830,10816,0.7384,1,"200,000 .. 500,000",200000,500000,350000,0,0,0,53
251990,Long Live The Queen,Hanako Games,Hanako Games,"Indie, RPG, Simulation, Strategy",Visual Novel;Political Sim;Anime;Female Protagonist;Simulation;Indie;Difficult;Strategy;Singleplayer;Fantasy;RPG;Cute;Multiple Endings;Medieval;Choose Your Own Adventure;Choices Matter;Politics;Story Rich;Character Customization;2D,4,20,9.99,9.99,0.0,0,6681,357,7038,0.9493,1,"200,000 .. 500,000",200000,500000,350000,0,0,0,16
499520,The Turing Test,BULKHEAD,BULKHEAD,Adventure,Puzzle;Sci-fi;First-Person;Female Protagonist;Space;Adventure;Singleplayer;Atmospheric;Story Rich;Great Soundtrack;Artificial Intelligence;Short;Philosophical;Robots;Psychological Horror;Indie;Mystery;Horror,1,18,24.99,24.99,0.0,0,6915,979,7894,0.876,1,"200,000 .. 500,000",200000,500000,350000,0,0,0,2
543460,Dead Rising 4,"Capcom Game Studio Vancouver, Inc.",Capcom,Action,Zombies;Open World;Action;Multiplayer;Co-op;Violent;Survival;Gore;Comedy;Horror;Third Person;Funny;Nudity;Heist;Online Co-Op;Singleplayer;Survival Horror;Memes;Sandbox;Casual,1,20,5.99,29.99,80.0,0,4433,3373,7806,0.5679,0,"200,000 .. 500,000",200000,500000,350000,0,0,0,46
913740,WORLD OF HORROR,panstasz,"Ysbryd Games, PLAYISM","Indie, RPG",Horror;Lovecraftian;Pixel Graphics;Survival Horror;Psychological Horror;Point & Click;Rogue-lite;2D;Unforgiving;RPG;Rogue-like;Turn-Based Combat;Survival;Anime;Atmospheric;Mystery;Card Game;Moddable;Adventure;Singleplayer,2,20,19.99,19.99,0.0,0,8588,793,9381,0.9155,1,"200,000 .. 500,000",200000,500000,350000,0,0,0,23
323320,Grow Home,"Reflections, a Ubisoft Studio","Infogrames, Atari","Adventure, Casual, Indie",Open World;Adventure;Singleplayer;Exploration;3D Platformer;Robots;Casual;Cute;Parkour;Sandbox;Third Person;Indie;Short;Physics;Platformer;Relaxing;Funny;Atmospheric;Controller;Great Soundtrack,3,20,7.99,7.99,0.0,0,5010,455,5465,0.9167,1,"200,000 .. 500,000",200000,500000,350000,0,0,0,5
1042550,Digimon Story Cyber Sleuth: Complete Edition,"h.a.n.d., Inc., Media.Vision Inc.",BANDAI NAMCO Entertainment Inc.,RPG,Creature Collector;JRPG;Anime;Turn-Based Combat;Turn-Based;RPG;Turn-Based Strategy;Visual Novel;PvP;Story Rich;Strategy;Cute;Action;Cyberpunk;Fantasy;Singleplayer;Sci-fi;Adventure;Multiplayer;Detective,1,20,4.99,49.99,90.0,0,9933,1026,10959,0.9064,1,"200,000 .. 500,000",200000,500000,350000,0,0,0,968
1972440,Shotgun King: The Final Checkmate,PUNKCAKE Delicieux,PUNKCAKE Delicieux,"Action, Indie, Strategy",Chess;Turn-Based Strategy;Strategy;Rogue-like;Action Roguelike;Arcade;Tabletop;Pixel Graphics;Choices Matter;Retro;Atmospheric;Action;Shooter;Rogue-lite;Top-Down Shooter;2D;Stylized;Turn-Based Tactics;Cartoon;Top-Down,3,20,9.99,9.99,0.0,0,5883,537,6420,0.9164,1,"200,000 .. 500,000",200000,500000,350000,0,0,0,71
1114150,CarX Street,"CarX Technologies, LLC","CarX Technologies, LLC","Massively Multiplayer, Racing, Simulation, Sports",Racing;Open World;Automobile Sim;Multiplayer;Driving;PvP;Sandbox;Simulation;Exploration;Massively Multiplayer;Sports;Third Person;Atmospheric;First-Person;Action;Arcade;3D;3D Vision;Physics;6DOF,4,20,8.99,19.99,55.0,0,7566,3121,10687,0.708,1,"200,000 .. 500,000",200000,500000,350000,0,0,0,499
900040,ELEX II,Piranha Bytes,THQ Nordic,"Action, Adventure, RPG",Open World;Singleplayer;RPG;Adventure;Action;Action RPG;Exploration;Third Person;Dark Fantasy;Aliens;Realistic;Post-apocalyptic;Atmospheric;Dystopian;Fantasy;Story Rich;Futuristic;Gothic;Dark;Magic,3,20,49.99,49.99,0.0,0,4696,1687,6383,0.7357,1,"200,000 .. 500,000",200000,500000,350000,0,0,0,61
1230140,ATRI -My Dear Moments-,"Frontwing, 枕",ANIPLEX.EXE,"Adventure, Casual",Visual Novel;Anime;Story Rich;Cute;Romance;Dating Sim;Casual;Multiple Endings;Emotional;Adventure;Great Soundtrack;Singleplayer;Drama;Sexual Content;Post-apocalyptic;Sci-fi;Mature;Nudity;Choices Matter;Hentai,2,20,20.99,20.99,0.0,0,20584,298,20882,0.9857,1,"200,000 .. 500,000",200000,500000,350000,0,0,0,72
241260,Sherlock Holmes: Crimes and Punishments,Frogwares,Frogwares,Adventure,Detective;Adventure;Mystery;Investigation;Crime;Puzzle;Story Rich;Atmospheric;Singleplayer;Point & Click;Choices Matter;Historical;Third Person;Open World;Action;First-Person;Mature;Horror;Classic;Indie,1,20,29.99,29.99,0.0,0,6469,722,7191,0.8996,1,"200,000 .. 500,000",200000,500000,350000,0,0,0,19
473950,Manifold Garden,William Chyr Studio,William Chyr Studio,"Adventure, Indie",Puzzle;Surreal;Abstract;First-Person;Exploration;Puzzle-Platformer;Psychedelic;Experimental;Atmospheric;Minimalist;Philosophical;Difficult;Relaxing;Nonlinear;Indie;Singleplayer;Mystery;Adventure;Colorful;Multiple Endings,2,20,4.99,19.99,75.0,0,6901,328,7229,0.9546,1,"200,000 .. 500,000",200000,500000,350000,0,0,0,18
520720,Dear Esther: Landmark Edition,"The Chinese Room, Robert Briscoe",Secret Mode,"Adventure, Casual, Indie, Free To Play",Walking Simulator;Exploration;Interactive Fiction;Puzzle;First-Person;Horror;Psychological Horror;Relaxing;Linear;Narration;Open World;Story Rich;Atmospheric;Casual;Mystery;Investigation;Singleplayer;Adventure;Indie;Short,4,20,9.99,9.99,0.0,0,5103,1746,6849,0.7451,1,"200,000 .. 500,000",200000,500000,350000,0,0,0,5
1443200,Class of '09,SBN3,SBN3,"Casual, Indie, RPG, Simulation",Casual;Choose Your Own Adventure;Comedy;RPG;2D;America;Female Protagonist;Satire;Third Person;Visual Novel;Multiple Endings;Sexual Content;Nonlinear;Story Rich;Dark Comedy;Singleplayer;Anime;Psychological Horror;Indie;Hentai,4,20,9.99,9.99,0.0,0,6720,323,7043,0.9541,1,"200,000 .. 500,000",200000,500000,350000,0,0,0,46
543900,METAL GEAR SURVIVE,KONAMI,KONAMI,"Action, Adventure, Strategy",Survival;Action;Memes;Zombies;Base-Building;Co-op;Adventure;Stealth;Multiplayer;Open World;Crafting;Strategy;Open World Survival Craft;Singleplayer;Comedy;Third Person;Tower Defense;Psychological Horror;Horror;Violent,3,20,17.99,29.99,40.0,0,3678,1903,5581,0.659,0,"200,000 .. 500,000",200000,500000,350000,0,0,0,15
1295920,The Mortuary Assistant,DarkStone Digital,DreadXP,"Adventure, Indie, Simulation",Horror;Supernatural;Demons;Mystery;Atmospheric;Surreal;Simulation;First-Person;Singleplayer;Adventure;Indie;Dark;Multiplayer;Exploration;3D;Realistic;Thriller;Female Protagonist;Hidden Object;Medical Sim,3,20,24.99,24.99,0.0,0,6867,579,7446,0.9222,1,"200,000 .. 500,000",200000,500000,350000,0,0,0,80
951440,Volcanoids,Volcanoid,Volcanoid,"Action, Adventure, Indie, Simulation, Early Access",Open World Survival Craft;Survival;Open World;Multiplayer;Crafting;Exploration;Online Co-Op;Shooter;Action;Steampunk;First-Person;Adventure;Base-Building;Atmospheric;Co-op;Simulation;Early Access;Sandbox;Singleplayer;Building,5,20,19.99,19.99,0.0,0,7404,1511,8915,0.8305,1,"200,000 .. 500,000",200000,500000,350000,0,0,0,65
848350,Katamari Damacy REROLL,MONKEYCRAFT Co. Ltd.,BANDAI NAMCO Entertainment,"Action, Casual",Great Soundtrack;Casual;Colorful;Surreal;Classic;Cute;Funny;Action;Singleplayer;Comedy;Family Friendly;Remake;Cult Classic;Puzzle;Relaxing;Arcade;Controller;Third Person;Local Multiplayer;Difficult,2,20,29.99,29.99,0.0,0,5615,406,6021,0.9326,1,"200,000 .. 500,000",200000,500000,350000,0,0,0,26
346120,Boring Man - Online Tactical Stickman Combat,Spasman Games,Spasman Games,"Action, Indie, Massively Multiplayer, Free To Play",Side Scroller;Pixel Graphics;Shooter;Violent;2D;2D Platformer;Survival;Multiplayer;Moddable;Competitive;PvP;Level Editor;Indie;Action;Funny;Co-op;Free to Play;Platformer;Parkour;Massively Multiplayer,4,20,0.0,0.0,0.0,1,4800,651,5451,0.8806,1,"200,000 .. 500,000",200000,500000,350000,0,0,0,12
960690,One Step From Eden,Thomas Moon Kang,"Balor Games, Maple Whispering Limited","Action, Adventure, Indie, Strategy",Action Roguelike;Difficult;Rogue-lite;Card Battler;Deckbuilding;Action;Replay Value;Action RPG;Adventure;Card Game;Strategy;Rogue-like;Bullet Hell;Indie;Pixel Graphics;Anime;Local Co-Op;2D;Hack and Slash;Female Protagonist,4,20,19.99,19.99,0.0,0,6940,495,7435,0.9334,1,"200,000 .. 500,000",200000,500000,350000,0,0,0,22
1477070,Depersonalization,MeowNature,Gamirror Games,"Adventure, Casual, Indie, RPG, Strategy",Lovecraftian;Pixel Graphics;Investigation;RPG;Strategy RPG;Anime;Story Rich;Card Battler;Board Game;Third Person;Strategy;Immersive Sim;Casual;Puzzle;Time Travel;Mystery;Card Game;Rogue-like;Mythology;Adventure,5,20,19.99,19.99,0.0,0,5571,384,5955,0.9355,1,"200,000 .. 500,000",200000,500000,350000,0,0,0,175
1618540,Ghost Exorcism INC.,StudioGoupil,StudioGoupil,"Action, Indie, Simulation, Early Access",Multiplayer;Online Co-Op;Supernatural;Investigation;Horror;Atmospheric;Singleplayer;Dark;Artificial Intelligence;Survival Horror;Detective;Science;Mystery;Foreign;Realistic;Demons;Thriller;Action;Early Access;3D,4,20,11.99,11.99,0.0,0,4104,1320,5424,0.7566,1,"200,000 .. 500,000",200000,500000,350000,0,0,0,9
553310,Lethal League Blaze,Team Reptile,Team Reptile,"Action, Indie, Sports",Action;Indie;2D Fighter;Great Soundtrack;Sports;Fighting;Fast-Paced;Local Multiplayer;Competitive;Multiplayer;Arcade;Funny;Online Co-Op;Soundtrack;4 Player Local;e-sports;2D;Stylized;Co-op;Anime,3,20,19.99,19.99,0.0,0,6209,200,6409,0.9688,1,"200,000 .. 500,000",200000,500000,350000,0,0,0,30
557600,Gorogoa,Buried Signal,Annapurna Interactive,"Adventure, Casual, Indie",Puzzle;Hand-drawn;Indie;Beautiful;Atmospheric;Singleplayer;Casual;Adventure;Short;Stylized;Point & Click;2D;Story Rich;Mystery;Great Soundtrack;Exploration;Interactive Fiction;Experimental;Cartoony;Surreal,3,20,14.99,14.99,0.0,0,17531,435,17966,0.9758,1,"200,000 .. 500,000",200000,500000,350000,0,0,0,21
644570,Material Girl,Dieselmine,Paradise Project,"Adventure, Indie, RPG",Sexual Content;Nudity;Mature;Anime;Female Protagonist;RPGMaker;RPG;Adventure;Indie;Singleplayer;FPS;NSFW;Visual Novel;Story Rich;Dating Sim;Open World;Simulation;Action;Great Soundtrack;Casual,3,20,0.0,0.0,0.0,1,7359,688,8047,0.9145,1,"200,000 .. 500,000",200000,500000,350000,0,0,0,6
467960,Home Behind,TPP Studio,TPP Studio,"Adventure, Casual, Indie, RPG, Simulation, Strategy",Adventure;RPG;Survival;Indie;Casual;Simulation;Strategy;Singleplayer;Side Scroller;Rogue-lite;Building;Mouse only;2D;Rogue-like;Replay Value;Difficult;Turn-Based Tactics;Third Person;Politics;Atmospheric,6,20,5.99,5.99,0.0,0,5049,917,5966,0.8463,1,"200,000 .. 500,000",200000,500000,350000,0,0,0,12
840800,Outlaws of the Old West,Virtual Basement LLC,Wandering Wizard,"Action, Adventure, Casual, Indie, Massively Multiplayer, RPG, Strategy, Early Access",Open World Survival Craft;Western;Survival;Open World;Multiplayer;Massively Multiplayer;Indie;Adventure;Early Access;Strategy;RPG;Action;Casual;Base-Building;Crafting;Singleplayer;Story Rich;Choices Matter;Management;Rogue-like,8,20,4.99,19.99,75.0,0,3715,2533,6248,0.5946,0,"200,000 .. 500,000",200000,500000,350000,0,0,0,8
1740720,Have a Nice Death,Magic Design Studios,Arc Games,"Action, Indie",Action Roguelike;Hack and Slash;Singleplayer;2D;Funny;Action;2D Platformer;Cartoony;Dark Humor;Cartoon;Rogue-like;Gothic;Rogue-lite;Controller;Comedy;Indie;Combat;Metroidvania;Early Access;Platformer,2,20,24.99,24.99,0.0,0,8588,1351,9939,0.8641,1,"200,000 .. 500,000",200000,500000,350000,0,0,0,91
1121910,"I Love You, Colonel Sanders! A Finger Lickin’ Good Dating Simulator",Psyop,KFC,"Casual, Indie, Simulation",Dating Sim;Anime;Visual Novel;Beautiful;Cult Classic;Free to Play;World War I;Story Rich;Hentai;Psychedelic;Alternate History;Casual;Simulation;Choices Matter;Souls-like;Great Soundtrack;Indie;Atmospheric;Family Friendly;FPS,3,20,0.0,0.0,0.0,1,11583,1025,12608,0.9187,1,"200,000 .. 500,000",200000,500000,350000,0,0,0,5
235800,Audiosurf 2,Dylan Fitterer,Dylan Fitterer,Indie,Music;Rhythm;Indie;Music-Based Procedural Generation;Moddable;Casual;Singleplayer;Arcade;Local Multiplayer;Racing;Great Soundtrack;Puzzle;Mouse only;Local Co-Op;Multiplayer;Procedural Generation;Colorful;Controller;Difficult;Action,1,20,14.99,14.99,0.0,0,4945,1025,5970,0.8283,1,"200,000 .. 500,000",200000,500000,350000,0,0,0,9
456750,The Room Three,Fireproof Games,Fireproof Games,"Adventure, Indie",Puzzle;Mystery;Adventure;Point & Click;Indie;Atmospheric;Singleplayer;Hidden Object;Lovecraftian;Horror;Dark;Escape Room;Story Rich;Psychological Horror;Multiple Endings;First-Person;3D;Short;Casual;Multiplayer,2,20,5.99,5.99,0.0,0,11581,501,12082,0.9585,1,"200,000 .. 500,000",200000,500000,350000,0,0,0,46
1295510,DRAGON QUEST XI S: Echoes of an Elusive Age - Definitive Edition,Square Enix,Square Enix,"Adventure, RPG",JRPG;Turn-Based Combat;RPG;Party-Based RPG;Story Rich;Dragons;3D;Adventure;Funny;2D;Fantasy;Singleplayer;Colorful;Action;Third Person;Anime;Open World;Crafting;Character Customization;Cartoony,2,20,39.99,39.99,0.0,0,9368,675,10043,0.9328,1,"200,000 .. 500,000",200000,500000,350000,0,0,0,936
1509510,Settlement Survival,Gleamer Studio,"Team17, Gleamer Studio","Simulation, Strategy",City Builder;Building;Colony Sim;Survival;Management;Simulation;Sandbox;Exploration;Strategy;Resource Management;Indie;Base-Building;Medieval;Agriculture;Early Access;Economy;3D;Colorful;Singleplayer;Pixel Graphics,2,20,19.99,19.99,0.0,0,6309,971,7280,0.8666,1,"200,000 .. 500,000",200000,500000,350000,0,0,0,111
1361510,Teenage Mutant Ninja Turtles: Shredder's Revenge,Tribute Games Inc.,Dotemu,"Action, Adventure, Casual, Indie",Beat 'em up;Multiplayer;Side Scroller;Pixel Graphics;Co-op Campaign;2D;Action-Adventure;Ninja;Arcade;Martial Arts;Action;Colorful;Indie;Cartoon;Family Friendly;Singleplayer;Local Co-Op;Comic Book;Adventure;Atmospheric,4,20,24.99,24.99,0.0,0,12978,770,13748,0.944,1,"200,000 .. 500,000",200000,500000,350000,0,0,0,50
1067310,Gravitas,Galaxy Shark Studios,Galaxy Shark Studios,"Action, Adventure, Free To Play, Indie",Free to Play;Puzzle;Puzzle-Platformer;Indie;Singleplayer;First-Person;Adventure;Funny;Sci-fi;3D Platformer;Comedy;Space;Parkour;Short;Dark Humor;Platformer;3D;Physics;Co-op,4,19,0.0,0.0,0.0,1,6738,137,6875,0.9801,1,"200,000 .. 500,000",200000,500000,350000,0,0,0,3
42670,Singularity,Raven Software,Activision,Action,FPS;Action;Sci-fi;Time Manipulation;Singleplayer;Horror;Atmospheric;Shooter;First-Person;Alternate History;Time Travel;Story Rich;Adventure;Gore;Bullet Time;Multiplayer;Survival Horror;Classic;Multiple Endings,1,19,9.89,29.99,67.0,0,5183,395,5578,0.9292,1,"200,000 .. 500,000",200000,500000,350000,0,0,0,11
2653790,The Exit 8,KOTAKE CREATE,PLAYISM,"Adventure, Indie, Simulation",Psychological Horror;Walking Simulator;Horror;First-Person;Puzzle;Exploration;Atmospheric;3D;Surreal;Immersive Sim;Funny;Realistic;Linear;Simulation;Psychological;Mystery;Controller;Singleplayer;Adventure;Modern,3,20,2.79,3.99,30.0,0,7846,548,8394,0.9347,1,"200,000 .. 500,000",200000,500000,350000,0,0,0,46
604540,Empire of Sin,Romero Games,Paradox Interactive,"RPG, Strategy",Crime;Strategy;Management;RPG;Turn-Based Tactics;Turn-Based;Noir;Turn-Based Strategy;Turn-Based Combat;Action;Isometric;Singleplayer;Tactical;Historical;Sandbox;Simulation;America;Strategy RPG;Atmospheric;Female Protagonist,2,20,39.99,39.99,0.0,0,2840,3174,6014,0.4722,0,"200,000 .. 500,000",200000,500000,350000,0,0,0,50
454120,Starbase,Frozenbyte,Frozenbyte,"Action, Massively Multiplayer, Simulation, Early Access",Open World;Building;Massively Multiplayer;Space Sim;Simulation;Sandbox;Space;Sci-fi;Action;Early Access;FPS;Voxel;Crafting;Destruction;Programming;Multiplayer;Robots;Exploration;Open World Survival Craft;First-Person,4,20,10.49,34.99,70.0,0,3824,2782,6606,0.5789,0,"200,000 .. 500,000",200000,500000,350000,0,0,0,6
978460,Emily is Away <3,Kyle Seeley,Kyle Seeley,"Adventure, Casual, Indie, RPG, Simulation",Choices Matter;Simulation;Dating Sim;Indie;Multiple Endings;Casual;Singleplayer;Story Rich;Emotional;Cute;Visual Novel;Adventure;Choose Your Own Adventure;RPG;Conversation;Romance;Nostalgia;2D;Horror;Typing,5,20,9.99,9.99,0.0,0,5618,496,6114,0.9189,1,"200,000 .. 500,000",200000,500000,350000,0,0,0,17
266010,LYNE,Thomas Bowker,Thomas Bowker,"Casual, Indie",Puzzle;Logic;Minimalist;Relaxing;Difficult;Casual;Procedural Generation;Abstract;Mouse only;Touch-Friendly;Indie;Atmospheric;Singleplayer;Arcade;Adventure;2D;Great Soundtrack;Strategy;Action,2,19,2.99,2.99,0.0,0,7825,355,8180,0.9566,1,"200,000 .. 500,000",200000,500000,350000,0,0,0,9
278970,Digger Online,DiggerGames,DiggerGames,"Action, Adventure",Story Rich;Action;Atmospheric;Realistic;Shooter;Survival;First-Person;Open World;Multiplayer;Family Friendly;Sandbox;Comedy;Building;Co-op;Zombies;Adventure;Simulation;RPG;Indie;Crafting,2,20,7.99,7.99,0.0,0,8751,9229,17980,0.4867,0,"200,000 .. 500,000",200000,500000,350000,0,0,0,8
1927720,Monument Valley,ustwo games,ustwo games,"Adventure, Casual, Indie, Strategy",Puzzle;Relaxing;Adventure;Singleplayer;Casual;Exploration;Design & Illustration;Female Protagonist;Strategy;Emotional;3D;Point & Click;Puzzle-Platformer;Third Person;Linear;Fantasy;Atmospheric;Indie;Mystery;Precision Platformer,4,20,7.99,7.99,0.0,0,6189,120,6309,0.981,1,"200,000 .. 500,000",200000,500000,350000,0,0,0,58
2399420,Le Mans Ultimate,Studio 397,Studio 397,"Racing, Simulation, Sports",Racing;Automobile Sim;Driving;VR;Multiplayer;Realistic;Immersive Sim;Singleplayer;Early Access;PvP;Simulation,3,11,39.99,39.99,0.0,0,5903,1520,7423,0.7952,1,"200,000 .. 500,000",200000,500000,350000,0,0,0,984
1937500,Let's School,Pathea Games,"Pathea Games, PM Studios, inc.","Casual, Indie, Simulation",Management;City Builder;Strategy;Simulation;Sandbox;Building;Education;Medical Sim;Funny;Relaxing;Nature;Family Friendly;Singleplayer;Time Management;Comedy;Economy;3D;Voxel;Indie;Open World,3,20,19.99,19.99,0.0,0,5853,440,6293,0.9301,1,"200,000 .. 500,000",200000,500000,350000,0,0,0,205
1324130,Stranded: Alien Dawn,Haemimont Games,Paradox Interactive,"Simulation, Strategy",Survival;Base-Building;Simulation;Strategy;Crafting;3D;Colony Sim;Combat;Management;Destruction;Hunting;Cooking;Resource Management;Inventory Management;Choices Matter;Sci-fi;Singleplayer;Tutorial;Building;Space,2,20,34.99,34.99,0.0,0,8504,1510,10014,0.8492,1,"200,000 .. 500,000",200000,500000,350000,0,0,0,538
250620,Among the Sleep - Enhanced Edition,Krillbite Studio,Krillbite Studio,"Action, Adventure, Indie",Horror;Indie;Adventure;Atmospheric;First-Person;Singleplayer;Walking Simulator;Dark;Survival Horror;Puzzle;Action;Psychological Horror;Short;Story Rich;Exploration;Cute;Stealth;Survival;VR;Simulation,3,20,16.99,16.99,0.0,0,6728,877,7605,0.8847,1,"200,000 .. 500,000",200000,500000,350000,0,0,0,12
1214280,Walking Simulator,Pugscape,Pugscape,"Adventure, Free To Play, Indie, Simulation",Free to Play;Walking Simulator;Psychological Horror;Multiplayer;Simulation;Open World;Adventure;Indie;Memes;Singleplayer;Story Rich;Funny;Parody;Realistic;Casual;Immersive Sim;Life Sim;Runner;Third Person;Sexual Content,4,20,0.0,0.0,0.0,1,8261,1133,9394,0.8794,1,"200,000 .. 500,000",200000,500000,350000,0,0,0,2
461560,MANDAGON,Blind Sky Studios,Blind Sky Studios,"Adventure, Free To Play, Indie",Free to Play;Pixel Graphics;Platformer;Indie;Adventure;2D;Atmospheric;Short;Relaxing;Singleplayer;Story Rich;Controller;Casual;Mystery;Great Soundtrack;Exploration;Walking Simulator;Multiplayer;Puzzle;Side Scroller,3,20,0.0,0.0,0.0,1,5385,281,5666,0.9504,1,"200,000 .. 500,000",200000,500000,350000,0,0,0,2
311310,Naval Action,Bermuda Computer Club,Bermuda Computer Club,"Indie, Massively Multiplayer, Racing, Simulation",Sailing;Naval Combat;Pirates;Open World;Naval;MMORPG;America;Vehicular Combat;Racing;Transportation;Offroad;Simulation;War;Massively Multiplayer;Automobile Sim;Space Sim;Historical;Wargame;Military;PvP,4,20,19.99,19.99,0.0,0,7428,6110,13538,0.5487,0,"200,000 .. 500,000",200000,500000,350000,0,0,0,550
495140,NARUTO: Ultimate Ninja STORM,CyberConnect2 Co. Ltd.,BANDAI NAMCO Entertainment,"Action, Adventure",Action;Adventure;Anime;Fighting;Open World;Multiplayer;Ninja;Singleplayer;Story Rich;3D Fighter,2,10,9.99,19.99,50.0,0,4984,1561,6545,0.7615,1,"200,000 .. 500,000",200000,500000,350000,0,0,0,39
1194630,The Dark Pictures Anthology: Little Hope,Supermassive Games,BANDAI NAMCO Entertainment Europe,Adventure,Horror;Multiple Endings;Story Rich;Psychological Horror;Co-op;Survival Horror;Survival;Multiplayer;Psychological;Mythology;Mystery;Drama;Quick-Time Events;Dark;Supernatural;Singleplayer;Blood;Episodic;Choices Matter;Violent,1,20,19.99,19.99,0.0,0,6525,2368,8893,0.7337,1,"200,000 .. 500,000",200000,500000,350000,0,0,0,38
236450,PAC-MAN Championship Edition DX+,"Mine Loader Software Co., Ltd.",BANDAI NAMCO Entertainment,Action,Arcade;Retro;Classic;Action;Score Attack;Remake;2D;Great Soundtrack;Fast-Paced;Old School;Casual;Singleplayer;Addictive;Puzzle;Colorful;Strategy;Controller;Multiplayer;Pixel Graphics;Touch-Friendly,1,20,2.49,9.99,75.0,0,7496,353,7849,0.955,1,"200,000 .. 500,000",200000,500000,350000,0,0,0,15
250260,Jazzpunk: Director's Cut,Necrophone Games,Necrophone Games,"Adventure, Indie",Comedy;Indie;Surreal;Adventure;Funny;Exploration;Short;First-Person;Cyberpunk;Singleplayer;Walking Simulator;Cold War;Casual;Stylized;Memes;Parody;Great Soundtrack;Simulation;Action;Story Rich,2,20,14.99,14.99,0.0,0,7165,504,7669,0.9343,1,"200,000 .. 500,000",200000,500000,350000,0,0,0,4
617670,Zup! S,Quiet River,Quiet River,"Casual, Indie",Puzzle;Casual;Indie;2D;Physics;Relaxing;Singleplayer;Minimalist;Fast-Paced;Short;Cute;Logic;Strategy;Trading Card Game;Difficult;Psychological Horror;Action;Education;Beautiful;Horror,2,20,1.99,1.99,0.0,0,10555,265,10820,0.9755,1,"200,000 .. 500,000",200000,500000,350000,0,0,0,17
607890,Sword Art Online: Hollow Realization Deluxe Edition,AQURIA,BANDAI NAMCO Entertainment,"Action, Adventure, Casual, RPG",Anime;RPG;Action;JRPG;Open World;Multiplayer;Adventure;MMORPG;Character Customization;Casual;Singleplayer;Sexual Content;Nudity;Co-op;Hack and Slash;Massively Multiplayer;Dating Sim;Visual Novel;Mature;Memes,4,20,19.99,39.99,50.0,0,5999,1572,7571,0.7924,1,"200,000 .. 500,000",200000,500000,350000,0,0,0,21
363680,Battlefleet Gothic: Armada (Classic),Tindalos Interactive,Focus Entertainment,Strategy,Strategy;Warhammer 40K;Space;RTS;Sci-fi;Games Workshop;Multiplayer;Singleplayer;Tactical;Real Time Tactics;Fantasy;Gothic;Action;Co-op;War;Naval;Great Soundtrack;Dark Fantasy;Survival,1,19,1.49,14.99,90.0,0,3994,1827,5821,0.6861,0,"200,000 .. 500,000",200000,500000,350000,0,0,0,26
2291850,Underground Blossom,Rusty Lake,Rusty Lake,"Adventure, Indie",Escape Room;Adventure;Puzzle;Point & Click;Indie;Mystery;Singleplayer;Horror;Story Rich,2,9,4.99,4.99,0.0,0,6098,106,6204,0.9829,1,"200,000 .. 500,000",200000,500000,350000,0,0,0,40
263980,Out There Somewhere,MiniBoss,Senpai Industrial Studios,"Action, Adventure, Indie",Platformer;Pixel Graphics;Indie;Puzzle;Adventure;2D;Great Soundtrack;Retro;Action;Sci-fi;Singleplayer;Puzzle-Platformer;Short;Difficult;Anime;Space;Metroidvania;Shooter;Shoot 'Em Up;Arcade,3,20,9.99,9.99,0.0,0,6433,483,6916,0.9302,1,"200,000 .. 500,000",200000,500000,350000,0,0,0,1
914710,Cat Quest II,The Gentlebros,Kepler Interactive,"Action, Adventure, Indie, RPG",Adventure;Exploration;Action RPG;Hack and Slash;RPG;Character Customization;Local Co-Op;Action;Cute;Cats;Co-op;2D;Open World;Funny;Cartoony;Dog;Loot;Fantasy;Magic;Cozy,4,20,3.74,14.99,75.0,0,6092,273,6365,0.9571,1,"200,000 .. 500,000",200000,500000,350000,0,0,0,44
286100,You Have to Win the Game,Minor Key Games,Minor Key Games,"Action, Indie",Metroidvania;Free to Play;Retro;Platformer;Indie;2D;Pixel Graphics;Difficult;Singleplayer;Precision Platformer;Action;Adventure;Exploration;Old School;Arcade;Side Scroller;Great Soundtrack;Classic;Controller;Open World,2,20,0.0,0.0,0.0,1,5271,404,5675,0.9288,1,"200,000 .. 500,000",200000,500000,350000,0,0,0,4
1995520,Pax Dei,Mainframe Industries,Mainframe Industries,"Action, Adventure, Massively Multiplayer, RPG, Simulation",PvE;Sandbox;MMORPG;Medieval;Crafting;Open World;Base-Building;RPG;Exploration;PvP;Character Customization;Third Person;Realistic;Early Access;Fantasy;Atmospheric;Multiplayer;Magic;Cinematic;Dungeon Crawler,5,20,29.99,29.99,0.0,0,4097,2145,6242,0.6564,0,"200,000 .. 500,000",200000,500000,350000,0,0,0,145
718850,Age of Wonders: Planetfall,Triumph Studios,Paradox Interactive,Strategy,Strategy;Turn-Based Strategy;4X;Sci-fi;Character Customization;Turn-Based;Economy;Management;Dinosaurs;Tactical;Futuristic;City Builder;Space;Hex Grid;Singleplayer;PvP;Multiplayer;Perma Death;Aliens;War,1,20,29.99,29.99,0.0,0,5137,1294,6431,0.7988,1,"200,000 .. 500,000",200000,500000,350000,0,0,0,112
1629520,A Little to the Left,Max Inferno,Secret Mode,"Casual, Indie",Puzzle;Relaxing;Wholesome;Casual;Cute;Cozy;Logic;2D;Cats;Colorful;Funny;Singleplayer;Indie;Hand-drawn;Hidden Object;Linear;Family Friendly;Pixel Graphics;Point & Click;Multiplayer,2,20,14.99,14.99,0.0,0,12461,1075,13536,0.9206,1,"200,000 .. 500,000",200000,500000,350000,0,0,0,422
1239080,Door Kickers 2: Task Force North,KillHouse Games,KillHouse Games,"Action, Indie, Simulation, Strategy",Tactical;Top-Down;Real-Time with Pause;Real Time Tactics;Military;Moddable;Action;Indie;Strategy;Co-op;Level Editor;War;Action RTS;Top-Down Shooter;RTS;Multiplayer;Early Access;Violent;Singleplayer;Gore,4,20,24.99,24.99,0.0,0,10389,459,10848,0.9577,1,"200,000 .. 500,000",200000,500000,350000,0,0,0,505
1062160,Poly Bridge 2,Dry Cactus,Dry Cactus,"Indie, Simulation",Building;Simulation;Puzzle;Physics;Crafting;Difficult;Sandbox;Singleplayer;Level Editor;Indie;Education;Strategy;Great Soundtrack;Family Friendly;Funny;Cartoony;Stylized;Sequel;Cute;Choices Matter,2,20,14.99,14.99,0.0,0,7387,367,7754,0.9527,1,"200,000 .. 500,000",200000,500000,350000,0,0,0,51
227860,Castle Story,Sauropod Studio,Sauropod Studio,"Indie, Simulation, Strategy",Colony Sim;Strategy;Building;Sandbox;Multiplayer;Survival;Open World Survival Craft;Indie;Singleplayer;Tower Defense;Open World;Crafting;Co-op;RTS;Simulation;Early Access;Kickstarter;Voxel;Adventure;Casual,3,20,9.99,9.99,0.0,0,6479,3584,10063,0.6438,0,"200,000 .. 500,000",200000,500000,350000,0,0,0,36
2920570,Dale & Dawson Stationery Supplies,Striped Panda Studios,Striped Panda Studios,"Casual, RPG, Strategy",Casual;Multiplayer;Social Deduction;3D;First-Person;Comedy;RPG;1990's;Third Person;Strategy;Party-Based RPG;Online Co-Op;Co-op;Character Customization;Tactical RPG;PvP;Politics;Funny;Sexual Content;Singleplayer,3,20,7.99,7.99,0.0,0,7128,586,7714,0.924,1,"200,000 .. 500,000",200000,500000,350000,0,0,0,95
233470,Evoland,Shiro Games,Shiro Games,"Adventure, Indie, RPG",RPG;Indie;Adventure;Retro;Singleplayer;Short;Parody;Fantasy;Funny;JRPG;Pixel Graphics;Puzzle;2D;Action;Comedy;Casual;Controller;3D;Action RPG;Great Soundtrack,3,20,9.99,9.99,0.0,0,4847,1020,5867,0.8261,1,"200,000 .. 500,000",200000,500000,350000,0,0,0,2
366090,Colony Survival,Pipliz,Pipliz,"Action, Adventure, Indie, Strategy, Early Access",Colony Sim;Survival;Base-Building;Building;Multiplayer;Strategy;Sandbox;Open World;Early Access;City Builder;Adventure;Crafting;Zombies;Management;Co-op;Indie;Action;Singleplayer;Voxel;RTS,5,20,24.95,24.95,0.0,0,7711,683,8394,0.9186,1,"200,000 .. 500,000",200000,500000,350000,0,0,0,171
312840,Fahrenheit: Indigo Prophecy Remastered,"Quantic Dream, Aspyr Media (remastered version)",Quantic Dream,"Adventure, RPG",Story Rich;Quick-Time Events;Atmospheric;Adventure;Mystery;Choices Matter;Singleplayer;Cinematic;Nudity;Detective;Action;Horror;Supernatural;Classic;Mature;Great Soundtrack;Noir;Remake;Female Protagonist;RPG,2,20,9.99,9.99,0.0,0,5552,1357,6909,0.8036,1,"200,000 .. 500,000",200000,500000,350000,0,0,0,11
778700,Amorous,Team Amorous,Snaggletooth Studios,"Free to Play, Indie, Simulation",Sexual Content;Nudity;Free to Play;NSFW;Dating Sim;Character Customization;Mature;Singleplayer;Visual Novel;LGBTQ+;Simulation;Romance;Indie;Story Rich;Memes;First-Person;Anime;Atmospheric;Casual;Female Protagonist,3,20,0.0,0.0,0.0,1,5608,1265,6873,0.8159,1,"200,000 .. 500,000",200000,500000,350000,0,0,0,24
2904000,The Spell Brigade,Bolt Blaster Games,Bolt Blaster Games,"Action, Casual, Indie",Action Roguelike;Online Co-Op;Bullet Hell;Rogue-lite;Co-op;Magic;Action;Rogue-like;Multiplayer;3D;Top-Down Shooter;Dark Fantasy;Arcade;Casual;Top-Down;Score Attack;Controller;Colorful;Early Access;Procedural Generation,3,20,12.99,12.99,0.0,0,7014,1188,8202,0.8552,1,"200,000 .. 500,000",200000,500000,350000,0,0,0,3580
491540,The Bus,TML-Studios,Aerosoft GmbH,Simulation,Simulation;Driving;Automobile Sim;Multiplayer;Realistic;Relaxing;First-Person;Early Access;Moddable;Atmospheric;Singleplayer;Level Editor;Economy;Open World;Management;Time Management;Tutorial;Transportation;Casual;Exploration,1,20,29.99,39.99,25.0,0,4839,1682,6521,0.7421,1,"200,000 .. 500,000",200000,500000,350000,0,0,0,164
1705180,"Gunner, HEAT, PC!",Radian Simulations LLC,Radian Simulations LLC,"Action, Indie, Simulation, Early Access",Early Access;Simulation;Tanks;Realistic;Military;Vehicular Combat;Cold War;Immersive Sim;1980s;Modern;Historical;Action;Shooter;Wargame;FPS;3D;First-Person;Third Person;Alternate History;Destruction,4,20,29.99,29.99,0.0,0,5616,492,6108,0.9194,1,"200,000 .. 500,000",200000,500000,350000,0,0,0,102
1594320,Captain of Industry,MaFi Games,MaFi Games,"Indie, Simulation, Strategy, Early Access",Base-Building;Automation;Resource Management;Management;Simulation;Economy;Mining;City Builder;Survival;Colony Sim;Strategy;Realistic;Transportation;Building;Early Access;Logic;Singleplayer;Agriculture;3D;Moddable,4,20,24.49,34.99,30.0,0,6737,417,7154,0.9417,1,"200,000 .. 500,000",200000,500000,350000,0,0,0,4404
2104890,RoadCraft,Saber Interactive,Focus Entertainment,"Adventure, Simulation",Simulation;Building;Driving;Physics;Adventure;Online Co-Op;Automation;Automobile Sim;Nature;Exploration;Destruction;Co-op;Immersive Sim;Transportation;Multiplayer;3D;Realistic;Modern;Base-Building;Controller,2,20,19.99,39.99,50.0,0,5784,1884,7668,0.7543,1,"200,000 .. 500,000",200000,500000,350000,0,0,0,8156
1944430,Amnesia: The Bunker,Frictional Games,Frictional Games,"Action, Adventure, Indie",Horror;Survival Horror;Atmospheric;Immersive Sim;Stealth;First-Person;Survival;Singleplayer;Difficult;Action;Action-Adventure;Resource Management;FPS;Exploration;Psychological Horror;Open World;Story Rich;Sandbox;Adventure;Supernatural,3,20,4.99,24.99,80.0,0,8501,593,9094,0.9348,1,"200,000 .. 500,000",200000,500000,350000,0,0,0,61
373930,Sudden Strike 4,Kite Games,Kalypso Media,Strategy,Strategy;RTS;World War II;War;Multiplayer;Historical;Real-Time;Tanks;Realistic;Real Time Tactics;Military;Singleplayer;Base-Building,1,13,3.99,19.99,80.0,0,6094,1721,7815,0.7798,1,"200,000 .. 500,000",200000,500000,350000,0,0,0,144
306020,Bloons TD 5,Ninja Kiwi,Ninja Kiwi,"Action, Strategy",Tower Defense;Strategy;Co-op;Family Friendly;Action;Casual;Multiplayer;Singleplayer;Online Co-Op;2D;Funny;Colorful;Sandbox;Replay Value;Great Soundtrack;Difficult;Survival;Indie;Cute;Relaxing,2,20,9.99,9.99,0.0,0,10926,619,11545,0.9464,1,"200,000 .. 500,000",200000,500000,350000,0,0,0,153
1250760,Far Away,Gratesca,Gratesca,"Adventure, Casual, Indie, RPG",Singleplayer;Visual Novel;Choices Matter;Word Game;Story Rich;Female Protagonist;Choose Your Own Adventure;Anime;Cute;Indie;Adventure;Interactive Fiction;2D;Investigation;Replay Value;Dark Humor;Multiple Endings;Conspiracy;Comedy;Crime,4,20,12.99,12.99,0.0,0,7173,187,7360,0.9746,1,"200,000 .. 500,000",200000,500000,350000,0,0,0,25
937170,Otaku's Adventure,Spacelight Studio,Spacelight Studio,"Adventure, Indie, RPG",Funny;Multiple Endings;Dating Sim;Visual Novel;Indie;RPG;Adventure;Anime;Story Rich;Puzzle;Cute;Romance;Interactive Fiction;Singleplayer;Choices Matter;Mouse only;Point & Click;Comedy;Surreal;Female Protagonist,3,20,6.99,6.99,0.0,0,7981,440,8421,0.9477,1,"200,000 .. 500,000",200000,500000,350000,0,0,0,15
220260,Farming Simulator 2013: Titanium Edition,GIANTS Software,GIANTS Software,"Casual, Simulation",Simulation;Farming Sim;Multiplayer;Casual;Farming;Open World;Relaxing;Co-op;Moddable;Management;Physics;Singleplayer;Agriculture;Realistic;Online Co-Op;Great Soundtrack;Sandbox;Driving;Atmospheric;Funny,2,20,14.99,14.99,0.0,0,4857,396,5253,0.9246,1,"200,000 .. 500,000",200000,500000,350000,0,0,0,23
1546990,Grand Theft Auto: Vice City – The Definitive Edition,Rockstar Games,Rockstar Games,"Action, Adventure",Action;Open World;Third-Person Shooter;Adventure;Action-Adventure;Third Person;Crime;Singleplayer;1980s;Violent;Sexual Content;Combat;Story Rich;Classic;Mature;Great Soundtrack;Sandbox;Nudity;Atmospheric,2,19,59.99,59.99,0.0,0,4225,1034,5259,0.8034,1,"200,000 .. 500,000",200000,500000,350000,0,0,0,123
2933080,Crime Boss: Rockay City,INGAME STUDIOS,505 Games,Action,Action;Shooter;FPS;Multiplayer;Co-op;Heist;Action Roguelike;Crime;Realistic;Looter Shooter;Singleplayer;Online Co-Op;Tactical;America;3D;Team-Based;PvE;Combat;Stealth;Funny,1,20,19.99,19.99,0.0,0,5413,4144,9557,0.5664,0,"200,000 .. 500,000",200000,500000,350000,0,0,0,160
914800,Coffee Talk,Toge Productions,Toge Productions,"Adventure, Casual, Indie",Conversation;Pixel Graphics;Visual Novel;Relaxing;Atmospheric;Story Rich;Interactive Fiction;LGBTQ+;Casual;Singleplayer;Choices Matter;Multiple Endings;Simulation;Emotional;Anime;Fantasy;Indie;Philosophical;Crafting;Experimental,3,20,12.99,12.99,0.0,0,10695,572,11267,0.9492,1,"200,000 .. 500,000",200000,500000,350000,0,0,0,24
1293230,House of Detention,"Aniki, Male Union ♂",Dungeon Master,"Action, Adventure, Indie, Massively Multiplayer, RPG, Simulation, Sports, Strategy",Dark Fantasy;Psychological Horror;Story Rich;Horror;Memes;Indie;Action;Adventure;Simulation;Multiplayer;Strategy;Politics;First-Person;Survival Horror;Sports;Great Soundtrack;Funny;Comedy;RPG;Sexual Content,8,20,0.99,0.99,0.0,0,7930,697,8627,0.9192,1,"200,000 .. 500,000",200000,500000,350000,0,0,0,3
1161170,The Rewinder,MistyMountainStudio,Gamirror Games,"Adventure, Casual, Indie",Adventure;Mystery;Pixel Graphics;Puzzle;Drama;Singleplayer;Detective;2D;Atmospheric;Point & Click;Story Rich;Indie;Comedy;Horror;Thriller;Supernatural;Mythology;Historical;Stylized;Lore-Rich,3,20,14.99,14.99,0.0,0,6702,255,6957,0.9633,1,"200,000 .. 500,000",200000,500000,350000,0,0,0,17
702670,Donut County,Ben Esposito,Annapurna Interactive,"Adventure, Casual, Indie",Casual;Indie;Cute;Funny;Puzzle;Physics;Short;Adventure;Great Soundtrack;Singleplayer;Family Friendly;Story Rich;3D;Comedy;Stylized;Relaxing;Female Protagonist;Drama;Interactive Fiction;Music,3,20,3.24,12.99,75.0,0,9683,862,10545,0.9183,1,"200,000 .. 500,000",200000,500000,350000,0,0,0,40
1588010,PGA TOUR 2K23,HB Studios,2K,"RPG, Simulation, Sports",Sports;Simulation;RPG;Golf;Third Person;PvP;Singleplayer;Local Multiplayer;Local Co-Op;Controller;4 Player Local;Multiplayer,3,12,59.99,59.99,0.0,0,4634,1565,6199,0.7475,1,"200,000 .. 500,000",200000,500000,350000,0,0,0,430
1066890,Automobilista 2,Reiza Studios,Reiza Studios,"Action, Indie, Racing, Simulation, Sports",Racing;Simulation;Sports;VR;Automobile Sim;Indie;Action;Driving;Multiplayer;Realistic;Singleplayer,5,11,39.99,39.99,0.0,0,10137,872,11009,0.9208,1,"200,000 .. 500,000",200000,500000,350000,0,0,0,605
1492070,Sker Ritual,Wales Interactive,Skybound Games,"Action, Adventure, Indie",Story Rich;Multiplayer;Survival;3D;Shoot 'Em Up;Zombies;FPS;Shooter;Action Roguelike;Online Co-Op;First-Person;Singleplayer;Horror;PvE;Character Customization;Controller;Action;Indie;Realistic;Survival Horror,3,20,19.99,19.99,0.0,0,4404,828,5232,0.8417,1,"200,000 .. 500,000",200000,500000,350000,0,0,0,94
495890,Montaro,JCKSLAP,02GAMES,"Casual, Indie",Memes;Cute;Anime;Casual;Indie;Pixel Graphics;Dog;Runner;2D;Platformer;Great Soundtrack;Funny;Singleplayer;Side Scroller;Comedy;Walking Simulator;Atmospheric;Action;Retro;Story Rich,2,20,0.99,0.99,0.0,0,11512,591,12103,0.9512,1,"200,000 .. 500,000",200000,500000,350000,0,0,0,3
339610,Freestyle 2: Street Basketball,JOYCITY,JOYCITY,"Action, Casual, Massively Multiplayer, Sports, Free To Play",Basketball;Sports;Time Management;Real Time Tactics;PvP;Platformer;e-sports;3D;Third Person;Strategy;Controller;3D Fighter;Action;Casual;Simulation;Co-op;Massively Multiplayer;Multiplayer;Online Co-Op;Free to Play,5,20,0.0,0.0,0.0,1,9153,3494,12647,0.7237,1,"200,000 .. 500,000",200000,500000,350000,0,0,0,126
584980,Late Shift,CtrlMovie,Wales Interactive,"Adventure, Indie",Choices Matter;FMV;Choose Your Own Adventure;Multiple Endings;Interactive Fiction;Story Rich;Adventure;Movie;Indie;Crime;Singleplayer;Realistic;Sexual Content;Violent;Thriller;Cinematic;Drama;Atmospheric;Horror;Simulation,2,20,14.99,14.99,0.0,0,7628,1217,8845,0.8624,1,"200,000 .. 500,000",200000,500000,350000,0,0,0,4
1021950,When the Darkness comes,Sirhaian,Sirhaian,"Adventure, Free To Play, Indie",Psychological Horror;Free to Play;Walking Simulator;Indie;First-Person;Horror;Dynamic Narration;Narration;Adventure;Atmospheric;Dark;Story Rich;Psychological;Singleplayer;Choices Matter;Emotional;Perma Death;Puzzle;Surreal;Philosophical,3,20,0.0,0.0,0.0,1,7671,643,8314,0.9227,1,"200,000 .. 500,000",200000,500000,350000,0,0,0,2
893680,Project Warlock,Buckshot Software,"Retrovibe, gaming company","Action, Indie",Boomer Shooter;FPS;Retro;Pixel Graphics;Blood;Action;Old School;Fast-Paced;Dark Fantasy;Shooter;Singleplayer;Demons;RPG;First-Person;Shoot 'Em Up;Bullet Hell;Rogue-like;Horror;Combat;Indie,2,20,12.0,12.0,0.0,0,4789,708,5497,0.8712,1,"200,000 .. 500,000",200000,500000,350000,0,0,0,28
1388590,Yakuza 6: The Song of Life,RGG Studio,SEGA,"Action, Adventure",Action;Adventure;Open World;Beat 'em up;RPG;Action RPG;Crime;Story Rich;Third Person;Comedy;Drama;Violent;JRPG;Singleplayer;Sexual Content;Funny;Combat;Anime;Great Soundtrack;Mature,2,20,19.99,19.99,0.0,0,6732,503,7235,0.9305,1,"200,000 .. 500,000",200000,500000,350000,0,0,0,88
1136160,Internet Cafe Simulator,Cheesecake Dev,Cheesecake Dev,"Adventure, Indie, Simulation",Simulation;Indie;Management;Sexual Content;Singleplayer;Adventure;Nudity;First-Person;Multiplayer;Economy;Open World;Funny;Strategy;Action;Replay Value;Walking Simulator;Hacking;Exploration;Atmospheric;Multiple Endings,3,20,0.99,9.99,90.0,0,7220,2671,9891,0.73,1,"200,000 .. 500,000",200000,500000,350000,0,0,0,8
1857090,Norland,Long Jaunt,Hooded Horse,"RPG, Simulation, Strategy, Early Access",Strategy;Simulation;Colony Sim;War;Grand Strategy;Base-Building;Historical;Open World;City Builder;Management;Building;Resource Management;Sandbox;Survival;Singleplayer;Economy;Real-Time with Pause;Replay Value;RTS;Early Access,4,20,14.99,29.99,50.0,0,6247,1444,7691,0.8122,1,"200,000 .. 500,000",200000,500000,350000,0,0,0,270
1162750,Songs of Syx,Gamatron AB,Gamatron AB,"Casual, Indie, Simulation, Strategy, Early Access",Early Access;City Builder;Colony Sim;Strategy;Base-Building;Sandbox;Grand Strategy;Singleplayer;Building;Top-Down;2D;Pixel Graphics;Simulation;Combat;Moddable;Survival;Open World;Fantasy;Medieval;Economy,5,20,24.99,24.99,0.0,0,5598,224,5822,0.9615,1,"200,000 .. 500,000",200000,500000,350000,0,0,0,268
2784470,9 Kings,Sad Socket,"Hooded Horse, Sidekick Publishing","RPG, Strategy, Early Access",Strategy;Rogue-like;RPG;Fantasy;Roguelike Deckbuilder;Rogue-lite;Card Game;Deckbuilding;Replay Value;Difficult;2D;Turn-Based;Casual;Dark Fantasy;Singleplayer;Card Battler;Pixel Graphics;Turn-Based Strategy;Procedural Generation;Early Access,3,20,19.99,19.99,0.0,0,4871,381,5252,0.9275,1,"200,000 .. 500,000",200000,500000,350000,0,0,0,6920
1137460,ALTF4,PUMPKIM,PUMPKIM,"Action, Adventure, Indie",Runner;Physics;Survival;3D Platformer;Medieval;Third Person;Action;Arcade;Platformer;Casual;Colorful;Exploration;Cartoony;Mystery;Adventure;Rogue-like;Action Roguelike;Perma Death;Psychological Horror;Choose Your Own Adventure,3,20,2.99,2.99,0.0,0,8585,2171,10756,0.7982,1,"200,000 .. 500,000",200000,500000,350000,0,0,0,8
700030,Life is Feudal: MMO,LTG,LTG,"Action, Adventure, Massively Multiplayer, RPG, Simulation, Early Access",MMORPG;Open World Survival Craft;Medieval;PvP;Survival;Historical;Base-Building;Sandbox;Third Person;Economy;Massively Multiplayer;Crafting;Simulation;Early Access;Building;Action;Open World;Team-Based;Adventure;RPG,6,20,0.0,0.0,0.0,1,2965,4326,7291,0.4067,0,"200,000 .. 500,000",200000,500000,350000,0,0,0,9
1369320,Virtual Cottage,DU&I,DU&I,"Casual, Indie, Simulation, Free To Play",Cozy;Relaxing;Casual;Life Sim;Utilities;Wholesome;Music;Design & Illustration;Atmospheric;Cute;Immersive;Free to Play;Singleplayer;Family Friendly;Anime;Idler;Simulation;Indie;Colorful;Female Protagonist,4,20,0.0,0.0,0.0,1,10173,229,10402,0.978,1,"200,000 .. 500,000",200000,500000,350000,0,0,0,274
269790,DreadOut,Digital Happiness,Digital Happiness,"Adventure, Indie",Horror;Indie;Adventure;Female Protagonist;Third Person;Survival Horror;Singleplayer;Supernatural;Atmospheric;Puzzle;Survival;Psychological Horror;Action;Great Soundtrack;Zombies;Mystery;Dark;Nudity;Sexual Content;Open World,2,20,7.49,14.99,50.0,0,4187,1266,5453,0.7678,1,"200,000 .. 500,000",200000,500000,350000,0,0,0,8
615530,"Love, Money, Rock'n'Roll",Soviet Games,Soviet Games,"Adventure, Casual, Indie",Visual Novel;Anime;1980s;Atmospheric;Multiple Endings;Story Rich;Romance;Choices Matter;Drama;Detective;Cute;Choose Your Own Adventure;Investigation;2D;Interactive Fiction;Dating Sim;Colorful;Comedy;Casual;Simulation,3,20,4.99,9.99,50.0,0,5504,1369,6873,0.8008,1,"200,000 .. 500,000",200000,500000,350000,0,0,0,19
1466060,Tainted Grail: The Fall of Avalon,Questline,Awaken Realms,"Action, Adventure, Indie, RPG",Adventure;Open World;Dark Fantasy;RPG;First-Person;Third Person;Exploration;Character Customization;Singleplayer;Action RPG;Survival Horror;Choices Matter;Action;Nonlinear;Narrative;Immersive Sim;FPS;Story Rich;Immersive;Multiple Endings,4,20,44.99,44.99,0.0,0,10043,1437,11480,0.8748,1,"200,000 .. 500,000",200000,500000,350000,0,0,0,8175
406150,Refunct,Dominique Grieshofer,Dominique Grieshofer,"Adventure, Casual, Indie",Parkour;3D Platformer;Relaxing;Short;First-Person;Puzzle-Platformer;Casual;Platformer;Atmospheric;Open World;Stylized;Great Soundtrack;Adventure;Singleplayer;Colorful;Exploration;Family Friendly;Cute;Beautiful,3,19,2.99,2.99,0.0,0,16608,723,17331,0.9583,1,"200,000 .. 500,000",200000,500000,350000,0,0,0,2
1163550,Captain Tsubasa: Rise of New Champions,TAMSOFT CORPORATION,BANDAI NAMCO Entertainment,"Action, Casual, RPG, Sports",Anime;Sports;Football (Soccer);RPG;Multiplayer;Action;Casual;Character Customization;Funny;Competitive;Singleplayer;Arcade;Co-op;PvP;Online Co-Op;4 Player Local;Story Rich;Management;Fighting;Trading Card Game,4,20,9.59,59.99,84.0,0,4058,1705,5763,0.7041,1,"200,000 .. 500,000",200000,500000,350000,0,0,0,95
354240,"Please, Don’t Touch Anything",Four Quarters,ForwardXP,"Casual, Indie",Puzzle;Indie;Pixel Graphics;Point & Click;Singleplayer;Multiple Endings;Illuminati;Great Soundtrack;Casual;Difficult;2D;Hidden Object;Horror;Funny;Short;Psychological Horror;Choices Matter;Memes;VR,2,19,4.99,4.99,0.0,0,4684,607,5291,0.8853,1,"200,000 .. 500,000",200000,500000,350000,0,0,0,7
632300,Hobo: Tough Life,Perun Creative,Perun Creative,"Adventure, Indie, RPG, Simulation",Survival;Open World;Multiplayer;Base-Building;RPG;First-Person;Crafting;Story Rich;Simulation;Sandbox;Realistic;Co-op;Online Co-Op;3D;Adventure;Conversation;Atmospheric;Action;Heist;Interactive Fiction,4,20,29.99,29.99,0.0,0,7456,1397,8853,0.8422,1,"200,000 .. 500,000",200000,500000,350000,0,0,0,179
589590,Kindergarten,"Con Man Games, Sean Young",SmashGames,"Adventure, Indie",Funny;Gore;Pixel Graphics;Singleplayer;Violent;Dark Humor;Puzzle;Adventure;Choices Matter;Indie;Blood;Dark Comedy;Strategy;Story Rich;Mystery;Horror;Difficult;Memes;Psychological Horror;Early Access,2,20,4.99,4.99,0.0,0,8518,299,8817,0.9661,1,"200,000 .. 500,000",200000,500000,350000,0,0,0,121
292140,FINAL FANTASY XIII-2,Square Enix,Square Enix,RPG,JRPG;RPG;Fantasy;Female Protagonist;Singleplayer;Great Soundtrack;Story Rich;Time Travel;Adventure;Anime;Sci-fi;Action;Third Person;Open World;Cinematic;Action RPG;Turn-Based;Atmospheric;Linear;Turn-Based Combat,1,20,19.99,19.99,0.0,0,3378,2370,5748,0.5877,0,"200,000 .. 500,000",200000,500000,350000,0,0,0,54
1108370,Ratropolis,Cassel Games,Cassel Games,"Casual, Indie, Simulation, Strategy",2D;Deckbuilding;Card Battler;Rogue-lite;Strategy;Singleplayer;Card Game;Simulation;Replay Value;Real Time Tactics;Fantasy;Rogue-like;Difficult;Casual;Survival;Roguelike Deckbuilder;Mouse only;Tower Defense;Indie;City Builder,4,20,17.99,17.99,0.0,0,4759,629,5388,0.8833,1,"200,000 .. 500,000",200000,500000,350000,0,0,0,36
241600,Rogue Legacy,Cellar Door Games,Cellar Door Games,"Action, Adventure, Indie, RPG",Roguevania;Platformer;Rogue-like;Indie;Action Roguelike;Action;Singleplayer;2D;Metroidvania;RPG;Rogue-lite;Pixel Graphics;Side Scroller;Fantasy;Controller;Addictive;Adventure;Medieval;Exploration;Arcade,4,20,14.99,14.99,0.0,0,17124,1353,18477,0.9268,1,"200,000 .. 500,000",200000,500000,350000,0,0,0,36
1109570,Word Game,Team9,"Team9, indienova","Adventure, Indie, RPG, Strategy",Exploration;Puzzle;Choose Your Own Adventure;Strategy;2D;RPG;Dragons;JRPG;Story Rich;Multiple Endings;Noir;Narration;Linear;Pixel Graphics;Minimalist;Stylized;Logic;Magic;Atmospheric;Adventure,4,20,34.99,34.99,0.0,0,5609,363,5972,0.9392,1,"200,000 .. 500,000",200000,500000,350000,0,0,0,12
575640,Zup! 3,Quiet River,Quiet River,"Casual, Indie",Puzzle;Casual;Indie;Fast-Paced;2D;Physics;Short;Relaxing;Minimalist;Puzzle-Platformer;Point & Click;Singleplayer;Cute;Strategy;Action;Sandbox;Free to Play;Funny;Zombies;Co-op,2,20,1.99,1.99,0.0,0,4678,517,5195,0.9005,1,"200,000 .. 500,000",200000,500000,350000,0,0,0,0
1239690,Retrowave,RewindApp,RewindApp,"Action, Casual, Indie, Racing, Simulation",Racing;1980s;Indie;Casual;Retro;Simulation;Action;Music;Relaxing;Cyberpunk;1990's;Great Soundtrack;Psychedelic;Singleplayer;Arcade;Futuristic;Runner;Surreal;Atmospheric;Addictive,5,20,2.99,2.99,0.0,0,14516,691,15207,0.9546,1,"200,000 .. 500,000",200000,500000,350000,0,0,0,18
532110,Rusty Lake: Roots,Rusty Lake,Rusty Lake,"Adventure, Indie",Puzzle;Point & Click;Indie;Adventure;Psychological Horror;Horror;Story Rich;Singleplayer;Atmospheric;Hidden Object;2D;Mystery;Dark;Surreal;Escape Room;Gore;Hand-drawn;Casual;Immersive;Lovecraftian,2,20,3.99,3.99,0.0,0,7484,259,7743,0.9666,1,"200,000 .. 500,000",200000,500000,350000,0,0,0,114
1432050,Nobody Saves the World,Drinkbox Studios,Drinkbox Studios,"Action, Adventure, Indie, RPG",Singleplayer;Indie;Co-op;Multiplayer;Action;Hack and Slash;Adventure;Dungeon Crawler;2D;Local Co-Op;RPG;Fantasy;Action RPG;Colorful;Action-Adventure;Exploration;Funny;Procedural Generation;Soundtrack;Hand-drawn,4,20,7.49,24.99,70.0,0,5623,546,6169,0.9115,1,"200,000 .. 500,000",200000,500000,350000,0,0,0,27
1963370,No One Survived,Cat Play Studio,Cat Play Studio,"Adventure, Indie, RPG",Survival;Open World;Zombies;Multiplayer;Crafting;Survival Horror;Post-apocalyptic;Exploration;Building;Co-op;Third Person;Singleplayer;Adventure;Online Co-Op;3D;Sandbox;First-Person;RPG;Gore;Early Access,3,20,16.99,16.99,0.0,0,4668,2376,7044,0.6627,0,"200,000 .. 500,000",200000,500000,350000,0,0,0,175
742120,DRAGON QUEST XI: Echoes of an Elusive Age - Digital Edition of Light,Square Enix,Square Enix,RPG,JRPG;RPG;Turn-Based Combat;Singleplayer;Fantasy;Anime;Story Rich;Adventure;Turn-Based;Open World;Great Soundtrack;Action;Colorful;Funny;Cartoony;Character Customization;Third Person;Dragons;Crafting;Party-Based RPG,1,20,0.0,0.0,0.0,1,7614,1271,8885,0.8569,1,"200,000 .. 500,000",200000,500000,350000,0,0,0,38
1372110,JoJo's Bizarre Adventure: All-Star Battle R,CyberConnect2 Co. Ltd.,Bandai Namco Entertainment,Action,Anime;Action;Fighting;PvP;Multiplayer;2D Fighter;3D Fighter;Memes;Great Soundtrack;2D;3D;Violent;Colorful;Story Rich;2.5D;Local Co-Op;2D Platformer;Arcade;Controller;Nudity,1,20,49.99,49.99,0.0,0,10640,1311,11951,0.8903,1,"200,000 .. 500,000",200000,500000,350000,0,0,0,357
342560,Airships: Conquer the Skies,David Stark,David Stark,"Action, Indie, Strategy",Vehicular Combat;4X;War;Moddable;Wargame;Building;Alternate History;PvP;Military;Grand Strategy;Naval Combat;Real-Time;Multiplayer;Tanks;Competitive;RTS;Mechs;2D;Steampunk;Strategy,3,20,18.74,24.99,25.0,0,5706,241,5947,0.9595,1,"200,000 .. 500,000",200000,500000,350000,0,0,0,68
1097430,Book of Yog Idle RPG,元气工作室,元气工作室,"Action, Adventure, Casual, Indie, Massively Multiplayer, RPG, Strategy, Free To Play",Adventure;Massively Multiplayer;Nudity;Action-Adventure;Singleplayer;Action RPG;Action;Female Protagonist;Story Rich;Rogue-like;Multiplayer;Auto Battler;Casual;Indie;Sexual Content;Hack and Slash;Strategy;Loot;Free to Play;Idler,8,20,0.0,0.0,0.0,1,4733,2650,7383,0.6411,0,"200,000 .. 500,000",200000,500000,350000,0,0,0,647
1176470,Terra Invicta,Pavonis Interactive,Hooded Horse,"Simulation, Strategy",Strategy;Simulation;Grand Strategy;4X;Historical;War;Military;Management;Sandbox;Wargame;Moddable;Diplomacy;Economy;Real-Time with Pause;Singleplayer;Alternate History;Replay Value;RTS;Tactical;Early Access,2,20,39.99,39.99,0.0,0,5257,1303,6560,0.8014,1,"200,000 .. 500,000",200000,500000,350000,0,0,0,697
2677660,Indiana Jones and the Great Circle,MachineGames,Bethesda Softworks,"Action, Adventure",Action-Adventure;First-Person;Story Rich;Puzzle;Singleplayer;Adventure;Exploration;Stealth;Historical;Action;World War II;Open World;Investigation;3D Platformer;Platformer;Realistic;3D;Immersive Sim;Political;Politics,2,20,69.99,69.99,0.0,0,12787,1322,14109,0.9063,1,"200,000 .. 500,000",200000,500000,350000,0,0,0,274
924980,Trials of Mana,Square Enix,Square Enix,RPG,RPG;JRPG;Anime;Action RPG;Remake;Singleplayer;Adventure;Fantasy;Action;Hack and Slash;Great Soundtrack;Story Rich;Female Protagonist;Character Customization;Classic;Party-Based RPG;Cute;Third Person;Open World,1,19,49.99,49.99,0.0,0,5002,448,5450,0.9178,1,"200,000 .. 500,000",200000,500000,350000,0,0,0,30
2795000,The WereCleaner,Howlin' Hugs,USC Games,"Action, Casual, Indie, Strategy, Free To Play",Stealth;Casual;Cartoony;Dark Humor;Strategy;Cute;Arcade;Singleplayer;Tactical;Free to Play;Retro;Action-Adventure;Colorful;Werewolves;3D;Comedy;Top-Down;Indie;Action;Controller,5,20,0.0,0.0,0.0,1,10062,57,10119,0.9944,1,"200,000 .. 500,000",200000,500000,350000,0,0,0,33
829110,LEGO DC Super-Villains,"TT Games, Feral Interactive (Mac)","Warner Bros. Interactive Entertainment, Feral Interactive (Mac)","Action, Adventure",LEGO;Action;Adventure;Villain Protagonist;Open World;Superhero;Multiplayer;Local Co-Op;Character Customization;Co-op;Funny;Family Friendly;Comic Book;Singleplayer;Split Screen;Local Multiplayer;Controller;Comedy,2,18,39.99,39.99,0.0,0,6299,589,6888,0.9145,1,"200,000 .. 500,000",200000,500000,350000,0,0,0,85
1102130,Florence,Mountains,Annapurna Interactive,"Adventure, Casual, Indie",Indie;Casual;Adventure;Romance;Story Rich;Cute;Female Protagonist;Singleplayer;Drama;Music;Interactive Fiction;Visual Novel;Short;Stylized;Narrative;Family Friendly;Point & Click;2D;Colorful;Dating Sim,3,20,5.99,5.99,0.0,0,13301,936,14237,0.9343,1,"200,000 .. 500,000",200000,500000,350000,0,0,0,10
820520,Deceive Inc.,Sweet Bandits Studios,Tripwire Presents,"Action, Indie, Strategy",Social Deduction;Heist;Battle Royale;Hero Shooter;Extraction Shooter;PvP;PvE;Shooter;First-Person;Female Protagonist;Strategy;Detective;Investigation;Team-Based;Colorful;Stylized;Assassin;Stealth;Asynchronous Multiplayer;Action,3,20,19.99,19.99,0.0,0,6236,1392,7628,0.8175,1,"200,000 .. 500,000",200000,500000,350000,0,0,0,7
1272160,The Life and Suffering of Sir Brante,"Sever, Schisma Games",101XP,"Adventure, Indie, RPG, Simulation, Strategy",Choices Matter;Story Rich;RPG;Interactive Fiction;Choose Your Own Adventure;Visual Novel;Text-Based;Indie;Medieval;Adventure;Singleplayer;Simulation;Atmospheric;Replay Value;Dark Fantasy;Strategy;Violent;Management;2D;Tabletop,5,20,19.99,19.99,0.0,0,7790,829,8619,0.9038,1,"200,000 .. 500,000",200000,500000,350000,0,0,0,40
1473350,(the) Gnorp Apologue,Myco,(Myco),"Casual, Indie, Simulation, Strategy",Clicker;Idler;Strategy;Building;Rogue-lite;Economy;Management;Cute;Mining;2D;Casual;Rogue-like;Pixel Graphics;Simulation;Colorful;Minimalist;Resource Management;Indie;Singleplayer;Experimental,4,20,6.99,6.99,0.0,0,7849,294,8143,0.9639,1,"200,000 .. 500,000",200000,500000,350000,0,0,0,289
1520370,Mon Bazou,Santa Goat,Santa Goat,"Adventure, Casual, Indie, Racing, Simulation",Early Access;Automobile Sim;Driving;Sandbox;Racing;Life Sim;Choose Your Own Adventure;Exploration;Building;Open World;Crafting;First-Person;Physics;3D;ATV;Motorbike;Relaxing;Third Person;Snow;Casual,5,20,15.99,15.99,0.0,0,15939,425,16364,0.974,1,"200,000 .. 500,000",200000,500000,350000,0,0,0,275
2909110,Nuclear Nightmare,BG Productions,BG Productions,"Action, Adventure, Indie, Early Access",Online Co-Op;Survival Horror;Horror;Co-op;First-Person;Psychological Horror;Exploration;Atmospheric;Open World;Sci-fi;Funny;PvE;Adventure;Aliens;Multiplayer;Action;Early Access;Action-Adventure;Perma Death;Procedural Generation,4,20,6.99,6.99,0.0,0,9469,2035,11504,0.8231,1,"200,000 .. 500,000",200000,500000,350000,0,0,0,305
1911610,Windblown,Motion Twin,"Motion Twin, Kepler Ghost","Action, Indie, Early Access",Early Access;Action Roguelike;Hack and Slash;Action;Indie;Rogue-like;Souls-like;Isometric;Multiplayer;Rogue-lite;Difficult;Fast-Paced;Replay Value;Roguevania;Top-Down;Perma Death;Co-op;Dungeon Crawler;Team-Based;Character Customization,3,20,17.49,24.99,30.0,0,7610,843,8453,0.9003,1,"200,000 .. 500,000",200000,500000,350000,0,0,0,231
1406990,NEKOPARA Vol. 4,NEKO WORKs,Sekai Project,"Adventure, Casual, Indie",Sexual Content;Hentai;Anime;Visual Novel;Nudity;First-Person;Cute;Mature;Story Rich;Singleplayer;Dating Sim;Casual;2D;Colorful;Adventure;Comedy;Hand-drawn;Choices Matter;Souls-like;Indie,3,20,9.99,9.99,0.0,0,8392,227,8619,0.9737,1,"200,000 .. 500,000",200000,500000,350000,0,0,0,27
744190,Rusty Lake Paradise,Rusty Lake,Rusty Lake,"Adventure, Indie",Puzzle;Point & Click;Indie;Adventure;Psychological Horror;Horror;Atmospheric;Singleplayer;Mystery;2D;Story Rich;Escape Room;Surreal;Hand-drawn;Dark;Hidden Object;Gore;Exploration;Psychedelic,2,19,3.99,3.99,0.0,0,5582,266,5848,0.9545,1,"200,000 .. 500,000",200000,500000,350000,0,0,0,111
250520,UnderRail,Stygian Software,Stygian Software,"Indie, RPG",RPG;Post-apocalyptic;Isometric;Turn-Based;CRPG;Turn-Based Combat;Indie;Singleplayer;Sci-fi;Open World;Atmospheric;Crafting;Old School;Cyberpunk;Difficult;Pixel Graphics;Adventure;Exploration;2D;Sandbox,2,20,14.99,14.99,0.0,0,5614,823,6437,0.8721,1,"200,000 .. 500,000",200000,500000,350000,0,0,0,135
674500,Total Tank Simulator,Noobz from Poland,505 Games,"Action, Indie, Simulation, Strategy",Strategy;Simulation;Action;Sandbox;World War II;Indie;Tanks;War;Singleplayer;Physics;Realistic;FPS;First-Person;Funny;Casual;Multiplayer;Third Person;Difficult;Comedy;Adventure,4,20,19.99,19.99,0.0,0,6399,1710,8109,0.7891,1,"200,000 .. 500,000",200000,500000,350000,0,0,0,44
496460,Life is Feudal: Forest Village,Mindillusion,Bitbox Ltd.,"Indie, Simulation, Strategy",City Builder;Colony Sim;Strategy;Resource Management;Medieval;Simulation;Survival;Building;Open World;Singleplayer;Sandbox;Indie;Crafting;Multiplayer;Management;Early Access;Base-Building;Co-op;First-Person,3,19,24.99,24.99,0.0,0,3904,1986,5890,0.6628,0,"200,000 .. 500,000",200000,500000,350000,0,0,0,38
428660,Deliver Us The Moon,KeokeN Interactive,Wired Productions,"Action, Adventure, Indie",Adventure;Indie;Action;Space;Sci-fi;Singleplayer;Atmospheric;Story Rich;Puzzle;Mystery;Space Sim;Exploration;Drama;Simulation;Short;Action-Adventure;Walking Simulator;Survival;Third Person;First-Person,3,20,24.99,24.99,0.0,0,7421,956,8377,0.8859,1,"200,000 .. 500,000",200000,500000,350000,0,0,0,10
1150080,Azur Lane Crosswave,"IDEA FACTORY, COMPILE HEART, FELISTELLA",Idea Factory International,"Action, Adventure, RPG",RPG;Action;Anime;Adventure;Sexual Content;Visual Novel;Female Protagonist;Cute;Nudity;JRPG;Singleplayer;Naval;World War II;Third-Person Shooter;Military;FPS;Shooter;Naval Combat;Hentai;Mature,3,20,39.99,39.99,0.0,0,5073,2277,7350,0.6902,0,"200,000 .. 500,000",200000,500000,350000,0,0,0,5
1202130,Starship Troopers: Terran Command,The Artistocrats,Slitherine Ltd.,Strategy,Strategy;RTS;Singleplayer;Military;Tactical;War;Sci-fi;Real-Time;Resource Management;Wargame;Aliens;Replay Value;Artificial Intelligence;Great Soundtrack;Tower Defense;Gore;Villain Protagonist;Simulation;Real Time Tactics;Action,1,20,29.99,29.99,0.0,0,9461,1323,10784,0.8773,1,"200,000 .. 500,000",200000,500000,350000,0,0,0,162
1746030,Murders on the Yangtze River,OMEGAMES STUDIO,"OMEGAMES STUDIO, NPC Entertainment","Adventure, Indie, RPG",Detective;Adventure;Puzzle;Story Rich;Indie;Exploration;Mystery;Drama;Puzzle-Platformer;Investigation;Logic;Historical;Lore-Rich;RPG;Singleplayer;Text-Based;Old School;2D;First-Person;Colorful,3,20,14.99,14.99,0.0,0,17698,494,18192,0.9728,1,"200,000 .. 500,000",200000,500000,350000,0,0,0,97
893850,THE LONGING,Studio Seufz,Application Systems Heidelberg,"Adventure, Indie, RPG",Point & Click;Walking Simulator;Choose Your Own Adventure;Idler;2D;Underground;Multiple Endings;Exploration;Atmospheric;Choices Matter;Hand-drawn;Story Rich;RPG;Puzzle;Singleplayer;Mystery;Dark;Adventure;Indie;Experimental,3,20,10.49,14.99,30.0,0,6266,522,6788,0.9231,1,"200,000 .. 500,000",200000,500000,350000,0,0,0,49
1674170,Sprocket,Hamish Dunn,Hamish Dunn,"Action, Indie, Simulation, Early Access",Early Access;Sandbox;Building;Military;War;Vehicular Combat;Wargame;World War II;Third-Person Shooter;World War I;Physics;Cold War;PvE;3D;Character Customization;Gun Customization;Third Person;Alternate History;Tanks;Action,4,20,19.99,19.99,0.0,0,9979,666,10645,0.9374,1,"200,000 .. 500,000",200000,500000,350000,0,0,0,237
1361320,The Room 4: Old Sins,Fireproof Games,Fireproof Games,Adventure,Puzzle;Mystery;Point & Click;Adventure;Lovecraftian;Hidden Object;Singleplayer;Escape Room;Story Rich;Horror;Exploration;First-Person;3D;Atmospheric;Indie;Multiplayer;Casual;VR,1,18,8.99,8.99,0.0,0,16047,230,16277,0.9859,1,"200,000 .. 500,000",200000,500000,350000,0,0,0,30
356650,Death's Gambit: Afterlife,White Rabbit,Serenity Forge,"Action, Adventure, Indie, RPG",Souls-like;Metroidvania;RPG;Pixel Graphics;Dark Fantasy;Action;2D;Indie;Adventure;Platformer;Difficult;Action RPG;Singleplayer;Side Scroller;Atmospheric;Great Soundtrack;Fantasy;Story Rich;Replay Value;Controller,4,20,19.99,19.99,0.0,0,4299,974,5273,0.8153,1,"200,000 .. 500,000",200000,500000,350000,0,0,0,18
228400,Ace Combat Assault Horizon - Enhanced Edition,NAMCO,BANDAI NAMCO Entertainment,"Action, Simulation",Action;Flight;Simulation;Military;Arcade;Quick-Time Events;Cinematic;Multiplayer;Controller;Shooter;Great Soundtrack;Co-op;War;On-Rails Shooter;Singleplayer;Casual;Jet,2,17,0.0,0.0,0.0,1,3017,2189,5206,0.5795,0,"200,000 .. 500,000",200000,500000,350000,0,0,0,1
1369670,Motor Town: Behind The Wheel,P3 Games,P3 Games,"Adventure, Casual, Indie, Racing, Simulation, Early Access",Early Access;Open World;Driving;Automobile Sim;Transportation;Simulation;Relaxing;Economy;Realistic;Immersive Sim;Exploration;Multiplayer;Racing;Atmospheric;Management;Time Attack;Controller;3D;Singleplayer;Casual,6,20,19.99,19.99,0.0,0,5915,362,6277,0.9423,1,"200,000 .. 500,000",200000,500000,350000,0,0,0,844
428550,Momodora: Reverie Under The Moonlight,Bombservice,PLAYISM,"Action, Adventure, Indie",Metroidvania;2D Platformer;Side Scroller;Exploration;Pixel Graphics;Female Protagonist;Souls-like;Spectacle fighter;2D;Difficult;Cute;Platformer;Action;Controller;Anime;Colorful;Fantasy;Dark Fantasy;Magic;Atmospheric,3,20,9.99,9.99,0.0,0,10506,742,11248,0.934,1,"200,000 .. 500,000",200000,500000,350000,0,0,0,5
1606180,下一站江湖Ⅱ,白玉京工作室,白玉京工作室,"Action, Adventure, Indie, RPG, Strategy",Singleplayer;Open World;RPG;War;Hack and Slash;Colony Sim;City Builder;Combat;Sandbox;Survival;Multiple Endings;Exploration;Adventure;Story Rich;Martial Arts;Indie;3D;Action RTS;Strategy;Action,5,20,24.99,24.99,0.0,0,6219,2155,8374,0.7427,1,"200,000 .. 500,000",200000,500000,350000,0,0,0,170
307880,Savage Lands,Last Bastion Studios LLC,Last Bastion Studios LLC,"Action, Adventure, Indie, RPG, Simulation",Open World Survival Craft;Survival;Open World;Online Co-Op;Multiplayer;Crafting;Fantasy;Dragons;RPG;Action;Sandbox;Dark;Indie;Simulation;First-Person;Singleplayer;Atmospheric;PvE;FPS;Adventure,5,20,1.99,3.99,50.0,0,3651,3035,6686,0.5461,0,"200,000 .. 500,000",200000,500000,350000,0,0,0,2
1324780,Easy Red 2,Marco Amadei,Corvostudio di Amadei Marco,"Action, Indie, Simulation, Strategy",World War II;Action;Singleplayer;FPS;Simulation;Multiplayer;Strategy;Indie;War;Gore;Violent;Shooter;Sandbox;Realistic;Wargame;Atmospheric;Historical;Team-Based;Immersive Sim;First-Person,4,20,8.99,8.99,0.0,0,7601,793,8394,0.9055,1,"200,000 .. 500,000",200000,500000,350000,0,0,0,346
1557990,Retail Royale,DarxDev,DarxDev,"Action, Massively Multiplayer, Strategy",Battle Royale;PvP;FPS;Shooter;First-Person;Character Customization;Multiplayer;Funny;Free to Play;Strategy;Action;Team-Based;Crafting;Colorful;Tactical;Physics;Combat;Memes;Co-op;Massively Multiplayer,3,20,4.99,4.99,0.0,0,4192,1268,5460,0.7678,1,"200,000 .. 500,000",200000,500000,350000,0,0,0,4
824600,HROT,Spytihněv,Spytihněv,"Action, Indie",Retro;FPS;Shooter;Boomer Shooter;Indie;First-Person;Action;Singleplayer;Old School;Gore;Violent;Dark;Horror;Atmospheric;1980s;Alternate History;Blood;Horses;Driving;Vehicular Combat,2,20,19.99,19.99,0.0,0,5464,167,5631,0.9703,1,"200,000 .. 500,000",200000,500000,350000,0,0,0,28
544550,Stationeers,RocketWerkz,RocketWerkz,"Action, Indie, Simulation, Early Access",Early Access;Space;Base-Building;Science;Automation;Survival;Colony Sim;Building;Sci-fi;Physics;Open World Survival Craft;Sandbox;Management;Agriculture;Multiplayer;Co-op;Crafting;Open World;Mining;Mars,4,20,26.24,34.99,25.0,0,6040,1026,7066,0.8548,1,"200,000 .. 500,000",200000,500000,350000,0,0,0,232
352720,The Universim,Crytivo,Crytivo,"Indie, Simulation, Strategy",City Builder;God Game;Colony Sim;Sandbox;Building;Casual;Survival;Management;Strategy;Space;Simulation;Procedural Generation;Colorful;Sci-fi;Resource Management;Singleplayer;Aliens;Open World;Real-Time with Pause;Exploration,3,20,29.99,29.99,0.0,0,8207,1930,10137,0.8096,1,"200,000 .. 500,000",200000,500000,350000,0,0,0,87
324080,Rising World,JIW-Games,JIW-Games,"Action, Adventure, Indie, RPG, Early Access",Open World Survival Craft;Mining;Relaxing;Building;Voxel;Base-Building;Sandbox;Crafting;Exploration;Survival;Adventure;Atmospheric;Singleplayer;Multiplayer;Co-op;Hunting;Procedural Generation;PvE;Indie;Early Access,5,20,11.24,14.99,25.0,0,4522,813,5335,0.8476,1,"200,000 .. 500,000",200000,500000,350000,0,0,0,70
1942660,WWE 2K23,Visual Concepts,2K,"Simulation, Sports",Sports;Simulation;Wrestling;Multiplayer;PvP;Co-op;Controller;Singleplayer;Local Multiplayer;Local Co-Op;Casual;3D Fighter;Character Customization;3D;Realistic;4 Player Local;Fighting;Online Co-Op,2,18,0.0,0.0,0.0,1,5879,1644,7523,0.7815,1,"200,000 .. 500,000",200000,500000,350000,0,0,0,72
352520,The Silent Age,House On Fire,Unknown,"Adventure, Casual, Indie",Point & Click;Side Scroller;Adventure;Psychological Horror;Story Rich;Alternate History;Puzzle;Detective;Sci-fi;Singleplayer;Exploration;2D;Choices Matter;Linear;Time Manipulation;Narration;Post-apocalyptic;Hidden Object;Stylized;Casual,3,20,9.99,9.99,0.0,0,6604,477,7081,0.9326,1,"200,000 .. 500,000",200000,500000,350000,0,0,0,2
803050,Per Aspera,Tlön Industries,Raw Fury,"Indie, Simulation, Strategy",Online Co-Op;Real-Time;Management;Strategy;Automation;Base-Building;City Builder;Moddable;Colony Sim;Resource Management;Building;Robots;Simulation;Multiplayer;Sandbox;Mars;Survival;Sci-fi;Space;Science,3,20,29.99,29.99,0.0,0,4163,1321,5484,0.7591,1,"200,000 .. 500,000",200000,500000,350000,0,0,0,68
577940,Killer Instinct,Iron Galaxy Studios,Xbox Game Studios,"Action, Free To Play",Fighting;Action;Multiplayer;2D Fighter;Great Soundtrack;Arcade;Free to Play;Singleplayer;Competitive;Local Multiplayer;2.5D;Controller;Gore;Character Customization;PvP;Beat 'em up;Classic;Adventure;Horror;Female Protagonist,2,20,0.0,0.0,0.0,1,4559,678,5237,0.8705,1,"200,000 .. 500,000",200000,500000,350000,0,0,0,40
404680,Hob,Runic Games,Arc Games,"Action, Adventure, Indie",Adventure;Action;Singleplayer;Indie;Puzzle;Platformer;Exploration;Open World;Puzzle-Platformer;Metroidvania;3D Platformer;Atmospheric;Controller;Action-Adventure;RPG;Hack and Slash;Great Soundtrack;Colorful;Action RPG;Fantasy,3,20,19.99,19.99,0.0,0,4632,611,5243,0.8835,1,"200,000 .. 500,000",200000,500000,350000,0,0,0,9
2634950,Tokyo Xtreme Racer,"Genki Co., Ltd.","Genki Co., Ltd.","Racing, RPG",Racing;Driving;3D;Controller;Automobile Sim;Singleplayer;Early Access;Arcade;Vehicular Combat;Open World;Combat Racing;RPG;Great Soundtrack;3D Platformer;Multiplayer,2,15,29.99,49.99,40.0,0,10676,554,11230,0.9507,1,"200,000 .. 500,000",200000,500000,350000,0,0,0,193
1069660,Ultimate Admiral: Dreadnoughts,Game-Labs,Game-Labs,"Indie, RPG, Simulation, Strategy",Naval Combat;Naval;World War I;Grand Strategy;Wargame;World War II;Military;Building;Turn-Based Strategy;Simulation;Strategy RPG;Historical;War;RTS;Sandbox;Submarine;Realistic;RPG;Economy;Real Time Tactics,4,20,34.99,34.99,0.0,0,4515,2654,7169,0.6298,0,"200,000 .. 500,000",200000,500000,350000,0,0,0,521
938560,INMOST,Hidden Layer Games,Chucklefish,"Adventure, Indie",Indie;Pixel Graphics;Adventure;Story Rich;Exploration;Thriller;Atmospheric;Psychological;Puzzle-Platformer;Dark;Psychological Horror;Singleplayer;Platformer;Emotional;Mystery;Horror;Puzzle;2D Platformer;Action;Cinematic,2,20,14.99,14.99,0.0,0,6083,597,6680,0.9106,1,"200,000 .. 500,000",200000,500000,350000,0,0,0,4
559210,Rakuen,Laura Shigihara,Laura Shigihara,,Story Rich;Emotional;Puzzle;Cute;JRPG;Pixel Graphics;RPG;Adventure;Anime;Fantasy;Funny;Colorful;Family Friendly;RPGMaker;Psychological Horror;Singleplayer;Indie;Point & Click;2D;Horror,0,20,14.99,14.99,0.0,0,5629,219,5848,0.9626,1,"200,000 .. 500,000",200000,500000,350000,0,0,0,0
768200,Smalland: Survive the Wilds,Max Ent Games Ltd,Max Ent Games Ltd,"Action, Adventure, Indie, RPG",Survival;Multiplayer;Open World Survival Craft;Base-Building;Online Co-Op;Open World;Building;Crafting;Co-op;Exploration;Singleplayer;Sandbox;Adventure;RPG;Character Customization;Action-Adventure;Third Person;First-Person;City Builder;Action,4,20,34.99,34.99,0.0,0,6985,1454,8439,0.8277,1,"200,000 .. 500,000",200000,500000,350000,0,0,0,338
1680880,Forspoken,Square Enix,Square Enix,"Action, Adventure, RPG",Open World;Female Protagonist;Exploration;Parkour;RPG;Magic;Action RPG;Action;Fantasy;Adventure;Lore-Rich;Story Rich;Singleplayer;Atmospheric;Dark;Cinematic;Mature;Violent;Psychological Horror;LGBTQ+,3,20,69.99,69.99,0.0,0,5045,3061,8106,0.6224,0,"200,000 .. 500,000",200000,500000,350000,0,0,0,12
432350,Epic Battle Fantasy 5,Matt Roszak,Matt Roszak,"Adventure, RPG, Strategy",JRPG;Funny;Turn-Based;Indie;Adventure;Creature Collector;Comedy;RPG;Turn-Based Combat;Strategy;Singleplayer;2D;Fantasy;Parody;Anime;Cats;Cute;Sexual Content;Story Rich;Colorful,3,20,24.99,24.99,0.0,0,5528,75,5603,0.9866,1,"200,000 .. 500,000",200000,500000,350000,0,0,0,69
256190,Enemy Front,CI Games,CI Games,Action,Action;FPS;World War II;Shooter;Singleplayer;Multiplayer;War;Stealth;First-Person;Open World;Military;Adventure;Simulation;Atmospheric;Historical;Tactical;Survival;Co-op;Gore;Great Soundtrack,1,20,19.99,19.99,0.0,0,3599,1837,5436,0.6621,0,"200,000 .. 500,000",200000,500000,350000,0,0,0,5
232810,Godus,22cans,22cans Ltd.,"Indie, Simulation, Strategy, Early Access",God Game;Strategy;Simulation;Indie;Kickstarter;Early Access;Sandbox;Casual;Singleplayer;Open World;Multiplayer;Crowdfunded;City Builder;Management;Adventure;Addictive;Psychological Horror,4,17,0.0,0.0,0.0,1,1803,5438,7241,0.249,0,"200,000 .. 500,000",200000,500000,350000,0,0,0,1
1507580,Enigma of Fear,"Dumativa, Cellbit","Dumativa, CriticalLeap","Action, Adventure, Indie",Mystery;Investigation;Supernatural;Detective;Survival Horror;Pixel Graphics;Puzzle;2D;Female Protagonist;Dog;Story Rich;Open World;Exploration;Multiple Endings;Psychological Horror;Hand-drawn;Isometric;Combat;Time Travel;Music-Based Procedural Generation,3,20,29.99,29.99,0.0,0,8803,290,9093,0.9681,1,"200,000 .. 500,000",200000,500000,350000,0,0,0,43
331870,AER Memories of Old,Forgotten Key,Daedalic Entertainment,"Adventure, Indie",Adventure;Exploration;Indie;Relaxing;Open World;Atmospheric;Female Protagonist;Flight;Singleplayer;Great Soundtrack;Third Person;Experience;Puzzle;Nature;Colorful;Story Rich;Casual;3D Platformer;Narration;Walking Simulator,2,20,1.49,14.99,90.0,0,6323,1054,7377,0.8571,1,"200,000 .. 500,000",200000,500000,350000,0,0,0,2
2407270,AI LIMIT,Sense Games,CE-Asia,"Action, Adventure, Indie, RPG",Souls-like;Female Protagonist;Anime;Action RPG;Combat;Post-apocalyptic;Action;Adventure;RPG;Action-Adventure;3D;Dungeon Crawler;Drama;Singleplayer;Dystopian;Fantasy;Cute;Indie;Hack and Slash;Sexual Content,4,20,22.74,34.99,35.0,0,20512,1513,22025,0.9313,1,"200,000 .. 500,000",200000,500000,350000,0,0,0,922
1266840,The Last Stand: Aftermath,Con Artist Games,Armor Games Studios,"Action, Adventure, Indie",Zombies;Survival;Post-apocalyptic;Top-Down Shooter;Rogue-lite;Shooter;Singleplayer;Action Roguelike;Top-Down;Adventure;Action;Perma Death;Atmospheric;Violent;Replay Value;Procedural Generation;Dark;Crafting;3D;Action RPG,3,20,6.99,24.99,72.0,0,4962,1167,6129,0.8096,1,"200,000 .. 500,000",200000,500000,350000,0,0,0,112
2276930,Chillquarium,Ben Reber,Ben Reber,"Casual, Simulation",Creature Collector;Idler;Simulation;Relaxing;Fishing;Casual;Economy;Clicker;Capitalism;Cute;Cozy;Underwater;Collectathon;Colorful;Nature;Atmospheric;2D;Family Friendly;Pixel Graphics;Resource Management,2,20,5.99,5.99,0.0,0,6474,498,6972,0.9286,1,"200,000 .. 500,000",200000,500000,350000,0,0,0,1163
1996010,Crow Country,SFB Games,SFB Games,"Action, Indie",Survival Horror;Exploration;Female Protagonist;1990's;Third-Person Shooter;Horror;Action;Psychological Horror;Retro;Indie;Third Person;Old School;Story Rich;Stylized;Singleplayer;Gore;Supernatural;Violent;Puzzle;RPG,2,20,19.99,19.99,0.0,0,5295,89,5384,0.9835,1,"200,000 .. 500,000",200000,500000,350000,0,0,0,9
1274290,Kidnapped Girl,TroyHolman,TroyHolman,"Adventure, Casual, Indie, Simulation, Free To Play",Sexual Content;Free to Play;Visual Novel;Anime;Nudity;Mature;Simulation;Hentai;Indie;Romance;Casual;Adventure;Violent;Choices Matter;Cute;Multiple Endings;Story Rich;Great Soundtrack;Comedy;First-Person,5,20,0.0,0.0,0.0,1,5481,891,6372,0.8602,1,"200,000 .. 500,000",200000,500000,350000,0,0,0,1
1548850,Six Days in Fallujah,Highwire Games,Victura,"Action, Early Access",Early Access;Tactical;FPS;Realistic;Military;Co-op;Singleplayer;Survival Horror;War;Multiplayer;Shooter;Team-Based;Stealth;Simulation;Online Co-Op;First-Person;Horror;Wargame;Historical;PvE,2,20,39.99,39.99,0.0,0,12029,2598,14627,0.8224,1,"200,000 .. 500,000",200000,500000,350000,0,0,0,143
2676840,No Case Should Remain Unsolved,Somi,Somi,"Adventure, Indie",Interactive Fiction;Puzzle;Visual Novel;Investigation;Point & Click;Adventure;Story Rich;Female Protagonist;Pixel Graphics;Text-Based;Immersive Sim;Multiple Endings;2D;Detective;Anime;Emotional;Realistic;Drama;Choose Your Own Adventure;Cute,2,20,6.99,6.99,0.0,0,6931,219,7150,0.9694,1,"200,000 .. 500,000",200000,500000,350000,0,0,0,17
1621070,DeadPoly,TFL Games,TFL Games,"Action, Adventure, Casual, Indie, Massively Multiplayer, RPG, Early Access",Survival;Zombies;Open World;Open World Survival Craft;Multiplayer;Post-apocalyptic;Online Co-Op;Third-Person Shooter;Singleplayer;PvP;Loot;PvE;Action;Crafting;Sandbox;Base-Building;Building;Looter Shooter;Shooter;Early Access,7,20,9.99,9.99,0.0,0,4220,1219,5439,0.7759,1,"200,000 .. 500,000",200000,500000,350000,0,0,0,34
581630,Sword With Sauce,Diatomic Studios,Diatomic Studios,"Action, Casual",Action;Parkour;Stealth;First-Person;Ninja;Violent;FPS;Singleplayer;Blood;Gore;Shooter;Casual;Indie;Hack and Slash;Difficult;Early Access;Sandbox;Multiplayer;Strategy;Funny,2,20,4.99,4.99,0.0,0,5527,871,6398,0.8639,1,"200,000 .. 500,000",200000,500000,350000,0,0,0,12
1167450,DAEMON X MACHINA,Marvelous Inc.,"XSEED Games, Marvelous USA, Inc., Marvelous Europe",Action,Mechs;Action;Character Customization;Robots;Anime;Sci-fi;Singleplayer;Post-apocalyptic;Multiplayer;PvP;Third-Person Shooter;Great Soundtrack;Third Person;Cyberpunk;Co-op;Shooter;Epic;RPG,1,18,9.99,49.99,80.0,0,5517,858,6375,0.8654,1,"200,000 .. 500,000",200000,500000,350000,0,0,0,22
835960,The Talos Principle 2,Croteam,Devolver Digital,"Action, Adventure",Puzzle;Story Rich;First-Person;Philosophical;Sci-fi;Puzzle-Platformer;Exploration;Walking Simulator;3D Platformer;Third Person;Lore-Rich;Post-apocalyptic;3D;Action-Adventure;Logic;Linear;Realistic;Political;Science;Mystery,2,20,29.99,29.99,0.0,0,11357,540,11897,0.9546,1,"200,000 .. 500,000",200000,500000,350000,0,0,0,149
490110,The Precinct,Fallen Tree Games Ltd,Kwalee,"Action, Indie, Simulation",Detective;Crime;Sandbox;Open World;Top-Down Shooter;Singleplayer;Noir;Investigation;3D;Simulation;Procedural Generation;Arcade;Realistic;Heist;Action;Old School;Nonlinear;Immersive Sim;1980s;Driving,3,20,29.99,29.99,0.0,0,4444,746,5190,0.8563,1,"200,000 .. 500,000",200000,500000,350000,0,0,0,553
2132850,Rabbit and Steel,mino_dev,mino_dev,"Action, Adventure, Indie, RPG",Co-op;Bullet Hell;Action Roguelike;Cute;Anime;Rogue-like;2D;Difficult;Class-Based;Fantasy;Action;Loot;Adventure;Colorful;Magic;Combat;PvE;Local Co-Op;RPG;Cartoony,4,20,7.49,14.99,50.0,0,8474,237,8711,0.9728,1,"200,000 .. 500,000",200000,500000,350000,0,0,0,140
515220,F1 2017,"Codemasters, Feral Interactive (Mac), Feral Interactive (Linux)","Codemasters, Feral Interactive (Mac), Feral Interactive (Linux), Electronic Arts","Racing, Simulation, Sports",Racing;Automobile Sim;Sports;Simulation;Multiplayer;Driving;Realistic;Singleplayer;Co-op;Action;Strategy;First-Person;Controller;Free to Play,3,14,0.0,0.0,0.0,1,5194,754,5948,0.8732,1,"200,000 .. 500,000",200000,500000,350000,0,0,0,25
348550,GUILTY GEAR XX ACCENT CORE PLUS R,Arc System Works,Arc System Works,Action,Fighting;2D Fighter;Anime;Great Soundtrack;Action;Arcade;Local Multiplayer;Competitive;2D;e-sports;Multiplayer;Controller;Singleplayer;Difficult;Classic;PvP,1,16,14.99,14.99,0.0,0,6919,274,7193,0.9619,1,"200,000 .. 500,000",200000,500000,350000,0,0,0,99
594330,Visage,SadSquare Studio,SadSquare Studio,"Action, Adventure, Indie, Simulation",Horror;Psychological Horror;Survival Horror;Dark;Multiplayer;First-Person;Singleplayer;Atmospheric;Adventure;Indie;Violent;Exploration;Walking Simulator;Realistic;Surreal;Story Rich;Simulation;Early Access;Action;Experimental,4,20,34.99,34.99,0.0,0,8368,1453,9821,0.8521,1,"200,000 .. 500,000",200000,500000,350000,0,0,0,24
483980,Mad Father,sen,PLAYISM,"Adventure, Indie",RPGMaker;Horror;Psychological Horror;Anime;Pixel Graphics;2D;Exploration;Survival Horror;Story Rich;Adventure;Atmospheric;Puzzle;Female Protagonist;Violent;Indie;Dark;Gothic;Singleplayer;Multiple Endings;Casual,2,20,4.99,9.99,50.0,0,5561,158,5719,0.9724,1,"200,000 .. 500,000",200000,500000,350000,0,0,0,23
1177980,"Little Kitty, Big City",Double Dagger Studio,Double Dagger Studio,"Adventure, Casual, Indie, Simulation",Cats;Cute;Wholesome;Exploration;Cozy;Family Friendly;Sandbox;Comedy;Funny;Simulation;Indie;3D;Cartoony;Singleplayer;Open World;Colorful;Stylized;Adventure;Nonlinear;3D Platformer,4,20,24.99,24.99,0.0,0,10408,377,10785,0.965,1,"200,000 .. 500,000",200000,500000,350000,0,0,0,74
1241700,There Is No Game: Jam Edition 2015,Draw Me A Pixel,Draw Me A Pixel,"Adventure, Casual, Free To Play, Indie",Indie;Free to Play;Casual;Adventure;Pixel Graphics;Funny;Point & Click;Comedy;Puzzle;Short;Singleplayer;2D;Narration;Psychological Horror,4,14,0.0,0.0,0.0,1,6807,215,7022,0.9694,1,"200,000 .. 500,000",200000,500000,350000,0,0,0,2
1999360,Placid Plastic Duck Simulator,turbolento games,"turbolento publishing, Team17","Casual, Simulation",Cute;Relaxing;Collectathon;Physics;3D;Casual;Immersive Sim;Funny;Simulation;Life Sim;Colorful;Third Person;Surreal;Family Friendly;Realistic;Atmospheric;Memes;1990's;Singleplayer;Idler,2,20,1.99,1.99,0.0,0,17302,383,17685,0.9783,1,"200,000 .. 500,000",200000,500000,350000,0,0,0,140
1280930,Astral Ascent,Hibernian Workshop,"Hibernian Workshop, MP2 Games","Action, Adventure, Indie",Action Roguelike;Rogue-lite;Hack and Slash;Indie;Atmospheric;Replay Value;Difficult;Story Rich;Anime;Hand-drawn;Rogue-like;Magic;Perma Death;Action;Pixel Graphics;Fantasy;Co-op;Singleplayer;Platformer;Local Co-Op,3,20,24.99,24.99,0.0,0,6549,365,6914,0.9472,1,"200,000 .. 500,000",200000,500000,350000,0,0,0,184
1957780,Ghosts of Tabor,Combat Waffle Studios,Neem Interactive,"Action, Early Access",Early Access;Action;VR;Looter Shooter;Shooter;Exploration;Immersive Sim;Atmospheric;Dystopian;Military;Combat;Character Customization;Inventory Management;Crafting;Physics;PvE;PvP;Multiplayer;Trading;Tutorial,2,20,24.99,24.99,0.0,0,7009,2363,9372,0.7479,1,"200,000 .. 500,000",200000,500000,350000,0,0,0,229
703860,GRID,Codemasters,"Codemasters, Electronic Arts","Action, Casual, Racing, Simulation, Sports",Racing;Sports;Simulation;Action;Casual;Multiplayer;Arcade;Automobile Sim;Driving;Split Screen;Singleplayer;Open World;VR;Controller,5,14,0.0,0.0,0.0,1,4538,2009,6547,0.6931,0,"200,000 .. 500,000",200000,500000,350000,0,0,0,23
10220,Postal III,"Trashmasters, Zoom Platform",Akella,Action,Action;Gore;Dark Humor;Violent;Third-Person Shooter;Funny;Open World;Third Person;Singleplayer;Shooter;Comedy;Psychological Horror;Mature;Sandbox;Nudity;Great Soundtrack;Sexual Content;Adventure;Hentai;Anime,1,20,5.99,5.99,0.0,0,2389,2907,5296,0.4511,0,"200,000 .. 500,000",200000,500000,350000,0,0,0,7
639790,DEEP SPACE WAIFU,Neko Climax Studios,Neko Climax Studios,"Action, Casual, Indie",Sexual Content;Nudity;Anime;NSFW;Shoot 'Em Up;Mature;Bullet Hell;Great Soundtrack;Action;Memes;Indie;Casual;Arcade;Psychological Horror;Funny;Singleplayer;Top-Down Shooter;Dating Sim;World War II;Story Rich,3,20,4.99,4.99,0.0,0,7222,252,7474,0.9663,1,"200,000 .. 500,000",200000,500000,350000,0,0,0,2
518030,Aim Hero,ProGames Studio,ProGames Studio,"Action, Early Access",FPS;Shooter;e-sports;Singleplayer;Early Access;Action;Fast-Paced;Score Attack;Competitive;Simulation;Difficult;First-Person;Casual;Multiplayer,2,14,4.99,4.99,0.0,0,5124,883,6007,0.853,1,"200,000 .. 500,000",200000,500000,350000,0,0,0,8
461950,Beat Cop,Pixel Crow,11 bit studios,"Adventure, Indie, Simulation",Pixel Graphics;Indie;Retro;Adventure;Simulation;1980s;Crime;Singleplayer;Comedy;2D;Detective;Choices Matter;Point & Click;Story Rich;Violent;Sexual Content;Villain Protagonist;Great Soundtrack;Multiple Endings;Cats,3,20,2.99,14.99,80.0,0,4621,971,5592,0.8264,1,"200,000 .. 500,000",200000,500000,350000,0,0,0,10
952040,MUSYNX,I-Inferno,Wave Game,"Indie, Simulation",Rhythm;Music;Anime;Singleplayer;Indie;Casual;Difficult;Simulation;Music-Based Procedural Generation;Action;Sexual Content;Arcade;Nudity;Mature;Racing;3D;Visual Novel;Pixel Graphics;First-Person;FPS,2,20,3.99,3.99,0.0,0,5564,677,6241,0.8915,1,"200,000 .. 500,000",200000,500000,350000,0,0,0,39
394970,DEADBOLT,Hopoo Games,Hopoo Games,"Action, Indie",Stealth;Pixel Graphics;Great Soundtrack;Indie;2D;Action;Difficult;Gore;Singleplayer;Side Scroller;Shooter;Blood;Atmospheric;Violent;Zombies;Strategy;Vampire;Dark;Platformer;Horror,2,20,9.99,9.99,0.0,0,5196,229,5425,0.9578,1,"200,000 .. 500,000",200000,500000,350000,0,0,0,8
1566690,Outpost: Infinity Siege,Team Ranger,Lightning Games,"Action, Strategy",Robots;3D;Base-Building;Tower Defense;FPS;Resource Management;Co-op;Singleplayer;Post-apocalyptic;Sci-fi;Automation;Strategy;Looter Shooter;Military;Shooter;Open World;RTS;Survival;Crafting;Action,2,20,24.99,24.99,0.0,0,8728,4338,13066,0.668,0,"200,000 .. 500,000",200000,500000,350000,0,0,0,98
2786680,"Knowledge, or know Lady",蒸汽满满工作室,蒸汽满满工作室,"Adventure, Indie, RPG, Simulation, Strategy",Sexual Content;Dating Sim;FMV;Visual Novel;Singleplayer;Romance;First-Person;Multiple Endings;Choices Matter;Interactive Fiction;Story Rich;Immersive Sim;RPG;Nudity;Emotional;Choose Your Own Adventure;Female Protagonist;Multiplayer;Drama;Simulation,5,20,6.99,6.99,0.0,0,7303,360,7663,0.953,1,"200,000 .. 500,000",200000,500000,350000,0,0,0,70
973230,We Who Are About To Die,Jordy Lakiere,Jordy Lakiere,"Action, Indie, RPG, Simulation, Strategy, Early Access",Early Access;Indie;Action Roguelike;Rogue-lite;Simulation;RPG;Action RPG;Physics;Swordplay;Gore;Replay Value;Perma Death;Rome;Difficult;Management;Atmospheric;Hack and Slash;Medieval;Rogue-like;Action,6,20,21.99,21.99,0.0,0,6500,874,7374,0.8815,1,"200,000 .. 500,000",200000,500000,350000,0,0,0,70
310080,Hatoful Boyfriend,"Mediatonic, Hato Moa",Epic Games,"Casual, Indie, Simulation",Visual Novel;Dating Sim;Anime;Female Protagonist;Story Rich;Otome;Comedy;Romance;Multiple Endings;Birds;Singleplayer;Indie;Simulation;Funny;Casual;Great Soundtrack;Parody;Mystery;Memes;Illuminati,3,20,9.99,9.99,0.0,0,7000,443,7443,0.9405,1,"200,000 .. 500,000",200000,500000,350000,0,0,0,6
538680,The Legend of Heroes: Trails of Cold Steel,Nihon Falcom,"XSEED Games, Marvelous USA, Inc.",RPG,JRPG;Anime;RPG;Story Rich;Great Soundtrack;Turn-Based;Singleplayer;Turn-Based Combat;Adventure;Fantasy;Romance;Cute;Dungeon Crawler;Dating Sim;Funny;Action;Party-Based RPG;Open World;Mechs;Visual Novel,1,20,19.99,39.99,50.0,0,5161,284,5445,0.9478,1,"200,000 .. 500,000",200000,500000,350000,0,0,0,77
2140330,Madden NFL 24,Tiburon,Electronic Arts,"Simulation, Sports, Strategy",Sports;Simulation;Football (American);Strategy;PvP;Multiplayer;Singleplayer;Co-op;Local Multiplayer;Local Co-Op;Early Access,3,11,0.0,0.0,0.0,1,3982,4622,8604,0.4628,0,"200,000 .. 500,000",200000,500000,350000,0,0,0,168
850190,Goat Simulator 3,Coffee Stain North,Coffee Stain Publishing,"Adventure, Casual, Simulation",Exploration;Physics;Sandbox;Open World;Character Customization;Simulation;3D;Casual;Action-Adventure;Comedy;Cartoony;Adventure;Colorful;Multiplayer;Family Friendly;Co-op;Local Co-Op;Online Co-Op;Singleplayer;Funny,3,20,29.99,29.99,0.0,0,10177,218,10395,0.979,1,"200,000 .. 500,000",200000,500000,350000,0,0,0,474
429790,AdventureQuest 3D,"Artix Entertainment, LLC","Artix Entertainment, LLC","Action, Adventure, Casual, Free To Play, Indie, Massively Multiplayer, RPG",MMORPG;Exploration;Hack and Slash;PvE;Parkour;PvP;3D;Action RPG;Action-Adventure;RPG;Character Customization;Third Person;Dragons;Funny;Open World;Story Rich;Fantasy;Casual;Anime;Action,7,20,0.0,0.0,0.0,1,7584,1702,9286,0.8167,1,"200,000 .. 500,000",200000,500000,350000,0,0,0,160
2725260,ENDER MAGNOLIA: Bloom in the Mist,"Adglobe, Live Wire",Binary Haze Interactive,"Action, RPG",Metroidvania;2D;Singleplayer;Dark Fantasy;Action RPG;RPG;Female Protagonist;Souls-like;Action;Great Soundtrack;Anime;Fantasy;Medieval;Atmospheric;Story Rich;Side Scroller;Cute;Platformer;Difficult;Early Access,2,20,24.99,24.99,0.0,0,12876,589,13465,0.9563,1,"200,000 .. 500,000",200000,500000,350000,0,0,0,176
602520,NEKOPARA Vol. 3,NEKO WORKs,Sekai Project,"Casual, Indie",Hentai;Sexual Content;Anime;Nudity;Cute;Visual Novel;Dating Sim;Story Rich;Singleplayer;Casual;Great Soundtrack;Romance;Indie;NSFW;Atmospheric;2D;Cats;Funny;Replay Value;Adventure,2,20,9.99,9.99,0.0,0,11537,356,11893,0.9701,1,"200,000 .. 500,000",200000,500000,350000,0,0,0,15
1426450,Age of Darkness: Final Stand,PlaySide,PlaySide,Strategy,Tower Defense;Action RTS;RTS;PvE;Strategy;Base-Building;3D;Dark Fantasy;Stylized;Fantasy;Medieval;Tactical;Atmospheric;Building;Survival;Co-op;Dark;Multiplayer;Resource Management;Combat,1,20,27.99,27.99,0.0,0,7267,2196,9463,0.7679,1,"200,000 .. 500,000",200000,500000,350000,0,0,0,176
1356670,Sakuna: Of Rice and Ruin,Edelweiss,"XSEED Games, Marvelous USA, Inc.","Action, Indie",Action;Farming Sim;Female Protagonist;Story Rich;Side Scroller;Mythology;Platformer;Agriculture;Crafting;Simulation;Demons;Beat 'em up;Difficult;Combat;Third Person;Colorful;Cats;Singleplayer;Dog;Anime,2,20,14.99,29.99,50.0,0,4987,423,5410,0.9218,1,"200,000 .. 500,000",200000,500000,350000,0,0,0,37
2106840,PARANORMASIGHT: The Seven Mysteries of Honjo,Square Enix,Square Enix,"Adventure, RPG, Simulation",Visual Novel;Adventure;Anime;Simulation;Horror;Text-Based;2D Platformer;Hand-drawn;Supernatural;1980s;Story Rich;Mystery;Retro;Multiple Endings;Singleplayer;Well-Written;RPG;Point & Click;JRPG;Choose Your Own Adventure,3,20,19.99,19.99,0.0,0,4971,219,5190,0.9578,1,"200,000 .. 500,000",200000,500000,350000,0,0,0,11
1058650,Beyond The Wire,Redstone Interactive,Offworld,"Action, Indie, Massively Multiplayer, Simulation, Strategy",FPS;War;World War I;Military;PvP;Shooter;First-Person;Tanks;Historical;Strategy;Action;Realistic;Simulation;Tactical;Combat;Atmospheric;Multiplayer;Massively Multiplayer;Gore;Indie,5,20,9.99,9.99,0.0,0,4753,2707,7460,0.6371,0,"200,000 .. 500,000",200000,500000,350000,0,0,0,1
815780,PIPE by BMX Streets,Mash Games,Mash Games,"Indie, Simulation, Sports",Sports;Simulation;Indie;BMX;Bikes;Open World;Multiplayer;Singleplayer;Mod,3,9,9.99,9.99,0.0,0,5773,425,6198,0.9314,1,"200,000 .. 500,000",200000,500000,350000,0,0,0,10
973810,Journey To The Savage Planet,Typhoon,505 Games,"Action, Adventure",Adventure;Exploration;Action;Action-Adventure;3D Platformer;Multiplayer;First-Person;Arcade;Colorful;Comedy;Shoot 'Em Up;Dark Comedy;Co-op;1990's;Dark Humor;Story Rich;Singleplayer;Metroidvania;Sci-fi;Violent,2,20,29.99,29.99,0.0,0,5422,795,6217,0.8721,1,"200,000 .. 500,000",200000,500000,350000,0,0,0,72
359510,Tangle Tower,SFB Games,SFB Games,"Adventure, Indie",Detective;Point & Click;Exploration;Puzzle;Visual Novel;Story Rich;Funny;2D;Mystery;Conversation;Noir;Crime;Atmospheric;Adventure;Singleplayer;Comedy;Indie;Investigation;Hand-drawn;Great Soundtrack,2,20,19.99,19.99,0.0,0,5001,242,5243,0.9538,1,"200,000 .. 500,000",200000,500000,350000,0,0,0,30
1265920,Life is Strange Remastered,Deck Nine,Square Enix,"Action, Adventure",Choices Matter;Story Rich;Female Protagonist;LGBTQ+;Multiple Endings;Romance;Emotional;Third Person;Drama;Adventure;Mystery;Action;Cinematic;Stylized;Singleplayer;Supernatural;Narrative;Mature;Great Soundtrack;Sexual Content,2,20,39.99,39.99,0.0,0,5345,655,6000,0.8908,1,"200,000 .. 500,000",200000,500000,350000,0,0,0,103
648390,Marie's Room,like Charlie,like Charlie,"Adventure, Casual, Free To Play, Indie",Free to Play;Story Rich;Atmospheric;Indie;Walking Simulator;Exploration;Adventure;Singleplayer;Female Protagonist;Casual;Great Soundtrack;First-Person;Short;Mystery;Puzzle;Point & Click;Horror;Psychological Horror;Multiplayer;Drama,4,20,0.0,0.0,0.0,1,6058,405,6463,0.9373,1,"200,000 .. 500,000",200000,500000,350000,0,0,0,4
1344350,SUCCUBUS: Prologue,Madmind Studio,Madmind Studio,"Action, Adventure, Free To Play, Indie",Sexual Content;Nudity;Mature;Gore;Free to Play;Action;Violent;Horror;Dark Fantasy;Female Protagonist;Character Customization;NSFW;Singleplayer;Combat;Adventure;Indie;First-Person;Arcade;Hentai;Multiplayer,4,20,0.0,0.0,0.0,1,4466,978,5444,0.8204,1,"200,000 .. 500,000",200000,500000,350000,0,0,0,1
3058630,Assetto Corsa EVO,KUNOS Simulazioni,505 Games,"Racing, Simulation, Sports, Early Access",Early Access;Racing;Simulation;Automobile Sim;Sports;Driving;Realistic;VR;Multiplayer;Physics;Artificial Intelligence;First-Person;PvP;Controller;Atmospheric;Singleplayer;e-sports;3D Vision;Replay Value;TrackIR,4,20,39.99,39.99,0.0,0,7712,3306,11018,0.6999,0,"200,000 .. 500,000",200000,500000,350000,0,0,0,179
367580,Hook,Maciej Targoni,Maciej Targoni,"Casual, Indie",Casual;Puzzle;Relaxing;Minimalist;Abstract;Short;Singleplayer;Family Friendly;Indie;2D;Logic;Touch-Friendly;Great Soundtrack;Atmospheric;Mouse only;Difficult,2,16,1.76,2.99,41.0,0,8617,270,8887,0.9696,1,"200,000 .. 500,000",200000,500000,350000,0,0,0,1
2698940,The Crew Motorfest,Ubisoft Ivory Tower,Ubisoft,Racing,Racing;Open World;Arcade;Multiplayer;Driving;Sandbox;Singleplayer;Sports;PvP;Online Co-Op;Co-op;3D;Motorbike;Sexual Content;Automobile Sim;Simulation;Hentai,1,17,69.99,69.99,0.0,0,6295,1732,8027,0.7842,1,"200,000 .. 500,000",200000,500000,350000,0,0,0,222
2157560,Granblue Fantasy Versus: Rising,"Cygames, Inc., Arc System Works","Cygames, Inc.",Action,2D Fighter;Action;Anime;Fighting;Multiplayer;Singleplayer;e-sports;Action RPG;Competitive;Fantasy;Great Soundtrack;Local Multiplayer;Sexual Content;Free to Play;Character Customization;Female Protagonist;Story Rich;PvP;Nudity;JRPG,1,20,49.99,49.99,0.0,0,4586,971,5557,0.8253,1,"200,000 .. 500,000",200000,500000,350000,0,0,0,1736
1088790,Rebel Inc: Escalation,Ndemic Creations,"Hooded Horse, Ndemic Creations","Simulation, Strategy",Strategy;Simulation;Political Sim;Casual;Indie;Military;Political;War;Management;Tactical;Singleplayer;Diplomacy;Real-Time with Pause;Realistic;RTS;Economy;Sandbox;Replay Value;Addictive;Great Soundtrack,2,20,14.99,14.99,0.0,0,5212,1104,6316,0.8252,1,"200,000 .. 500,000",200000,500000,350000,0,0,0,358
964800,Prodeus,Bounding Box Software Inc.,Balor Games,"Action, Adventure, Casual, Indie",Boomer Shooter;FPS;Retro;Gore;Action;Shooter;Indie;Violent;Adventure;First-Person;Fast-Paced;Pixel Graphics;Great Soundtrack;Sci-fi;Singleplayer;Casual;Classic;Level Editor;Horror;Arena Shooter,4,20,24.99,24.99,0.0,0,7021,535,7556,0.9292,1,"200,000 .. 500,000",200000,500000,350000,0,0,0,25
1931770,Chants of Sennaar,Rundisc,Focus Entertainment,"Adventure, Indie",Puzzle;Adventure;Singleplayer;Indie;Colorful;Point & Click;Word Game;Atmospheric;Stylized;Detective;Action-Adventure;Mythology;Puzzle-Platformer;Great Soundtrack;Stealth;Exploration;Story Rich;Mystery;Relaxing;Difficult,2,20,9.99,19.99,50.0,0,22075,378,22453,0.9832,1,"200,000 .. 500,000",200000,500000,350000,0,0,0,149
530890,Haydee,Haydee Interactive,Haydee Interactive,"Action, Indie",Sexual Content;Nudity;Mature;Female Protagonist;NSFW;Puzzle;Third-Person Shooter;Singleplayer;Difficult;Robots;Action;Platformer;Indie;Metroidvania;Puzzle-Platformer;Shooter;Adventure;Survival;Horror;Memes,2,20,14.99,14.99,0.0,0,5506,987,6493,0.848,1,"200,000 .. 500,000",200000,500000,350000,0,0,0,12
2285150,The Front,Samar Studio,Samar Studio,"Action, Indie, Massively Multiplayer, Simulation",Early Access;Open World Survival Craft;Survival;Multiplayer;Crafting;Building;Base-Building;Open World;Tower Defense;Sandbox;Shooter;Singleplayer;Realistic;Tanks;Co-op;Massively Multiplayer;RPG;First-Person;Simulation;3D Platformer,4,20,9.99,19.99,50.0,0,6643,3155,9798,0.678,0,"200,000 .. 500,000",200000,500000,350000,0,0,0,105
377530,侠客风云传(Tale of Wuxia),Heluo Studio,Phoenix Game,"Adventure, Casual, RPG, Simulation, Strategy",RPG;Martial Arts;Strategy;Turn-Based;Multiple Endings;Adventure;Singleplayer;Dating Sim;Simulation;Story Rich;Casual;CRPG;Open World,5,13,16.99,16.99,0.0,0,5542,1716,7258,0.7636,1,"200,000 .. 500,000",200000,500000,350000,0,0,0,94
2075070,KinitoPET,troy_en,"troy_en, veil","Casual, Indie, Simulation",Psychological Horror;Horror;2D;Indie;Retro;Immersive Sim;Story Rich;Multiple Endings;Visual Novel;Artificial Intelligence;Pixel Graphics;1990's;Singleplayer;Linear;Psychological;Conversation;Narration;Simulation;3D;Casual,3,20,5.99,5.99,0.0,0,11463,816,12279,0.9335,1,"200,000 .. 500,000",200000,500000,350000,0,0,0,30
1063420,Void Crew,Hutlihut Games,Focus Entertainment,"Action, Adventure",Co-op;Multiplayer;Space Sim;Adventure;Space;Rogue-lite;Online Co-Op;PvE;First-Person;Action;Indie;Exploration;3D;Action-Adventure;Futuristic;Colorful;Sci-fi;Flight;Character Customization;Singleplayer,2,20,12.49,24.99,50.0,0,5922,791,6713,0.8822,1,"200,000 .. 500,000",200000,500000,350000,0,0,0,514
1504500,OPUS: Echo of Starsong - Full Bloom Edition,SIGONO INC.,SIGONO INC.,"Adventure, Indie",Visual Novel;Emotional;Anime;Female Protagonist;Story Rich;Interactive Fiction;Indie;2D;Space;Singleplayer;Exploration;Adventure;Atmospheric;Soundtrack;Walking Simulator;Colorful;Sci-fi;2.5D;Puzzle-Platformer;JRPG,2,20,24.99,24.99,0.0,0,8460,313,8773,0.9643,1,"200,000 .. 500,000",200000,500000,350000,0,0,0,6
562220,Zup! 2,Quiet River,Quiet River,"Casual, Indie",Puzzle;Casual;Indie;2D;Fast-Paced;Physics;Short;Relaxing;Minimalist;Puzzle-Platformer;Point & Click;Singleplayer;Cute;Action;Adventure;Trading Card Game;Great Soundtrack;Free to Play;Open World;Horror,2,20,1.99,1.99,0.0,0,5994,278,6272,0.9557,1,"200,000 .. 500,000",200000,500000,350000,0,0,0,1
619080,SOS,"Outpost Games, Inc.","Outpost Games, Inc.","Action, Adventure, Free To Play",Survival;Action;Multiplayer;Adventure;Battle Royale;FPS;Violent;Free to Play;Early Access;Online Co-Op;Open World;PvP;Massively Multiplayer;Shooter;Co-op;Memes;Nudity;Horror;Singleplayer;First-Person,3,20,0.0,0.0,0.0,1,1880,4882,6762,0.278,0,"200,000 .. 500,000",200000,500000,350000,0,0,0,0
688130,Pogostuck: Rage With Your Friends,Superku,Superku,"Action, Adventure, Casual, Indie",Psychological Horror;Precision Platformer;Difficult;Multiplayer;Adventure;Platformer;Action;Funny;Indie;Side Scroller;Replay Value;Procedural Generation;Singleplayer;Co-op;2.5D;Rogue-lite;Casual;Skating;Skateboarding;Colorful,4,20,6.99,6.99,0.0,0,5105,998,6103,0.8365,1,"200,000 .. 500,000",200000,500000,350000,0,0,0,31
298610,Ylands,Bohemia Interactive,Bohemia Interactive,"Adventure, Casual, Free To Play",Adventure;Multiplayer;Free to Play;Open World Survival Craft;Exploration;Crafting;Base-Building;Sailing;Resource Management;Action-Adventure;First-Person;Third Person;Open World;Nature;Choose Your Own Adventure;Building;Colorful;Online Co-Op;Co-op;Singleplayer,3,20,0.0,0.0,0.0,1,5072,2968,8040,0.6308,0,"200,000 .. 500,000",200000,500000,350000,0,0,0,77
1069740,Seen,Seen Games,Seen Games,"Action, Adventure, Indie, Early Access",Early Access;Indie;Dark;Adventure;Singleplayer;Puzzle;Atmospheric;Great Soundtrack;Action;Platformer;Puzzle-Platformer;2.5D;Story Rich;Runner;Dystopian;Mystery;Side Scroller;Sci-fi;Emotional;Psychological Horror,4,20,0.99,0.99,0.0,0,8916,837,9753,0.9142,1,"200,000 .. 500,000",200000,500000,350000,0,0,0,11
980610,Quaver,Swan,Swan,"Casual, Indie, Free To Play",Rhythm;Free to Play;Music;Indie;Casual;Competitive;Psychological Horror;Difficult;Great Soundtrack;Multiplayer;Level Editor;Anime;Early Access;Singleplayer;2D,3,15,0.0,0.0,0.0,1,14267,1252,15519,0.9193,1,"200,000 .. 500,000",200000,500000,350000,0,0,0,153
1866180,Hooked on You: A Dead by Daylight Dating Sim,Psyop,Behaviour Interactive Inc.,Casual,Psychological Horror;Dating Sim;Visual Novel;Choose Your Own Adventure;Romance;2D;Text-Based;Anime;Choices Matter;Comedy;Funny;LGBTQ+;Memes;Casual;Singleplayer;Colorful;Mature;Story Rich;Cult Classic;Horror,1,20,3.99,9.99,60.0,0,5539,571,6110,0.9065,1,"200,000 .. 500,000",200000,500000,350000,0,0,0,6
1145960,The White Door,Rusty Lake,"Second Maze, Rusty Lake","Adventure, Indie",Indie;Adventure;Puzzle;Point & Click;Detective;Short;Mystery;Psychological Horror;Singleplayer;Atmospheric;Story Rich;2D;Surreal;Horror;Hand-drawn,2,15,3.99,3.99,0.0,0,5639,374,6013,0.9378,1,"200,000 .. 500,000",200000,500000,350000,0,0,0,24
1360000,The Infected,DigX Studios,DigX Studios,"Action, Casual, Indie, Simulation, Early Access",Open World Survival Craft;Survival;Base-Building;Open World;Realistic;Building;Sandbox;Exploration;City Builder;Action;Simulation;Crafting;Horror;Mining;Singleplayer;FPS;3D;Survival Horror;Early Access;First-Person,5,20,10.39,15.99,35.0,0,5608,978,6586,0.8515,1,"200,000 .. 500,000",200000,500000,350000,0,0,0,125
1708850,Drug Dealer Simulator 2,Byterunners,Movie Games S.A.,"Action, Adventure, Indie, Simulation, Strategy",Multiplayer;Open World;Simulation;Crime;Singleplayer;First-Person;Action;RPG;Sandbox;Inventory Management;Mature;Atmospheric;Adventure;Crafting;Resource Management;Co-op Campaign;Management;Trading;3D;Realistic,5,20,24.99,24.99,0.0,0,3930,3143,7073,0.5556,0,"200,000 .. 500,000",200000,500000,350000,0,0,0,145
